game_id,lineup_id,rotation,repetition,seed,seat,strategy,won,game_completed,turns_played,final_vp,final_public_vp,final_roads,final_settlements,final_cities,final_dev_cards,hidden_vp_cards,knights_played,has_longest_road,has_largest_army,build_road_actions,build_settlement_actions,build_city_actions,buy_dev_card_actions,maritime_trade_actions,pass_actions,non_pass_actions,total_actions,domestic_trades,trade_offers,trade_sequences,cards_discarded,first_road_turn,first_expansion_turn,first_city_turn,first_dev_card_turn,first_maritime_trade_turn
1,lineup_00,0,0,20260826,0,full_ows,0,1,131,6,4,5,2,0,2,2,6,0,1,3,0,0,8,8,33,19,52,5,5,5,8,25,,,13,9
1,lineup_00,0,0,20260826,1,hybrid_ows,0,1,131,4,4,14,0,2,0,0,2,0,0,8,0,2,7,17,33,34,67,2,6,6,4,6,,98,14,2
1,lineup_00,0,0,20260826,2,road_building,1,1,131,10,10,14,4,2,2,0,0,1,0,12,4,2,3,14,32,35,67,3,4,4,0,7,11,111,71,11
1,lineup_00,0,0,20260826,3,roads_and_cities,0,1,131,8,5,9,3,1,7,3,0,0,0,7,2,1,7,6,32,23,55,3,4,4,12,8,72,128,4,8
2,lineup_00,0,1,20260827,0,full_ows,1,1,85,10,8,10,0,3,3,2,5,0,1,4,1,3,12,7,21,27,48,0,4,4,0,53,81,13,9,17
2,lineup_00,0,1,20260827,1,hybrid_ows,0,1,85,5,3,5,1,1,2,2,3,0,0,3,0,1,6,9,21,19,40,1,3,3,0,6,,30,2,6
2,lineup_00,0,1,20260827,2,road_building,0,1,85,5,5,12,3,0,2,0,0,1,0,10,1,0,2,3,21,16,37,5,5,5,0,3,75,,19,11
2,lineup_00,0,1,20260827,3,roads_and_cities,0,1,85,5,4,9,4,0,4,1,0,0,0,7,2,0,5,5,21,19,40,2,5,5,0,12,48,,8,32
3,lineup_00,0,2,20260828,0,full_ows,0,1,154,9,7,9,1,3,2,2,4,0,0,5,2,3,8,18,39,36,75,11,12,12,4,89,125,117,1,33
3,lineup_00,0,2,20260828,1,hybrid_ows,1,1,154,10,10,8,2,3,0,0,6,0,1,4,3,3,10,21,38,41,79,1,1,1,4,14,130,122,2,14
3,lineup_00,0,2,20260828,2,road_building,0,1,154,8,6,11,2,1,2,2,0,1,0,9,1,1,2,19,38,32,70,1,2,2,8,3,35,123,51,3
3,lineup_00,0,2,20260828,3,roads_and_cities,0,1,154,7,6,11,0,3,5,1,0,0,0,9,1,3,5,13,38,31,69,4,6,6,11,4,80,76,20,8
4,lineup_00,0,3,20260829,0,full_ows,1,1,105,10,6,5,0,2,7,4,5,0,1,3,0,2,13,2,26,20,46,4,6,6,0,33,,101,9,49
4,lineup_00,0,3,20260829,1,hybrid_ows,0,1,105,5,4,5,0,2,2,1,3,0,0,3,0,2,5,8,26,18,44,2,5,5,4,14,,30,54,34
4,lineup_00,0,3,20260829,2,road_building,0,1,105,5,5,15,5,0,4,0,0,0,0,13,3,0,4,5,26,25,51,2,5,5,4,3,67,,79,71
4,lineup_00,0,3,20260829,3,roads_and_cities,0,1,105,9,9,15,5,1,1,0,0,1,0,13,4,1,3,14,26,35,61,3,7,7,9,4,12,76,40,12
5,lineup_00,0,4,20260830,0,full_ows,1,1,93,10,9,6,1,3,1,1,9,0,1,4,2,3,12,7,23,28,51,7,10,10,0,17,85,17,5,37
5,lineup_00,0,4,20260830,1,hybrid_ows,0,1,93,7,5,8,1,2,2,2,3,0,0,2,1,2,9,7,23,21,44,1,2,2,21,82,86,62,18,6
5,lineup_00,0,4,20260830,2,road_building,0,1,93,5,5,11,3,0,1,0,0,1,0,9,1,0,1,6,23,17,40,3,3,3,4,3,83,,75,7
5,lineup_00,0,4,20260830,3,roads_and_cities,0,1,93,9,7,13,1,3,3,2,0,0,0,11,2,3,3,9,23,28,51,1,2,2,8,12,68,8,16,12
6,lineup_00,0,5,20260831,0,full_ows,0,1,90,5,4,3,0,2,1,1,3,0,0,1,0,2,4,8,23,15,38,3,9,9,4,13,,17,29,9
6,lineup_00,0,5,20260831,1,hybrid_ows,1,1,90,10,7,3,1,2,4,3,8,0,1,1,1,2,16,6,22,26,48,1,1,1,13,82,90,58,2,26
6,lineup_00,0,5,20260831,2,road_building,0,1,90,6,6,11,2,1,2,0,0,1,0,7,1,1,3,10,22,22,44,3,3,3,0,3,23,63,3,23
6,lineup_00,0,5,20260831,3,roads_and_cities,0,1,90,7,6,15,0,3,2,1,0,0,0,13,1,3,2,15,22,34,56,2,3,3,0,4,56,8,40,32
7,lineup_00,0,6,20260832,0,full_ows,0,1,146,7,4,11,0,2,3,3,6,0,0,9,0,2,11,13,37,35,72,2,8,8,8,9,,109,9,9
7,lineup_00,0,6,20260832,1,hybrid_ows,1,1,146,10,9,11,1,3,1,1,6,0,1,9,2,3,7,12,36,33,69,6,9,9,4,2,122,102,14,10
7,lineup_00,0,6,20260832,2,road_building,0,1,146,4,4,8,4,0,1,0,0,0,0,6,2,0,2,11,36,21,57,3,7,7,16,7,79,,15,11
7,lineup_00,0,6,20260832,3,roads_and_cities,0,1,146,9,8,15,0,3,2,1,0,1,0,9,1,3,5,13,36,31,67,2,4,4,8,20,112,92,32,8
8,lineup_00,0,7,20260833,0,full_ows,0,1,124,7,7,8,1,2,0,0,10,0,1,4,1,2,13,19,31,39,70,11,20,19,18,81,109,9,1,13
8,lineup_00,0,7,20260833,1,hybrid_ows,0,1,124,7,4,9,0,2,3,3,3,0,0,5,0,2,9,7,31,23,54,5,8,8,17,10,,94,2,2
8,lineup_00,0,7,20260833,2,road_building,0,1,124,7,7,15,5,0,0,0,0,1,0,13,3,0,0,9,31,25,56,8,9,9,4,3,83,,,19
8,lineup_00,0,7,20260833,3,roads_and_cities,1,1,124,10,8,15,0,4,3,2,0,0,0,13,2,4,3,17,30,39,69,4,8,8,23,4,44,56,12,12
9,lineup_00,0,8,20260834,0,full_ows,1,1,97,10,7,6,3,1,3,3,8,0,1,2,2,1,12,6,24,23,47,5,9,9,0,49,93,77,1,49
9,lineup_00,0,8,20260834,1,hybrid_ows,0,1,97,5,3,7,1,1,2,2,3,0,0,3,0,1,9,6,24,19,43,0,0,0,4,18,,94,6,30
9,lineup_00,0,8,20260834,2,road_building,0,1,97,6,6,11,2,1,2,0,0,1,0,9,1,1,2,7,24,20,44,2,3,3,4,7,59,83,3,3
9,lineup_00,0,8,20260834,3,roads_and_cities,0,1,97,6,6,11,0,3,1,0,0,0,0,9,1,3,2,14,24,29,53,2,3,3,0,4,8,64,36,24
10,lineup_00,0,9,20260835,0,full_ows,1,1,109,10,7,9,1,2,3,3,6,0,1,5,1,2,12,14,27,34,61,2,4,4,8,13,109,25,1,13
10,lineup_00,0,9,20260835,1,hybrid_ows,0,1,109,5,4,13,0,2,1,1,6,0,0,11,0,2,9,11,27,33,60,3,5,5,4,2,,22,42,10
10,lineup_00,0,9,20260835,2,road_building,0,1,109,7,6,10,2,1,2,1,0,1,0,8,1,1,2,5,27,17,44,3,9,9,17,11,95,55,35,7
10,lineup_00,0,9,20260835,3,roads_and_cities,0,1,109,6,6,15,0,3,1,0,0,0,0,11,1,3,2,10,27,27,54,4,6,6,4,4,88,20,36,4
11,lineup_00,1,0,20260836,0,hybrid_ows,1,1,145,10,8,8,0,3,2,2,7,0,1,4,1,3,13,13,36,34,70,3,5,5,21,61,93,21,9,5
11,lineup_00,1,0,20260836,1,road_building,0,1,145,3,3,15,3,0,1,0,0,0,0,13,1,0,1,8,36,23,59,4,4,4,4,2,122,,18,6
11,lineup_00,1,0,20260836,2,roads_and_cities,0,1,145,7,7,14,3,1,2,0,0,1,0,12,2,1,3,14,36,32,68,6,7,7,8,3,119,71,19,15
11,lineup_00,1,0,20260836,3,full_ows,0,1,145,7,4,8,4,0,3,3,4,0,0,4,2,0,8,16,36,30,66,5,10,10,16,16,84,,16,20
12,lineup_00,1,1,20260837,0,hybrid_ows,1,1,121,10,8,12,0,3,2,2,5,0,1,10,1,3,8,4,30,26,56,7,14,14,4,13,101,93,29,9
12,lineup_00,1,1,20260837,1,road_building,0,1,121,8,7,12,5,0,1,1,0,1,0,10,3,0,1,9,30,23,53,5,7,7,13,6,58,,34,10
12,lineup_00,1,1,20260837,2,roads_and_cities,0,1,121,3,3,9,1,1,4,0,0,0,0,7,0,1,6,8,30,22,52,3,4,4,5,7,,19,3,19
12,lineup_00,1,1,20260837,3,full_ows,0,1,121,8,6,11,0,3,2,2,5,0,0,5,1,3,10,10,30,29,59,3,4,4,4,36,116,4,12,28
13,lineup_00,1,2,20260838,0,hybrid_ows,0,1,103,6,6,11,0,2,0,0,2,1,0,7,0,2,5,7,26,21,47,1,4,3,8,17,,13,9,17
13,lineup_00,1,2,20260838,1,road_building,0,1,103,3,3,14,3,0,2,0,0,0,0,12,1,0,2,3,26,18,44,4,5,5,0,2,86,,46,26
13,lineup_00,1,2,20260838,2,roads_and_cities,1,1,103,10,8,14,0,4,7,2,0,0,0,12,2,4,7,9,25,34,59,7,8,8,8,7,67,39,7,43
13,lineup_00,1,2,20260838,3,full_ows,0,1,103,7,6,10,0,2,1,1,4,0,1,6,0,2,8,10,25,26,51,2,3,3,4,12,,64,20,12
14,lineup_00,1,3,20260839,0,hybrid_ows,0,1,120,6,3,10,1,1,3,3,3,0,0,6,0,1,9,4,30,20,50,2,3,3,8,1,,85,25,33
14,lineup_00,1,3,20260839,1,road_building,0,1,120,3,3,13,3,0,2,0,0,0,0,11,1,0,2,3,30,17,47,2,2,2,0,10,106,,34,90
14,lineup_00,1,3,20260839,2,roads_and_cities,0,1,120,9,9,14,1,3,1,0,0,1,0,12,2,3,1,23,30,41,71,4,4,4,4,3,35,11,67,27
14,lineup_00,1,3,20260839,3,full_ows,1,1,120,10,8,7,0,3,2,2,8,0,1,3,1,3,13,9,29,29,58,4,9,7,16,60,92,36,4,28
15,lineup_00,1,4,20260840,0,hybrid_ows,0,1,76,5,5,15,1,1,0,0,2,1,0,11,0,1,3,1,19,16,35,1,2,2,8,9,,61,17,33
15,lineup_00,1,4,20260840,1,road_building,0,1,76,4,3,11,3,0,2,1,0,0,0,9,1,0,2,1,19,13,32,2,6,6,4,2,10,,14,66
15,lineup_00,1,4,20260840,2,roads_and_cities,0,1,76,5,5,8,1,2,2,0,0,0,0,6,1,2,3,9,19,21,40,2,2,2,13,19,35,15,7,23
15,lineup_00,1,4,20260840,3,full_ows,1,1,76,10,6,7,0,2,4,4,5,0,1,3,0,2,10,7,18,22,40,4,7,7,0,20,,28,4,16
16,lineup_00,1,5,20260841,0,hybrid_ows,1,1,117,10,7,4,1,2,3,3,7,0,1,2,1,2,10,6,29,21,50,3,5,5,0,33,113,97,5,33
16,lineup_00,1,5,20260841,1,road_building,0,1,117,7,6,11,4,0,2,1,0,1,0,9,2,0,3,11,29,25,54,1,2,2,8,2,22,,6,34
16,lineup_00,1,5,20260841,2,roads_and_cities,0,1,117,7,6,14,4,1,2,1,0,0,0,12,3,1,2,3,29,21,50,4,6,6,0,3,67,107,31,63
16,lineup_00,1,5,20260841,3,full_ows,0,1,117,5,5,11,3,1,0,0,5,0,0,5,2,1,10,5,29,23,52,6,8,8,12,28,88,116,24,68
17,lineup_00,1,6,20260842,0,hybrid_ows,0,1,140,9,6,5,0,2,4,3,10,0,1,3,0,2,15,4,35,24,59,6,7,7,13,5,,109,5,9
17,lineup_00,1,6,20260842,1,road_building,0,1,140,8,8,15,4,2,3,0,0,0,0,13,4,2,4,17,35,40,75,5,11,11,11,2,86,110,18,54
17,lineup_00,1,6,20260842,2,roads_and_cities,0,1,140,9,9,15,1,4,1,0,0,0,0,13,3,4,1,11,35,32,67,1,5,5,8,3,115,39,123,7
17,lineup_00,1,6,20260842,3,full_ows,1,1,140,10,8,15,0,3,2,2,1,1,0,13,1,3,5,11,34,33,67,5,10,10,13,56,132,8,44,40
18,lineup_00,1,7,20260843,0,hybrid_ows,0,1,132,9,8,9,2,2,1,1,6,0,1,7,2,2,9,8,33,28,61,7,11,11,0,5,109,105,1,33
18,lineup_00,1,7,20260843,1,road_building,0,1,132,7,7,13,5,0,2,0,0,1,0,11,3,0,2,7,33,23,56,5,6,6,0,18,82,,38,18
18,lineup_00,1,7,20260843,2,roads_and_cities,0,1,132,6,5,13,1,2,3,1,0,0,0,11,1,2,4,15,33,33,66,7,7,7,0,15,131,11,35,11
18,lineup_00,1,7,20260843,3,full_ows,1,1,132,10,7,14,1,3,3,3,4,0,0,8,2,3,10,22,32,45,77,2,3,3,8,60,108,20,8,4
19,lineup_00,1,8,20260844,0,hybrid_ows,1,1,137,10,8,11,2,2,2,2,7,0,1,7,2,2,11,8,34,30,64,3,6,6,8,9,89,109,1,37
19,lineup_00,1,8,20260844,1,road_building,0,1,137,7,7,13,5,0,0,0,0,1,0,11,3,0,0,2,34,16,50,3,3,3,0,2,106,,,66
19,lineup_00,1,8,20260844,2,roads_and_cities,0,1,137,4,4,7,0,2,2,0,0,0,0,5,0,2,4,6,34,17,51,4,4,4,15,7,,79,23,7
19,lineup_00,1,8,20260844,3,full_ows,0,1,137,6,3,8,1,1,3,3,5,0,0,4,0,1,10,14,34,29,63,6,7,7,9,24,,48,4,16
20,lineup_00,1,9,20260845,0,hybrid_ows,0,1,104,4,4,9,0,2,0,0,6,0,0,7,0,2,8,6,26,23,49,2,3,3,4,5,,77,1,5
20,lineup_00,1,9,20260845,1,road_building,0,1,104,6,6,11,4,0,1,0,0,1,0,9,2,0,1,8,26,20,46,2,2,2,4,2,34,,90,34
20,lineup_00,1,9,20260845,2,roads_and_cities,0,1,104,5,4,8,2,1,2,1,0,0,0,2,1,1,4,3,26,11,37,2,2,2,9,19,99,79,3,19
20,lineup_00,1,9,20260845,3,full_ows,1,1,104,10,6,4,0,2,4,4,6,0,1,2,0,2,12,3,25,19,44,2,5,5,0,28,,84,4,28
21,lineup_00,2,0,20260846,0,road_building,0,1,80,3,3,15,3,0,1,0,0,0,0,13,1,0,1,4,20,19,39,2,3,3,0,5,77,,57,17
21,lineup_00,2,0,20260846,1,roads_and_cities,0,1,80,6,4,9,4,0,4,2,0,0,0,7,2,0,4,3,20,16,36,2,6,6,0,2,30,,6,18
21,lineup_00,2,0,20260846,2,full_ows,0,1,80,5,4,6,0,2,1,1,1,0,0,2,0,2,4,7,20,15,35,2,2,2,0,35,,55,3,15
21,lineup_00,2,0,20260846,3,hybrid_ows,1,1,80,10,8,14,0,2,2,2,5,1,1,12,0,2,8,4,19,26,45,2,3,3,9,4,,16,20,16
22,lineup_00,2,1,20260847,0,road_building,0,1,138,5,4,15,4,0,2,1,0,0,0,13,2,0,3,6,35,24,59,5,6,6,13,1,93,,29,49
22,lineup_00,2,1,20260847,1,roads_and_cities,1,1,138,10,10,15,2,3,2,0,0,1,0,13,3,3,3,5,34,27,61,9,14,14,8,10,114,98,62,6
22,lineup_00,2,1,20260847,2,full_ows,0,1,138,9,6,11,0,3,3,3,5,0,0,7,1,3,11,14,34,36,70,7,9,9,9,23,107,27,11,3
22,lineup_00,2,1,20260847,3,hybrid_ows,0,1,138,7,6,7,0,2,1,1,6,0,1,3,0,2,8,9,34,22,56,5,12,11,8,28,,120,16,4
23,lineup_00,2,2,20260848,0,road_building,0,1,104,5,5,12,3,0,0,0,0,1,0,10,1,0,0,2,26,13,39,4,4,4,0,1,85,,,53
23,lineup_00,2,2,20260848,1,roads_and_cities,0,1,104,9,8,12,2,3,4,1,0,0,0,10,3,3,4,16,26,36,62,1,4,4,12,2,50,22,2,30
23,lineup_00,2,2,20260848,2,full_ows,0,1,104,5,2,5,2,0,4,3,4,0,0,3,0,0,12,4,26,19,45,2,4,4,4,27,,,11,23
23,lineup_00,2,2,20260848,3,hybrid_ows,1,1,104,10,9,11,1,3,1,1,5,0,1,7,2,3,7,11,25,30,55,1,4,4,8,4,52,80,28,60
24,lineup_00,2,3,20260849,0,road_building,0,1,95,5,4,8,4,0,2,1,0,0,0,6,2,0,3,3,24,14,38,3,4,4,4,1,85,,45,33
24,lineup_00,2,3,20260849,1,roads_and_cities,0,1,95,6,6,10,0,2,2,0,0,1,0,6,0,2,3,3,24,14,38,2,4,4,9,30,,38,46,34
24,lineup_00,2,3,20260849,2,full_ows,1,1,95,10,8,3,0,3,2,2,7,0,1,1,1,3,9,7,23,21,44,2,4,4,4,83,91,15,3,15
24,lineup_00,2,3,20260849,3,hybrid_ows,0,1,95,4,2,6,2,0,2,2,4,0,0,2,0,0,10,9,23,21,44,2,5,5,8,12,,,8,4
25,lineup_00,2,4,20260850,0,road_building,0,1,119,6,5,15,5,0,3,1,0,0,0,13,3,0,3,11,30,30,60,2,4,4,0,5,21,,45,1
25,lineup_00,2,4,20260850,1,roads_and_cities,0,1,119,8,8,15,0,3,2,0,0,1,0,13,1,3,2,10,30,29,59,5,9,9,4,14,118,42,14,30
25,lineup_00,2,4,20260850,2,full_ows,1,1,119,10,8,5,0,3,2,2,6,0,1,3,1,3,9,9,29,25,54,3,5,5,0,23,119,51,11,31
25,lineup_00,2,4,20260850,3,hybrid_ows,0,1,119,4,2,9,2,0,2,2,6,0,0,7,0,0,11,4,29,22,51,5,10,10,4,4,,,20,32
26,lineup_00,2,5,20260851,0,road_building,1,1,157,10,8,15,4,1,4,2,0,1,0,13,3,1,4,7,39,28,67,7,9,9,21,1,69,157,9,69
26,lineup_00,2,5,20260851,1,roads_and_cities,0,1,157,9,9,15,1,4,1,0,0,0,0,11,3,4,2,10,39,30,69,4,8,8,14,10,106,58,18,18
26,lineup_00,2,5,20260851,2,full_ows,0,1,157,7,5,4,1,2,2,2,3,0,0,2,1,2,9,18,39,32,71,0,0,0,18,7,127,103,19,7
26,lineup_00,2,5,20260851,3,hybrid_ows,0,1,157,9,8,10,0,3,1,1,8,0,1,6,1,3,10,16,39,36,75,4,10,10,5,32,124,60,4,28
27,lineup_00,2,6,20260852,0,road_building,0,1,204,9,9,15,1,4,0,0,0,0,0,11,3,4,1,16,51,35,86,1,4,4,88,5,89,109,37,65
27,lineup_00,2,6,20260852,1,roads_and_cities,0,1,204,9,8,15,0,3,4,1,0,1,0,11,1,3,5,20,51,40,91,3,20,16,27,6,134,62,6,22
27,lineup_00,2,6,20260852,2,full_ows,0,1,204,9,7,10,1,2,2,2,8,0,1,8,1,2,12,20,51,43,94,11,18,18,23,27,199,123,7,7
27,lineup_00,2,6,20260852,3,hybrid_ows,1,1,204,10,8,15,4,2,2,2,3,0,0,13,4,2,7,43,50,69,119,11,23,23,21,12,88,176,8,8
28,lineup_00,2,7,20260853,0,road_building,0,1,108,4,4,12,4,0,1,0,0,0,0,10,2,0,1,4,27,17,44,1,2,2,8,1,89,,17,49
28,lineup_00,2,7,20260853,1,roads_and_cities,0,1,108,9,9,13,1,4,0,0,0,0,0,11,3,4,1,13,27,32,59,3,7,7,15,2,38,6,98,38
28,lineup_00,2,7,20260853,2,full_ows,0,1,108,5,2,6,2,0,3,3,6,0,0,4,0,0,10,7,27,21,48,4,5,5,0,23,,,3,31
28,lineup_00,2,7,20260853,3,hybrid_ows,1,1,108,10,9,13,3,1,1,1,6,1,1,7,2,1,11,11,26,32,58,3,7,7,4,16,76,4,12,8
29,lineup_00,2,8,20260854,0,road_building,0,1,92,5,4,5,2,1,4,1,0,0,0,3,1,1,4,9,23,18,41,2,4,3,6,9,33,89,5,13
29,lineup_00,2,8,20260854,1,roads_and_cities,0,1,92,5,4,8,2,1,4,1,0,0,0,4,1,1,5,2,23,13,36,3,8,8,9,2,90,66,14,34
29,lineup_00,2,8,20260854,2,full_ows,0,1,92,4,4,4,2,0,0,0,6,0,1,2,0,0,8,6,23,16,39,1,1,1,0,19,,,3,3
29,lineup_00,2,8,20260854,3,hybrid_ows,1,1,92,10,7,10,5,0,3,3,2,1,0,6,3,0,8,3,22,20,42,4,6,6,0,4,60,,4,20
30,lineup_00,2,9,20260855,0,road_building,0,1,96,4,4,12,2,0,1,0,0,1,0,10,0,0,1,3,24,14,38,0,0,0,8,1,,,29,21
30,lineup_00,2,9,20260855,1,roads_and_cities,0,1,96,4,3,12,3,0,3,1,0,0,0,10,1,0,4,3,24,18,42,2,7,7,8,2,22,,6,34
30,lineup_00,2,9,20260855,2,full_ows,0,1,96,9,7,5,1,2,2,2,6,0,1,3,1,2,9,3,24,18,42,3,5,5,15,39,83,7,19,43
30,lineup_00,2,9,20260855,3,hybrid_ows,1,1,96,10,8,8,2,3,2,2,6,0,0,4,3,3,11,13,23,34,57,3,9,7,5,4,24,44,8,4
31,lineup_00,3,0,20260856,0,roads_and_cities,0,1,102,9,9,11,1,3,3,0,0,1,0,7,2,3,4,5,26,21,47,2,2,2,11,9,17,57,41,33
31,lineup_00,3,0,20260856,1,full_ows,1,1,102,10,8,8,0,3,2,2,6,0,1,4,1,3,11,19,25,38,63,8,11,11,0,26,78,6,14,2
31,lineup_00,3,0,20260856,2,hybrid_ows,0,1,102,7,4,2,0,2,3,3,3,0,0,0,0,2,8,4,25,14,39,3,4,4,4,,,71,7,31
31,lineup_00,3,0,20260856,3,road_building,0,1,102,5,5,15,5,0,2,0,0,0,0,13,3,0,2,10,25,28,53,4,7,7,8,12,24,,32,16
32,lineup_00,3,1,20260857,0,roads_and_cities,0,1,126,8,8,9,0,4,2,0,0,0,0,7,2,4,3,19,32,35,67,1,4,4,4,5,41,73,9,17
32,lineup_00,3,1,20260857,1,full_ows,1,1,126,10,6,5,0,2,4,4,6,0,1,1,0,2,12,3,31,18,49,6,7,7,4,58,,110,2,66
32,lineup_00,3,1,20260857,2,hybrid_ows,0,1,126,4,4,13,2,1,0,0,5,0,0,9,1,1,8,10,31,29,60,5,9,9,8,15,83,107,15,11
32,lineup_00,3,1,20260857,3,road_building,0,1,126,8,7,15,5,0,2,1,0,1,0,13,3,0,2,12,31,30,61,7,9,9,8,8,80,,28,8
33,lineup_00,3,2,20260858,0,roads_and_cities,0,1,119,5,4,12,0,2,1,1,0,0,0,10,0,2,1,13,30,26,56,0,0,0,9,13,,49,57,13
33,lineup_00,3,2,20260858,1,full_ows,0,1,119,9,6,7,0,3,3,3,4,0,0,3,1,3,10,16,30,33,63,0,3,3,0,30,118,6,10,10
33,lineup_00,3,2,20260858,2,hybrid_ows,1,1,119,10,9,11,1,3,1,1,8,0,1,9,2,3,10,15,29,39,68,3,4,4,4,3,23,51,11,7
33,lineup_00,3,2,20260858,3,road_building,0,1,119,7,7,12,5,0,3,0,0,1,0,10,3,0,4,12,29,29,58,4,9,8,16,4,40,,40,20
34,lineup_00,3,3,20260859,0,roads_and_cities,0,1,136,7,6,13,2,2,5,1,0,0,0,11,2,2,5,21,34,41,75,2,5,5,10,9,97,13,21,17
34,lineup_00,3,3,20260859,1,full_ows,0,1,136,8,6,7,0,2,2,2,6,0,1,3,0,2,10,8,34,23,57,5,5,5,18,18,,90,2,18
34,lineup_00,3,3,20260859,2,hybrid_ows,0,1,136,8,7,11,3,1,1,1,4,1,0,7,2,1,9,8,34,27,61,10,11,11,4,7,79,131,7,7
34,lineup_00,3,3,20260859,3,road_building,1,1,136,10,9,15,3,3,1,1,0,0,0,13,4,3,1,21,33,42,75,4,8,7,4,4,76,112,36,36
35,lineup_00,3,4,20260860,0,roads_and_cities,0,1,87,4,4,10,2,1,6,0,0,0,0,6,1,1,9,5,22,22,44,6,7,7,0,5,61,85,13,9
35,lineup_00,3,4,20260860,1,full_ows,0,1,87,9,5,6,1,2,4,4,2,0,0,2,1,2,8,6,22,19,41,2,2,2,0,22,82,14,6,18
35,lineup_00,3,4,20260860,2,hybrid_ows,1,1,87,10,9,7,1,3,1,1,5,0,1,5,2,3,7,5,21,22,43,3,4,4,4,11,63,27,3,11
35,lineup_00,3,4,20260860,3,road_building,0,1,87,4,4,10,2,0,1,0,0,1,0,8,0,0,1,4,21,13,34,3,3,3,0,4,,,40,4
36,lineup_00,3,5,20260861,0,roads_and_cities,0,1,123,6,4,10,0,2,6,2,0,0,0,6,0,2,10,10,31,28,59,2,3,3,24,1,,25,13,29
36,lineup_00,3,5,20260861,1,full_ows,0,1,123,8,6,9,0,3,2,2,2,0,0,7,1,3,4,9,31,24,55,5,10,10,8,2,14,50,38,2
36,lineup_00,3,5,20260861,2,hybrid_ows,1,1,123,10,9,10,1,3,1,1,7,0,1,8,2,3,9,13,30,35,65,3,15,11,4,15,103,75,7,7
36,lineup_00,3,5,20260861,3,road_building,0,1,123,7,7,10,5,0,1,0,0,1,0,6,3,0,2,15,30,26,56,0,5,5,16,4,28,,52,4
37,lineup_00,3,6,20260862,0,roads_and_cities,0,1,147,5,4,12,2,1,3,1,0,0,0,10,1,1,4,5,37,21,58,1,1,1,21,13,141,117,25,1
37,lineup_00,3,6,20260862,1,full_ows,0,1,147,5,4,9,0,2,1,1,5,0,0,5,0,2,8,21,37,36,73,2,2,2,4,42,,10,46,6
37,lineup_00,3,6,20260862,2,hybrid_ows,1,1,147,10,8,12,0,3,2,2,5,0,1,8,1,3,9,17,36,38,74,5,10,10,0,23,131,99,11,11
37,lineup_00,3,6,20260862,3,road_building,0,1,147,9,8,15,4,1,3,1,0,1,0,13,3,1,4,14,36,35,71,2,7,6,4,4,60,144,12,12
38,lineup_00,3,7,20260863,0,roads_and_cities,1,1,117,10,10,14,4,2,3,0,0,1,0,12,4,2,5,17,29,40,69,3,8,5,4,5,81,21,41,13
38,lineup_00,3,7,20260863,1,full_ows,0,1,117,4,4,10,0,2,0,0,5,0,0,4,0,2,9,12,29,27,56,5,9,7,9,18,,78,2,6
38,lineup_00,3,7,20260863,2,hybrid_ows,0,1,117,8,6,10,2,1,2,2,6,0,1,8,1,1,8,13,29,31,60,5,6,6,0,39,115,31,3,3
38,lineup_00,3,7,20260863,3,road_building,0,1,117,7,4,10,4,0,3,3,0,0,0,8,2,0,3,11,29,24,53,2,5,5,4,4,20,,32,32
39,lineup_00,3,8,20260864,0,roads_and_cities,0,1,132,7,6,13,2,2,4,1,0,0,0,11,2,2,6,11,33,32,65,2,2,2,0,5,37,77,1,21
39,lineup_00,3,8,20260864,1,full_ows,0,1,132,5,4,8,0,2,1,1,4,0,0,4,0,2,6,10,33,22,55,1,1,1,4,70,,14,2,46
39,lineup_00,3,8,20260864,2,hybrid_ows,0,1,132,9,8,15,0,3,1,1,4,0,1,11,1,3,6,5,33,26,59,1,2,2,12,3,123,79,11,31
39,lineup_00,3,8,20260864,3,road_building,1,1,132,10,8,11,4,1,5,2,0,1,0,9,3,1,7,14,32,34,66,6,9,9,13,28,68,132,32,32
40,lineup_00,3,9,20260865,0,roads_and_cities,0,1,66,4,3,8,3,0,3,1,0,0,0,6,1,0,3,1,17,11,28,1,2,2,4,1,37,,41,29
40,lineup_00,3,9,20260865,1,full_ows,1,1,66,10,6,3,0,2,6,4,5,0,1,1,0,2,11,4,16,18,34,1,2,2,4,50,,34,6,34
40,lineup_00,3,9,20260865,2,hybrid_ows,0,1,66,2,2,8,2,0,1,0,3,0,0,4,0,0,5,4,16,13,29,3,7,7,4,31,,,3,31
40,lineup_00,3,9,20260865,3,road_building,0,1,66,6,6,11,4,0,2,0,0,1,0,9,2,0,2,7,16,20,36,3,5,5,0,4,36,,44,12
41,lineup_01,0,0,20260866,0,full_ows,0,1,144,9,8,10,0,3,1,1,6,0,1,6,1,3,11,9,36,30,66,6,11,11,9,49,81,109,1,49
41,lineup_01,0,0,20260866,1,hybrid_ows,0,1,144,7,6,14,0,3,1,1,4,0,0,12,1,3,6,12,36,34,70,5,8,8,8,2,126,66,6,14
41,lineup_01,0,0,20260866,2,road_building,0,1,144,8,7,13,5,0,3,1,0,1,0,11,3,0,3,12,36,29,65,2,6,6,0,3,91,,19,7
41,lineup_01,0,0,20260866,3,five_resource,1,1,144,10,8,15,2,3,4,2,0,0,0,11,3,3,5,14,35,36,71,2,5,5,18,24,80,48,4,4
42,lineup_01,0,1,20260867,0,full_ows,0,1,118,9,5,7,1,1,4,4,7,0,1,5,0,1,14,16,30,36,66,3,6,6,0,37,,113,9,9
42,lineup_01,0,1,20260867,1,hybrid_ows,1,1,118,10,9,14,3,2,1,1,2,1,0,12,3,2,4,14,29,35,64,1,2,2,4,6,86,62,22,6
42,lineup_01,0,1,20260867,2,road_building,0,1,118,4,4,15,4,0,2,0,0,0,0,13,2,0,2,8,29,25,54,2,3,3,0,7,43,,39,35
42,lineup_01,0,1,20260867,3,five_resource,0,1,118,4,4,15,4,0,3,0,0,0,0,9,2,0,5,6,29,22,51,5,5,5,0,4,40,,4,20
43,lineup_01,0,2,20260868,0,full_ows,0,1,130,7,6,8,0,2,1,1,7,0,1,4,0,2,11,10,33,27,60,4,5,5,9,29,,97,9,9
43,lineup_01,0,2,20260868,1,hybrid_ows,1,1,130,10,8,15,2,3,3,2,2,0,0,13,3,3,6,11,32,36,68,3,5,5,10,2,102,34,18,30
43,lineup_01,0,2,20260868,2,road_building,0,1,130,9,8,15,4,1,2,1,0,1,0,13,3,1,2,16,32,35,67,5,7,7,0,7,103,111,19,3
43,lineup_01,0,2,20260868,3,five_resource,0,1,130,6,5,12,3,1,5,1,0,0,0,10,2,1,6,11,32,30,62,4,7,7,4,8,80,128,16,52
44,lineup_01,0,3,20260869,0,full_ows,1,1,93,10,9,6,1,3,1,1,5,0,1,2,2,3,11,10,23,28,51,1,1,1,0,57,89,9,13,5
44,lineup_01,0,3,20260869,1,hybrid_ows,0,1,93,9,6,10,4,0,3,3,4,1,0,6,2,0,8,12,23,28,51,2,5,5,0,2,42,,6,2
44,lineup_01,0,3,20260869,2,road_building,0,1,93,3,3,9,3,0,2,0,0,0,0,7,1,0,2,5,23,15,38,3,5,5,0,7,59,,59,7
44,lineup_01,0,3,20260869,3,five_resource,0,1,93,3,2,6,2,0,4,1,0,0,0,4,0,0,4,8,23,16,39,1,3,3,9,20,,,8,4
45,lineup_01,0,4,20260870,0,full_ows,0,1,94,7,5,10,1,2,2,2,4,0,0,4,1,2,11,8,24,26,50,7,8,8,0,13,89,21,5,37
45,lineup_01,0,4,20260870,1,hybrid_ows,1,1,94,10,8,7,0,3,2,2,7,0,1,5,1,3,10,14,23,33,56,2,9,9,12,30,90,10,6,14
45,lineup_01,0,4,20260870,2,road_building,0,1,94,4,4,10,2,0,0,0,0,1,0,8,0,0,0,4,23,12,35,0,0,0,0,3,,,,23
45,lineup_01,0,4,20260870,3,five_resource,0,1,94,5,4,6,4,0,4,1,0,0,0,4,2,0,4,7,23,17,40,2,4,4,4,16,48,,8,8
46,lineup_01,0,5,20260871,0,full_ows,0,1,92,5,4,2,0,2,3,1,2,0,0,0,0,2,6,7,23,15,38,0,2,2,4,,,33,5,5
46,lineup_01,0,5,20260871,1,hybrid_ows,0,1,92,7,5,6,1,1,2,2,6,0,1,2,0,1,11,10,23,24,47,1,2,2,14,10,,42,6,6
46,lineup_01,0,5,20260871,2,road_building,0,1,92,5,5,8,1,1,1,0,0,1,0,6,0,1,1,11,23,19,42,2,2,2,0,15,,43,51,7
46,lineup_01,0,5,20260871,3,five_resource,1,1,92,10,8,7,0,4,3,2,0,0,0,5,2,4,3,12,22,26,48,0,0,0,4,4,60,16,8,20
47,lineup_01,0,6,20260872,0,full_ows,0,1,144,7,4,8,0,2,3,3,3,0,0,4,0,2,9,13,36,28,64,3,4,4,8,33,,21,5,29
47,lineup_01,0,6,20260872,1,hybrid_ows,0,1,144,9,9,9,1,3,0,0,4,0,1,7,2,3,5,12,36,29,65,2,4,4,8,50,98,26,6,10
47,lineup_01,0,6,20260872,2,road_building,0,1,144,7,7,15,5,0,3,0,0,1,0,13,3,0,3,11,36,30,66,1,4,4,4,7,47,,7,19
47,lineup_01,0,6,20260872,3,five_resource,1,1,144,10,8,13,2,3,6,2,0,0,0,9,3,3,8,18,35,41,76,3,11,11,4,8,40,132,24,36
48,lineup_01,0,7,20260873,0,full_ows,0,1,110,5,4,8,2,0,1,1,8,0,1,4,0,0,12,8,28,24,52,10,11,11,4,9,,,1,25
48,lineup_01,0,7,20260873,1,hybrid_ows,1,1,110,10,8,8,0,4,2,2,5,0,0,6,2,4,8,13,27,33,60,7,8,8,6,2,74,26,10,2
48,lineup_01,0,7,20260873,2,road_building,0,1,110,4,3,12,3,0,2,1,0,0,0,10,1,0,2,4,27,17,44,1,3,3,12,11,59,,27,23
48,lineup_01,0,7,20260873,3,five_resource,0,1,110,8,7,13,3,1,2,1,0,1,0,11,2,1,3,8,27,25,52,7,9,8,4,4,100,64,4,20
49,lineup_01,0,8,20260874,0,full_ows,0,1,142,6,5,6,3,0,1,1,6,0,1,4,1,0,8,10,36,23,59,4,8,8,0,21,133,,13,5
49,lineup_01,0,8,20260874,1,hybrid_ows,1,1,142,11,8,13,0,3,3,3,3,1,0,7,1,3,11,20,35,42,77,1,1,1,4,86,122,62,6,10
49,lineup_01,0,8,20260874,2,road_building,0,1,142,6,5,15,3,1,3,1,0,0,0,13,2,1,3,5,35,24,59,5,7,7,12,27,91,135,67,51
49,lineup_01,0,8,20260874,3,five_resource,0,1,142,4,4,10,4,0,3,0,0,0,0,8,2,0,3,9,35,22,57,2,3,3,8,4,104,,24,76
50,lineup_01,0,9,20260875,0,full_ows,0,1,104,6,3,9,1,1,3,3,3,0,0,5,0,1,7,7,26,20,46,4,4,4,0,5,,5,29,5
50,lineup_01,0,9,20260875,1,hybrid_ows,0,1,104,4,4,3,2,0,1,0,8,0,1,1,0,0,10,4,26,15,41,5,7,7,4,78,,,2,2
50,lineup_01,0,9,20260875,2,road_building,0,1,104,3,2,9,2,0,2,1,0,0,0,7,0,0,3,6,26,16,42,2,2,2,0,23,,,7,7
50,lineup_01,0,9,20260875,3,five_resource,1,1,104,10,9,11,3,2,3,1,0,1,0,9,3,2,5,8,25,27,52,1,2,2,13,8,28,32,48,40
51,lineup_01,1,0,20260876,0,hybrid_ows,0,1,154,5,4,13,4,0,1,1,4,0,0,9,2,0,8,13,39,32,71,8,19,19,8,5,113,,21,5
51,lineup_01,1,0,20260876,1,road_building,1,1,154,10,10,15,2,3,2,0,0,1,0,13,3,3,2,13,38,34,72,2,2,2,9,6,102,134,26,10
51,lineup_01,1,0,20260876,2,five_resource,0,1,154,6,4,15,4,0,3,2,0,0,0,11,2,0,5,10,38,28,66,4,6,6,12,15,127,,7,7
51,lineup_01,1,0,20260876,3,full_ows,0,1,154,8,6,4,0,2,2,2,7,0,1,2,0,2,10,8,38,22,60,4,4,4,0,48,,128,4,16
52,lineup_01,1,1,20260877,0,hybrid_ows,0,1,155,7,5,11,1,2,2,2,2,0,0,7,1,2,7,12,39,29,68,1,7,7,10,29,117,97,5,9
52,lineup_01,1,1,20260877,1,road_building,0,1,155,9,9,15,1,3,2,0,0,1,0,13,2,3,3,30,39,51,90,3,3,3,9,6,90,118,34,2
52,lineup_01,1,1,20260877,2,five_resource,1,1,155,10,9,15,3,3,3,1,0,0,0,13,4,3,3,16,38,39,77,7,7,7,10,7,47,135,27,7
52,lineup_01,1,1,20260877,3,full_ows,0,1,155,6,4,9,2,0,2,2,8,0,1,5,0,0,12,12,38,29,67,7,7,7,0,24,,,8,8
53,lineup_01,1,2,20260878,0,hybrid_ows,1,1,141,10,8,12,0,3,2,2,6,0,1,8,1,3,10,8,35,30,65,7,14,12,0,5,133,85,13,17
53,lineup_01,1,2,20260878,1,road_building,0,1,141,8,7,15,5,1,2,1,0,0,0,13,4,1,2,11,35,31,66,6,6,6,8,2,118,22,10,22
53,lineup_01,1,2,20260878,2,five_resource,0,1,141,7,6,15,4,0,5,1,0,1,0,11,2,0,8,6,35,27,62,8,8,8,12,3,135,,15,27
53,lineup_01,1,2,20260878,3,full_ows,0,1,141,5,4,8,0,2,1,1,3,0,0,6,0,2,5,13,35,26,61,3,4,4,15,36,,64,4,12
54,lineup_01,1,3,20260879,0,hybrid_ows,1,1,101,10,9,9,1,3,1,1,7,0,1,7,2,3,8,10,25,30,55,6,7,7,9,5,93,5,13,17
54,lineup_01,1,3,20260879,1,road_building,0,1,101,2,2,15,2,0,1,0,0,0,0,13,0,0,2,2,25,17,42,2,3,3,0,2,,,10,26
54,lineup_01,1,3,20260879,2,five_resource,0,1,101,8,7,15,5,0,1,1,0,1,0,13,3,0,1,7,25,24,49,9,10,10,4,3,35,,55,59
54,lineup_01,1,3,20260879,3,full_ows,0,1,101,8,5,8,1,2,3,3,6,0,0,2,1,2,14,8,25,27,52,4,5,5,4,68,100,56,4,8
55,lineup_01,1,4,20260880,0,hybrid_ows,1,1,81,10,7,7,1,2,3,3,5,0,1,3,1,2,10,9,20,25,45,4,8,7,4,37,81,5,1,5
55,lineup_01,1,4,20260880,1,road_building,0,1,81,6,5,12,3,0,3,1,0,1,0,10,1,0,4,3,20,18,38,1,1,1,0,2,58,,38,14
55,lineup_01,1,4,20260880,2,five_resource,0,1,81,6,5,11,5,0,5,1,0,0,0,7,3,0,7,3,20,20,40,2,5,5,5,23,59,,11,11
55,lineup_01,1,4,20260880,3,full_ows,0,1,81,2,2,4,2,0,0,0,4,0,0,2,0,0,4,7,20,13,33,2,4,4,4,44,,,16,8
56,lineup_01,1,5,20260881,0,hybrid_ows,0,1,100,4,4,13,2,1,0,0,2,0,0,9,1,1,3,9,25,23,48,2,2,2,4,21,37,85,29,29
56,lineup_01,1,5,20260881,1,road_building,0,1,100,3,3,10,3,0,3,0,0,0,0,8,1,0,3,7,25,19,44,4,6,6,0,2,78,,22,50
56,lineup_01,1,5,20260881,2,five_resource,0,1,100,5,5,15,3,0,1,0,0,1,0,13,1,0,1,7,25,22,47,3,3,3,0,3,59,,15,23
56,lineup_01,1,5,20260881,3,full_ows,1,1,100,10,5,2,1,1,7,5,7,0,1,0,0,1,17,9,24,27,51,5,5,5,8,,,84,4,8
57,lineup_01,1,6,20260882,0,hybrid_ows,1,1,129,10,7,10,1,3,3,3,3,0,0,6,2,3,9,15,32,35,67,3,4,4,24,13,37,13,1,25
57,lineup_01,1,6,20260882,1,road_building,0,1,129,5,5,15,3,0,3,0,0,1,0,13,1,0,3,8,32,25,57,0,0,0,8,6,30,,14,14
57,lineup_01,1,6,20260882,2,five_resource,0,1,129,4,3,15,3,0,4,1,0,0,0,11,1,0,7,6,32,25,57,3,5,5,14,7,119,,3,27
57,lineup_01,1,6,20260882,3,full_ows,0,1,129,9,8,5,0,3,1,1,5,0,1,3,1,3,6,13,32,26,58,3,8,7,8,20,100,60,8,8
58,lineup_01,1,7,20260883,0,hybrid_ows,1,1,129,10,9,11,1,3,1,1,6,0,1,9,2,3,10,11,33,35,68,3,8,6,4,1,53,73,5,13
58,lineup_01,1,7,20260883,1,road_building,0,1,129,6,6,15,4,0,2,0,0,1,0,13,2,0,2,8,32,25,57,2,3,3,4,2,90,,34,10
58,lineup_01,1,7,20260883,2,five_resource,0,1,129,5,4,13,4,0,2,1,0,0,0,9,2,0,4,13,32,28,60,1,1,1,8,7,107,,31,3
58,lineup_01,1,7,20260883,3,full_ows,0,1,129,7,4,9,0,2,3,3,5,0,0,5,0,2,9,13,32,29,61,4,4,4,10,72,,20,4,8
59,lineup_01,1,8,20260884,0,hybrid_ows,0,1,99,5,4,12,0,2,1,1,5,0,0,10,0,2,8,9,25,29,54,5,7,7,0,9,,33,17,57
59,lineup_01,1,8,20260884,1,road_building,0,1,99,6,5,15,5,0,1,1,0,0,0,11,3,0,2,6,25,22,47,4,5,5,0,2,50,,26,34
59,lineup_01,1,8,20260884,2,five_resource,1,1,99,10,10,15,0,4,1,0,0,1,0,13,2,4,1,12,24,32,56,5,7,7,0,3,19,55,3,31
59,lineup_01,1,8,20260884,3,full_ows,0,1,99,9,6,8,0,2,3,3,8,0,1,4,0,2,14,6,24,26,50,8,11,11,10,16,,48,8,32
60,lineup_01,1,9,20260885,0,hybrid_ows,1,1,109,10,9,13,1,2,1,1,8,1,1,9,1,2,12,5,27,29,56,3,4,4,9,1,109,57,9,21
60,lineup_01,1,9,20260885,1,road_building,0,1,109,4,4,13,4,0,1,0,0,0,0,11,2,0,1,3,27,17,44,4,9,9,9,6,90,,62,42
60,lineup_01,1,9,20260885,2,five_resource,0,1,109,8,5,15,3,1,3,3,0,0,0,13,2,1,3,5,27,24,51,6,11,9,4,7,87,35,3,19
60,lineup_01,1,9,20260885,3,full_ows,0,1,109,5,4,6,0,2,1,1,6,0,0,4,0,2,9,10,27,25,52,5,11,11,0,44,,80,16,16
61,lineup_01,2,0,20260886,0,road_building,0,1,76,5,5,13,3,0,0,0,0,1,0,11,1,0,1,2,19,15,34,3,3,3,0,1,61,,33,17
61,lineup_01,2,0,20260886,1,five_resource,0,1,76,6,5,8,3,1,5,1,0,0,0,6,2,1,5,5,19,19,38,4,5,5,4,14,34,54,6,6
61,lineup_01,2,0,20260886,2,full_ows,0,1,76,5,3,4,1,1,2,2,4,0,0,2,0,1,8,4,19,15,34,4,4,4,4,31,,51,15,7
61,lineup_01,2,0,20260886,3,hybrid_ows,1,1,76,10,9,12,1,3,1,1,4,0,1,8,2,3,7,4,18,24,42,1,1,1,9,4,56,20,44,16
62,lineup_01,2,1,20260887,0,road_building,0,1,116,5,5,14,5,0,2,0,0,0,0,10,3,0,3,7,29,23,52,6,9,9,0,5,25,,33,9
62,lineup_01,2,1,20260887,1,five_resource,0,1,116,6,6,13,2,2,2,0,0,0,0,11,2,2,2,19,29,36,65,0,1,1,0,6,102,86,6,18
62,lineup_01,2,1,20260887,2,full_ows,0,1,116,7,4,4,0,2,3,3,4,0,0,2,0,2,10,11,29,25,54,0,0,0,4,43,,71,7,3
62,lineup_01,2,1,20260887,3,hybrid_ows,1,1,116,10,8,11,0,2,2,2,6,1,1,7,0,2,10,8,29,27,56,4,7,7,5,12,,12,4,24
63,lineup_01,2,2,20260888,0,road_building,0,1,68,3,2,8,2,0,2,1,0,0,0,6,0,0,2,4,17,12,29,0,1,1,5,5,,,13,5
63,lineup_01,2,2,20260888,1,five_resource,0,1,68,4,3,7,3,0,3,1,0,0,0,5,1,0,3,4,17,13,30,3,3,3,5,14,46,,22,14
63,lineup_01,2,2,20260888,2,full_ows,0,1,68,2,2,12,2,0,0,0,1,0,0,6,0,0,6,3,17,15,32,2,2,2,0,3,,,7,7
63,lineup_01,2,2,20260888,3,hybrid_ows,1,1,68,10,8,13,0,2,2,2,3,1,1,11,0,2,5,5,16,23,39,3,3,3,0,4,,8,16,12
64,lineup_01,2,3,20260889,0,road_building,0,1,143,5,5,15,5,0,0,0,0,0,0,13,3,0,1,15,36,32,68,4,7,7,8,1,109,,41,17
64,lineup_01,2,3,20260889,1,five_resource,0,1,143,8,8,15,4,1,2,0,0,1,0,13,3,1,2,4,36,23,59,4,8,7,0,2,54,62,38,14
64,lineup_01,2,3,20260889,2,full_ows,1,1,143,10,8,15,2,2,2,2,7,0,1,11,2,2,11,18,35,44,79,9,10,10,0,7,35,139,19,7
64,lineup_01,2,3,20260889,3,hybrid_ows,0,1,143,7,4,8,0,2,3,3,5,0,0,4,0,2,10,19,35,35,70,4,10,10,17,80,,72,12,12
65,lineup_01,2,4,20260890,0,road_building,0,1,108,2,2,13,2,0,2,0,0,0,0,11,0,0,2,8,27,21,48,4,5,5,0,1,,,41,13
65,lineup_01,2,4,20260890,1,five_resource,0,1,108,6,5,13,3,0,4,1,0,1,0,11,1,0,5,2,27,19,46,1,1,1,8,2,74,,10,86
65,lineup_01,2,4,20260890,2,full_ows,0,1,108,5,3,7,1,1,2,2,5,0,0,3,0,1,10,11,27,25,52,0,1,1,4,35,,15,31,11
65,lineup_01,2,4,20260890,3,hybrid_ows,1,1,108,10,8,15,2,2,2,2,5,0,1,13,2,2,8,12,26,37,63,6,8,8,0,4,92,28,16,28
66,lineup_01,2,5,20260891,0,road_building,0,1,123,4,3,10,3,0,1,1,0,0,0,8,1,0,2,2,31,13,44,5,5,5,8,49,121,,65,69
66,lineup_01,2,5,20260891,1,five_resource,0,1,123,6,6,15,2,2,2,0,0,0,0,13,2,2,4,14,31,35,66,2,3,3,0,6,74,10,6,6
66,lineup_01,2,5,20260891,2,full_ows,1,1,123,10,7,7,1,2,3,3,10,0,1,5,1,2,14,7,30,29,59,1,6,6,38,19,123,31,3,47
66,lineup_01,2,5,20260891,3,hybrid_ows,0,1,123,9,8,11,4,1,2,1,2,1,0,7,3,1,5,14,30,30,60,3,7,7,4,12,64,112,8,8
67,lineup_01,2,6,20260892,0,road_building,0,1,94,4,4,15,2,0,1,0,0,1,0,13,0,0,1,4,24,18,42,4,5,5,0,1,,,61,13
67,lineup_01,2,6,20260892,1,five_resource,1,1,94,10,10,15,2,4,1,0,0,0,0,13,4,4,1,10,23,32,55,3,4,4,4,10,38,10,54,18
67,lineup_01,2,6,20260892,2,full_ows,0,1,94,5,5,3,1,1,1,0,7,0,1,1,0,1,9,7,23,18,41,3,5,5,0,51,,79,7,19
67,lineup_01,2,6,20260892,3,hybrid_ows,0,1,94,8,4,10,0,2,5,4,2,0,0,6,0,2,10,15,23,33,56,3,6,6,5,12,,16,28,24
68,lineup_01,2,7,20260893,0,road_building,0,1,79,2,2,7,2,0,2,0,0,0,0,5,0,0,4,4,20,13,33,2,3,3,0,1,,,45,29
68,lineup_01,2,7,20260893,1,five_resource,0,1,79,4,3,4,1,1,3,1,0,0,0,2,0,1,3,7,20,13,33,0,0,0,5,66,,34,58,10
68,lineup_01,2,7,20260893,2,full_ows,1,1,79,10,8,9,2,1,2,2,6,1,1,3,1,1,10,6,19,21,40,6,6,6,4,27,71,51,15,23
68,lineup_01,2,7,20260893,3,hybrid_ows,0,1,79,3,2,7,2,0,1,1,1,0,0,5,0,0,2,5,19,12,31,2,2,2,8,28,,,52,12
69,lineup_01,2,8,20260894,0,road_building,0,1,138,7,5,13,5,0,6,2,0,0,0,11,3,0,6,8,35,28,63,5,8,8,4,17,105,,5,17
69,lineup_01,2,8,20260894,1,five_resource,1,1,138,11,11,15,1,4,1,0,0,1,0,13,3,4,3,22,34,45,79,9,12,12,9,2,50,18,14,34
69,lineup_01,2,8,20260894,2,full_ows,0,1,138,6,4,10,0,2,2,2,4,0,0,8,0,2,6,15,34,31,65,5,9,9,20,51,,23,55,7
69,lineup_01,2,8,20260894,3,hybrid_ows,0,1,138,6,5,9,3,0,1,1,6,0,1,5,1,0,10,11,34,27,61,3,7,7,4,56,96,,12,8
70,lineup_01,2,9,20260895,0,road_building,0,1,135,7,7,15,5,0,1,0,0,1,0,13,3,0,1,14,34,31,65,4,5,5,12,13,69,,5,5
70,lineup_01,2,9,20260895,1,five_resource,0,1,135,6,6,15,0,3,4,0,0,0,0,11,1,3,6,9,34,30,64,3,3,3,4,2,130,106,6,22
70,lineup_01,2,9,20260895,2,full_ows,1,1,135,10,7,8,1,3,3,3,4,0,0,4,2,3,10,19,33,38,71,5,8,8,8,27,107,27,7,35
70,lineup_01,2,9,20260895,3,hybrid_ows,0,1,135,9,7,10,1,2,2,2,5,0,1,8,1,2,8,14,33,33,66,5,6,6,8,12,40,60,8,8
71,lineup_01,3,0,20260896,0,five_resource,0,1,98,4,2,13,2,0,8,2,0,0,0,9,0,0,11,5,25,25,50,2,3,3,4,1,,,5,77
71,lineup_01,3,0,20260896,1,full_ows,1,1,98,10,9,6,1,3,1,1,4,0,1,4,2,3,6,9,24,24,48,2,5,5,4,14,54,78,6,14
71,lineup_01,3,0,20260896,2,hybrid_ows,0,1,98,5,3,6,1,1,2,2,2,0,0,2,0,1,6,7,24,16,40,3,5,5,5,11,,27,19,11
71,lineup_01,3,0,20260896,3,road_building,0,1,98,5,5,15,3,0,2,0,0,1,0,13,1,0,2,9,24,25,49,4,5,5,0,4,32,,44,24
72,lineup_01,3,1,20260897,0,five_resource,0,1,63,4,4,6,0,2,3,0,0,0,0,4,0,2,4,3,16,13,29,0,0,0,0,9,,9,5,13
72,lineup_01,3,1,20260897,1,full_ows,0,1,63,4,2,4,2,0,2,2,2,0,0,2,0,0,4,4,16,10,26,3,3,3,0,2,,,10,2
72,lineup_01,3,1,20260897,2,hybrid_ows,1,1,63,10,8,8,0,2,2,2,5,1,1,4,0,2,8,8,15,22,37,4,4,4,5,23,,7,15,15
72,lineup_01,3,1,20260897,3,road_building,0,1,63,2,2,7,2,0,1,0,0,0,0,5,0,0,2,7,15,14,29,1,3,3,4,4,,,36,8
73,lineup_01,3,2,20260898,0,five_resource,0,1,124,5,5,13,1,2,4,0,0,0,0,9,1,2,7,9,31,28,59,2,2,2,9,9,105,89,9,5
73,lineup_01,3,2,20260898,1,full_ows,0,1,124,6,4,8,0,2,2,2,3,0,0,6,0,2,5,7,31,20,51,1,2,2,4,30,,10,38,30
73,lineup_01,3,2,20260898,2,hybrid_ows,0,1,124,9,6,11,2,1,3,3,4,0,1,7,1,1,9,2,31,20,51,3,5,5,9,3,59,115,3,23
73,lineup_01,3,2,20260898,3,road_building,1,1,124,10,10,15,4,2,3,0,0,1,0,13,4,2,4,17,30,40,70,7,8,8,4,4,24,116,32,32
74,lineup_01,3,3,20260899,0,five_resource,0,1,130,7,4,15,2,0,5,3,0,1,0,13,0,0,6,1,33,20,53,4,6,6,0,5,,,9,93
74,lineup_01,3,3,20260899,1,full_ows,1,1,130,10,10,8,0,4,0,0,10,0,1,4,2,4,14,16,32,40,72,3,4,4,20,14,98,46,6,38
74,lineup_01,3,3,20260899,2,hybrid_ows,0,1,130,4,2,11,2,0,2,2,1,0,0,7,0,0,4,7,32,18,50,4,6,6,0,51,,,27,11
74,lineup_01,3,3,20260899,3,road_building,0,1,130,4,4,15,4,0,1,0,0,0,0,13,2,0,1,8,32,24,56,3,3,3,4,8,64,,20,4
75,lineup_01,3,4,20260900,0,five_resource,0,1,82,6,6,13,0,3,3,0,0,0,0,11,1,3,4,14,21,33,54,3,4,4,7,1,53,13,21,5
75,lineup_01,3,4,20260900,1,full_ows,1,1,82,11,6,3,0,2,5,5,5,0,1,1,0,2,12,4,21,19,40,1,2,2,14,78,,10,10,38
75,lineup_01,3,4,20260900,2,hybrid_ows,0,1,82,4,4,5,0,2,0,0,4,0,0,3,0,2,5,5,20,15,35,0,0,0,0,15,,35,3,11
75,lineup_01,3,4,20260900,3,road_building,0,1,82,6,6,12,4,0,3,0,0,1,0,8,2,0,4,9,20,23,43,4,5,5,0,4,52,,12,4
76,lineup_01,3,5,20260901,0,five_resource,1,1,101,10,9,11,5,1,4,1,0,1,0,7,4,1,6,8,25,26,51,2,4,4,17,29,73,25,5,17
76,lineup_01,3,5,20260901,1,full_ows,0,1,101,4,4,9,0,2,0,0,4,0,0,5,0,2,6,9,25,22,47,2,2,2,14,2,,14,34,2
76,lineup_01,3,5,20260901,2,hybrid_ows,0,1,101,9,5,6,1,1,4,4,6,0,1,4,0,1,11,4,25,20,45,3,7,7,6,35,,59,11,27
76,lineup_01,3,5,20260901,3,road_building,0,1,101,2,2,10,2,0,1,0,0,0,0,8,0,0,2,9,25,19,44,2,3,3,0,8,,,36,4
77,lineup_01,3,6,20260902,0,five_resource,0,1,143,4,3,11,3,0,5,1,0,0,0,9,1,0,5,14,36,29,65,1,2,2,0,25,125,,9,9
77,lineup_01,3,6,20260902,1,full_ows,0,1,143,9,6,7,0,2,3,3,6,0,1,5,0,2,10,7,36,24,60,5,7,7,6,18,,118,6,2
77,lineup_01,3,6,20260902,2,hybrid_ows,1,1,143,10,10,9,0,4,0,0,4,1,0,3,2,4,9,11,35,29,64,5,5,5,4,35,111,63,7,27
77,lineup_01,3,6,20260902,3,road_building,0,1,143,3,2,15,2,0,1,1,0,0,0,13,0,0,1,5,35,19,54,0,0,0,17,4,,,72,12
78,lineup_01,3,7,20260903,0,five_resource,1,1,117,10,10,11,0,4,4,0,0,1,0,9,2,4,4,6,29,25,54,1,1,1,4,5,57,65,17,77
78,lineup_01,3,7,20260903,1,full_ows,0,1,117,6,4,7,0,2,2,2,2,0,0,5,0,2,6,10,29,23,52,3,4,4,0,34,,50,2,30
78,lineup_01,3,7,20260903,2,hybrid_ows,0,1,117,7,4,8,2,0,3,3,5,0,1,4,0,0,9,12,29,25,54,3,4,4,4,11,,,7,3
78,lineup_01,3,7,20260903,3,road_building,0,1,117,5,5,9,3,1,4,0,0,0,0,7,2,1,6,5,29,21,50,9,12,12,14,4,60,112,4,32
79,lineup_01,3,8,20260904,0,five_resource,0,1,99,6,5,6,1,2,3,1,0,0,0,4,1,2,5,14,25,26,51,3,3,3,4,25,89,17,13,5
79,lineup_01,3,8,20260904,1,full_ows,0,1,99,7,4,7,2,1,3,3,5,0,0,3,1,1,10,5,25,20,45,4,4,4,0,10,94,82,14,26
79,lineup_01,3,8,20260904,2,hybrid_ows,1,1,99,10,10,10,2,3,0,0,6,0,1,6,3,3,8,8,24,28,52,3,3,3,10,23,59,31,19,11
79,lineup_01,3,8,20260904,3,road_building,0,1,99,7,6,9,4,0,2,1,0,1,0,7,2,0,2,7,24,18,42,3,3,3,9,4,40,,48,48
80,lineup_01,3,9,20260905,0,five_resource,0,1,159,6,5,12,3,1,5,1,0,0,0,10,2,1,8,12,40,33,73,3,6,6,0,9,57,121,5,29
80,lineup_01,3,9,20260905,1,full_ows,0,1,159,5,4,9,2,0,1,1,5,0,1,3,0,0,8,15,40,26,66,0,1,1,13,26,,,14,6
80,lineup_01,3,9,20260905,2,hybrid_ows,1,1,159,10,8,7,0,4,2,2,3,0,0,5,2,4,5,26,39,42,81,5,7,7,8,19,55,7,35,19
80,lineup_01,3,9,20260905,3,road_building,0,1,159,9,8,15,0,3,3,1,0,1,0,13,1,3,4,13,39,34,73,3,5,5,16,4,96,136,32,32
81,lineup_02,0,0,20260906,0,full_ows,1,1,117,10,10,12,0,4,0,0,8,0,1,6,2,4,13,17,29,42,71,2,4,4,12,33,97,9,1,29
81,lineup_02,0,0,20260906,1,hybrid_ows,0,1,117,6,3,5,3,0,3,3,5,0,0,3,1,0,9,6,29,19,48,2,4,4,8,50,74,,6,14
81,lineup_02,0,0,20260906,2,road_building,0,1,117,5,5,15,3,0,0,0,0,1,0,13,1,0,0,6,29,20,49,0,0,0,0,3,115,,,15
81,lineup_02,0,0,20260906,3,port,0,1,117,5,3,14,3,0,3,2,0,0,0,12,1,0,3,9,29,25,54,2,5,5,0,4,104,,52,4
82,lineup_02,0,1,20260907,0,full_ows,0,1,136,7,6,6,0,2,1,1,8,0,1,2,0,2,11,8,34,23,57,4,10,10,4,25,,73,5,5
82,lineup_02,0,1,20260907,1,hybrid_ows,0,1,136,8,5,9,1,2,3,3,4,0,0,5,1,2,9,12,34,29,63,2,3,3,7,14,130,98,10,2
82,lineup_02,0,1,20260907,2,road_building,0,1,136,5,5,15,5,0,1,0,0,0,0,13,3,0,2,5,34,23,57,4,4,4,8,3,91,,27,19
82,lineup_02,0,1,20260907,3,port,1,1,136,10,9,12,3,2,2,1,0,1,0,10,3,2,3,13,33,31,64,4,6,6,4,8,92,120,44,8
83,lineup_02,0,2,20260908,0,full_ows,1,1,133,10,8,15,2,2,2,2,8,0,1,11,2,2,11,8,33,34,67,9,15,15,0,9,101,121,9,37
83,lineup_02,0,2,20260908,1,hybrid_ows,0,1,133,9,7,8,1,3,2,2,5,0,0,4,2,3,12,12,33,33,66,1,4,4,21,6,74,110,10,14
83,lineup_02,0,2,20260908,2,road_building,0,1,133,9,8,15,4,1,1,1,0,1,0,13,3,1,1,5,33,23,56,1,2,2,8,3,63,127,79,23
83,lineup_02,0,2,20260908,3,port,0,1,133,7,7,11,3,2,1,0,0,0,0,9,3,2,1,24,33,39,72,6,8,8,13,20,28,112,4,4
84,lineup_02,0,3,20260909,0,full_ows,0,1,118,4,2,11,2,0,2,2,6,0,0,7,0,0,11,10,30,28,58,2,6,6,0,25,,,1,25
84,lineup_02,0,3,20260909,1,hybrid_ows,1,1,118,10,8,6,0,3,2,2,6,0,1,2,1,3,11,6,29,23,52,2,3,3,9,54,106,58,10,62
84,lineup_02,0,3,20260909,2,road_building,0,1,118,6,6,11,4,0,1,0,0,1,0,9,2,0,1,6,29,18,47,2,2,2,4,3,111,,27,7
84,lineup_02,0,3,20260909,3,port,0,1,118,4,3,15,3,0,2,1,0,0,0,13,1,0,2,5,29,21,50,2,6,6,0,4,28,,68,56
85,lineup_02,0,4,20260910,0,full_ows,1,1,109,10,7,11,1,2,3,3,9,0,1,7,1,2,14,16,27,40,67,7,8,8,5,53,109,29,5,5
85,lineup_02,0,4,20260910,1,hybrid_ows,0,1,109,8,7,15,5,0,2,1,2,1,0,13,3,0,5,9,27,30,57,0,2,2,0,10,66,,6,6
85,lineup_02,0,4,20260910,2,road_building,0,1,109,7,7,15,3,2,1,0,0,0,0,13,3,2,2,12,27,32,59,3,7,7,5,3,51,19,91,23
85,lineup_02,0,4,20260910,3,port,0,1,109,6,5,13,5,0,3,1,0,0,0,11,3,0,4,12,27,30,57,5,8,8,0,12,72,,52,4
86,lineup_02,0,5,20260911,0,full_ows,0,1,110,8,7,11,1,2,2,1,7,0,1,7,1,2,12,9,28,31,59,5,6,6,5,5,37,65,17,17
86,lineup_02,0,5,20260911,1,hybrid_ows,1,1,110,10,6,7,0,3,4,4,1,0,0,3,1,3,7,9,27,23,50,4,5,5,0,30,94,54,2,14
86,lineup_02,0,5,20260911,2,road_building,0,1,110,6,6,11,4,0,1,0,0,1,0,9,2,0,2,10,27,23,50,2,4,4,4,3,59,,23,19
86,lineup_02,0,5,20260911,3,port,0,1,110,4,4,12,4,0,0,0,0,0,0,10,2,0,0,9,27,21,48,3,5,5,0,4,60,,,4
87,lineup_02,0,6,20260912,0,full_ows,0,1,156,7,4,7,0,2,3,3,3,0,0,5,0,2,8,10,39,25,64,2,6,6,4,21,,145,9,9
87,lineup_02,0,6,20260912,1,hybrid_ows,0,1,156,9,8,12,0,3,1,1,6,0,1,10,1,3,8,18,39,40,79,1,5,5,26,10,114,46,6,6
87,lineup_02,0,6,20260912,2,road_building,0,1,156,8,8,15,4,1,3,0,0,1,0,13,3,1,3,12,39,32,71,5,6,6,8,3,139,95,11,11
87,lineup_02,0,6,20260912,3,port,1,1,156,10,9,15,3,3,4,1,0,0,0,11,4,3,6,29,38,53,91,5,7,7,13,8,76,132,16,8
88,lineup_02,0,7,20260913,0,full_ows,0,1,143,7,5,6,1,2,2,2,6,0,0,4,1,2,9,8,36,24,60,4,4,4,13,61,133,9,37,61
88,lineup_02,0,7,20260913,1,hybrid_ows,0,1,143,8,7,8,3,1,1,1,6,0,1,2,2,1,10,7,36,22,58,8,8,8,19,66,122,106,2,42
88,lineup_02,0,7,20260913,2,road_building,1,1,143,10,10,10,2,3,0,0,0,1,0,8,3,3,0,16,35,30,65,1,1,1,23,3,51,115,,23
88,lineup_02,0,7,20260913,3,port,0,1,143,7,5,11,1,2,4,2,0,0,0,9,1,2,6,10,35,28,63,1,3,3,25,4,132,72,4,28
89,lineup_02,0,8,20260914,0,full_ows,0,1,86,6,5,4,1,1,1,1,5,0,1,2,0,1,7,3,22,13,35,4,8,8,8,21,,81,25,21
89,lineup_02,0,8,20260914,1,hybrid_ows,1,1,86,10,6,9,2,1,4,4,3,1,0,5,1,1,8,2,21,17,38,1,1,1,5,22,86,54,2,46
89,lineup_02,0,8,20260914,2,road_building,0,1,86,3,3,11,3,0,3,0,0,0,0,9,1,0,3,11,21,24,45,2,2,2,0,19,27,,7,7
89,lineup_02,0,8,20260914,3,port,0,1,86,4,4,12,4,0,1,0,0,0,0,10,2,0,1,5,21,18,39,1,1,1,0,12,48,,80,16
90,lineup_02,0,9,20260915,0,full_ows,0,1,114,8,5,11,3,0,3,3,7,0,1,7,1,0,12,6,29,26,55,6,6,6,8,9,73,,5,21
90,lineup_02,0,9,20260915,1,hybrid_ows,1,1,114,10,10,11,2,4,0,0,7,0,0,9,4,4,10,16,28,43,71,0,0,0,14,6,54,46,10,62
90,lineup_02,0,9,20260915,2,road_building,0,1,114,8,7,15,3,1,1,1,0,1,0,13,2,1,1,2,28,19,47,4,5,5,9,15,103,39,87,23
90,lineup_02,0,9,20260915,3,port,0,1,114,3,2,9,2,0,1,1,0,0,0,5,0,0,2,6,28,13,41,0,3,3,12,8,,,36,8
91,lineup_02,1,0,20260916,0,hybrid_ows,1,1,125,10,6,9,0,3,4,4,3,0,0,5,1,3,9,11,31,29,60,4,8,8,11,1,5,65,21,21
91,lineup_02,1,0,20260916,1,road_building,0,1,125,9,9,10,3,2,4,0,0,1,0,8,3,2,4,10,31,27,58,6,6,6,9,2,18,90,22,54
91,lineup_02,1,0,20260916,2,port,0,1,125,7,6,15,4,1,4,1,0,0,0,13,3,1,5,21,31,43,74,6,8,8,14,3,23,107,63,3
91,lineup_02,1,0,20260916,3,full_ows,0,1,125,8,8,12,0,3,0,0,4,0,1,8,1,3,7,13,31,32,63,6,7,7,0,12,96,72,8,8
92,lineup_02,1,1,20260917,0,hybrid_ows,0,1,83,8,6,11,0,3,4,2,3,0,0,7,1,3,8,11,21,30,51,2,6,6,0,5,9,41,13,29
92,lineup_02,1,1,20260917,1,road_building,0,1,83,2,2,11,2,0,1,0,0,0,0,9,0,0,1,2,21,12,33,3,4,4,4,2,,,34,34
92,lineup_02,1,1,20260917,2,port,1,1,83,10,9,15,1,3,4,1,0,1,0,13,2,3,4,11,20,33,53,7,7,7,4,3,59,35,7,43
92,lineup_02,1,1,20260917,3,full_ows,0,1,83,6,4,7,2,0,2,2,6,0,1,3,0,0,12,6,20,21,41,4,5,5,4,12,,,4,12
93,lineup_02,1,2,20260918,0,hybrid_ows,0,1,144,8,7,13,1,3,1,1,3,0,0,9,2,3,7,21,36,42,78,3,6,6,0,1,97,45,9,1
93,lineup_02,1,2,20260918,1,road_building,0,1,144,5,5,15,3,0,2,0,0,1,0,13,1,0,2,9,36,25,61,1,2,2,13,2,98,,58,26
93,lineup_02,1,2,20260918,2,port,0,1,144,5,4,6,4,0,5,1,0,0,0,4,2,0,5,10,36,21,57,4,7,7,4,43,115,,23,11
93,lineup_02,1,2,20260918,3,full_ows,1,1,144,10,7,6,1,2,3,3,5,0,1,2,1,2,11,10,35,26,61,2,6,6,4,104,144,80,8,16
94,lineup_02,1,3,20260919,0,hybrid_ows,0,1,156,9,7,14,1,3,2,2,2,0,0,10,2,3,5,10,39,30,69,5,13,13,12,13,141,85,21,13
94,lineup_02,1,3,20260919,1,road_building,0,1,156,8,8,13,4,1,2,0,0,1,0,11,3,1,2,21,39,38,77,2,3,3,5,6,102,146,54,6
94,lineup_02,1,3,20260919,2,port,0,1,156,6,6,15,4,1,0,0,0,0,0,13,3,1,0,18,39,35,74,4,6,6,8,3,119,151,,3
94,lineup_02,1,3,20260919,3,full_ows,1,1,156,10,7,14,1,2,3,3,10,0,1,10,1,2,18,22,38,53,91,8,10,10,9,56,156,8,20,4
95,lineup_02,1,4,20260920,0,hybrid_ows,1,1,105,10,8,8,0,3,3,2,5,0,1,6,1,3,9,5,27,24,51,3,7,7,13,1,25,5,13,9
95,lineup_02,1,4,20260920,1,road_building,0,1,105,5,5,12,3,0,2,0,0,1,0,10,1,0,2,5,26,18,44,2,4,4,4,10,90,,50,22
95,lineup_02,1,4,20260920,2,port,0,1,105,5,5,11,5,0,1,0,0,0,0,9,3,0,1,9,26,22,48,2,4,4,8,3,67,,3,23
95,lineup_02,1,4,20260920,3,full_ows,0,1,105,4,2,6,2,0,2,2,4,0,0,4,0,0,7,7,26,18,44,4,7,7,0,16,,,24,4
96,lineup_02,1,5,20260921,0,hybrid_ows,0,1,135,4,3,14,1,1,1,1,2,0,0,10,0,1,6,7,34,24,58,3,5,5,4,21,,81,21,17
96,lineup_02,1,5,20260921,1,road_building,0,1,135,6,6,15,4,0,1,0,0,1,0,13,2,0,1,4,34,20,54,5,6,6,4,2,122,,98,34
96,lineup_02,1,5,20260921,2,port,1,1,135,10,8,11,2,3,4,2,0,0,0,9,3,3,5,18,33,38,71,4,4,4,9,7,39,107,15,15
96,lineup_02,1,5,20260921,3,full_ows,0,1,135,7,5,5,1,1,2,2,9,0,1,1,0,1,13,8,33,23,56,4,5,5,4,92,,112,12,12
97,lineup_02,1,6,20260922,0,hybrid_ows,0,1,116,8,8,13,0,3,0,0,2,1,0,9,1,3,4,13,29,30,59,1,4,4,14,9,93,17,69,45
97,lineup_02,1,6,20260922,1,road_building,0,1,116,4,4,15,2,1,0,0,0,0,0,13,1,1,0,18,29,33,62,0,1,1,4,2,62,46,,18
97,lineup_02,1,6,20260922,2,port,0,1,116,4,3,10,3,0,3,1,0,0,0,8,1,0,3,15,29,27,56,2,2,2,0,3,55,,31,3
97,lineup_02,1,6,20260922,3,full_ows,1,1,116,10,6,7,0,2,4,4,9,0,1,3,0,2,16,5,28,26,54,2,4,4,5,36,,76,12,36
98,lineup_02,1,7,20260923,0,hybrid_ows,0,1,83,4,3,7,1,1,1,1,4,0,0,5,0,1,6,5,21,17,38,2,5,5,0,5,,69,13,9
98,lineup_02,1,7,20260923,1,road_building,0,1,83,6,6,9,4,0,1,0,0,1,0,7,2,0,2,7,21,18,39,2,3,3,0,2,26,,22,26
98,lineup_02,1,7,20260923,2,port,1,1,83,10,6,6,0,3,6,4,0,0,0,4,1,3,7,7,20,22,42,2,2,2,0,3,51,71,11,3
98,lineup_02,1,7,20260923,3,full_ows,0,1,83,6,6,9,0,2,1,0,5,0,1,5,0,2,8,7,20,22,42,5,5,5,8,28,,4,12,44
99,lineup_02,1,8,20260924,0,hybrid_ows,1,1,101,10,7,10,1,2,3,3,6,0,1,6,1,2,12,9,25,30,55,5,11,11,8,25,37,21,1,5
99,lineup_02,1,8,20260924,1,road_building,0,1,101,8,8,12,2,2,0,0,0,1,0,10,2,2,1,6,25,21,46,0,0,0,4,2,66,18,26,66
99,lineup_02,1,8,20260924,2,port,0,1,101,3,3,14,3,0,1,0,0,0,0,12,1,0,2,8,25,23,48,2,2,2,0,11,71,,23,11
99,lineup_02,1,8,20260924,3,full_ows,0,1,101,4,2,6,2,0,3,2,5,0,0,2,0,0,9,8,25,19,44,2,5,5,8,28,,,4,24
100,lineup_02,1,9,20260925,0,hybrid_ows,1,1,141,10,8,8,0,3,2,2,9,0,1,4,1,3,13,6,35,27,62,1,4,4,8,21,85,125,1,41
100,lineup_02,1,9,20260925,1,road_building,0,1,141,2,2,13,2,0,2,0,0,0,0,11,0,0,3,10,35,24,59,3,4,4,8,2,,,26,18
100,lineup_02,1,9,20260925,2,port,0,1,141,4,3,12,3,0,2,1,0,0,0,10,1,0,2,15,35,28,63,4,4,4,13,19,123,,47,15
100,lineup_02,1,9,20260925,3,full_ows,0,1,141,9,7,15,1,2,2,2,2,1,0,11,1,2,7,16,35,37,72,8,10,10,12,20,140,36,4,20
101,lineup_02,2,0,20260926,0,road_building,0,1,98,3,3,15,3,0,1,0,0,0,0,13,1,0,1,8,25,23,48,6,7,7,0,1,61,,77,21
101,lineup_02,2,0,20260926,1,port,1,1,98,10,10,15,2,3,0,0,0,1,0,13,3,3,0,21,24,40,64,3,4,4,4,2,14,66,,30
101,lineup_02,2,0,20260926,2,full_ows,0,1,98,6,4,5,0,2,2,2,4,0,0,3,0,2,7,9,24,21,45,0,1,1,13,15,,27,23,15
101,lineup_02,2,0,20260926,3,hybrid_ows,0,1,98,8,6,13,0,2,2,2,4,0,1,9,0,2,8,5,24,24,48,2,5,5,4,8,,76,8,40
102,lineup_02,2,1,20260927,0,road_building,1,1,109,10,9,15,5,1,2,1,0,1,0,13,4,1,2,11,27,31,58,2,7,6,5,5,41,97,21,5
102,lineup_02,2,1,20260927,1,port,0,1,109,5,4,15,4,0,3,1,0,0,0,13,2,0,4,9,27,28,55,4,8,8,0,2,70,,30,50
102,lineup_02,2,1,20260927,2,full_ows,0,1,109,3,2,4,2,0,3,1,3,0,0,2,0,0,6,11,27,19,46,0,0,0,4,27,,,7,7
102,lineup_02,2,1,20260927,3,hybrid_ows,0,1,109,4,4,10,2,0,0,0,5,0,1,6,0,0,8,5,27,19,46,2,7,7,0,4,,,8,20
103,lineup_02,2,2,20260928,0,road_building,0,1,100,7,7,11,3,1,1,0,0,1,0,9,2,1,1,8,25,21,46,4,7,7,0,1,69,93,33,41
103,lineup_02,2,2,20260928,1,port,0,1,100,5,4,11,4,0,3,1,0,0,0,9,2,0,3,5,25,19,44,3,7,7,0,10,62,,26,54
103,lineup_02,2,2,20260928,2,full_ows,0,1,100,7,4,2,0,2,3,3,2,0,0,0,0,2,5,3,25,10,35,0,1,1,0,,,91,15,87
103,lineup_02,2,2,20260928,3,hybrid_ows,1,1,100,10,9,13,1,3,1,1,9,0,1,7,2,3,16,7,24,35,59,3,3,3,11,12,92,56,8,44
104,lineup_02,2,3,20260929,0,road_building,0,1,80,2,2,7,2,0,1,0,0,0,0,5,0,0,1,4,20,10,30,0,0,0,0,5,,,33,17
104,lineup_02,2,3,20260929,1,port,0,1,80,3,2,7,2,0,3,1,0,0,0,5,0,0,3,3,20,11,31,2,2,2,0,2,,,10,34
104,lineup_02,2,3,20260929,2,full_ows,0,1,80,4,4,6,2,0,0,0,5,1,0,2,0,0,6,4,20,12,32,0,0,0,4,3,,,7,3
104,lineup_02,2,3,20260929,3,hybrid_ows,1,1,80,10,6,4,0,2,5,4,6,0,1,2,0,2,15,11,20,30,50,0,0,0,8,8,,16,32,8
105,lineup_02,2,4,20260930,0,road_building,0,1,147,5,4,15,4,0,2,1,0,0,0,13,2,0,2,7,37,24,61,6,8,8,0,1,113,,17,17
105,lineup_02,2,4,20260930,1,port,0,1,147,7,6,15,4,0,7,1,0,1,0,11,2,0,9,7,37,29,66,1,1,1,15,14,74,,6,26
105,lineup_02,2,4,20260930,2,full_ows,1,1,147,10,9,6,1,3,1,1,6,0,1,4,2,3,10,20,36,39,75,7,9,9,22,11,115,15,11,7
105,lineup_02,2,4,20260930,3,hybrid_ows,0,1,147,8,6,15,0,3,3,2,1,0,0,13,1,3,4,7,36,28,64,6,7,7,12,8,140,104,8,8
106,lineup_02,2,5,20260931,0,road_building,0,1,115,3,3,10,3,0,4,0,0,0,0,8,1,0,4,9,29,22,51,2,3,3,4,17,93,,9,9
106,lineup_02,2,5,20260931,1,port,0,1,115,7,7,13,5,0,0,0,0,1,0,11,3,0,0,15,29,29,58,2,2,2,0,6,38,,,10
106,lineup_02,2,5,20260931,2,full_ows,1,1,115,10,5,3,1,1,7,5,4,0,1,1,0,1,13,9,28,24,52,1,4,4,9,95,,115,3,15
106,lineup_02,2,5,20260931,3,hybrid_ows,0,1,115,7,7,9,1,3,0,0,2,0,0,7,2,3,2,17,28,31,59,0,1,1,0,8,36,80,36,16
107,lineup_02,2,6,20260932,0,road_building,0,1,115,4,3,15,3,0,2,1,0,0,0,13,1,0,2,7,29,23,52,1,5,5,4,5,109,,25,13
107,lineup_02,2,6,20260932,1,port,0,1,115,3,3,15,3,0,1,0,0,0,0,13,1,0,1,14,29,29,58,1,1,1,0,2,110,,22,18
107,lineup_02,2,6,20260932,2,full_ows,1,1,115,10,6,8,0,2,4,4,7,0,1,4,0,2,14,3,28,23,51,4,14,14,0,19,,107,3,15
107,lineup_02,2,6,20260932,3,hybrid_ows,0,1,115,8,8,9,0,3,0,0,5,1,0,5,1,3,8,13,28,30,58,6,11,11,5,24,104,4,44,12
108,lineup_02,2,7,20260933,0,road_building,0,1,123,7,7,15,5,1,4,0,0,0,0,13,4,1,4,9,31,31,62,4,6,6,10,5,29,113,5,65
108,lineup_02,2,7,20260933,1,port,0,1,123,9,9,15,3,3,2,0,0,0,0,13,4,3,2,27,31,49,80,5,10,10,20,6,38,90,70,14
108,lineup_02,2,7,20260933,2,full_ows,1,1,123,10,7,7,1,2,3,3,5,0,1,5,1,2,8,13,30,29,59,1,1,1,14,3,123,11,27,27
108,lineup_02,2,7,20260933,3,hybrid_ows,0,1,123,7,5,10,1,1,2,2,3,1,0,4,0,1,11,11,30,27,57,4,8,8,4,4,,88,20,4
109,lineup_02,2,8,20260934,0,road_building,0,1,155,8,7,14,5,0,3,1,0,1,0,12,3,0,3,9,39,27,66,6,10,10,8,9,121,,5,5
109,lineup_02,2,8,20260934,1,port,0,1,155,4,4,15,2,1,4,0,0,0,0,11,1,1,5,7,39,25,64,5,8,8,18,42,110,138,22,34
109,lineup_02,2,8,20260934,2,full_ows,1,1,155,10,9,7,1,3,1,1,4,0,1,3,2,3,10,14,38,32,70,6,8,8,4,63,143,51,11,19
109,lineup_02,2,8,20260934,3,hybrid_ows,0,1,155,7,4,9,0,2,3,3,4,0,0,7,0,2,7,16,38,32,70,2,2,2,33,44,,40,16,20
110,lineup_02,2,9,20260935,0,road_building,0,1,108,6,5,14,5,0,5,1,0,0,0,12,3,0,6,4,27,25,52,2,3,3,9,9,61,,9,17
110,lineup_02,2,9,20260935,1,port,0,1,108,6,6,10,0,3,1,0,0,0,0,6,1,3,3,7,27,20,47,4,5,5,16,38,78,30,2,2
110,lineup_02,2,9,20260935,2,full_ows,0,1,108,6,4,5,0,2,3,2,3,0,0,3,0,2,7,14,27,26,53,4,6,6,4,7,,15,63,7
110,lineup_02,2,9,20260935,3,hybrid_ows,1,1,108,10,8,12,0,2,2,2,6,1,1,8,0,2,9,12,26,31,57,5,10,10,4,8,,56,12,8
111,lineup_02,3,0,20260936,0,port,0,1,143,9,9,15,1,3,3,0,0,1,0,13,2,3,5,11,36,34,70,6,12,12,9,1,57,113,21,45
111,lineup_02,3,0,20260936,1,full_ows,0,1,143,7,3,6,1,1,4,4,5,0,0,4,0,1,11,16,36,32,68,2,6,5,8,50,,142,2,2
111,lineup_02,3,0,20260936,2,hybrid_ows,1,1,143,10,9,9,1,3,1,1,5,0,1,3,2,3,8,15,35,31,66,3,12,10,0,91,99,107,3,31
111,lineup_02,3,0,20260936,3,road_building,0,1,143,5,5,15,5,0,1,0,0,0,0,13,3,0,1,11,35,28,63,1,11,10,8,4,56,,72,12
112,lineup_02,3,1,20260937,0,port,0,1,96,5,5,15,3,0,2,0,0,1,0,13,1,0,2,10,24,26,50,1,1,1,4,1,69,,77,17
112,lineup_02,3,1,20260937,1,full_ows,0,1,96,5,4,5,2,0,1,1,5,0,1,3,0,0,6,6,24,15,39,0,0,0,0,42,,,2,18
112,lineup_02,3,1,20260937,2,hybrid_ows,0,1,96,4,2,4,2,0,4,2,3,0,0,2,0,0,9,8,24,19,43,0,1,1,4,11,,,7,15
112,lineup_02,3,1,20260937,3,road_building,1,1,96,10,8,15,4,2,3,2,0,0,0,13,4,2,4,9,23,32,55,1,1,1,0,4,20,80,12,20
113,lineup_02,3,2,20260938,0,port,0,1,110,4,4,8,4,0,5,0,0,0,0,6,2,0,5,3,28,16,44,3,5,5,13,5,93,,5,29
113,lineup_02,3,2,20260938,1,full_ows,1,1,110,10,8,6,0,3,2,2,4,0,1,2,1,3,11,9,27,26,53,5,5,5,4,102,110,70,6,10
113,lineup_02,3,2,20260938,2,hybrid_ows,0,1,110,8,5,9,1,2,3,3,2,0,0,5,1,2,6,5,27,19,46,6,9,9,0,19,75,91,3,15
113,lineup_02,3,2,20260938,3,road_building,0,1,110,8,8,11,0,3,3,0,0,1,0,9,1,3,3,9,27,25,52,4,6,6,8,12,60,76,4,4
114,lineup_02,3,3,20260939,0,port,0,1,136,4,2,5,2,0,8,2,0,0,0,3,0,0,9,8,34,20,54,3,3,3,12,25,,,9,25
114,lineup_02,3,3,20260939,1,full_ows,0,1,136,5,4,4,0,2,2,1,4,0,0,2,0,2,6,6,34,16,50,1,3,3,4,34,,90,6,34
114,lineup_02,3,3,20260939,2,hybrid_ows,0,1,136,8,7,14,1,2,1,1,5,0,1,12,1,2,9,3,34,27,61,4,6,6,13,7,111,91,15,75
114,lineup_02,3,3,20260939,3,road_building,1,1,136,10,9,11,5,1,1,1,0,1,0,9,4,1,1,11,33,26,59,2,4,4,0,4,88,132,40,12
115,lineup_02,3,4,20260940,0,port,1,1,157,10,8,15,4,1,3,2,0,1,0,11,3,1,5,9,39,29,68,7,11,11,4,5,133,153,17,21
115,lineup_02,3,4,20260940,1,full_ows,0,1,157,9,7,15,1,2,2,2,10,0,1,11,1,2,15,7,39,36,75,2,4,4,7,34,154,86,2,14
115,lineup_02,3,4,20260940,2,hybrid_ows,0,1,157,5,4,8,4,0,1,1,0,0,0,6,2,0,2,9,39,19,58,4,8,8,24,15,143,,15,11
115,lineup_02,3,4,20260940,3,road_building,0,1,157,4,4,15,4,0,3,0,0,0,0,13,2,0,3,14,39,32,71,5,9,9,17,4,124,,20,12
116,lineup_02,3,5,20260941,0,port,0,1,142,7,7,15,1,3,3,0,0,0,0,11,2,3,5,22,36,43,79,2,2,2,10,9,93,33,13,9
116,lineup_02,3,5,20260941,1,full_ows,1,1,142,10,8,6,0,3,2,2,6,0,1,2,1,3,10,10,35,26,61,3,7,7,4,38,138,114,10,38
116,lineup_02,3,5,20260941,2,hybrid_ows,0,1,142,9,6,8,0,3,3,3,5,0,0,6,1,3,9,14,35,33,68,2,10,8,13,27,115,83,15,11
116,lineup_02,3,5,20260941,3,road_building,0,1,142,7,7,15,5,0,0,0,0,1,0,13,3,0,1,11,35,28,63,3,6,5,14,4,108,,40,8
117,lineup_02,3,6,20260942,0,port,1,1,137,10,10,15,4,2,2,0,0,1,0,13,4,2,2,14,34,35,69,2,5,5,4,13,21,121,69,5
117,lineup_02,3,6,20260942,1,full_ows,0,1,137,7,5,8,1,2,2,2,3,0,0,6,1,2,7,7,34,23,57,3,6,5,8,38,134,26,2,26
117,lineup_02,3,6,20260942,2,hybrid_ows,0,1,137,9,6,8,2,1,3,3,9,0,1,2,1,1,15,15,34,34,68,8,11,11,4,19,115,119,3,3
117,lineup_02,3,6,20260942,3,road_building,0,1,137,9,9,15,3,3,0,0,0,0,0,13,4,3,1,25,34,46,80,2,4,4,17,4,28,104,68,4
118,lineup_02,3,7,20260943,0,port,1,1,121,10,9,15,3,2,4,1,0,1,0,13,3,2,4,13,30,35,65,3,9,8,4,1,53,113,5,5
118,lineup_02,3,7,20260943,1,full_ows,0,1,121,8,5,7,1,1,4,3,5,0,1,3,0,1,12,13,30,29,59,3,6,6,0,10,,66,10,18
118,lineup_02,3,7,20260943,2,hybrid_ows,0,1,121,6,5,13,1,2,3,1,1,0,0,11,1,2,5,13,30,32,62,2,5,5,5,23,99,19,43,11
118,lineup_02,3,7,20260943,3,road_building,0,1,121,4,4,15,4,0,0,0,0,0,0,13,2,0,0,12,30,27,57,4,7,7,4,4,16,,,4
119,lineup_02,3,8,20260944,0,port,0,1,90,3,3,11,3,0,4,0,0,0,0,9,1,0,5,10,23,25,48,2,5,5,0,1,45,,21,5
119,lineup_02,3,8,20260944,1,full_ows,1,1,90,10,6,4,0,2,5,4,4,0,1,2,0,2,10,7,22,21,43,2,2,2,0,6,,38,2,6
119,lineup_02,3,8,20260944,2,hybrid_ows,0,1,90,8,7,11,1,2,1,1,2,1,0,9,1,2,4,5,22,21,43,4,8,6,0,19,87,11,35,35
119,lineup_02,3,8,20260944,3,road_building,0,1,90,4,4,7,2,1,2,0,0,0,0,3,1,1,4,5,22,14,36,0,1,1,8,4,76,52,20,32
120,lineup_02,3,9,20260945,0,port,0,1,171,8,8,15,0,4,1,0,0,0,0,11,2,4,3,20,43,40,83,2,7,6,30,13,89,81,33,13
120,lineup_02,3,9,20260945,1,full_ows,0,1,171,7,6,8,0,2,1,1,7,0,1,6,0,2,10,25,43,43,86,5,12,11,5,66,,90,6,6
120,lineup_02,3,9,20260945,2,hybrid_ows,1,1,171,10,6,10,0,3,4,4,4,0,0,6,1,3,10,16,42,36,78,3,10,10,22,67,167,91,3,47
120,lineup_02,3,9,20260945,3,road_building,0,1,171,7,7,14,3,1,2,0,0,1,0,12,2,1,2,17,42,34,76,3,6,6,12,4,28,144,16,12
121,lineup_03,0,0,20260946,0,full_ows,1,1,137,10,7,5,1,2,3,3,4,0,1,3,1,2,8,9,34,23,57,7,11,11,5,13,137,109,13,33
121,lineup_03,0,0,20260946,1,hybrid_ows,0,1,137,7,5,8,1,2,2,2,3,0,0,4,1,2,8,9,34,24,58,0,4,4,21,10,130,82,2,10
121,lineup_03,0,0,20260946,2,roads_and_cities,0,1,137,3,3,14,1,1,3,0,0,0,0,12,0,1,3,5,34,21,55,3,3,3,5,27,,111,7,55
121,lineup_03,0,0,20260946,3,five_resource,0,1,137,5,5,13,3,0,4,0,0,1,0,9,1,0,6,9,34,25,59,1,7,7,8,8,136,,4,4
122,lineup_03,0,1,20260947,0,full_ows,0,1,95,9,6,5,0,3,3,3,5,0,0,3,1,3,9,16,24,32,56,4,6,6,8,17,77,5,1,13
122,lineup_03,0,1,20260947,1,hybrid_ows,0,1,95,7,6,14,0,2,1,1,7,0,1,10,0,2,12,6,24,30,54,5,5,5,8,2,,26,6,14
122,lineup_03,0,1,20260947,2,roads_and_cities,1,1,95,10,9,15,1,3,1,1,0,1,0,13,2,3,1,11,23,30,53,1,3,3,19,15,51,7,87,11
122,lineup_03,0,1,20260947,3,five_resource,0,1,95,4,4,9,4,0,2,0,0,0,0,5,2,0,3,9,23,19,42,2,4,4,8,4,68,,40,4
123,lineup_03,0,2,20260948,0,full_ows,1,1,81,10,8,11,0,2,2,2,3,1,1,5,0,2,8,10,20,25,45,2,5,4,5,17,,5,9,5
123,lineup_03,0,2,20260948,1,hybrid_ows,0,1,81,3,2,4,2,0,1,1,3,0,0,2,0,0,5,6,20,13,33,0,1,1,4,58,,,22,6
123,lineup_03,0,2,20260948,2,roads_and_cities,0,1,81,4,4,11,2,1,3,0,0,0,0,9,1,1,4,1,20,16,36,5,5,5,0,3,79,55,3,23
123,lineup_03,0,2,20260948,3,five_resource,0,1,81,4,3,5,1,1,5,1,0,0,0,3,0,1,5,5,20,14,34,2,2,2,4,4,,16,36,16
124,lineup_03,0,3,20260949,0,full_ows,0,1,120,4,2,8,2,0,2,2,4,0,0,4,0,0,10,7,30,21,51,0,3,3,16,13,,,5,13
124,lineup_03,0,3,20260949,1,hybrid_ows,0,1,120,9,7,4,1,2,3,2,8,0,1,2,1,2,12,12,30,29,59,1,6,6,12,42,118,22,6,6
124,lineup_03,0,3,20260949,2,roads_and_cities,0,1,120,6,6,8,0,3,0,0,0,0,0,6,1,3,0,9,30,19,49,2,2,2,5,43,111,11,,35
124,lineup_03,0,3,20260949,3,five_resource,1,1,120,10,9,15,5,1,3,1,0,1,0,13,4,1,3,8,29,29,58,1,3,3,6,4,24,116,44,52
125,lineup_03,0,4,20260950,0,full_ows,0,1,98,7,5,6,3,0,2,2,4,0,1,2,1,0,8,7,25,18,43,4,6,6,0,5,97,,13,37
125,lineup_03,0,4,20260950,1,hybrid_ows,1,1,98,10,7,10,5,0,3,3,3,1,0,8,3,0,7,4,24,22,46,3,5,5,12,6,74,,2,6
125,lineup_03,0,4,20260950,2,roads_and_cities,0,1,98,4,4,11,0,2,2,0,0,0,0,7,0,2,4,12,24,25,49,1,1,1,16,31,,19,35,11
125,lineup_03,0,4,20260950,3,five_resource,0,1,98,3,3,8,1,1,5,0,0,0,0,6,0,1,6,5,24,18,42,1,1,1,13,24,,20,4,4
126,lineup_03,0,5,20260951,0,full_ows,1,1,105,10,9,12,1,2,1,1,5,1,1,8,1,2,8,16,26,35,61,6,8,8,0,13,105,81,5,1
126,lineup_03,0,5,20260951,1,hybrid_ows,0,1,105,8,5,6,1,2,3,3,5,0,0,2,1,2,11,14,26,30,56,0,0,0,5,62,102,6,18,10
126,lineup_03,0,5,20260951,2,roads_and_cities,0,1,105,4,4,12,0,2,1,0,0,0,0,10,0,2,2,14,26,28,54,1,1,1,16,3,,19,63,31
126,lineup_03,0,5,20260951,3,five_resource,0,1,105,3,2,12,2,0,4,1,0,0,0,10,0,0,4,4,26,18,44,3,8,8,8,24,,,20,20
127,lineup_03,0,6,20260952,0,full_ows,1,1,101,10,7,6,1,2,3,3,6,0,1,4,1,2,11,9,25,27,52,4,6,6,5,13,101,9,5,17
127,lineup_03,0,6,20260952,1,hybrid_ows,0,1,101,6,4,8,0,2,2,2,5,0,0,4,0,2,9,13,25,28,53,1,1,1,0,38,,26,10,6
127,lineup_03,0,6,20260952,2,roads_and_cities,0,1,101,4,4,15,2,0,1,0,0,1,0,13,0,0,1,2,25,16,41,1,2,2,0,3,,,39,35
127,lineup_03,0,6,20260952,3,five_resource,0,1,101,7,7,10,3,2,2,0,0,0,0,6,3,2,4,12,25,27,52,5,6,6,4,4,48,44,4,20
128,lineup_03,0,7,20260953,0,full_ows,0,1,94,4,3,7,1,1,1,1,3,0,0,3,0,1,6,6,24,16,40,3,3,3,0,9,,65,1,21
128,lineup_03,0,7,20260953,1,hybrid_ows,1,1,94,10,8,7,0,3,2,2,4,0,1,5,1,3,8,8,23,25,48,0,3,3,0,2,62,78,6,22
128,lineup_03,0,7,20260953,2,roads_and_cities,0,1,94,7,7,9,1,2,0,0,0,1,0,7,1,2,0,13,23,23,46,0,2,1,0,15,91,43,,11
128,lineup_03,0,7,20260953,3,five_resource,0,1,94,5,4,11,4,0,2,1,0,0,0,9,2,0,2,6,23,19,42,2,4,4,0,8,64,,8,56
129,lineup_03,0,8,20260954,0,full_ows,0,1,86,6,4,7,2,1,2,2,3,0,0,5,1,1,7,9,22,23,45,5,8,8,0,13,65,73,17,25
129,lineup_03,0,8,20260954,1,hybrid_ows,1,1,86,10,9,9,1,2,1,1,8,1,1,3,1,2,11,5,21,22,43,5,11,11,6,6,70,62,6,70
129,lineup_03,0,8,20260954,2,roads_and_cities,0,1,86,3,3,10,1,1,1,0,0,0,0,8,0,1,1,15,21,25,46,4,5,5,0,15,,11,35,11
129,lineup_03,0,8,20260954,3,five_resource,0,1,86,4,2,8,2,0,4,2,0,0,0,6,0,0,6,5,21,17,38,5,7,7,4,4,,,4,8
130,lineup_03,0,9,20260955,0,full_ows,0,1,119,9,6,9,2,1,3,3,5,0,1,5,1,1,10,7,30,24,54,4,8,8,0,73,113,61,5,5
130,lineup_03,0,9,20260955,1,hybrid_ows,0,1,119,5,4,5,0,2,1,1,5,0,0,1,0,2,9,10,30,22,52,5,7,7,8,30,,82,2,6
130,lineup_03,0,9,20260955,2,roads_and_cities,1,1,119,10,9,13,1,3,2,1,0,1,0,11,2,3,3,16,29,35,64,3,5,5,8,3,31,71,19,15
130,lineup_03,0,9,20260955,3,five_resource,0,1,119,3,3,4,1,1,3,0,0,0,0,2,0,1,3,7,29,13,42,1,1,1,4,56,,92,40,12
131,lineup_03,1,0,20260956,0,hybrid_ows,1,1,109,10,8,11,0,3,2,2,7,0,1,7,1,3,11,9,27,31,58,6,7,7,4,17,105,17,13,33
131,lineup_03,1,0,20260956,1,roads_and_cities,0,1,109,8,8,9,2,2,1,0,0,1,0,7,2,2,3,8,27,22,49,0,0,0,4,18,34,54,2,6
131,lineup_03,1,0,20260956,2,five_resource,0,1,109,4,3,12,3,0,2,1,0,0,0,10,1,0,2,4,27,17,44,3,3,3,12,15,87,,3,19
131,lineup_03,1,0,20260956,3,full_ows,0,1,109,4,2,8,2,0,2,2,5,0,0,4,0,0,9,10,27,23,50,2,3,3,0,40,,,4,16
132,lineup_03,1,1,20260957,0,hybrid_ows,0,1,80,4,4,4,2,0,0,0,5,0,1,2,0,0,6,8,20,16,36,3,5,5,4,29,,,13,13
132,lineup_03,1,1,20260957,1,roads_and_cities,0,1,80,5,2,8,2,0,6,3,0,0,0,6,0,0,6,2,20,14,34,1,2,2,0,6,,,10,54
132,lineup_03,1,1,20260957,2,five_resource,0,1,80,2,2,5,2,0,4,0,0,0,0,3,0,0,4,5,20,12,32,1,2,2,4,27,,,43,27
132,lineup_03,1,1,20260957,3,full_ows,1,1,80,10,8,9,2,2,2,2,3,1,0,5,2,2,9,9,19,27,46,5,5,5,0,4,20,48,8,32
133,lineup_03,1,2,20260958,0,hybrid_ows,0,1,86,7,6,8,2,1,1,1,6,0,1,4,1,1,10,5,22,21,43,3,5,5,0,17,81,49,1,25
133,lineup_03,1,2,20260958,1,roads_and_cities,1,1,86,10,9,12,1,3,2,1,0,1,0,10,2,3,2,5,21,22,43,3,3,3,4,2,70,18,62,34
133,lineup_03,1,2,20260958,2,five_resource,0,1,86,4,4,7,4,0,4,0,0,0,0,5,2,0,5,5,21,17,38,4,4,4,4,19,71,,7,7
133,lineup_03,1,2,20260958,3,full_ows,0,1,86,5,2,6,2,0,3,3,3,0,0,2,0,0,8,6,21,16,37,4,7,7,5,36,,,8,8
134,lineup_03,1,3,20260959,0,hybrid_ows,0,1,122,7,7,13,1,3,0,0,3,0,0,11,2,3,5,14,31,35,66,4,4,4,19,9,101,9,29,5
134,lineup_03,1,3,20260959,1,roads_and_cities,1,1,122,11,11,15,1,4,1,0,0,1,0,13,3,4,1,20,30,41,71,2,3,3,18,18,38,18,74,10
134,lineup_03,1,3,20260959,2,five_resource,0,1,122,4,2,7,2,0,7,2,0,0,0,3,0,0,9,2,30,14,44,3,3,3,18,7,,,3,75
134,lineup_03,1,3,20260959,3,full_ows,0,1,122,9,6,7,0,2,3,3,5,0,1,3,0,2,10,9,30,24,54,1,5,5,8,68,,40,8,24
135,lineup_03,1,4,20260960,0,hybrid_ows,1,1,77,10,6,8,0,3,4,4,4,0,0,6,1,3,10,8,19,28,47,3,5,5,5,9,49,5,9,13
135,lineup_03,1,4,20260960,1,roads_and_cities,0,1,77,8,8,12,0,3,1,0,0,1,0,10,1,3,1,5,19,20,39,4,4,4,0,2,58,10,38,46
135,lineup_03,1,4,20260960,2,five_resource,0,1,77,4,4,13,4,0,1,0,0,0,0,9,2,0,3,6,19,20,39,3,5,5,8,7,27,,3,31
135,lineup_03,1,4,20260960,3,full_ows,0,1,77,6,5,3,1,1,4,1,6,0,1,1,0,1,10,5,19,17,36,2,6,6,4,28,,48,8,20
136,lineup_03,1,5,20260961,0,hybrid_ows,1,1,113,10,8,13,0,3,2,2,4,1,0,11,1,3,8,9,28,32,60,2,4,4,7,1,41,21,13,49
136,lineup_03,1,5,20260961,1,roads_and_cities,0,1,113,5,4,9,4,0,3,1,0,0,0,7,2,0,4,12,28,25,53,3,5,5,0,2,90,,54,2
136,lineup_03,1,5,20260961,2,five_resource,0,1,113,7,6,14,4,1,4,1,0,0,0,12,3,1,4,12,28,32,60,11,11,11,0,7,67,111,31,7
136,lineup_03,1,5,20260961,3,full_ows,0,1,113,9,8,12,0,3,1,1,6,0,1,8,1,3,9,6,28,27,55,4,5,5,0,8,84,100,4,28
137,lineup_03,1,6,20260962,0,hybrid_ows,0,1,126,8,5,14,1,2,3,3,2,0,0,12,1,2,6,2,32,23,55,0,1,1,19,5,121,69,1,93
137,lineup_03,1,6,20260962,1,roads_and_cities,1,1,126,10,9,12,1,4,4,1,0,0,0,8,3,4,6,13,31,34,65,3,6,6,16,18,46,34,6,6
137,lineup_03,1,6,20260962,2,five_resource,0,1,126,7,7,15,5,0,3,0,0,1,0,11,3,0,4,11,31,29,60,3,5,5,8,7,95,,19,15
137,lineup_03,1,6,20260962,3,full_ows,0,1,126,7,6,4,0,2,1,1,6,0,1,2,0,2,9,27,31,40,71,7,9,9,4,16,,24,28,8
138,lineup_03,1,7,20260963,0,hybrid_ows,1,1,145,10,8,10,0,4,2,2,4,0,0,6,2,4,7,13,36,32,68,7,9,9,0,33,129,29,17,9
138,lineup_03,1,7,20260963,1,roads_and_cities,0,1,145,7,6,11,0,3,1,1,0,0,0,9,1,3,2,11,36,26,62,1,2,2,15,18,118,66,10,30
138,lineup_03,1,7,20260963,2,five_resource,0,1,145,9,7,14,5,0,4,2,0,1,0,12,3,0,4,12,36,31,67,6,7,7,9,11,99,,11,7
138,lineup_03,1,7,20260963,3,full_ows,0,1,145,6,6,3,0,2,1,0,8,0,1,1,0,2,12,10,36,25,61,5,6,6,22,140,,88,16,4
139,lineup_03,1,8,20260964,0,hybrid_ows,1,1,141,10,8,11,0,4,2,2,4,0,0,7,2,4,9,16,35,38,73,1,2,2,17,37,93,29,45,17
139,lineup_03,1,8,20260964,1,roads_and_cities,0,1,141,7,6,15,4,0,2,1,0,1,0,13,2,0,2,8,35,25,60,3,4,4,8,2,90,,30,30
139,lineup_03,1,8,20260964,2,five_resource,0,1,141,4,4,14,2,1,1,0,0,0,0,12,1,1,1,9,35,24,59,3,4,4,21,15,127,67,71,35
139,lineup_03,1,8,20260964,3,full_ows,0,1,141,9,7,7,1,2,2,2,8,0,1,3,1,2,13,13,35,32,67,7,7,7,0,88,124,64,4,28
140,lineup_03,1,9,20260965,0,hybrid_ows,0,1,91,9,8,8,0,3,1,1,4,0,1,4,1,3,8,7,23,23,46,1,5,5,15,5,69,41,5,25
140,lineup_03,1,9,20260965,1,roads_and_cities,0,1,91,2,2,14,2,0,4,0,0,0,0,12,0,0,5,3,23,20,43,4,4,4,4,6,,,14,6
140,lineup_03,1,9,20260965,2,five_resource,1,1,91,10,9,15,1,3,3,1,0,1,0,13,2,3,3,7,22,28,50,1,1,1,0,15,55,43,7,47
140,lineup_03,1,9,20260965,3,full_ows,0,1,91,8,5,8,1,2,3,3,4,0,0,4,1,2,9,8,22,24,46,2,5,5,0,36,72,44,4,36
141,lineup_03,2,0,20260966,0,roads_and_cities,1,1,129,10,10,12,0,4,3,0,0,1,0,10,2,4,5,13,32,34,66,9,10,10,0,9,33,85,5,1
141,lineup_03,2,0,20260966,1,five_resource,0,1,129,8,8,15,4,2,2,0,0,0,0,11,4,2,3,10,32,30,62,6,7,7,9,26,66,78,18,2
141,lineup_03,2,0,20260966,2,full_ows,0,1,129,6,5,8,1,1,1,1,7,0,1,6,0,1,9,24,32,40,72,4,4,4,0,23,,47,3,7
141,lineup_03,2,0,20260966,3,hybrid_ows,0,1,129,9,5,6,1,2,4,4,2,0,0,2,1,2,8,12,32,25,57,1,4,4,9,52,128,20,28,28
142,lineup_03,2,1,20260967,0,roads_and_cities,0,1,130,8,8,15,4,1,1,0,0,1,0,13,3,1,1,18,33,36,69,8,10,10,0,1,37,121,45,1
142,lineup_03,2,1,20260967,1,five_resource,1,1,130,10,8,8,0,4,4,2,0,0,0,6,2,4,4,8,32,24,56,2,4,4,9,14,58,54,10,22
142,lineup_03,2,1,20260967,2,full_ows,0,1,130,6,4,3,0,2,4,2,5,0,0,1,0,2,12,6,32,21,53,3,3,3,14,79,,99,7,3
142,lineup_03,2,1,20260967,3,hybrid_ows,0,1,130,9,8,9,0,3,1,1,6,0,1,7,1,3,8,8,32,27,59,3,3,3,8,24,72,72,8,8
143,lineup_03,2,2,20260968,0,roads_and_cities,0,1,83,6,5,7,1,2,6,1,0,0,0,5,1,2,6,1,21,15,36,3,3,3,5,9,73,37,5,57
143,lineup_03,2,2,20260968,1,five_resource,0,1,83,5,3,10,3,0,4,2,0,0,0,8,1,0,4,0,21,13,34,4,5,5,4,2,46,,14,
143,lineup_03,2,2,20260968,2,full_ows,1,1,83,10,9,10,1,2,1,1,4,1,1,4,1,2,10,10,20,27,47,2,4,4,0,23,83,7,3,11
143,lineup_03,2,2,20260968,3,hybrid_ows,0,1,83,4,3,5,3,0,1,1,3,0,0,3,1,0,5,5,20,14,34,5,9,9,0,12,80,,24,16
144,lineup_03,2,3,20260969,0,roads_and_cities,0,1,131,7,7,15,3,1,0,0,0,1,0,13,2,1,0,6,33,22,55,3,11,11,8,1,81,101,,57
144,lineup_03,2,3,20260969,1,five_resource,0,1,131,8,8,15,0,4,3,0,0,0,0,13,2,4,4,10,33,33,66,3,8,8,14,2,62,94,6,58
144,lineup_03,2,3,20260969,2,full_ows,1,1,131,10,7,8,1,2,3,3,8,0,1,4,1,2,14,13,32,34,66,5,8,8,28,19,131,15,11,3
144,lineup_03,2,3,20260969,3,hybrid_ows,0,1,131,7,5,11,3,1,2,2,3,0,0,7,2,1,7,19,32,36,68,2,10,10,4,16,92,76,24,16
145,lineup_03,2,4,20260970,0,roads_and_cities,0,1,111,4,4,11,4,0,3,0,0,0,0,9,2,0,4,7,28,22,50,4,5,5,0,25,41,,9,9
145,lineup_03,2,4,20260970,1,five_resource,0,1,111,6,4,12,2,0,3,2,0,1,0,10,0,0,3,7,28,20,48,2,3,3,0,6,,,2,18
145,lineup_03,2,4,20260970,2,full_ows,1,1,111,10,9,6,1,3,1,1,7,0,1,2,2,3,11,8,27,26,53,4,4,4,4,7,87,47,39,31
145,lineup_03,2,4,20260970,3,hybrid_ows,0,1,111,4,2,5,2,0,2,2,3,0,0,1,0,0,7,6,27,14,41,1,2,2,0,100,,,4,36
146,lineup_03,2,5,20260971,0,roads_and_cities,0,1,102,6,6,12,2,2,1,0,0,0,0,8,2,2,2,11,26,25,51,4,6,6,4,13,81,33,5,5
146,lineup_03,2,5,20260971,1,five_resource,1,1,102,10,10,15,2,3,2,0,0,1,0,13,3,3,3,10,25,32,57,3,5,5,4,2,34,98,10,10
146,lineup_03,2,5,20260971,2,full_ows,0,1,102,9,7,3,1,2,3,2,7,0,1,1,1,2,12,9,25,25,50,0,2,2,4,63,83,27,7,39
146,lineup_03,2,5,20260971,3,hybrid_ows,0,1,102,4,3,9,3,0,1,1,4,0,0,7,1,0,6,8,25,22,47,3,5,5,0,4,28,,52,4
147,lineup_03,2,6,20260972,0,roads_and_cities,1,1,101,10,8,14,4,1,5,2,0,1,0,12,3,1,5,1,25,22,47,5,7,7,8,1,25,101,37,37
147,lineup_03,2,6,20260972,1,five_resource,0,1,101,4,2,11,2,0,9,2,0,0,0,9,0,0,11,3,25,23,48,2,2,2,0,6,,,6,58
147,lineup_03,2,6,20260972,2,full_ows,0,1,101,5,4,6,0,2,1,1,1,0,0,2,0,2,4,13,25,21,46,0,1,1,0,35,,15,7,15
147,lineup_03,2,6,20260972,3,hybrid_ows,0,1,101,4,4,10,2,0,0,0,4,0,1,8,0,0,5,9,25,22,47,5,8,8,0,4,,,12,4
148,lineup_03,2,7,20260973,0,roads_and_cities,0,1,106,6,5,15,5,0,1,1,0,0,0,13,3,0,2,6,27,24,51,7,10,10,0,1,97,,41,9
148,lineup_03,2,7,20260973,1,five_resource,1,1,106,10,9,14,3,2,4,1,0,1,0,10,3,2,5,6,26,26,52,2,3,3,8,14,50,18,26,6
148,lineup_03,2,7,20260973,2,full_ows,0,1,106,4,4,9,0,2,0,0,5,0,0,5,0,2,7,9,26,23,49,5,6,6,0,15,,87,7,15
148,lineup_03,2,7,20260973,3,hybrid_ows,0,1,106,9,6,7,0,2,3,3,6,0,1,5,0,2,11,8,26,26,52,3,6,6,4,52,,52,8,24
149,lineup_03,2,8,20260974,0,roads_and_cities,1,1,109,10,8,15,2,2,3,2,0,1,0,13,2,2,4,6,27,27,54,7,9,9,4,1,41,89,17,29
149,lineup_03,2,8,20260974,1,five_resource,0,1,109,7,6,11,0,3,5,1,0,0,0,9,1,3,5,12,27,30,57,5,6,6,0,10,50,46,10,6
149,lineup_03,2,8,20260974,2,full_ows,0,1,109,3,2,4,2,0,1,1,4,0,0,2,0,0,6,8,27,16,43,2,2,2,4,23,,,15,15
149,lineup_03,2,8,20260974,3,hybrid_ows,0,1,109,6,5,15,3,0,1,1,5,0,1,9,1,0,10,8,27,28,55,6,9,9,0,16,28,,4,28
150,lineup_03,2,9,20260975,0,roads_and_cities,0,1,95,5,4,13,4,0,3,1,0,0,0,11,2,0,3,10,24,26,50,6,7,7,0,1,37,,81,13
150,lineup_03,2,9,20260975,1,five_resource,0,1,95,5,4,10,4,0,3,1,0,0,0,8,2,0,3,8,24,21,45,3,3,3,4,6,62,,22,10
150,lineup_03,2,9,20260975,2,full_ows,1,1,95,10,7,6,1,2,5,3,7,0,1,4,1,2,14,8,23,29,52,3,4,4,0,23,91,43,3,19
150,lineup_03,2,9,20260975,3,hybrid_ows,0,1,95,5,5,9,1,1,0,0,1,1,0,5,0,1,3,5,23,14,37,3,3,3,4,20,,84,40,20
151,lineup_03,3,0,20260976,0,five_resource,0,1,147,9,8,15,4,2,3,1,0,0,0,11,4,2,5,24,37,46,83,8,11,10,8,1,49,33,5,17
151,lineup_03,3,0,20260976,1,full_ows,0,1,147,8,5,11,1,2,3,3,2,0,0,7,1,2,7,13,37,30,67,10,15,15,4,34,106,130,18,18
151,lineup_03,3,0,20260976,2,hybrid_ows,1,1,147,10,9,6,1,3,1,1,8,0,1,4,2,3,11,19,36,39,75,8,9,9,0,19,111,123,15,11
151,lineup_03,3,0,20260976,3,roads_and_cities,0,1,147,8,8,15,2,2,2,0,0,1,0,13,2,2,2,12,36,31,67,6,8,8,13,4,104,68,8,4
152,lineup_03,3,1,20260977,0,five_resource,0,1,107,4,4,12,4,0,1,0,0,0,0,8,2,0,2,8,27,20,47,2,4,4,4,9,29,,9,37
152,lineup_03,3,1,20260977,1,full_ows,0,1,107,8,6,7,0,3,2,2,5,0,0,3,1,3,8,6,27,21,48,2,3,3,9,6,94,14,10,46
152,lineup_03,3,1,20260977,2,hybrid_ows,1,1,107,10,8,5,0,3,2,2,5,0,1,3,1,3,8,19,26,34,60,3,3,3,0,7,103,51,15,3
152,lineup_03,3,1,20260977,3,roads_and_cities,0,1,107,8,7,12,1,2,4,1,0,1,0,10,1,2,7,4,26,24,50,1,2,2,0,4,92,72,32,84
153,lineup_03,3,2,20260978,0,five_resource,0,1,135,7,6,15,4,1,5,1,0,0,0,9,3,1,7,10,34,30,64,1,2,2,9,17,85,133,13,13
153,lineup_03,3,2,20260978,1,full_ows,0,1,135,7,4,8,0,2,3,3,4,0,0,6,0,2,8,11,34,27,61,5,6,6,12,14,,34,6,42
153,lineup_03,3,2,20260978,2,hybrid_ows,1,1,135,10,9,9,1,3,1,1,5,0,1,7,2,3,9,12,33,33,66,3,8,8,0,35,67,75,3,15
153,lineup_03,3,2,20260978,3,roads_and_cities,0,1,135,9,9,15,5,1,1,0,0,1,0,13,4,1,1,15,33,34,67,5,14,14,12,8,36,128,16,16
154,lineup_03,3,3,20260979,0,five_resource,0,1,120,3,3,15,3,0,3,0,0,0,0,13,1,0,3,2,30,19,49,3,5,5,8,1,97,,33,25
154,lineup_03,3,3,20260979,1,full_ows,0,1,120,7,5,9,1,1,2,2,6,0,1,3,0,1,13,7,30,24,54,2,3,3,4,90,,118,14,10
154,lineup_03,3,3,20260979,2,hybrid_ows,0,1,120,4,2,15,2,0,2,2,4,0,0,13,0,0,7,3,30,23,53,1,2,2,5,3,,,7,87
154,lineup_03,3,3,20260979,3,roads_and_cities,1,1,120,10,9,15,1,3,2,1,0,1,0,13,2,3,2,14,29,34,63,4,7,7,0,4,96,8,100,20
155,lineup_03,3,4,20260980,0,five_resource,1,1,117,10,10,15,0,4,1,0,0,1,0,11,2,4,2,16,29,35,64,3,4,4,10,1,33,37,29,13
155,lineup_03,3,4,20260980,1,full_ows,0,1,117,8,5,8,3,0,3,3,7,0,1,4,1,0,12,2,29,19,48,6,6,6,8,46,114,,18,46
155,lineup_03,3,4,20260980,2,hybrid_ows,0,1,117,7,5,8,3,1,2,2,6,0,0,6,2,1,10,9,29,28,57,6,10,10,6,27,59,83,3,15
155,lineup_03,3,4,20260980,3,roads_and_cities,0,1,117,4,4,15,0,2,0,0,0,0,0,13,0,2,1,7,29,23,52,6,7,7,0,36,,4,20,44
156,lineup_03,3,5,20260981,0,five_resource,0,1,116,7,5,10,3,1,4,2,0,0,0,8,2,1,5,5,29,21,50,0,0,0,17,1,69,73,13,37
156,lineup_03,3,5,20260981,1,full_ows,0,1,116,7,6,7,0,2,1,1,7,0,1,5,0,2,9,15,29,31,60,3,5,5,16,18,,14,2,18
156,lineup_03,3,5,20260981,2,hybrid_ows,0,1,116,8,6,13,0,2,4,2,1,1,0,11,0,2,5,4,29,22,51,5,7,7,9,3,,55,35,55
156,lineup_03,3,5,20260981,3,roads_and_cities,1,1,116,10,10,15,2,4,0,0,0,0,0,13,4,4,0,11,28,32,60,5,6,6,9,12,64,8,,24
157,lineup_03,3,6,20260982,0,five_resource,1,1,113,10,8,15,2,2,4,2,0,1,0,13,2,2,4,8,28,29,57,2,6,6,0,13,49,101,13,5
157,lineup_03,3,6,20260982,1,full_ows,0,1,113,7,5,4,1,1,2,2,4,0,1,2,0,1,9,5,28,17,45,4,6,6,0,38,,110,2,14
157,lineup_03,3,6,20260982,2,hybrid_ows,0,1,113,3,2,11,2,0,1,1,4,0,0,7,0,0,6,4,28,17,45,2,3,3,12,19,,,15,31
157,lineup_03,3,6,20260982,3,roads_and_cities,0,1,113,9,9,13,3,3,3,0,0,0,0,9,4,3,5,12,28,33,61,9,12,12,0,4,12,52,20,36
158,lineup_03,3,7,20260983,0,five_resource,1,1,125,10,8,15,2,2,4,2,0,1,0,13,2,2,5,7,31,29,60,4,8,8,9,1,125,29,25,9
158,lineup_03,3,7,20260983,1,full_ows,0,1,125,4,2,5,2,0,2,2,4,0,0,3,0,0,8,16,31,27,58,6,7,7,4,42,,,10,6
158,lineup_03,3,7,20260983,2,hybrid_ows,0,1,125,9,8,13,2,2,1,1,7,0,1,9,2,2,10,5,31,28,59,3,6,5,0,3,123,107,7,23
158,lineup_03,3,7,20260983,3,roads_and_cities,0,1,125,5,5,15,3,1,1,0,0,0,0,11,2,1,2,9,31,25,56,8,11,11,4,8,16,116,4,32
159,lineup_03,3,8,20260984,0,five_resource,0,1,111,3,3,7,3,0,6,0,0,0,0,3,1,0,7,7,28,18,46,1,2,2,8,13,85,,13,13
159,lineup_03,3,8,20260984,1,full_ows,0,1,111,5,3,3,1,1,2,2,3,0,0,1,0,1,7,10,28,19,47,1,4,4,0,94,,98,10,10
159,lineup_03,3,8,20260984,2,hybrid_ows,1,1,111,10,8,12,2,1,2,2,4,1,1,8,1,1,9,9,27,28,55,6,10,10,8,11,39,107,7,7
159,lineup_03,3,8,20260984,3,roads_and_cities,0,1,111,3,2,9,2,0,2,1,0,0,0,7,0,0,2,8,27,17,44,3,3,3,8,4,,,12,4
160,lineup_03,3,9,20260985,0,five_resource,0,1,147,8,5,6,3,1,6,3,0,0,0,4,2,1,6,6,37,19,56,3,3,3,4,17,117,109,25,9
160,lineup_03,3,9,20260985,1,full_ows,0,1,147,9,7,8,1,2,2,2,6,0,1,4,1,2,11,11,37,29,66,6,8,8,21,98,126,82,14,14
160,lineup_03,3,9,20260985,2,hybrid_ows,1,1,147,10,10,12,0,4,1,0,3,1,0,10,2,4,6,13,36,35,71,6,11,11,30,27,107,11,3,39
160,lineup_03,3,9,20260985,3,roads_and_cities,0,1,147,6,6,7,0,3,2,0,0,0,0,5,1,3,2,17,36,28,64,3,4,4,16,16,112,72,32,16
161,lineup_04,0,0,20260986,0,full_ows,0,1,126,7,4,5,0,2,3,3,4,0,0,3,0,2,9,17,32,31,63,4,7,7,4,49,,85,17,17
161,lineup_04,0,0,20260986,1,hybrid_ows,1,1,126,10,8,6,0,3,2,2,5,0,1,2,1,3,9,9,31,24,55,1,5,5,4,14,90,38,2,10
161,lineup_04,0,0,20260986,2,roads_and_cities,0,1,126,4,4,15,4,0,4,0,0,0,0,11,2,0,6,11,31,30,61,2,9,9,16,7,51,,15,11
161,lineup_04,0,0,20260986,3,port,0,1,126,7,7,15,5,0,1,0,0,1,0,13,3,0,1,8,31,25,56,3,4,4,4,8,72,,36,8
162,lineup_04,0,1,20260987,0,full_ows,1,1,101,10,8,14,0,2,2,2,4,1,1,10,0,2,8,3,26,23,49,2,3,3,19,5,,29,25,9
162,lineup_04,0,1,20260987,1,hybrid_ows,0,1,101,3,3,9,1,1,1,0,3,0,0,7,0,1,5,6,25,19,44,2,2,2,9,26,,34,6,50
162,lineup_04,0,1,20260987,2,roads_and_cities,0,1,101,4,4,15,0,2,0,0,0,0,0,13,0,2,0,8,25,23,48,6,7,7,0,3,,87,,27
162,lineup_04,0,1,20260987,3,port,0,1,101,2,2,7,2,0,3,0,0,0,0,5,0,0,4,11,25,20,45,0,0,0,4,20,,,4,4
163,lineup_04,0,2,20260988,0,full_ows,0,1,164,5,3,12,1,1,2,2,4,0,0,8,0,1,7,13,41,29,70,1,4,4,4,5,,145,29,5
163,lineup_04,0,2,20260988,1,hybrid_ows,0,1,164,9,7,13,3,0,2,2,9,1,1,11,1,0,14,14,41,40,81,8,9,9,4,18,38,,2,42
163,lineup_04,0,2,20260988,2,roads_and_cities,0,1,164,8,8,15,0,4,1,0,0,0,0,13,2,4,1,15,41,35,76,3,5,4,45,15,111,35,23,39
163,lineup_04,0,2,20260988,3,port,1,1,164,10,9,15,1,4,2,1,0,0,0,13,3,4,3,24,40,47,87,9,11,11,5,4,100,144,52,16
164,lineup_04,0,3,20260989,0,full_ows,0,1,114,9,8,10,2,2,1,1,5,0,1,8,2,2,7,7,29,26,55,9,11,11,17,21,53,33,1,21
164,lineup_04,0,3,20260989,1,hybrid_ows,1,1,114,10,6,10,0,3,4,4,5,0,0,4,1,3,14,14,28,36,64,4,5,5,22,18,98,6,22,14
164,lineup_04,0,3,20260989,2,roads_and_cities,0,1,114,7,7,15,1,2,4,0,0,1,0,13,1,2,4,4,28,24,52,10,10,10,0,3,83,103,7,43
164,lineup_04,0,3,20260989,3,port,0,1,114,4,4,14,4,0,0,0,0,0,0,12,2,0,0,9,28,23,51,4,5,5,0,12,88,,,12
165,lineup_04,0,4,20260990,0,full_ows,1,1,93,10,8,9,0,2,2,2,5,1,1,5,0,2,11,10,23,28,51,4,4,4,0,1,,21,5,13
165,lineup_04,0,4,20260990,1,hybrid_ows,0,1,93,4,2,4,2,0,2,2,4,0,0,2,0,0,6,4,23,12,35,0,2,2,4,2,,,14,26
165,lineup_04,0,4,20260990,2,roads_and_cities,0,1,93,4,4,11,0,2,0,0,0,0,0,9,0,2,1,10,23,22,45,2,2,2,0,3,,43,79,7
165,lineup_04,0,4,20260990,3,port,0,1,93,4,3,6,3,0,5,1,0,0,0,4,1,0,5,9,23,19,42,2,5,5,4,8,64,,28,8
166,lineup_04,0,5,20260991,0,full_ows,0,1,107,5,4,12,2,0,1,1,4,0,1,8,0,0,6,5,27,19,46,6,7,7,0,1,,,9,21
166,lineup_04,0,5,20260991,1,hybrid_ows,0,1,107,9,9,15,1,3,1,0,3,1,0,13,2,3,4,11,27,33,60,1,3,3,5,2,38,14,30,18
166,lineup_04,0,5,20260991,2,roads_and_cities,1,1,107,10,10,15,2,4,1,0,0,0,0,11,4,4,2,14,26,35,61,1,2,2,6,7,51,23,47,7
166,lineup_04,0,5,20260991,3,port,0,1,107,4,2,8,2,0,4,2,0,0,0,6,0,0,4,9,26,19,45,0,3,3,13,8,,,24,8
167,lineup_04,0,6,20260992,0,full_ows,0,1,122,6,3,4,1,1,4,3,6,0,0,2,0,1,12,16,31,31,62,10,13,13,4,101,,113,1,5
167,lineup_04,0,6,20260992,1,hybrid_ows,1,1,122,10,8,6,0,3,2,2,7,0,1,2,1,3,11,6,30,23,53,3,6,6,17,94,114,66,2,26
167,lineup_04,0,6,20260992,2,roads_and_cities,0,1,122,8,8,11,0,4,0,0,0,0,0,9,2,4,1,6,30,22,52,4,6,6,0,3,23,67,87,19
167,lineup_04,0,6,20260992,3,port,0,1,122,5,5,15,3,0,1,0,0,1,0,13,1,0,1,9,30,24,54,2,6,6,8,4,104,,20,4
168,lineup_04,0,7,20260993,0,full_ows,0,1,135,6,2,8,2,0,4,4,3,0,0,4,0,0,8,9,34,21,55,9,12,12,0,17,,,17,17
168,lineup_04,0,7,20260993,1,hybrid_ows,0,1,135,6,6,13,2,1,0,0,7,0,1,11,1,1,10,15,34,38,72,1,6,5,4,10,78,70,18,14
168,lineup_04,0,7,20260993,2,roads_and_cities,1,1,135,10,10,15,2,4,2,0,0,0,0,13,4,4,2,25,33,48,81,3,6,6,19,15,35,83,11,11
168,lineup_04,0,7,20260993,3,port,0,1,135,8,7,15,5,0,4,1,0,1,0,13,3,0,5,14,33,35,68,4,5,5,12,8,72,,16,4
169,lineup_04,0,8,20260994,0,full_ows,1,1,125,10,6,9,0,2,4,4,5,0,1,5,0,2,12,10,31,29,60,3,4,4,0,13,,113,17,9
169,lineup_04,0,8,20260994,1,hybrid_ows,0,1,125,3,2,6,2,0,1,1,3,0,0,4,0,0,4,5,31,13,44,2,4,4,4,10,,,2,26
169,lineup_04,0,8,20260994,2,roads_and_cities,0,1,125,6,6,15,2,2,1,0,0,0,0,13,2,2,2,13,31,32,63,6,8,8,8,11,59,51,11,19
169,lineup_04,0,8,20260994,3,port,0,1,125,5,5,15,3,0,6,0,0,1,0,13,1,0,7,8,31,29,60,4,9,9,16,4,76,,8,12
170,lineup_04,0,9,20260995,0,full_ows,0,1,151,8,4,12,0,2,4,4,5,0,0,10,0,2,11,22,38,45,83,3,10,9,10,29,,33,1,53
170,lineup_04,0,9,20260995,1,hybrid_ows,0,1,151,9,8,10,0,3,1,1,6,0,1,6,1,3,9,10,38,29,67,2,5,5,9,26,94,126,2,18
170,lineup_04,0,9,20260995,2,roads_and_cities,1,1,151,10,10,15,2,4,2,0,0,0,0,11,4,4,4,16,37,39,76,4,7,7,9,3,67,75,15,27
170,lineup_04,0,9,20260995,3,port,0,1,151,7,7,13,5,0,1,0,0,1,0,11,3,0,1,14,37,29,66,3,6,6,0,4,108,,52,4
171,lineup_04,1,0,20260996,0,hybrid_ows,1,1,153,10,8,15,0,3,2,2,4,1,0,9,1,3,9,8,38,30,68,2,6,5,19,1,149,53,13,13
171,lineup_04,1,0,20260996,1,roads_and_cities,0,1,153,6,6,11,0,3,2,0,0,0,0,9,1,3,2,18,38,33,71,2,3,3,8,6,122,50,10,6
171,lineup_04,1,0,20260996,2,port,0,1,153,8,6,11,4,1,5,2,0,0,0,9,3,1,7,20,38,40,78,5,6,6,14,19,91,139,11,11
171,lineup_04,1,0,20260996,3,full_ows,0,1,153,7,6,11,0,2,1,1,5,0,1,9,0,2,7,7,38,25,63,4,10,10,4,8,,136,40,48
172,lineup_04,1,1,20260997,0,hybrid_ows,0,1,115,8,8,7,0,3,0,0,7,0,1,5,1,3,8,9,29,26,55,0,3,3,4,5,89,53,9,21
172,lineup_04,1,1,20260997,1,roads_and_cities,0,1,115,3,3,13,3,0,0,0,0,0,0,11,1,0,0,11,29,23,52,3,3,3,4,6,82,,,6
172,lineup_04,1,1,20260997,2,port,1,1,115,10,7,15,1,2,7,3,0,1,0,11,1,2,9,7,28,30,58,3,3,3,8,7,115,15,7,19
172,lineup_04,1,1,20260997,3,full_ows,0,1,115,5,3,4,1,1,3,2,3,0,0,2,0,1,8,10,28,21,49,6,7,7,4,48,,112,4,4
173,lineup_04,1,2,20260998,0,hybrid_ows,1,1,101,10,9,15,1,3,1,1,4,1,0,13,2,3,8,5,25,31,56,4,10,10,0,1,97,73,13,13
173,lineup_04,1,2,20260998,1,roads_and_cities,0,1,101,5,4,15,0,2,3,1,0,0,0,13,0,2,3,5,25,23,48,4,6,6,0,6,,58,6,14
173,lineup_04,1,2,20260998,2,port,0,1,101,5,4,12,4,0,2,1,0,0,0,10,2,0,2,15,25,29,54,5,6,6,0,3,51,,31,3
173,lineup_04,1,2,20260998,3,full_ows,0,1,101,8,6,8,0,2,2,2,7,0,1,2,0,2,12,9,25,25,50,9,10,10,0,16,,64,4,8
174,lineup_04,1,3,20260999,0,hybrid_ows,1,1,85,10,6,7,0,3,4,4,3,0,0,3,1,3,10,6,21,23,44,1,5,5,9,5,77,41,9,13
174,lineup_04,1,3,20260999,1,roads_and_cities,0,1,85,2,2,8,2,0,3,0,0,0,0,6,0,0,3,8,21,17,38,2,3,3,0,18,,,38,18
174,lineup_04,1,3,20260999,2,port,0,1,85,7,6,8,4,0,3,1,0,1,0,6,2,0,3,4,21,15,36,1,1,1,0,3,31,,19,15
174,lineup_04,1,3,20260999,3,full_ows,0,1,85,6,6,3,0,2,1,0,6,0,1,1,0,2,9,5,21,17,38,4,4,4,4,8,,40,8,8
175,lineup_04,1,4,20261000,0,hybrid_ows,0,1,100,3,3,8,1,1,0,0,4,0,0,6,0,1,4,11,25,22,47,4,7,7,4,5,,45,13,17
175,lineup_04,1,4,20261000,1,roads_and_cities,0,1,100,7,6,13,2,2,1,1,0,0,0,11,2,2,1,12,25,28,53,2,2,2,4,2,78,54,6,14
175,lineup_04,1,4,20261000,2,port,0,1,100,5,4,9,4,0,4,1,0,0,0,7,2,0,4,8,25,21,46,3,3,3,0,43,75,,23,7
175,lineup_04,1,4,20261000,3,full_ows,1,1,100,11,8,12,0,2,3,3,7,1,1,6,0,2,16,13,24,37,61,5,8,8,9,36,,16,12,8
176,lineup_04,1,5,20261001,0,hybrid_ows,0,1,151,5,4,14,2,1,1,1,3,0,0,10,1,1,8,8,38,28,66,7,10,10,0,5,113,133,1,13
176,lineup_04,1,5,20261001,1,roads_and_cities,0,1,151,8,7,15,1,3,1,1,0,0,0,13,2,3,2,17,38,37,75,3,3,3,12,6,42,38,6,10
176,lineup_04,1,5,20261001,2,port,1,1,151,10,9,15,3,2,6,1,0,1,0,13,3,2,6,24,37,48,85,6,8,8,20,3,27,143,15,11
176,lineup_04,1,5,20261001,3,full_ows,0,1,151,9,7,7,1,2,2,2,7,0,1,5,1,2,9,10,37,27,64,1,4,4,12,8,148,68,4,20
177,lineup_04,1,6,20261002,0,hybrid_ows,1,1,109,10,7,9,1,2,3,3,5,0,1,7,1,2,9,4,27,23,50,1,6,6,5,1,37,49,5,33
177,lineup_04,1,6,20261002,1,roads_and_cities,0,1,109,6,6,8,0,2,1,0,0,1,0,6,0,2,1,5,27,14,41,4,5,5,12,30,,70,30,14
177,lineup_04,1,6,20261002,2,port,0,1,109,5,3,13,3,0,5,2,0,0,0,11,1,0,6,6,27,24,51,9,9,9,0,7,63,,19,15
177,lineup_04,1,6,20261002,3,full_ows,0,1,109,2,2,8,2,0,0,0,5,0,0,2,0,0,9,10,27,21,48,5,6,6,4,44,,,8,8
178,lineup_04,1,7,20261003,0,hybrid_ows,0,1,131,9,7,7,1,2,2,2,7,0,1,5,1,2,9,4,33,21,54,1,4,4,31,1,85,37,13,45
178,lineup_04,1,7,20261003,1,roads_and_cities,0,1,131,5,5,7,1,2,2,0,0,0,0,3,1,2,3,11,33,20,53,2,3,3,10,62,98,106,2,34
178,lineup_04,1,7,20261003,2,port,1,1,131,10,10,15,4,2,1,0,0,1,0,13,4,2,1,11,32,31,63,4,9,9,13,3,15,83,63,31
178,lineup_04,1,7,20261003,3,full_ows,0,1,131,9,6,6,0,3,3,3,4,0,0,2,1,3,12,10,32,28,60,3,6,6,19,100,116,64,4,44
179,lineup_04,1,8,20261004,0,hybrid_ows,0,1,126,7,7,7,1,3,0,0,5,0,0,3,2,3,9,11,32,28,60,4,10,10,16,61,69,41,13,5
179,lineup_04,1,8,20261004,1,roads_and_cities,1,1,126,10,9,9,1,3,4,1,0,1,0,7,2,3,5,18,31,35,66,4,5,5,17,14,94,70,14,14
179,lineup_04,1,8,20261004,2,port,0,1,126,6,4,9,4,0,2,2,0,0,0,7,2,0,2,11,31,22,53,2,4,4,9,3,75,,35,19
179,lineup_04,1,8,20261004,3,full_ows,0,1,126,8,6,6,0,2,2,2,6,0,1,2,0,2,9,7,31,20,51,2,5,5,13,40,,72,4,40
180,lineup_04,1,9,20261005,0,hybrid_ows,1,1,81,10,8,10,0,3,3,2,5,1,0,6,1,3,11,6,20,27,47,5,7,7,0,5,65,33,9,13
180,lineup_04,1,9,20261005,1,roads_and_cities,0,1,81,5,5,8,1,2,1,0,0,0,0,6,1,2,2,7,20,18,38,2,3,3,0,42,74,26,10,6
180,lineup_04,1,9,20261005,2,port,0,1,81,2,2,14,2,0,0,0,0,0,0,12,0,0,0,8,20,20,40,2,4,4,0,7,,,,7
180,lineup_04,1,9,20261005,3,full_ows,0,1,81,4,4,6,2,0,1,0,7,0,1,4,0,0,8,4,20,16,36,6,7,7,0,4,,,12,4
181,lineup_04,2,0,20261006,0,roads_and_cities,0,1,118,7,7,15,3,1,3,0,0,1,0,13,2,1,3,9,30,28,58,10,14,14,4,1,37,49,9,53
181,lineup_04,2,0,20261006,1,port,1,1,118,10,10,15,4,3,4,0,0,0,0,11,5,3,7,15,29,41,70,5,6,6,18,10,38,94,18,26
181,lineup_04,2,0,20261006,2,full_ows,0,1,118,7,5,5,1,1,2,2,4,0,1,3,0,1,6,9,29,19,48,2,5,5,9,3,,99,23,19
181,lineup_04,2,0,20261006,3,hybrid_ows,0,1,118,5,2,5,2,0,3,3,4,0,0,3,0,0,9,3,29,15,44,5,7,7,14,40,,,16,60
182,lineup_04,2,1,20261007,0,roads_and_cities,0,1,132,5,3,14,3,0,4,2,0,0,0,10,1,0,5,10,33,26,59,7,7,7,8,1,41,,13,13
182,lineup_04,2,1,20261007,1,port,0,1,132,7,7,15,5,1,1,0,0,0,0,13,4,1,1,11,33,30,63,2,6,6,4,2,38,126,82,22
182,lineup_04,2,1,20261007,2,full_ows,0,1,132,5,4,5,2,0,1,1,8,0,1,3,0,0,11,8,33,22,55,5,9,9,12,55,,,11,23
182,lineup_04,2,1,20261007,3,hybrid_ows,1,1,132,10,8,11,0,3,2,2,3,1,0,7,1,3,8,10,32,29,61,3,6,6,14,16,128,72,4,4
183,lineup_04,2,2,20261008,0,roads_and_cities,0,1,130,8,8,15,4,2,5,0,0,0,0,13,4,2,7,22,33,48,81,6,9,9,0,1,45,117,33,9
183,lineup_04,2,2,20261008,1,port,1,1,130,10,8,15,4,1,3,2,0,1,0,13,3,1,3,9,32,29,61,4,6,6,10,2,42,86,14,42
183,lineup_04,2,2,20261008,2,full_ows,0,1,130,7,5,11,1,1,2,2,6,0,1,5,0,1,11,7,32,24,56,5,11,11,4,7,,123,23,7
183,lineup_04,2,2,20261008,3,hybrid_ows,0,1,130,9,8,15,0,4,1,1,2,0,0,13,2,4,4,6,32,29,61,5,11,11,11,4,116,28,8,8
184,lineup_04,2,3,20261009,0,roads_and_cities,0,1,82,5,5,12,1,2,4,0,0,0,0,10,1,2,4,7,21,24,45,6,9,9,4,1,29,41,17,9
184,lineup_04,2,3,20261009,1,port,1,1,82,10,10,14,4,2,1,0,0,1,0,12,4,2,2,22,20,42,62,9,11,11,0,10,14,74,14,2
184,lineup_04,2,3,20261009,2,full_ows,0,1,82,5,4,3,0,2,2,1,1,0,0,1,0,2,5,5,20,13,33,2,5,5,0,71,,19,15,7
184,lineup_04,2,3,20261009,3,hybrid_ows,0,1,82,6,4,6,2,0,3,2,6,0,1,4,0,0,10,4,20,18,38,0,2,2,4,4,,,4,16
185,lineup_04,2,4,20261010,0,roads_and_cities,0,1,100,7,7,15,5,0,3,0,0,1,0,11,3,0,5,6,25,25,50,6,11,11,4,5,29,,13,33
185,lineup_04,2,4,20261010,1,port,0,1,100,5,5,15,5,0,2,0,0,0,0,13,3,0,3,3,25,22,47,4,5,5,13,2,6,,22,50
185,lineup_04,2,4,20261010,2,full_ows,0,1,100,8,6,8,0,3,2,2,4,0,0,6,1,3,8,14,25,32,57,4,5,5,11,27,87,19,27,3
185,lineup_04,2,4,20261010,3,hybrid_ows,1,1,100,10,7,10,3,1,3,3,5,0,1,6,2,1,9,5,24,23,47,4,7,7,4,28,80,100,4,28
186,lineup_04,2,5,20261011,0,roads_and_cities,0,1,87,5,5,9,3,0,2,0,0,1,0,3,1,0,5,5,22,14,36,4,4,4,0,29,77,,25,13
186,lineup_04,2,5,20261011,1,port,0,1,87,4,4,8,2,1,1,0,0,0,0,6,1,1,1,7,22,16,38,1,3,3,4,14,58,86,34,10
186,lineup_04,2,5,20261011,2,full_ows,1,1,87,10,6,5,0,2,4,4,8,0,1,3,0,2,14,7,21,26,47,1,4,4,4,47,,83,7,15
186,lineup_04,2,5,20261011,3,hybrid_ows,0,1,87,3,2,9,2,0,1,1,2,0,0,7,0,0,4,1,21,12,33,2,3,3,4,4,,,8,84
187,lineup_04,2,6,20261012,0,roads_and_cities,0,1,90,7,6,15,0,3,1,1,0,0,0,13,1,3,1,15,23,33,56,5,9,9,0,1,5,25,13,25
187,lineup_04,2,6,20261012,1,port,1,1,90,12,12,15,2,4,3,0,0,1,0,13,4,4,4,17,22,42,64,1,1,1,0,6,26,22,6,30
187,lineup_04,2,6,20261012,2,full_ows,0,1,90,6,4,3,0,2,4,2,2,0,0,1,0,2,6,6,22,15,37,3,3,3,4,47,,19,19,7
187,lineup_04,2,6,20261012,3,hybrid_ows,0,1,90,8,6,9,0,2,2,2,7,0,1,5,0,2,13,7,22,27,49,6,8,8,11,8,,56,4,52
188,lineup_04,2,7,20261013,0,roads_and_cities,0,1,139,9,9,15,5,1,0,0,0,1,0,13,4,1,0,19,35,37,72,5,8,8,12,1,45,121,,41
188,lineup_04,2,7,20261013,1,port,0,1,139,8,8,15,2,3,1,0,0,0,0,13,3,3,1,21,35,41,76,6,9,9,5,6,54,122,74,14
188,lineup_04,2,7,20261013,2,full_ows,1,1,139,10,8,9,0,4,2,2,6,0,0,5,2,4,11,16,34,38,72,6,10,9,13,99,119,55,7,7
188,lineup_04,2,7,20261013,3,hybrid_ows,0,1,139,9,6,3,0,2,4,3,7,0,1,1,0,2,13,9,34,25,59,1,4,4,8,36,,112,12,8
189,lineup_04,2,8,20261014,0,roads_and_cities,0,1,138,5,4,15,4,0,3,1,0,0,0,13,2,0,4,5,35,24,59,8,13,13,8,1,109,,21,17
189,lineup_04,2,8,20261014,1,port,1,1,138,10,9,13,3,2,1,1,0,1,0,11,3,2,3,17,34,36,70,8,10,10,0,2,38,10,6,22
189,lineup_04,2,8,20261014,2,full_ows,0,1,138,6,5,8,3,0,1,1,8,0,1,4,1,0,10,19,34,34,68,3,7,7,4,19,43,,7,3
189,lineup_04,2,8,20261014,3,hybrid_ows,0,1,138,7,5,15,3,1,2,2,4,0,0,11,2,1,8,10,34,32,66,4,7,7,4,4,28,132,20,32
190,lineup_04,2,9,20261015,0,roads_and_cities,0,1,112,6,5,11,1,2,2,1,0,0,0,9,1,2,2,10,28,24,52,1,2,2,4,5,109,57,37,37
190,lineup_04,2,9,20261015,1,port,0,1,112,4,4,11,4,0,3,0,0,0,0,9,2,0,3,15,28,29,57,1,3,3,0,2,38,,10,18
190,lineup_04,2,9,20261015,2,full_ows,0,1,112,6,4,5,2,0,2,2,8,0,1,3,0,0,13,7,28,23,51,1,4,4,4,27,,,19,7
190,lineup_04,2,9,20261015,3,hybrid_ows,1,1,112,10,8,11,0,3,3,2,2,1,0,7,1,3,7,8,27,26,53,4,5,5,9,4,108,40,28,36
191,lineup_04,3,0,20261016,0,port,0,1,70,2,2,7,2,0,1,0,0,0,0,5,0,0,2,9,18,16,34,2,5,5,0,5,,,25,5
191,lineup_04,3,0,20261016,1,full_ows,1,1,70,10,8,7,0,3,2,2,3,0,1,5,1,3,6,9,17,24,41,1,1,1,0,14,34,54,2,10
191,lineup_04,3,0,20261016,2,hybrid_ows,0,1,70,4,3,4,1,1,2,1,2,0,0,2,0,1,4,3,17,10,27,0,1,1,4,7,,35,3,7
191,lineup_04,3,0,20261016,3,roads_and_cities,0,1,70,8,8,10,0,3,0,0,0,1,0,8,1,3,0,10,17,22,39,2,2,2,0,12,28,40,,16
192,lineup_04,3,1,20261017,0,port,0,1,106,4,4,11,4,0,2,0,0,0,0,9,2,0,2,4,27,17,44,5,5,5,4,1,65,,73,73
192,lineup_04,3,1,20261017,1,full_ows,1,1,106,10,6,9,2,1,5,4,6,0,1,3,1,1,15,5,26,25,51,3,3,3,0,6,98,74,6,26
192,lineup_04,3,1,20261017,2,hybrid_ows,0,1,106,5,4,10,0,2,2,1,3,0,0,8,0,2,6,12,26,28,54,1,2,2,17,11,,43,75,19
192,lineup_04,3,1,20261017,3,roads_and_cities,0,1,106,6,6,15,0,2,1,0,0,1,0,13,0,2,1,5,26,21,47,8,8,8,5,12,,36,104,4
193,lineup_04,3,2,20261018,0,port,0,1,122,4,3,8,3,0,6,1,0,0,0,6,1,0,8,9,31,24,55,2,3,3,0,37,93,,5,5
193,lineup_04,3,2,20261018,1,full_ows,1,1,122,10,6,2,0,2,5,4,7,0,1,0,0,2,13,6,30,21,51,0,3,3,5,,,114,2,18
193,lineup_04,3,2,20261018,2,hybrid_ows,0,1,122,7,7,9,1,3,0,0,1,0,0,7,2,3,2,20,30,34,64,3,4,4,5,3,111,55,91,15
193,lineup_04,3,2,20261018,3,roads_and_cities,0,1,122,6,6,14,0,2,1,0,0,1,0,10,0,2,2,9,30,23,53,2,3,3,0,4,,44,32,32
194,lineup_04,3,3,20261019,0,port,0,1,96,3,2,7,2,0,3,1,0,0,0,3,0,0,5,7,24,15,39,3,4,4,9,45,,,5,21
194,lineup_04,3,3,20261019,1,full_ows,0,1,96,8,5,3,1,1,4,3,6,0,1,1,0,1,10,6,24,18,42,4,4,4,0,90,,74,6,14
194,lineup_04,3,3,20261019,2,hybrid_ows,0,1,96,4,3,3,1,1,1,1,4,0,0,1,0,1,8,11,24,21,45,1,2,2,8,43,,79,7,7
194,lineup_04,3,3,20261019,3,roads_and_cities,1,1,96,10,10,7,2,3,2,0,0,1,0,5,3,3,2,2,23,15,38,4,5,5,0,4,56,80,44,80
195,lineup_04,3,4,20261020,0,port,0,1,132,5,4,14,4,0,3,1,0,0,0,12,2,0,3,10,33,27,60,3,3,3,5,1,101,,17,37
195,lineup_04,3,4,20261020,1,full_ows,0,1,132,9,8,6,0,3,1,1,8,0,1,2,1,3,13,9,33,28,61,4,5,5,8,74,118,34,14,18
195,lineup_04,3,4,20261020,2,hybrid_ows,0,1,132,7,4,12,0,2,3,3,4,0,0,8,0,2,9,11,33,30,63,2,2,2,6,19,,27,3,19
195,lineup_04,3,4,20261020,3,roads_and_cities,1,1,132,10,10,15,4,2,0,0,0,1,0,13,4,2,0,10,32,29,61,4,5,5,8,12,68,112,,12
196,lineup_04,3,5,20261021,0,port,0,1,106,7,6,12,4,0,3,1,0,1,0,10,2,0,3,10,27,25,52,2,4,4,0,5,77,,25,1
196,lineup_04,3,5,20261021,1,full_ows,1,1,106,10,8,11,0,3,2,2,5,0,1,5,1,3,12,14,26,35,61,0,2,2,12,10,98,6,2,6
196,lineup_04,3,5,20261021,2,hybrid_ows,0,1,106,8,6,14,0,3,2,2,4,0,0,12,1,3,6,15,26,37,63,4,5,5,0,7,31,15,19,31
196,lineup_04,3,5,20261021,3,roads_and_cities,0,1,106,6,6,10,0,3,3,0,0,0,0,8,1,3,4,17,26,33,59,3,3,3,5,44,56,24,20,4
197,lineup_04,3,6,20261022,0,port,0,1,128,3,2,7,2,0,3,1,0,0,0,5,0,0,4,7,32,16,48,2,3,3,4,45,,,17,45
197,lineup_04,3,6,20261022,1,full_ows,0,1,128,4,3,2,1,1,3,1,4,0,0,0,0,1,7,5,32,13,45,4,4,4,0,,,126,2,26
197,lineup_04,3,6,20261022,2,hybrid_ows,0,1,128,6,5,7,1,1,1,1,7,0,1,5,0,1,10,14,32,30,62,1,1,1,4,27,,51,7,23
197,lineup_04,3,6,20261022,3,roads_and_cities,1,1,128,10,8,14,4,1,3,2,0,1,0,12,3,1,4,13,31,33,64,4,5,5,0,16,64,128,8,8
198,lineup_04,3,7,20261023,0,port,0,1,138,8,7,15,5,0,5,1,0,1,0,13,3,0,6,16,35,38,73,8,10,10,4,33,53,,5,1
198,lineup_04,3,7,20261023,1,full_ows,1,1,138,10,8,8,0,4,2,2,4,0,0,2,2,4,11,13,34,32,66,4,6,6,8,62,122,102,2,10
198,lineup_04,3,7,20261023,2,hybrid_ows,0,1,138,8,6,9,0,2,2,2,6,0,1,7,0,2,8,12,34,29,63,4,7,7,4,23,,95,31,7
198,lineup_04,3,7,20261023,3,roads_and_cities,0,1,138,8,8,15,2,3,0,0,0,0,0,13,3,3,0,10,34,29,63,8,16,15,4,8,76,100,,4
199,lineup_04,3,8,20261024,0,port,0,1,114,8,7,15,1,2,5,1,0,1,0,11,1,2,6,7,29,27,56,2,5,5,0,1,33,85,25,13
199,lineup_04,3,8,20261024,1,full_ows,1,1,114,10,7,9,1,2,3,3,5,0,1,7,1,2,10,13,28,33,61,3,3,3,0,34,114,22,6,14
199,lineup_04,3,8,20261024,2,hybrid_ows,0,1,114,5,4,7,0,2,1,1,4,0,0,3,0,2,6,10,28,21,49,5,5,5,14,23,,11,47,11
199,lineup_04,3,8,20261024,3,roads_and_cities,0,1,114,9,9,15,3,3,1,0,0,0,0,13,4,3,3,16,28,39,67,4,7,7,8,24,24,88,16,4
200,lineup_04,3,9,20261025,0,port,0,1,82,5,4,12,2,0,4,1,0,1,0,10,0,0,4,6,21,20,41,0,1,1,0,21,,,5,5
200,lineup_04,3,9,20261025,1,full_ows,1,1,82,10,6,4,0,2,5,4,5,0,1,2,0,2,11,8,20,23,43,3,3,3,0,18,,22,2,18
200,lineup_04,3,9,20261025,2,hybrid_ows,0,1,82,3,3,6,1,1,1,0,2,0,0,4,0,1,5,11,20,21,41,3,4,4,0,15,,19,39,15
200,lineup_04,3,9,20261025,3,roads_and_cities,0,1,82,7,7,11,1,3,0,0,0,0,0,9,2,3,1,15,20,30,50,2,4,4,0,4,40,44,72,48
201,lineup_05,0,0,20261026,0,full_ows,0,1,94,6,4,6,2,1,2,2,4,0,0,4,1,1,6,3,24,15,39,7,8,8,4,17,69,93,1,61
201,lineup_05,0,0,20261026,1,hybrid_ows,1,1,94,10,8,9,0,2,2,2,6,1,1,3,0,2,14,7,23,26,49,1,1,1,0,30,,26,6,34
201,lineup_05,0,0,20261026,2,five_resource,0,1,94,4,4,11,4,0,3,0,0,0,0,9,2,0,3,3,23,17,40,2,3,3,0,3,27,,19,35
201,lineup_05,0,0,20261026,3,port,0,1,94,4,3,7,3,0,2,1,0,0,0,5,1,0,2,6,23,14,37,2,4,4,4,20,60,,48,24
202,lineup_05,0,1,20261027,0,full_ows,0,1,135,9,7,8,1,3,2,2,5,0,0,2,2,3,12,10,34,29,63,4,8,8,0,49,117,93,21,5
202,lineup_05,0,1,20261027,1,hybrid_ows,0,1,135,7,6,10,0,2,1,1,7,0,1,8,0,2,9,8,34,27,61,4,5,5,4,10,,90,6,42
202,lineup_05,0,1,20261027,2,five_resource,1,1,135,10,8,15,2,2,4,2,0,1,0,13,2,2,4,7,33,28,61,4,5,5,13,7,71,123,11,35
202,lineup_05,0,1,20261027,3,port,0,1,135,6,6,15,4,1,0,0,0,0,0,13,3,1,0,23,33,40,73,8,13,13,4,4,80,116,,4
203,lineup_05,0,2,20261028,0,full_ows,0,1,114,9,9,7,1,3,0,0,4,0,1,1,2,3,7,6,29,19,48,7,8,8,4,45,97,17,1,69
203,lineup_05,0,2,20261028,1,hybrid_ows,1,1,114,10,7,10,1,2,3,3,3,1,0,8,1,2,7,10,28,28,56,4,4,4,0,2,86,102,2,18
203,lineup_05,0,2,20261028,2,five_resource,0,1,114,5,3,8,1,1,3,2,0,0,0,6,0,1,4,1,28,12,40,1,1,1,13,7,,99,15,39
203,lineup_05,0,2,20261028,3,port,0,1,114,4,4,6,0,2,6,0,0,0,0,4,0,2,7,15,28,28,56,0,2,2,4,32,,84,12,12
204,lineup_05,0,3,20261029,0,full_ows,1,1,73,10,6,3,0,2,5,4,6,0,1,1,0,2,11,9,18,23,41,1,2,2,0,37,,21,5,1
204,lineup_05,0,3,20261029,1,hybrid_ows,0,1,73,4,4,11,0,2,0,0,4,0,0,9,0,2,5,10,18,26,44,1,3,2,0,14,,6,2,10
204,lineup_05,0,3,20261029,2,five_resource,0,1,73,6,6,10,4,0,2,0,0,1,0,6,2,0,5,3,18,16,34,1,2,2,0,3,47,,11,59
204,lineup_05,0,3,20261029,3,port,0,1,73,6,6,15,4,1,0,0,0,0,0,13,3,1,1,7,18,25,43,3,5,5,0,12,60,52,56,12
205,lineup_05,0,4,20261030,0,full_ows,0,1,114,9,6,9,0,3,3,3,4,0,0,7,1,3,7,15,29,33,62,3,4,4,0,37,105,9,61,25
205,lineup_05,0,4,20261030,1,hybrid_ows,1,1,114,10,8,11,0,3,2,2,5,0,1,7,1,3,9,14,28,34,62,1,1,1,12,26,106,6,14,6
205,lineup_05,0,4,20261030,2,five_resource,0,1,114,6,6,13,4,0,5,0,0,1,0,11,2,0,6,7,28,26,54,2,3,3,8,11,87,,15,11
205,lineup_05,0,4,20261030,3,port,0,1,114,5,5,8,1,2,1,0,0,0,0,6,1,2,3,10,28,22,50,1,2,2,8,16,76,68,64,20
206,lineup_05,0,5,20261031,0,full_ows,0,1,148,9,7,5,1,2,2,2,10,0,1,3,1,2,15,15,37,36,73,2,5,5,15,9,137,57,1,17
206,lineup_05,0,5,20261031,1,hybrid_ows,0,1,148,8,6,15,2,1,2,2,1,1,0,11,1,1,4,6,37,23,60,2,8,7,4,2,142,134,10,74
206,lineup_05,0,5,20261031,2,five_resource,0,1,148,4,4,12,4,0,3,0,0,0,0,8,2,0,5,12,37,27,64,1,5,5,12,27,87,,11,3
206,lineup_05,0,5,20261031,3,port,1,1,148,10,9,15,1,4,1,1,0,0,0,13,3,4,1,27,36,48,84,2,4,4,5,12,60,112,88,24
207,lineup_05,0,6,20261032,0,full_ows,0,1,114,6,6,6,4,0,0,0,5,0,1,4,2,0,6,9,29,21,50,4,8,8,0,17,73,,25,17
207,lineup_05,0,6,20261032,1,hybrid_ows,1,1,114,10,7,9,1,2,3,3,3,1,0,3,1,2,9,16,28,31,59,1,2,2,8,22,114,10,26,10
207,lineup_05,0,6,20261032,2,five_resource,0,1,114,7,5,7,3,1,6,2,0,0,0,5,2,1,7,9,28,24,52,2,3,3,4,19,59,51,3,19
207,lineup_05,0,6,20261032,3,port,0,1,114,2,2,8,2,0,2,0,0,0,0,6,0,0,3,8,28,17,45,0,0,0,22,4,,,12,4
208,lineup_05,0,7,20261033,0,full_ows,0,1,107,7,7,5,1,2,0,0,5,0,1,3,1,2,8,8,27,22,49,4,5,5,0,33,101,29,1,33
208,lineup_05,0,7,20261033,1,hybrid_ows,0,1,107,5,2,7,2,0,3,3,1,0,0,5,0,0,4,8,27,17,44,0,1,1,0,2,,,18,2
208,lineup_05,0,7,20261033,2,five_resource,1,1,107,10,9,8,1,4,7,1,0,0,0,4,3,4,9,17,26,37,63,0,2,2,4,39,75,31,7,15
208,lineup_05,0,7,20261033,3,port,0,1,107,7,7,15,5,0,2,0,0,1,0,13,3,0,2,8,26,26,52,4,5,5,25,4,40,,96,4
209,lineup_05,0,8,20261034,0,full_ows,1,1,145,10,7,6,1,2,3,3,8,0,1,4,1,2,14,13,36,34,70,5,10,9,0,49,145,37,5,45
209,lineup_05,0,8,20261034,1,hybrid_ows,0,1,145,6,6,11,0,3,0,0,3,0,0,9,1,3,4,19,36,36,72,2,4,4,0,54,114,62,42,30
209,lineup_05,0,8,20261034,2,five_resource,0,1,145,7,6,12,4,0,3,1,0,1,0,10,2,0,3,11,36,26,62,3,5,5,8,3,131,,63,11
209,lineup_05,0,8,20261034,3,port,0,1,145,5,4,15,4,0,2,1,0,0,0,9,2,0,4,12,36,27,63,4,12,12,8,16,72,,4,48
210,lineup_05,0,9,20261035,0,full_ows,0,1,127,9,6,7,0,2,3,3,5,0,1,3,0,2,10,15,32,30,62,5,8,8,0,17,,37,13,37
210,lineup_05,0,9,20261035,1,hybrid_ows,0,1,127,4,4,7,2,1,0,0,5,0,0,5,1,1,7,7,32,21,53,4,7,7,4,10,122,102,18,18
210,lineup_05,0,9,20261035,2,five_resource,1,1,127,10,9,15,1,3,4,1,0,1,0,11,2,3,6,11,31,33,64,1,4,4,4,35,35,107,3,3
210,lineup_05,0,9,20261035,3,port,0,1,127,6,5,15,3,1,2,1,0,0,0,13,2,1,2,11,31,29,60,2,3,3,4,16,100,124,24,8
211,lineup_05,1,0,20261036,0,hybrid_ows,0,1,147,7,4,12,2,0,3,3,5,0,1,6,0,0,11,10,37,27,64,2,4,4,0,13,,,9,5
211,lineup_05,1,0,20261036,1,five_resource,0,1,147,9,9,12,3,2,3,0,0,1,0,10,3,2,4,16,37,35,72,2,4,4,4,14,86,122,10,10
211,lineup_05,1,0,20261036,2,port,1,1,147,10,10,15,2,4,3,0,0,0,0,13,4,4,3,16,36,40,76,5,6,6,4,3,39,131,3,23
211,lineup_05,1,0,20261036,3,full_ows,0,1,147,6,4,13,4,0,2,2,3,0,0,11,2,0,7,12,36,32,68,8,11,11,8,12,92,,20,12
212,lineup_05,1,1,20261037,0,hybrid_ows,0,1,118,7,5,8,3,0,5,2,5,0,1,6,1,0,14,11,30,32,62,4,6,6,0,5,45,,5,21
212,lineup_05,1,1,20261037,1,five_resource,1,1,118,10,9,15,1,4,5,1,0,0,0,13,3,4,5,22,29,47,76,2,2,2,8,2,46,18,90,14
212,lineup_05,1,1,20261037,2,port,0,1,118,6,6,15,4,0,2,0,0,1,0,13,2,0,2,16,29,33,62,5,6,6,5,3,99,,87,3
212,lineup_05,1,1,20261037,3,full_ows,0,1,118,7,5,14,1,2,2,2,2,0,0,12,1,2,4,14,29,33,62,1,2,2,0,40,108,16,4,52
213,lineup_05,1,2,20261038,0,hybrid_ows,0,1,96,2,2,9,2,0,0,0,2,0,0,5,0,0,5,7,24,17,41,2,4,4,0,1,,,9,9
213,lineup_05,1,2,20261038,1,five_resource,0,1,96,4,4,9,2,0,1,0,0,1,0,7,0,0,1,5,24,13,37,1,1,1,4,2,,,34,18
213,lineup_05,1,2,20261038,2,port,0,1,96,3,3,9,3,0,1,0,0,0,0,7,1,0,1,15,24,24,48,1,1,1,0,3,87,,71,3
213,lineup_05,1,2,20261038,3,full_ows,1,1,96,10,6,7,2,1,4,4,6,0,1,3,1,1,12,4,23,21,44,2,3,3,0,44,76,96,4,24
214,lineup_05,1,3,20261039,0,hybrid_ows,1,1,105,10,9,9,1,2,1,1,5,1,1,5,1,2,9,9,26,26,52,3,6,6,10,37,105,29,1,9
214,lineup_05,1,3,20261039,1,five_resource,0,1,105,5,4,11,4,0,1,1,0,0,0,7,2,0,3,2,26,14,40,1,2,2,8,2,26,,18,62
214,lineup_05,1,3,20261039,2,port,0,1,105,5,4,9,4,0,8,1,0,0,0,7,2,0,8,16,26,33,59,2,3,3,4,19,79,,7,3
214,lineup_05,1,3,20261039,3,full_ows,0,1,105,6,4,3,0,2,2,2,2,0,0,1,0,2,5,5,26,13,39,1,4,4,0,64,,88,8,8
215,lineup_05,1,4,20261040,0,hybrid_ows,0,1,108,5,5,11,1,1,1,0,4,1,0,7,0,1,6,6,27,20,47,1,1,1,0,1,,77,21,21
215,lineup_05,1,4,20261040,1,five_resource,0,1,108,6,4,15,0,2,3,2,0,0,0,13,0,2,3,7,27,25,52,0,0,0,0,2,,78,18,18
215,lineup_05,1,4,20261040,2,port,0,1,108,4,4,13,4,0,3,0,0,0,0,11,2,0,3,8,27,24,51,5,5,5,9,11,87,,51,11
215,lineup_05,1,4,20261040,3,full_ows,1,1,108,10,7,10,1,2,3,3,6,0,1,8,1,2,13,6,26,30,56,6,7,7,0,8,108,32,4,20
216,lineup_05,1,5,20261041,0,hybrid_ows,0,1,60,3,2,7,2,0,1,1,3,0,0,5,0,0,5,3,15,13,28,0,1,1,0,1,,,17,21
216,lineup_05,1,5,20261041,1,five_resource,0,1,60,4,3,7,3,0,2,1,0,0,0,3,1,0,3,2,15,9,24,0,1,1,0,2,58,,14,14
216,lineup_05,1,5,20261041,2,port,0,1,60,5,4,6,0,2,1,1,0,0,0,4,0,2,2,3,15,11,26,0,0,0,0,3,,27,7,3
216,lineup_05,1,5,20261041,3,full_ows,1,1,60,10,8,7,0,2,3,2,4,1,1,3,0,2,9,3,14,17,31,3,5,5,0,20,,24,4,20
217,lineup_05,1,6,20261042,0,hybrid_ows,1,1,133,10,9,9,1,3,1,1,6,0,1,7,2,3,10,11,33,33,66,7,12,12,9,5,117,45,17,5
217,lineup_05,1,6,20261042,1,five_resource,0,1,133,7,5,15,3,0,3,2,0,1,0,13,1,0,3,5,33,22,55,4,4,4,8,2,122,,30,30
217,lineup_05,1,6,20261042,2,port,0,1,133,3,2,12,2,0,3,1,0,0,0,10,0,0,3,8,33,21,54,4,6,6,4,39,,,63,39
217,lineup_05,1,6,20261042,3,full_ows,0,1,133,4,3,9,1,1,1,1,5,0,0,3,0,1,9,10,33,23,56,3,4,4,10,36,,84,8,8
218,lineup_05,1,7,20261043,0,hybrid_ows,0,1,144,9,8,8,0,3,1,1,6,0,1,6,1,3,9,11,36,30,66,4,9,8,8,5,101,25,9,5
218,lineup_05,1,7,20261043,1,five_resource,0,1,144,6,6,15,4,1,3,0,0,0,0,13,3,1,3,14,36,34,70,2,6,6,4,2,74,126,50,10
218,lineup_05,1,7,20261043,2,port,0,1,144,9,8,15,4,1,3,1,0,1,0,13,3,1,3,15,36,35,71,3,5,5,4,3,39,123,7,39
218,lineup_05,1,7,20261043,3,full_ows,1,1,144,10,7,9,1,3,3,3,3,0,0,3,2,3,10,17,35,35,70,5,9,9,8,4,100,132,8,8
219,lineup_05,1,8,20261044,0,hybrid_ows,0,1,123,7,4,11,2,0,5,3,5,0,1,7,0,0,14,7,31,28,59,2,3,3,0,9,,,13,9
219,lineup_05,1,8,20261044,1,five_resource,0,1,123,9,9,15,1,4,1,0,0,0,0,13,3,4,2,11,31,33,64,6,7,7,4,6,38,78,2,22
219,lineup_05,1,8,20261044,2,port,1,1,123,10,10,15,2,3,1,0,0,1,0,13,3,3,1,15,30,35,65,1,4,4,5,3,27,115,107,43
219,lineup_05,1,8,20261044,3,full_ows,0,1,123,6,4,8,0,2,3,2,4,0,0,6,0,2,7,11,30,26,56,1,4,4,4,32,,68,8,28
220,lineup_05,1,9,20261045,0,hybrid_ows,0,1,140,9,7,11,1,3,2,2,3,0,0,9,2,3,5,17,35,36,71,8,11,11,9,5,105,61,1,5
220,lineup_05,1,9,20261045,1,five_resource,0,1,140,9,8,13,0,3,2,1,0,1,0,11,1,3,2,10,35,27,62,1,1,1,0,6,118,50,14,10
220,lineup_05,1,9,20261045,2,port,0,1,140,3,3,9,3,0,3,0,0,0,0,7,1,0,6,14,35,28,63,0,0,0,13,11,71,,15,11
220,lineup_05,1,9,20261045,3,full_ows,1,1,140,10,8,5,0,3,4,2,7,0,1,3,1,3,12,18,34,37,71,3,4,4,9,56,128,24,4,8
221,lineup_05,2,0,20261046,0,five_resource,0,1,106,7,7,15,5,1,3,0,0,0,0,13,4,1,3,8,27,29,56,7,8,8,4,1,69,93,45,29
221,lineup_05,2,0,20261046,1,port,1,1,106,10,10,15,0,4,0,0,0,1,0,13,2,4,1,24,26,44,70,1,1,1,4,14,46,14,10,22
221,lineup_05,2,0,20261046,2,full_ows,0,1,106,8,5,10,1,1,3,3,6,0,1,4,0,1,13,9,26,27,53,8,8,8,4,43,,63,31,11
221,lineup_05,2,0,20261046,3,hybrid_ows,0,1,106,5,3,12,1,1,2,2,4,0,0,10,0,1,7,5,26,23,49,4,11,11,0,8,,100,4,20
222,lineup_05,2,1,20261047,0,five_resource,0,1,116,7,5,12,1,2,4,2,0,0,0,10,1,2,5,7,29,25,54,3,3,3,8,1,113,101,17,17
222,lineup_05,2,1,20261047,1,port,0,1,116,4,4,13,4,0,1,0,0,0,0,9,2,0,2,9,29,22,51,4,5,5,4,2,82,,22,34
222,lineup_05,2,1,20261047,2,full_ows,0,1,116,6,4,5,2,0,2,2,7,0,1,3,0,0,11,7,29,21,50,2,10,9,0,47,,,7,35
222,lineup_05,2,1,20261047,3,hybrid_ows,1,1,116,10,9,15,1,3,1,1,4,1,0,11,2,3,7,6,28,29,57,7,10,10,14,4,96,48,4,20
223,lineup_05,2,2,20261048,0,five_resource,1,1,93,10,9,12,1,3,4,1,0,1,0,10,2,3,5,6,23,26,49,3,3,3,4,1,69,29,1,41
223,lineup_05,2,2,20261048,1,port,0,1,93,2,2,11,2,0,2,0,0,0,0,9,0,0,3,3,23,15,38,2,3,3,4,6,,,6,46
223,lineup_05,2,2,20261048,2,full_ows,0,1,93,6,6,5,0,2,0,0,3,0,1,3,0,2,3,7,23,15,38,2,3,3,0,27,,35,27,11
223,lineup_05,2,2,20261048,3,hybrid_ows,0,1,93,6,3,10,3,0,3,3,2,0,0,8,1,0,5,6,23,20,43,7,8,8,4,4,52,,4,24
224,lineup_05,2,3,20261049,0,five_resource,0,1,128,7,6,15,4,0,3,1,0,1,0,13,2,0,4,6,32,25,57,1,2,2,9,1,89,,33,9
224,lineup_05,2,3,20261049,1,port,0,1,128,4,4,9,4,0,3,0,0,0,0,7,2,0,3,17,32,29,61,5,5,5,0,18,50,,6,6
224,lineup_05,2,3,20261049,2,full_ows,0,1,128,7,4,5,0,2,3,3,3,0,0,3,0,2,8,17,32,30,62,2,5,5,0,55,,51,23,7
224,lineup_05,2,3,20261049,3,hybrid_ows,1,1,128,10,9,15,1,3,1,1,6,0,1,9,2,3,10,15,31,39,70,1,5,5,8,8,116,16,8,40
225,lineup_05,2,4,20261050,0,five_resource,0,1,142,5,5,15,5,0,2,0,0,0,0,13,3,0,4,12,36,32,68,8,13,12,8,1,53,,29,61
225,lineup_05,2,4,20261050,1,port,1,1,142,10,10,14,2,3,1,0,0,1,0,12,3,3,1,14,35,33,68,0,3,3,8,14,102,122,6,18
225,lineup_05,2,4,20261050,2,full_ows,0,1,142,9,4,4,0,2,7,5,4,0,0,2,0,2,13,8,35,25,60,1,8,8,9,127,,87,11,11
225,lineup_05,2,4,20261050,3,hybrid_ows,0,1,142,8,8,11,0,3,0,0,7,0,1,9,1,3,7,11,35,31,66,4,5,5,13,8,44,88,8,8
226,lineup_05,2,5,20261051,0,five_resource,0,1,100,5,5,13,3,0,4,0,0,1,0,11,1,0,4,6,25,22,47,8,10,10,0,29,57,,1,5
226,lineup_05,2,5,20261051,1,port,0,1,100,5,5,12,5,0,0,0,0,0,0,10,3,0,1,9,25,23,48,1,1,1,4,2,42,,74,14
226,lineup_05,2,5,20261051,2,full_ows,0,1,100,7,5,3,1,1,3,2,6,0,1,1,0,1,10,6,25,18,43,1,5,5,10,63,,63,15,23
226,lineup_05,2,5,20261051,3,hybrid_ows,1,1,100,10,7,9,1,3,3,3,4,0,0,5,2,3,10,19,24,39,63,4,9,9,9,44,64,12,16,8
227,lineup_05,2,6,20261052,0,five_resource,0,1,96,7,6,13,4,0,4,1,0,1,0,11,2,0,4,5,24,22,46,7,10,10,4,1,13,,33,29
227,lineup_05,2,6,20261052,1,port,0,1,96,5,4,12,4,0,1,1,0,0,0,10,2,0,2,5,24,19,43,2,5,5,0,10,34,,26,50
227,lineup_05,2,6,20261052,2,full_ows,0,1,96,5,4,8,0,2,1,1,5,0,0,4,0,2,8,5,24,19,43,6,9,9,0,51,,71,3,23
227,lineup_05,2,6,20261052,3,hybrid_ows,1,1,96,10,8,4,0,3,2,2,7,0,1,2,1,3,11,16,23,33,56,4,17,11,4,12,88,28,40,4
228,lineup_05,2,7,20261053,0,five_resource,0,1,92,4,3,14,3,0,2,1,0,0,0,10,1,0,3,5,23,19,42,4,4,4,0,1,49,,29,17
228,lineup_05,2,7,20261053,1,port,0,1,92,2,2,6,2,0,5,0,0,0,0,4,0,0,6,4,23,14,37,2,3,3,4,26,,,18,18
228,lineup_05,2,7,20261053,2,full_ows,0,1,92,8,5,4,1,1,3,3,5,0,1,2,0,1,9,8,23,20,43,4,5,5,4,39,,83,11,11
228,lineup_05,2,7,20261053,3,hybrid_ows,1,1,92,10,9,13,1,3,1,1,3,1,0,9,2,3,7,4,22,25,47,2,3,3,14,16,80,20,8,60
229,lineup_05,2,8,20261054,0,five_resource,0,1,108,6,5,15,5,0,3,1,0,0,0,13,3,0,5,8,27,29,56,5,5,5,8,1,53,,5,45
229,lineup_05,2,8,20261054,1,port,0,1,108,9,9,15,1,3,3,0,0,1,0,13,2,3,4,13,27,35,62,2,4,4,8,2,86,34,62,14
229,lineup_05,2,8,20261054,2,full_ows,0,1,108,6,4,9,0,2,3,2,0,0,0,7,0,2,3,16,27,28,55,4,7,7,0,55,,31,11,11
229,lineup_05,2,8,20261054,3,hybrid_ows,1,1,108,10,8,9,2,2,2,2,7,0,1,5,2,2,11,6,26,26,52,4,6,6,8,4,48,96,28,4
230,lineup_05,2,9,20261055,0,five_resource,1,1,157,10,10,15,2,3,3,0,0,1,0,13,3,3,3,8,39,30,69,6,6,6,42,17,45,89,57,13
230,lineup_05,2,9,20261055,1,port,0,1,157,5,5,15,5,0,3,0,0,0,0,13,3,0,3,15,39,34,73,1,9,9,17,2,50,,18,10
230,lineup_05,2,9,20261055,2,full_ows,0,1,157,8,5,11,1,2,3,3,3,0,0,5,1,2,8,17,39,33,72,5,9,9,38,15,155,3,11,11
230,lineup_05,2,9,20261055,3,hybrid_ows,0,1,157,9,7,9,1,2,2,2,5,0,1,7,1,2,11,20,39,41,80,4,6,6,19,28,140,80,4,4
231,lineup_05,3,0,20261056,0,port,0,1,112,5,3,10,3,0,4,2,0,0,0,8,1,0,7,5,28,21,49,2,2,2,4,9,105,,9,29
231,lineup_05,3,0,20261056,1,full_ows,0,1,112,9,7,6,1,2,2,2,7,0,1,4,1,2,9,7,28,23,51,2,5,5,4,38,110,90,2,26
231,lineup_05,3,0,20261056,2,hybrid_ows,0,1,112,4,4,9,0,2,0,0,3,0,0,5,0,2,4,8,28,19,47,2,6,5,0,19,,67,11,11
231,lineup_05,3,0,20261056,3,five_resource,1,1,112,10,9,15,5,1,4,1,0,1,0,13,4,1,5,7,27,30,57,9,12,12,4,8,84,112,4,16
232,lineup_05,3,1,20261057,0,port,0,1,116,8,6,15,4,1,4,2,0,0,0,13,3,1,4,15,29,36,65,1,3,3,0,13,45,113,5,21
232,lineup_05,3,1,20261057,1,full_ows,0,1,116,6,4,8,0,2,2,2,5,0,0,4,0,2,10,12,29,28,57,1,4,4,14,30,,6,2,22
232,lineup_05,3,1,20261057,2,hybrid_ows,0,1,116,8,8,15,0,3,0,0,7,0,1,11,1,3,10,11,29,36,65,11,16,15,9,3,63,63,3,11
232,lineup_05,3,1,20261057,3,five_resource,1,1,116,10,9,15,3,2,1,1,0,1,0,13,3,2,1,8,28,27,55,3,4,4,6,4,28,92,60,28
233,lineup_05,3,2,20261058,0,port,1,1,89,10,10,11,0,4,0,0,0,1,0,9,2,4,0,16,22,31,53,3,4,4,0,17,29,13,,9
233,lineup_05,3,2,20261058,1,full_ows,0,1,89,6,4,7,0,2,3,2,1,0,0,3,0,2,7,11,22,23,45,1,1,1,5,38,,46,14,6
233,lineup_05,3,2,20261058,2,hybrid_ows,0,1,89,6,5,8,1,1,1,1,6,0,1,6,0,1,8,4,22,19,41,5,7,7,9,7,,51,19,15
233,lineup_05,3,2,20261058,3,five_resource,0,1,89,6,4,12,4,0,4,2,0,0,0,10,2,0,5,5,22,22,44,2,2,2,8,4,20,,8,4
234,lineup_05,3,3,20261059,0,port,0,1,152,6,6,15,2,2,3,0,0,0,0,13,2,2,4,11,38,32,70,8,15,15,21,1,57,109,17,21
234,lineup_05,3,3,20261059,1,full_ows,0,1,152,8,6,7,2,1,2,2,5,0,1,5,1,1,7,10,38,24,62,2,5,5,9,26,150,134,6,6
234,lineup_05,3,3,20261059,2,hybrid_ows,0,1,152,9,8,15,4,1,1,1,4,1,0,11,3,1,7,10,38,32,70,3,5,5,15,3,43,151,3,59
234,lineup_05,3,3,20261059,3,five_resource,1,1,152,10,8,15,2,3,5,2,0,0,0,13,3,3,7,10,37,36,73,6,8,8,22,16,56,108,8,8
235,lineup_05,3,4,20261060,0,port,0,1,127,6,5,15,5,0,3,1,0,0,0,13,3,0,4,16,32,36,68,5,6,6,0,9,57,,5,9
235,lineup_05,3,4,20261060,1,full_ows,0,1,127,7,5,5,3,0,2,2,5,0,1,1,1,0,10,9,32,21,53,1,2,2,8,38,126,,2,22
235,lineup_05,3,4,20261060,2,hybrid_ows,1,1,127,10,8,10,0,4,2,2,4,0,0,8,2,4,7,14,31,35,66,3,5,5,12,11,91,99,31,31
235,lineup_05,3,4,20261060,3,five_resource,0,1,127,7,7,15,3,1,3,0,0,1,0,11,2,1,4,11,31,29,60,3,6,6,0,4,104,12,24,12
236,lineup_05,3,5,20261061,0,port,1,1,121,10,8,13,0,4,5,2,0,0,0,9,2,4,7,9,30,31,61,3,5,5,4,9,29,97,13,9
236,lineup_05,3,5,20261061,1,full_ows,0,1,121,6,6,8,0,2,0,0,5,0,1,6,0,2,6,16,30,30,60,4,5,5,27,22,,14,38,22
236,lineup_05,3,5,20261061,2,hybrid_ows,0,1,121,7,5,5,1,2,2,2,4,0,0,3,1,2,6,13,30,25,55,5,6,6,35,75,115,15,35,35
236,lineup_05,3,5,20261061,3,five_resource,0,1,121,8,7,14,5,0,3,1,0,1,0,10,3,0,6,12,30,31,61,10,16,16,5,28,56,,12,12
237,lineup_05,3,6,20261062,0,port,0,1,84,6,6,14,4,1,2,0,0,0,0,12,3,1,3,10,21,29,50,0,4,4,4,17,33,17,13,33
237,lineup_05,3,6,20261062,1,full_ows,0,1,84,4,2,7,2,0,2,2,2,0,0,3,0,0,5,8,21,16,37,3,3,3,0,14,,,34,6
237,lineup_05,3,6,20261062,2,hybrid_ows,0,1,84,8,6,9,0,2,2,2,3,0,1,7,0,2,6,11,21,26,47,2,6,6,12,11,,7,51,11
237,lineup_05,3,6,20261062,3,five_resource,1,1,84,10,10,15,2,3,2,0,0,1,0,13,3,3,2,8,20,29,49,7,8,8,5,4,16,76,64,8
238,lineup_05,3,7,20261063,0,port,0,1,112,4,4,14,4,0,3,0,0,0,0,12,2,0,3,9,28,26,54,4,4,4,0,1,73,,9,17
238,lineup_05,3,7,20261063,1,full_ows,0,1,112,6,4,8,0,2,2,2,3,0,0,4,0,2,7,10,28,23,51,1,1,1,0,54,,62,18,18
238,lineup_05,3,7,20261063,2,hybrid_ows,0,1,112,9,8,8,0,3,1,1,6,0,1,4,1,3,10,10,28,28,56,1,2,2,4,35,103,7,3,15
238,lineup_05,3,7,20261063,3,five_resource,1,1,112,10,8,13,4,1,4,2,0,1,0,11,3,1,5,8,27,28,55,1,2,2,4,4,56,112,12,28
239,lineup_05,3,8,20261064,0,port,0,1,76,3,3,7,1,1,0,0,0,0,0,3,0,1,1,4,19,9,28,2,2,2,0,1,,45,33,17
239,lineup_05,3,8,20261064,1,full_ows,0,1,76,4,3,6,1,1,1,1,2,0,0,2,0,1,5,11,19,19,38,1,1,1,10,10,,42,22,6
239,lineup_05,3,8,20261064,2,hybrid_ows,0,1,76,4,3,4,1,1,1,1,2,0,0,2,0,1,4,5,19,12,31,1,2,2,4,15,,39,11,15
239,lineup_05,3,8,20261064,3,five_resource,1,1,76,10,10,15,0,4,0,0,0,1,0,13,2,4,0,8,18,27,45,1,3,3,4,20,56,12,,12
240,lineup_05,3,9,20261065,0,port,0,1,87,7,7,15,5,0,2,0,0,1,0,13,3,0,2,9,22,27,49,2,4,4,0,5,53,,17,9
240,lineup_05,3,9,20261065,1,full_ows,0,1,87,7,4,6,0,2,3,3,1,0,0,2,0,2,7,7,22,18,40,6,9,9,0,18,,10,2,26
240,lineup_05,3,9,20261065,2,hybrid_ows,1,1,87,10,8,10,0,3,2,2,3,0,1,6,1,3,7,10,21,27,48,2,4,4,14,19,23,55,7,39
240,lineup_05,3,9,20261065,3,five_resource,0,1,87,2,2,14,2,0,5,0,0,0,0,12,0,0,6,2,21,20,41,4,6,6,4,8,,,4,44
241,lineup_06,0,0,20261066,0,full_ows,1,1,105,10,6,9,0,2,5,4,3,0,1,3,0,2,11,6,26,22,48,1,3,3,4,9,,17,1,9
241,lineup_06,0,0,20261066,1,road_building,0,1,105,2,2,14,2,0,1,0,0,0,0,12,0,0,2,4,26,18,44,1,1,1,4,2,,,18,22
241,lineup_06,0,0,20261066,2,roads_and_cities,0,1,105,6,6,14,0,2,4,0,0,1,0,12,0,2,4,9,26,27,53,1,1,1,4,15,,43,7,35
241,lineup_06,0,0,20261066,3,five_resource,0,1,105,6,5,7,3,1,6,1,0,0,0,5,2,1,7,16,26,31,57,7,9,9,5,4,20,44,12,12
242,lineup_06,0,1,20261067,0,full_ows,1,1,137,10,8,13,0,3,2,2,4,0,1,11,1,3,8,17,34,40,74,1,3,3,5,5,137,93,13,5
242,lineup_06,0,1,20261067,1,road_building,0,1,137,5,4,14,2,0,3,1,0,1,0,12,0,0,3,21,34,36,70,2,3,3,0,2,,,26,2
242,lineup_06,0,1,20261067,2,roads_and_cities,0,1,137,8,6,11,0,3,3,2,0,0,0,7,1,3,5,18,34,34,68,1,3,3,13,67,119,3,15,27
242,lineup_06,0,1,20261067,3,five_resource,0,1,137,4,4,11,2,1,7,0,0,0,0,7,1,1,9,13,34,31,65,2,5,5,12,24,132,120,4,8
243,lineup_06,0,2,20261068,0,full_ows,1,1,89,10,6,6,0,2,5,4,6,0,1,2,0,2,14,6,22,24,46,2,6,5,4,5,,17,37,5
243,lineup_06,0,2,20261068,1,road_building,0,1,89,5,5,9,3,0,2,0,0,1,0,7,1,0,2,6,22,16,38,2,3,3,0,14,30,,38,10
243,lineup_06,0,2,20261068,2,roads_and_cities,0,1,89,4,4,11,0,2,0,0,0,0,0,7,0,2,2,8,22,19,41,0,0,0,6,7,,27,35,3
243,lineup_06,0,2,20261068,3,five_resource,0,1,89,3,3,8,3,0,4,0,0,0,0,6,1,0,4,7,22,18,40,2,2,2,0,4,80,,40,16
244,lineup_06,0,3,20261069,0,full_ows,0,1,170,7,6,9,0,2,1,1,4,0,1,7,0,2,5,12,43,26,69,3,16,14,12,13,,133,17,25
244,lineup_06,0,3,20261069,1,road_building,1,1,170,10,10,15,2,3,2,0,0,1,0,13,3,3,3,22,42,44,86,2,7,7,30,2,10,142,78,10
244,lineup_06,0,3,20261069,2,roads_and_cities,0,1,170,8,7,12,3,2,5,1,0,0,0,10,3,2,6,18,42,39,81,9,11,11,4,31,123,143,11,11
244,lineup_06,0,3,20261069,3,five_resource,0,1,170,7,4,8,2,1,8,3,0,0,0,4,1,1,11,10,42,27,69,1,3,3,4,12,156,124,24,12
245,lineup_06,0,4,20261070,0,full_ows,1,1,133,10,8,9,0,3,2,2,4,0,1,5,1,3,9,9,33,27,60,1,4,4,5,5,85,105,13,41
245,lineup_06,0,4,20261070,1,road_building,0,1,133,7,7,15,3,1,0,0,0,1,0,13,2,1,0,9,33,25,58,2,3,3,8,2,58,78,,62
245,lineup_06,0,4,20261070,2,roads_and_cities,0,1,133,9,9,15,1,4,2,0,0,0,0,13,3,4,3,19,33,42,75,3,5,5,4,15,31,59,3,11
245,lineup_06,0,4,20261070,3,five_resource,0,1,133,9,6,10,2,2,11,3,0,0,0,6,2,2,13,7,33,30,63,3,7,7,22,8,28,112,4,84
246,lineup_06,0,5,20261071,0,full_ows,0,1,79,8,6,4,0,2,5,2,5,0,1,2,0,2,12,5,20,21,41,4,4,4,0,5,,61,1,29
246,lineup_06,0,5,20261071,1,road_building,0,1,79,4,2,3,2,0,3,2,0,0,0,1,0,0,3,4,20,8,28,1,1,1,0,38,,,14,18
246,lineup_06,0,5,20261071,2,roads_and_cities,1,1,79,10,10,15,0,4,1,0,0,1,0,11,2,4,2,1,19,20,39,1,2,2,18,7,55,3,23,55
246,lineup_06,0,5,20261071,3,five_resource,0,1,79,5,4,11,4,0,2,1,0,0,0,7,2,0,4,6,19,19,38,3,5,4,0,4,44,,16,24
247,lineup_06,0,6,20261072,0,full_ows,0,1,151,7,6,11,0,2,1,1,8,0,1,9,0,2,13,23,38,47,85,4,10,10,23,5,,85,9,5
247,lineup_06,0,6,20261072,1,road_building,0,1,151,7,7,15,5,1,2,0,0,0,0,13,4,1,2,18,38,38,76,1,6,6,25,6,50,118,38,14
247,lineup_06,0,6,20261072,2,roads_and_cities,1,1,151,10,8,15,0,3,4,2,0,1,0,13,1,3,4,10,37,31,68,5,7,7,15,39,71,51,11,23
247,lineup_06,0,6,20261072,3,five_resource,0,1,151,7,5,13,5,0,6,2,0,0,0,11,3,0,6,13,37,33,70,3,9,6,0,16,44,,4,16
248,lineup_06,0,7,20261073,0,full_ows,0,1,95,8,6,10,0,3,2,2,1,0,0,8,1,3,5,10,24,27,51,7,8,8,0,5,41,21,21,5
248,lineup_06,0,7,20261073,1,road_building,0,1,95,4,4,10,4,0,4,0,0,0,0,8,2,0,5,5,24,20,44,1,1,1,4,10,86,,26,38
248,lineup_06,0,7,20261073,2,roads_and_cities,1,1,95,10,9,15,1,3,7,1,0,1,0,11,2,3,9,12,23,37,60,1,3,3,6,3,3,35,15,15
248,lineup_06,0,7,20261073,3,five_resource,0,1,95,7,5,9,3,1,6,2,0,0,0,7,2,1,6,7,23,23,46,4,5,5,0,20,24,28,4,12
249,lineup_06,0,8,20261074,0,full_ows,1,1,145,10,8,10,0,3,2,2,4,0,1,4,1,3,12,15,36,35,71,2,2,2,8,5,137,45,13,5
249,lineup_06,0,8,20261074,1,road_building,0,1,145,7,6,15,4,0,1,1,0,1,0,13,2,0,1,4,36,20,56,2,2,2,9,2,106,,98,54
249,lineup_06,0,8,20261074,2,roads_and_cities,0,1,145,6,5,15,1,2,4,1,0,0,0,13,1,2,4,13,36,33,69,1,1,1,17,7,139,51,67,11
249,lineup_06,0,8,20261074,3,five_resource,0,1,145,5,4,13,4,0,8,1,0,0,0,11,2,0,8,16,36,37,73,4,7,7,12,24,72,,4,12
250,lineup_06,0,9,20261075,0,full_ows,1,1,121,10,7,11,1,2,3,3,4,0,1,7,1,2,8,19,30,37,67,7,12,12,0,25,121,21,1,5
250,lineup_06,0,9,20261075,1,road_building,0,1,121,8,7,10,1,2,3,1,0,1,0,8,1,2,4,12,30,27,57,1,1,1,9,18,34,14,42,10
250,lineup_06,0,9,20261075,2,roads_and_cities,0,1,121,8,8,15,0,4,2,0,0,0,0,13,2,4,3,12,30,34,64,1,2,2,4,7,47,59,51,7
250,lineup_06,0,9,20261075,3,five_resource,0,1,121,7,6,6,0,3,6,1,0,0,0,4,1,3,8,19,30,35,65,1,1,1,12,8,80,44,40,4
251,lineup_06,1,0,20261076,0,road_building,0,1,107,4,3,13,3,0,3,1,0,0,0,11,1,0,4,8,27,24,51,2,2,2,0,1,61,,9,9
251,lineup_06,1,0,20261076,1,roads_and_cities,0,1,107,6,5,10,1,2,3,1,0,0,0,8,1,2,4,5,27,20,47,2,6,6,0,14,102,78,70,22
251,lineup_06,1,0,20261076,2,five_resource,1,1,107,10,8,14,4,1,8,2,0,1,0,10,3,1,10,8,26,32,58,2,2,2,21,3,63,19,11,15
251,lineup_06,1,0,20261076,3,full_ows,0,1,107,7,6,7,0,2,1,1,4,0,1,3,0,2,7,6,26,18,44,1,2,2,4,32,,84,4,12
252,lineup_06,1,1,20261077,0,road_building,0,1,155,9,7,14,5,0,4,2,0,1,0,12,3,0,5,9,39,29,68,3,5,5,12,25,97,,5,5
252,lineup_06,1,1,20261077,1,roads_and_cities,0,1,155,7,7,15,1,3,0,0,0,0,0,13,2,3,0,15,39,33,72,3,3,3,20,2,46,126,,2
252,lineup_06,1,1,20261077,2,five_resource,1,1,155,10,7,13,1,3,6,3,0,0,0,7,2,3,10,16,38,38,76,10,19,19,10,7,71,119,19,71
252,lineup_06,1,1,20261077,3,full_ows,0,1,155,9,9,10,1,3,0,0,9,0,1,8,2,3,10,12,38,35,73,6,8,8,18,16,48,100,4,16
253,lineup_06,1,2,20261078,0,road_building,0,1,154,6,5,15,5,0,5,1,0,0,0,13,3,0,5,12,39,33,72,8,9,9,12,5,97,,9,61
253,lineup_06,1,2,20261078,1,roads_and_cities,1,1,154,10,9,14,3,2,6,1,0,1,0,12,3,2,8,8,38,33,71,5,6,6,4,2,26,142,30,46
253,lineup_06,1,2,20261078,2,five_resource,0,1,154,6,3,9,3,0,5,3,0,0,0,7,1,0,6,11,38,25,63,1,4,4,4,3,119,,55,11
253,lineup_06,1,2,20261078,3,full_ows,0,1,154,4,4,10,2,0,0,0,4,0,1,6,0,0,6,10,38,22,60,3,7,7,0,8,,,28,8
254,lineup_06,1,3,20261079,0,road_building,1,1,113,10,9,15,5,1,4,1,0,1,0,13,4,1,4,9,28,31,59,4,7,7,0,1,77,113,9,33
254,lineup_06,1,3,20261079,1,roads_and_cities,0,1,113,9,9,15,1,4,3,0,0,0,0,13,3,4,5,12,28,37,65,4,7,7,15,2,54,42,14,18
254,lineup_06,1,3,20261079,2,five_resource,0,1,113,5,3,9,1,1,3,2,0,0,0,7,0,1,4,7,28,19,47,2,4,4,4,47,,103,19,11
254,lineup_06,1,3,20261079,3,full_ows,0,1,113,8,6,7,0,2,2,2,7,0,1,1,0,2,12,5,28,20,48,2,3,3,4,28,,84,4,28
255,lineup_06,1,4,20261080,0,road_building,1,1,125,10,8,12,2,2,5,2,0,1,0,10,2,2,6,13,31,33,64,5,7,7,8,1,53,113,13,13
255,lineup_06,1,4,20261080,1,roads_and_cities,0,1,125,9,8,15,0,4,1,1,0,0,0,13,2,4,2,19,31,40,71,4,9,9,8,6,30,10,54,14
255,lineup_06,1,4,20261080,2,five_resource,0,1,125,5,5,11,3,1,4,0,0,0,0,9,2,1,6,11,31,29,60,4,7,7,15,3,39,123,19,15
255,lineup_06,1,4,20261080,3,full_ows,0,1,125,8,6,8,0,2,2,2,8,0,1,4,0,2,11,9,31,26,57,7,9,9,15,84,,24,4,40
256,lineup_06,1,5,20261081,0,road_building,0,1,100,3,2,15,2,0,3,1,0,0,0,13,0,0,3,4,25,20,45,3,4,4,4,1,,,17,17
256,lineup_06,1,5,20261081,1,roads_and_cities,0,1,100,7,5,9,1,2,4,2,0,0,0,7,1,2,4,15,25,29,54,1,4,4,4,14,94,18,58,6
256,lineup_06,1,5,20261081,2,five_resource,0,1,100,9,8,13,0,3,4,1,0,1,0,11,1,3,5,14,25,34,59,0,4,3,14,27,91,23,7,27
256,lineup_06,1,5,20261081,3,full_ows,1,1,100,10,9,7,1,3,1,1,8,0,1,3,2,3,13,19,24,40,64,3,5,5,0,44,64,24,8,12
257,lineup_06,1,6,20261082,0,road_building,0,1,100,6,5,8,3,0,4,1,0,1,0,6,1,0,5,7,25,19,44,2,3,3,8,1,41,,53,13
257,lineup_06,1,6,20261082,1,roads_and_cities,0,1,100,2,2,15,2,0,3,0,0,0,0,13,0,0,3,7,25,23,48,4,9,9,4,10,,,2,10
257,lineup_06,1,6,20261082,2,five_resource,0,1,100,5,5,12,1,2,1,0,0,0,0,10,1,2,1,17,25,31,56,8,11,11,8,7,67,15,67,7
257,lineup_06,1,6,20261082,3,full_ows,1,1,100,10,6,7,0,2,4,4,6,0,1,3,0,2,14,12,24,31,55,3,7,6,13,52,,56,8,12
258,lineup_06,1,7,20261083,0,road_building,0,1,131,8,7,14,5,0,5,1,0,1,0,12,3,0,6,12,33,33,66,3,5,5,0,9,37,,17,45
258,lineup_06,1,7,20261083,1,roads_and_cities,0,1,131,9,8,15,0,4,3,1,0,0,0,13,2,4,5,17,33,41,74,3,5,5,15,6,10,86,6,6
258,lineup_06,1,7,20261083,2,five_resource,1,1,131,10,7,15,5,1,7,3,0,0,0,13,4,1,7,12,32,37,69,3,7,7,9,15,19,131,3,59
258,lineup_06,1,7,20261083,3,full_ows,0,1,131,7,7,9,1,2,0,0,5,0,1,5,1,2,7,17,32,32,64,3,5,5,16,28,120,16,44,8
259,lineup_06,1,8,20261084,0,road_building,0,1,110,5,3,15,1,1,2,2,0,0,0,13,0,1,2,5,28,21,49,1,1,1,4,1,,97,33,25
259,lineup_06,1,8,20261084,1,roads_and_cities,1,1,110,10,10,11,0,4,4,0,0,1,0,5,2,4,8,14,27,33,60,1,1,1,13,26,74,54,6,26
259,lineup_06,1,8,20261084,2,five_resource,0,1,110,5,4,11,2,1,5,1,0,0,0,9,1,1,6,11,27,28,55,6,6,6,0,11,43,67,23,11
259,lineup_06,1,8,20261084,3,full_ows,0,1,110,8,6,4,0,2,2,2,7,0,1,2,0,2,9,14,27,27,54,2,3,3,4,16,,24,8,8
260,lineup_06,1,9,20261085,0,road_building,0,1,100,5,4,12,2,0,3,1,0,1,0,10,0,0,3,7,25,20,45,2,4,4,0,9,,,45,9
260,lineup_06,1,9,20261085,1,roads_and_cities,0,1,100,7,6,15,4,1,3,1,0,0,0,11,3,1,5,14,25,34,59,2,7,7,0,10,46,38,58,10
260,lineup_06,1,9,20261085,2,five_resource,0,1,100,8,8,11,0,4,3,0,0,0,0,9,2,4,5,10,25,30,55,1,3,3,0,23,51,31,19,19
260,lineup_06,1,9,20261085,3,full_ows,1,1,100,10,7,8,1,2,3,3,7,0,1,4,1,2,12,8,24,27,51,2,6,6,8,40,100,68,8,8
261,lineup_06,2,0,20261086,0,roads_and_cities,0,1,114,4,3,11,3,0,6,1,0,0,0,9,1,0,7,5,29,22,51,9,11,11,4,9,33,,5,5
261,lineup_06,2,0,20261086,1,five_resource,1,1,114,10,8,11,2,2,5,2,0,1,0,7,2,2,7,12,28,30,58,3,3,3,0,6,82,42,14,46
261,lineup_06,2,0,20261086,2,full_ows,0,1,114,6,4,7,2,0,2,2,6,0,1,3,0,0,11,8,28,22,50,0,0,0,4,39,,,7,7
261,lineup_06,2,0,20261086,3,road_building,0,1,114,3,3,12,3,0,0,0,0,0,0,10,1,0,0,2,28,13,41,0,4,4,4,4,96,,,48
262,lineup_06,2,1,20261087,0,roads_and_cities,1,1,161,10,10,15,2,3,0,0,0,1,0,11,3,3,1,11,40,29,69,7,8,8,14,1,137,137,61,21
262,lineup_06,2,1,20261087,1,five_resource,0,1,161,5,3,9,1,1,6,2,0,0,0,7,0,1,7,17,40,32,72,2,3,3,13,22,,134,6,2
262,lineup_06,2,1,20261087,2,full_ows,0,1,161,9,6,7,0,2,3,3,9,0,1,3,0,2,15,12,40,32,72,4,6,6,8,43,,119,7,11
262,lineup_06,2,1,20261087,3,road_building,0,1,161,9,9,15,1,4,1,0,0,0,0,13,3,4,2,20,40,42,82,6,9,9,14,4,28,128,32,4
263,lineup_06,2,2,20261088,0,roads_and_cities,0,1,86,6,6,12,2,1,2,0,0,1,0,8,1,1,3,8,22,21,43,4,8,8,0,1,81,77,25,5
263,lineup_06,2,2,20261088,1,five_resource,1,1,86,10,9,9,1,4,2,1,0,0,0,7,3,4,3,9,21,26,47,1,2,2,0,6,50,30,6,6
263,lineup_06,2,2,20261088,2,full_ows,0,1,86,5,5,6,3,0,0,0,4,0,1,4,1,0,5,6,21,16,37,1,1,1,4,7,59,,27,23
263,lineup_06,2,2,20261088,3,road_building,0,1,86,4,4,11,4,0,0,0,0,0,0,9,2,0,1,10,21,22,43,4,5,5,4,4,40,,68,8
264,lineup_06,2,3,20261089,0,roads_and_cities,0,1,111,5,4,15,2,1,2,1,0,0,0,13,1,1,2,15,28,32,60,4,5,5,5,1,53,37,41,17
264,lineup_06,2,3,20261089,1,five_resource,0,1,111,8,5,12,3,1,7,3,0,0,0,10,2,1,7,16,28,36,64,7,8,8,8,34,58,14,18,14
264,lineup_06,2,3,20261089,2,full_ows,1,1,111,10,9,10,1,3,1,1,8,0,1,6,2,3,12,16,27,39,66,6,10,10,13,15,83,35,39,11
264,lineup_06,2,3,20261089,3,road_building,0,1,111,7,7,15,5,0,1,0,0,1,0,11,3,0,4,14,27,32,59,4,9,9,8,4,12,,48,28
265,lineup_06,2,4,20261090,0,roads_and_cities,0,1,91,7,7,9,1,3,1,0,0,0,0,7,2,3,1,8,23,21,44,6,7,7,0,5,65,57,41,5
265,lineup_06,2,4,20261090,1,five_resource,0,1,91,7,6,15,2,2,3,1,0,0,0,13,2,2,3,6,23,26,49,3,3,3,5,6,74,82,22,6
265,lineup_06,2,4,20261090,2,full_ows,1,1,91,10,8,11,0,2,2,2,4,1,1,7,0,2,10,5,22,24,46,1,1,1,4,15,,51,3,23
265,lineup_06,2,4,20261090,3,road_building,0,1,91,3,3,9,3,0,0,0,0,0,0,7,1,0,1,2,22,11,33,2,2,2,0,4,80,,76,52
266,lineup_06,2,5,20261091,0,roads_and_cities,0,1,203,9,8,15,0,4,3,1,0,0,0,13,2,4,3,21,51,43,94,3,9,9,68,17,77,29,13,13
266,lineup_06,2,5,20261091,1,five_resource,0,1,203,9,8,12,0,4,7,1,0,0,0,8,2,4,11,26,51,51,102,1,4,4,26,74,154,74,10,22
266,lineup_06,2,5,20261091,2,full_ows,1,1,203,10,8,8,0,3,2,2,3,0,1,6,1,3,6,29,50,45,95,2,9,9,8,47,187,155,11,11
266,lineup_06,2,5,20261091,3,road_building,0,1,203,8,7,12,3,1,4,1,0,1,0,8,2,1,5,23,50,39,89,9,11,11,25,16,76,140,8,4
267,lineup_06,2,6,20261092,0,roads_and_cities,1,1,121,10,9,15,1,3,1,1,0,1,0,13,2,3,1,13,30,32,62,8,8,8,13,9,53,97,53,9
267,lineup_06,2,6,20261092,1,five_resource,0,1,121,6,5,9,1,2,6,1,0,0,0,5,1,2,9,9,30,26,56,2,3,3,9,2,98,54,26,6
267,lineup_06,2,6,20261092,2,full_ows,0,1,121,8,5,11,1,1,3,3,9,0,1,7,0,1,15,9,30,32,62,5,10,9,6,27,,31,3,27
267,lineup_06,2,6,20261092,3,road_building,0,1,121,2,2,8,2,0,0,0,0,0,0,6,0,0,0,9,30,15,45,2,6,6,0,20,,,,20
268,lineup_06,2,7,20261093,0,roads_and_cities,1,1,133,10,9,11,1,3,3,1,0,1,0,9,2,3,3,23,33,40,73,5,7,7,10,9,81,21,33,9
268,lineup_06,2,7,20261093,1,five_resource,0,1,133,8,7,11,3,2,5,1,0,0,0,7,3,2,8,6,33,26,59,3,3,3,8,62,70,98,6,6
268,lineup_06,2,7,20261093,2,full_ows,0,1,133,9,6,6,0,2,3,3,7,0,1,2,0,2,13,14,33,31,64,3,6,6,25,111,,55,11,7
268,lineup_06,2,7,20261093,3,road_building,0,1,133,2,2,7,2,0,1,0,0,0,0,5,0,0,1,9,33,15,48,1,1,1,13,4,,,48,4
269,lineup_06,2,8,20261094,0,roads_and_cities,0,1,199,8,6,15,0,3,4,2,0,0,0,13,1,3,6,20,50,43,93,12,14,14,16,29,161,189,5,5
269,lineup_06,2,8,20261094,1,five_resource,0,1,199,7,7,10,3,1,5,0,0,1,0,6,2,1,7,18,50,34,84,4,7,7,4,10,50,174,10,6
269,lineup_06,2,8,20261094,2,full_ows,1,1,199,10,9,15,1,3,1,1,4,0,1,11,2,3,7,19,49,42,91,4,8,8,8,35,79,151,7,11
269,lineup_06,2,8,20261094,3,road_building,0,1,199,8,6,15,4,1,5,2,0,0,0,13,3,1,5,26,49,48,97,3,4,4,20,8,28,196,36,4
270,lineup_06,2,9,20261095,0,roads_and_cities,1,1,101,10,9,15,1,3,3,1,0,1,0,13,2,3,3,15,25,36,61,7,7,7,0,1,21,13,17,33
270,lineup_06,2,9,20261095,1,five_resource,0,1,101,3,3,10,1,1,3,0,0,0,0,8,0,1,4,8,25,21,46,0,1,1,0,10,,70,2,14
270,lineup_06,2,9,20261095,2,full_ows,0,1,101,8,5,12,1,1,3,3,5,0,1,6,0,1,12,7,25,26,51,5,8,7,4,15,,87,3,23
270,lineup_06,2,9,20261095,3,road_building,0,1,101,2,2,9,2,0,2,0,0,0,0,7,0,0,3,3,25,13,38,1,2,2,8,8,,,4,36
271,lineup_06,3,0,20261096,0,five_resource,1,1,125,10,10,15,4,2,3,0,0,1,0,11,4,2,5,14,31,36,67,6,9,9,4,5,17,109,13,5
271,lineup_06,3,0,20261096,1,full_ows,0,1,125,9,6,5,0,2,3,3,7,0,1,3,0,2,11,12,31,28,59,3,4,4,6,106,,70,10,2
271,lineup_06,3,0,20261096,2,road_building,0,1,125,3,3,15,3,0,0,0,0,0,0,11,1,0,2,12,31,26,57,4,6,6,4,3,111,,43,7
271,lineup_06,3,0,20261096,3,roads_and_cities,0,1,125,9,7,9,1,3,6,2,0,0,0,7,2,3,7,11,31,30,61,1,3,3,16,4,48,64,4,16
272,lineup_06,3,1,20261097,0,five_resource,0,1,126,9,7,8,1,3,7,2,0,0,0,6,2,3,9,13,32,33,65,6,6,6,10,1,85,65,13,33
272,lineup_06,3,1,20261097,1,full_ows,1,1,126,10,8,5,0,3,2,2,5,0,1,3,1,3,9,18,31,34,65,2,5,5,4,6,102,26,18,6
272,lineup_06,3,1,20261097,2,road_building,0,1,126,8,8,15,2,2,4,0,0,1,0,13,2,2,4,15,31,36,67,8,10,10,0,3,67,119,71,19
272,lineup_06,3,1,20261097,3,roads_and_cities,0,1,126,8,7,7,1,3,2,1,0,0,0,3,2,3,3,11,31,22,53,2,2,2,8,64,96,36,56,36
273,lineup_06,3,2,20261098,0,five_resource,0,1,106,4,4,11,4,0,2,0,0,0,0,7,2,0,3,6,27,18,45,5,7,7,0,9,77,,13,33
273,lineup_06,3,2,20261098,1,full_ows,1,1,106,10,7,10,1,2,3,3,6,0,1,8,1,2,11,10,26,32,58,1,1,1,0,22,106,66,2,22
273,lineup_06,3,2,20261098,2,road_building,0,1,106,6,5,15,3,0,3,1,0,1,0,13,1,0,5,7,26,26,52,2,3,3,4,7,59,,7,27
273,lineup_06,3,2,20261098,3,roads_and_cities,0,1,106,5,4,8,4,0,5,1,0,0,0,4,2,0,6,7,26,19,45,2,5,5,4,28,72,,16,76
274,lineup_06,3,3,20261099,0,five_resource,0,1,150,8,6,15,4,1,5,2,0,0,0,13,3,1,5,11,38,33,71,7,8,8,17,13,73,149,9,41
274,lineup_06,3,3,20261099,1,full_ows,1,1,150,10,8,5,0,3,2,2,8,0,1,1,1,3,14,20,37,39,76,4,7,7,13,118,130,58,6,2
274,lineup_06,3,3,20261099,2,road_building,0,1,150,6,6,15,4,0,1,0,0,1,0,11,2,0,2,13,37,28,65,3,3,3,17,3,107,,11,11
274,lineup_06,3,3,20261099,3,roads_and_cities,0,1,150,5,4,8,0,2,3,1,0,0,0,6,0,2,4,7,37,19,56,2,3,3,5,12,,40,36,12
275,lineup_06,3,4,20261100,0,five_resource,0,1,112,6,5,15,3,1,4,1,0,0,0,12,2,1,5,7,28,27,55,0,4,4,4,5,37,89,41,41
275,lineup_06,3,4,20261100,1,full_ows,0,1,112,7,4,5,2,0,3,3,6,0,1,3,0,0,12,5,28,20,48,2,2,2,0,38,,,6,18
275,lineup_06,3,4,20261100,2,road_building,0,1,112,6,6,15,4,0,1,0,0,1,0,13,2,0,1,5,28,21,49,3,6,6,0,3,47,,23,23
275,lineup_06,3,4,20261100,3,roads_and_cities,1,1,112,10,9,15,1,4,5,1,0,0,0,11,3,4,7,9,27,34,61,7,12,12,5,16,104,68,8,8
276,lineup_06,3,5,20261101,0,five_resource,0,1,112,7,5,11,3,1,7,2,0,0,0,7,2,1,9,8,28,27,55,2,6,6,4,9,45,85,13,17
276,lineup_06,3,5,20261101,1,full_ows,0,1,112,8,6,3,0,2,3,2,6,0,1,1,0,2,11,10,28,24,52,0,0,0,13,74,,46,2,14
276,lineup_06,3,5,20261101,2,road_building,0,1,112,4,4,15,4,0,0,0,0,0,0,13,2,0,0,6,28,21,49,0,3,3,8,3,103,,,23
276,lineup_06,3,5,20261101,3,roads_and_cities,1,1,112,10,9,15,1,3,4,1,0,1,0,13,2,3,5,15,27,38,65,5,7,7,0,12,68,56,12,8
277,lineup_06,3,6,20261102,0,five_resource,0,1,110,9,7,15,1,3,5,2,0,0,0,13,2,3,7,12,28,37,65,1,2,2,9,9,53,9,5,25
277,lineup_06,3,6,20261102,1,full_ows,1,1,110,10,7,12,1,2,3,3,7,0,1,6,1,2,14,12,27,35,62,4,8,8,0,14,106,50,2,10
277,lineup_06,3,6,20261102,2,road_building,0,1,110,5,5,12,3,0,1,0,0,1,0,10,1,0,1,7,27,19,46,4,4,4,4,3,95,,55,35
277,lineup_06,3,6,20261102,3,roads_and_cities,0,1,110,5,5,15,1,2,1,0,0,0,0,13,1,2,1,13,27,30,57,3,6,5,0,20,92,48,96,12
278,lineup_06,3,7,20261103,0,five_resource,0,1,140,8,6,5,0,3,6,2,0,0,0,3,1,3,8,7,35,22,57,3,5,5,13,29,137,81,17,57
278,lineup_06,3,7,20261103,1,full_ows,0,1,140,9,8,9,0,3,1,1,8,0,1,3,1,3,11,7,35,25,60,3,4,4,8,38,114,90,2,78
278,lineup_06,3,7,20261103,2,road_building,0,1,140,9,8,11,4,1,1,1,0,1,0,9,3,1,1,12,35,26,61,3,6,5,4,7,43,135,39,11
278,lineup_06,3,7,20261103,3,roads_and_cities,1,1,140,10,9,15,1,4,3,1,0,0,0,13,3,4,5,7,34,32,66,5,9,9,4,4,84,132,20,68
279,lineup_06,3,8,20261104,0,five_resource,0,1,138,9,6,14,0,3,6,3,0,0,0,12,1,3,6,20,35,42,77,1,3,3,9,1,65,93,17,17
279,lineup_06,3,8,20261104,1,full_ows,1,1,138,10,8,9,0,3,2,2,4,0,1,3,1,3,11,11,34,29,63,2,3,3,34,22,126,74,2,26
279,lineup_06,3,8,20261104,2,road_building,0,1,138,7,7,14,5,0,5,0,0,1,0,12,3,0,5,8,34,28,62,5,5,5,22,3,27,,47,19
279,lineup_06,3,8,20261104,3,roads_and_cities,0,1,138,9,9,13,1,4,2,0,0,0,0,11,3,4,3,14,34,35,69,7,8,8,21,24,88,8,8,20
280,lineup_06,3,9,20261105,0,five_resource,0,1,138,7,6,13,4,1,3,1,0,0,0,11,3,1,4,15,35,34,69,4,7,7,0,5,53,129,9,65
280,lineup_06,3,9,20261105,1,full_ows,1,1,138,10,8,7,0,3,2,2,10,0,1,5,1,3,13,13,34,35,69,4,5,5,28,74,118,54,2,22
280,lineup_06,3,9,20261105,2,road_building,0,1,138,6,5,15,3,1,1,1,0,0,0,13,2,1,2,3,34,21,55,4,6,5,10,3,83,127,47,75
280,lineup_06,3,9,20261105,3,roads_and_cities,0,1,138,9,8,12,0,3,3,1,0,1,0,6,1,3,6,12,34,28,62,2,5,5,16,8,116,48,20,8
281,lineup_07,0,0,20261106,0,full_ows,1,1,105,10,7,13,1,2,3,3,9,0,1,7,1,2,17,15,26,42,68,8,11,11,0,37,105,9,13,25
281,lineup_07,0,0,20261106,1,road_building,0,1,105,8,7,10,5,0,3,1,0,1,0,8,3,0,3,5,26,19,45,3,7,7,8,6,46,,18,18
281,lineup_07,0,0,20261106,2,roads_and_cities,0,1,105,7,6,9,0,3,1,1,0,0,0,7,1,3,2,11,26,24,50,1,2,2,24,15,75,23,47,15
281,lineup_07,0,0,20261106,3,port,0,1,105,3,3,7,3,0,3,0,0,0,0,5,1,0,3,14,26,23,49,1,4,4,0,8,76,,16,8
282,lineup_07,0,1,20261107,0,full_ows,1,1,109,10,6,5,2,1,4,4,5,0,1,3,1,1,10,6,27,21,48,3,5,5,0,5,89,109,1,5
282,lineup_07,0,1,20261107,1,road_building,0,1,109,6,5,14,3,0,2,1,0,1,0,12,1,0,2,9,27,24,51,1,1,1,4,14,78,,26,26
282,lineup_07,0,1,20261107,2,roads_and_cities,0,1,109,7,7,15,1,3,1,0,0,0,0,13,2,3,2,18,27,38,65,1,2,2,17,3,63,19,43,23
282,lineup_07,0,1,20261107,3,port,0,1,109,2,2,6,2,0,7,0,0,0,0,2,0,0,10,13,27,25,52,1,3,3,0,44,,,4,4
283,lineup_07,0,2,20261108,0,full_ows,1,1,89,10,6,5,0,2,4,4,5,0,1,3,0,2,10,14,22,29,51,2,3,3,0,25,,21,1,9
283,lineup_07,0,2,20261108,1,road_building,0,1,89,2,2,11,2,0,4,0,0,0,0,9,0,0,4,4,22,17,39,1,1,1,4,2,,,26,10
283,lineup_07,0,2,20261108,2,roads_and_cities,0,1,89,7,7,14,1,3,1,0,0,0,0,10,2,3,4,5,22,24,46,4,4,4,4,15,63,15,7,23
283,lineup_07,0,2,20261108,3,port,0,1,89,5,5,15,3,0,2,0,0,1,0,13,1,0,2,7,22,23,45,3,5,5,0,4,40,,60,4
284,lineup_07,0,3,20261109,0,full_ows,1,1,101,10,6,6,0,2,4,4,10,0,1,2,0,2,19,17,25,40,65,4,7,7,4,69,,29,5,9
284,lineup_07,0,3,20261109,1,road_building,0,1,101,3,3,6,3,0,3,0,0,0,0,4,1,0,3,6,25,14,39,0,0,0,0,10,78,,42,2
284,lineup_07,0,3,20261109,2,roads_and_cities,0,1,101,4,3,12,3,0,1,1,0,0,0,10,1,0,1,6,25,18,43,1,3,3,0,11,51,,23,11
284,lineup_07,0,3,20261109,3,port,0,1,101,6,6,13,4,0,1,0,0,1,0,9,2,0,2,12,25,25,50,2,3,3,13,28,44,,80,28
285,lineup_07,0,4,20261110,0,full_ows,1,1,101,10,5,8,1,1,5,5,9,0,1,2,0,1,20,7,25,30,55,1,4,4,0,25,,101,5,9
285,lineup_07,0,4,20261110,1,road_building,0,1,101,2,2,14,2,0,0,0,0,0,0,12,0,0,0,4,25,16,41,2,4,4,0,2,,,,30
285,lineup_07,0,4,20261110,2,roads_and_cities,0,1,101,4,4,8,0,2,2,0,0,0,0,6,0,2,2,5,25,15,40,3,3,3,9,15,,11,23,59
285,lineup_07,0,4,20261110,3,port,0,1,101,7,7,12,5,0,0,0,0,1,0,10,3,0,0,13,25,26,51,4,6,6,0,4,68,,,8
286,lineup_07,0,5,20261111,0,full_ows,0,1,111,9,8,11,0,3,1,1,9,0,1,5,1,3,13,3,28,25,53,3,8,8,4,1,109,81,5,65
286,lineup_07,0,5,20261111,1,road_building,0,1,111,7,6,12,4,0,2,1,0,1,0,10,2,0,2,9,28,23,51,0,2,2,0,2,42,,94,30
286,lineup_07,0,5,20261111,2,roads_and_cities,1,1,111,10,7,7,1,3,7,3,0,0,0,5,2,3,10,3,27,23,50,5,7,7,0,15,79,27,15,67
286,lineup_07,0,5,20261111,3,port,0,1,111,4,4,12,4,0,0,0,0,0,0,10,2,0,0,16,27,28,55,5,9,9,0,12,92,,,8
287,lineup_07,0,6,20261112,0,full_ows,1,1,149,10,7,10,1,2,3,3,7,0,1,4,1,2,13,11,37,31,68,1,1,1,12,17,149,65,5,17
287,lineup_07,0,6,20261112,1,road_building,0,1,149,7,7,15,5,0,1,0,0,1,0,13,3,0,1,10,37,27,64,1,1,1,0,2,30,,98,38
287,lineup_07,0,6,20261112,2,roads_and_cities,0,1,149,6,5,11,3,1,4,1,0,0,0,9,2,1,4,6,37,22,59,4,5,5,16,7,51,131,27,7
287,lineup_07,0,6,20261112,3,port,0,1,149,8,7,15,3,2,4,1,0,0,0,13,3,2,7,22,37,47,84,2,5,5,16,8,40,132,52,8
288,lineup_07,0,7,20261113,0,full_ows,0,1,132,5,5,10,1,1,1,0,5,0,1,6,0,1,9,12,33,28,61,3,4,4,4,21,,45,13,17
288,lineup_07,0,7,20261113,1,road_building,0,1,132,5,2,15,2,0,3,3,0,0,0,13,0,0,3,5,33,21,54,1,2,2,12,2,,,46,14
288,lineup_07,0,7,20261113,2,roads_and_cities,0,1,132,6,6,12,0,3,3,0,0,0,0,10,1,3,3,11,33,28,61,2,2,2,21,39,115,19,39,19
288,lineup_07,0,7,20261113,3,port,1,1,132,10,9,13,3,2,3,1,0,1,0,11,3,2,5,16,32,37,69,3,4,4,0,8,36,116,36,8
289,lineup_07,0,8,20261114,0,full_ows,0,1,127,7,6,7,0,2,1,1,7,0,1,4,0,2,9,9,32,24,56,5,10,10,9,13,,93,13,9
289,lineup_07,0,8,20261114,1,road_building,0,1,127,6,6,13,4,0,1,0,0,1,0,11,2,0,1,7,32,21,53,1,1,1,8,2,94,,14,14
289,lineup_07,0,8,20261114,2,roads_and_cities,1,1,127,10,8,15,0,4,4,2,0,0,0,13,2,4,4,15,31,38,69,2,2,2,13,3,103,11,47,11
289,lineup_07,0,8,20261114,3,port,0,1,127,3,2,15,2,0,4,1,0,0,0,11,0,0,8,16,31,35,66,4,5,5,4,8,,,24,8
290,lineup_07,0,9,20261115,0,full_ows,0,1,175,9,7,14,1,2,2,2,8,0,1,8,1,2,13,13,44,37,81,7,16,16,4,13,169,133,17,1
290,lineup_07,0,9,20261115,1,road_building,0,1,175,4,4,9,0,2,3,0,0,0,0,7,0,2,5,10,44,24,68,4,6,6,14,2,,146,50,50
290,lineup_07,0,9,20261115,2,roads_and_cities,1,1,175,10,8,14,0,3,3,2,0,1,0,12,1,3,4,13,43,33,76,3,6,6,8,3,39,127,19,19
290,lineup_07,0,9,20261115,3,port,0,1,175,7,6,15,2,2,3,1,0,0,0,13,2,2,3,13,43,33,76,8,13,13,12,4,92,144,20,8
291,lineup_07,1,0,20261116,0,road_building,1,1,149,10,9,15,3,2,4,1,0,1,0,13,3,2,4,10,37,32,69,2,3,3,0,13,81,145,5,9
291,lineup_07,1,0,20261116,1,roads_and_cities,0,1,149,7,5,6,3,1,7,2,0,0,0,4,2,1,10,11,37,28,65,2,6,6,9,38,78,138,22,22
291,lineup_07,1,0,20261116,2,port,0,1,149,7,7,15,5,1,3,0,0,0,0,13,4,1,3,29,37,50,87,4,7,7,4,3,79,143,31,7
291,lineup_07,1,0,20261116,3,full_ows,0,1,149,8,6,12,0,2,2,2,3,0,1,6,0,2,8,21,37,37,74,7,15,14,4,4,,28,12,4
292,lineup_07,1,1,20261117,0,road_building,0,1,139,6,6,15,4,1,2,0,0,0,0,13,3,1,2,6,35,25,60,3,3,3,13,9,97,129,37,57
292,lineup_07,1,1,20261117,1,roads_and_cities,0,1,139,4,4,15,0,2,1,0,0,0,0,13,0,2,1,9,35,25,60,2,7,7,45,6,,10,118,26
292,lineup_07,1,1,20261117,2,port,1,1,139,10,6,15,2,1,9,4,0,1,0,13,1,1,12,7,34,34,68,4,6,6,4,3,31,139,7,51
292,lineup_07,1,1,20261117,3,full_ows,0,1,139,5,4,13,2,0,1,1,6,0,1,7,0,0,10,10,34,27,61,7,12,12,4,20,,,4,20
293,lineup_07,1,2,20261118,0,road_building,1,1,101,10,7,14,3,1,4,3,0,1,0,12,2,1,5,4,25,24,49,1,1,1,0,1,61,101,41,57
293,lineup_07,1,2,20261118,1,roads_and_cities,0,1,101,5,4,15,4,0,3,1,0,0,0,11,2,0,4,11,25,28,53,3,5,5,0,2,30,,14,38
293,lineup_07,1,2,20261118,2,port,0,1,101,5,5,11,5,0,3,0,0,0,0,9,3,0,3,21,25,36,61,4,4,4,0,7,39,,47,7
293,lineup_07,1,2,20261118,3,full_ows,0,1,101,5,4,4,2,0,4,1,4,0,1,2,0,0,9,8,25,19,44,3,6,6,4,52,,,8,8
294,lineup_07,1,3,20261119,0,road_building,0,1,116,2,2,13,2,0,2,0,0,0,0,11,0,0,2,7,29,20,49,0,0,0,0,9,,,13,13
294,lineup_07,1,3,20261119,1,roads_and_cities,0,1,116,6,6,7,0,3,4,0,0,0,0,5,1,3,6,8,29,23,52,0,0,0,5,2,106,46,10,10
294,lineup_07,1,3,20261119,2,port,0,1,116,7,5,8,3,0,8,2,0,1,0,6,1,0,8,17,29,32,61,2,5,5,0,3,107,,19,7
294,lineup_07,1,3,20261119,3,full_ows,1,1,116,10,7,8,1,2,3,3,3,0,1,4,1,2,9,13,28,29,57,2,2,2,8,16,116,76,8,8
295,lineup_07,1,4,20261120,0,road_building,0,1,119,4,4,15,4,0,1,0,0,0,0,13,2,0,2,4,30,21,51,2,5,5,4,5,77,,17,21
295,lineup_07,1,4,20261120,1,roads_and_cities,0,1,119,5,3,13,3,0,7,2,0,0,0,11,1,0,7,5,30,24,54,5,7,7,4,2,118,,34,18
295,lineup_07,1,4,20261120,2,port,1,1,119,10,8,15,4,1,5,2,0,1,0,13,3,1,5,9,29,31,60,6,10,10,4,7,31,119,7,19
295,lineup_07,1,4,20261120,3,full_ows,0,1,119,6,5,10,3,0,2,1,5,0,1,4,1,0,11,9,29,25,54,0,4,4,0,4,116,,32,4
296,lineup_07,1,5,20261121,0,road_building,0,1,128,7,7,15,5,0,0,0,0,1,0,11,3,0,1,9,32,24,56,6,7,7,0,1,73,,49,13
296,lineup_07,1,5,20261121,1,roads_and_cities,0,1,128,9,8,13,0,4,5,1,0,0,0,11,2,4,7,18,32,42,74,0,1,1,25,30,78,6,2,6
296,lineup_07,1,5,20261121,2,port,0,1,128,7,6,15,4,1,4,1,0,0,0,13,3,1,4,7,32,28,60,2,3,3,5,11,99,123,43,19
296,lineup_07,1,5,20261121,3,full_ows,1,1,128,10,7,7,1,2,3,3,7,0,1,3,1,2,13,18,31,37,68,4,4,4,4,60,128,20,12,8
297,lineup_07,1,6,20261122,0,road_building,0,1,99,4,4,15,4,0,2,0,0,0,0,13,2,0,2,2,25,19,44,4,5,5,8,1,89,,33,57
297,lineup_07,1,6,20261122,1,roads_and_cities,0,1,99,6,6,8,0,3,0,0,0,0,0,6,1,3,0,9,25,19,44,0,0,0,0,6,86,18,,6
297,lineup_07,1,6,20261122,2,port,1,1,99,10,7,15,5,0,4,3,0,1,0,13,3,0,6,13,24,35,59,5,9,9,12,7,15,,23,7
297,lineup_07,1,6,20261122,3,full_ows,0,1,99,5,4,3,2,0,1,1,6,0,1,1,0,0,7,7,24,15,39,0,0,0,4,52,,,8,8
298,lineup_07,1,7,20261123,0,road_building,0,1,126,9,9,15,3,3,4,0,0,0,0,13,4,3,5,20,32,45,77,3,7,7,13,5,5,21,37,21
298,lineup_07,1,7,20261123,1,roads_and_cities,1,1,126,10,8,15,0,4,4,2,0,0,0,11,2,4,6,6,31,29,60,4,6,6,13,2,42,54,14,38
298,lineup_07,1,7,20261123,2,port,0,1,126,9,7,12,3,1,2,2,0,1,0,10,2,1,3,19,31,35,66,3,12,12,0,23,35,123,91,31
298,lineup_07,1,7,20261123,3,full_ows,0,1,126,7,6,6,0,2,2,1,8,0,1,4,0,2,11,5,31,22,53,5,12,12,8,36,,32,4,52
299,lineup_07,1,8,20261124,0,road_building,1,1,125,10,9,15,5,1,6,1,0,1,0,13,4,1,8,8,31,34,65,3,5,5,13,1,17,113,21,29
299,lineup_07,1,8,20261124,1,roads_and_cities,0,1,125,6,4,6,0,2,3,2,0,0,0,4,0,2,4,2,31,12,43,1,6,6,0,30,,34,6,70
299,lineup_07,1,8,20261124,2,port,0,1,125,8,7,15,5,1,7,1,0,0,0,11,4,1,9,15,31,40,71,11,24,22,10,15,91,103,19,31
299,lineup_07,1,8,20261124,3,full_ows,0,1,125,4,3,7,3,0,1,1,2,0,0,3,1,0,4,8,31,16,47,3,8,8,8,44,80,,8,44
300,lineup_07,1,9,20261125,0,road_building,0,1,175,8,7,15,3,2,4,1,0,0,0,13,3,2,4,24,44,46,90,6,10,10,16,1,65,169,29,25
300,lineup_07,1,9,20261125,1,roads_and_cities,0,1,175,9,8,15,0,3,4,1,0,1,0,13,1,3,4,21,44,42,86,1,5,5,18,6,110,26,2,6
300,lineup_07,1,9,20261125,2,port,1,1,175,10,10,15,2,4,2,0,0,0,0,13,4,4,3,25,43,49,92,10,15,15,8,7,23,135,3,7
300,lineup_07,1,9,20261125,3,full_ows,0,1,175,9,6,9,0,2,3,3,6,0,1,3,0,2,14,12,43,31,74,2,6,6,17,28,,100,8,16
301,lineup_07,2,0,20261126,0,roads_and_cities,0,1,126,7,6,15,2,2,3,1,0,0,0,13,2,2,4,15,32,36,68,8,11,11,4,1,65,13,21,5
301,lineup_07,2,0,20261126,1,port,1,1,126,10,7,15,3,1,8,3,0,1,0,13,2,1,9,8,31,33,64,1,2,2,5,6,102,118,30,10
301,lineup_07,2,0,20261126,2,full_ows,0,1,126,9,9,8,1,3,0,0,6,0,1,4,2,3,9,10,31,28,59,5,9,8,15,19,79,39,27,19
301,lineup_07,2,0,20261126,3,road_building,0,1,126,5,4,7,4,0,3,1,0,0,0,5,2,0,3,4,31,14,45,2,2,2,8,4,96,,32,32
302,lineup_07,2,1,20261127,0,roads_and_cities,0,1,128,6,5,15,3,1,4,1,0,0,0,13,2,1,4,9,32,29,61,3,4,4,4,13,45,65,9,9
302,lineup_07,2,1,20261127,1,port,0,1,128,4,4,12,4,0,4,0,0,0,0,10,2,0,5,10,32,27,59,5,5,5,8,2,58,,2,2
302,lineup_07,2,1,20261127,2,full_ows,0,1,128,9,6,7,0,2,3,3,7,0,1,4,0,2,14,9,32,29,61,7,7,7,24,51,,7,3,15
302,lineup_07,2,1,20261127,3,road_building,1,1,128,10,9,15,1,3,1,1,0,1,0,11,2,3,2,19,31,37,68,4,4,4,4,4,80,112,20,32
303,lineup_07,2,2,20261128,0,roads_and_cities,0,1,94,6,4,13,0,2,3,2,0,0,0,9,0,2,5,11,24,27,51,3,8,8,0,37,,33,5,37
303,lineup_07,2,2,20261128,1,port,1,1,94,10,9,11,1,3,2,1,0,1,0,9,2,3,2,10,23,26,49,2,2,2,0,2,34,70,18,38
303,lineup_07,2,2,20261128,2,full_ows,0,1,94,6,6,3,0,2,2,0,7,0,1,1,0,2,12,6,23,21,44,4,4,4,0,27,,51,3,15
303,lineup_07,2,2,20261128,3,road_building,0,1,94,5,4,9,4,0,2,1,0,0,0,7,2,0,2,4,23,15,38,3,3,3,5,12,36,,64,32
304,lineup_07,2,3,20261129,0,roads_and_cities,1,1,141,10,9,12,3,3,2,1,0,0,0,10,4,3,3,11,35,31,66,5,6,6,5,21,57,5,69,21
304,lineup_07,2,3,20261129,1,port,0,1,141,6,5,15,3,0,4,1,0,1,0,13,1,0,5,18,35,37,72,3,6,6,0,2,138,,18,10
304,lineup_07,2,3,20261129,2,full_ows,0,1,141,9,6,13,2,1,3,3,9,0,1,9,1,1,14,8,35,33,68,3,10,9,0,3,123,127,11,3
304,lineup_07,2,3,20261129,3,road_building,0,1,141,8,8,15,0,4,2,0,0,0,0,13,2,4,3,19,35,41,76,1,8,8,8,4,56,104,92,16
305,lineup_07,2,4,20261130,0,roads_and_cities,1,1,81,10,8,11,0,3,7,2,0,1,0,9,1,3,8,10,20,31,51,4,6,6,5,17,25,29,1,17
305,lineup_07,2,4,20261130,1,port,0,1,81,5,4,10,2,1,7,1,0,0,0,8,1,1,7,2,20,19,39,1,1,1,4,2,58,78,6,34
305,lineup_07,2,4,20261130,2,full_ows,0,1,81,6,4,5,2,0,4,2,3,0,1,3,0,0,9,4,20,16,36,1,2,2,4,19,,,11,15
305,lineup_07,2,4,20261130,3,road_building,0,1,81,4,4,10,4,0,0,0,0,0,0,8,2,0,1,4,20,15,35,4,4,4,0,4,80,,68,48
306,lineup_07,2,5,20261131,0,roads_and_cities,1,1,105,11,9,13,1,3,7,2,0,1,0,11,2,3,7,7,26,30,56,7,15,13,5,1,53,9,21,69
306,lineup_07,2,5,20261131,1,port,0,1,105,6,5,15,5,0,3,1,0,0,0,11,3,0,6,8,26,28,54,3,3,3,4,18,34,,6,38
306,lineup_07,2,5,20261131,2,full_ows,0,1,105,8,7,6,1,2,1,1,4,0,1,2,1,2,8,8,26,21,47,2,2,2,4,7,83,55,3,27
306,lineup_07,2,5,20261131,3,road_building,0,1,105,7,6,15,4,1,4,1,0,0,0,13,3,1,4,8,26,29,55,2,6,6,0,12,20,52,28,20
307,lineup_07,2,6,20261132,0,roads_and_cities,0,1,98,4,4,10,0,2,3,0,0,0,0,8,0,2,3,2,25,15,40,5,7,7,4,5,,41,9,29
307,lineup_07,2,6,20261132,1,port,1,1,98,10,7,11,1,3,5,3,0,0,0,9,2,3,7,11,24,32,56,6,6,6,4,10,30,26,2,22
307,lineup_07,2,6,20261132,2,full_ows,0,1,98,8,6,9,0,2,2,2,6,0,1,3,0,2,11,3,24,19,43,1,5,5,5,11,,63,7,75
307,lineup_07,2,6,20261132,3,road_building,0,1,98,7,7,12,5,0,1,0,0,1,0,10,3,0,2,8,24,23,47,2,2,2,8,4,40,,44,8
308,lineup_07,2,7,20261133,0,roads_and_cities,0,1,102,8,8,15,0,4,2,0,0,0,0,13,2,4,2,12,26,33,59,2,4,4,9,1,81,25,13,25
308,lineup_07,2,7,20261133,1,port,1,1,102,10,10,11,0,4,1,0,0,1,0,9,2,4,2,18,25,35,60,3,3,3,14,22,70,6,54,6
308,lineup_07,2,7,20261133,2,full_ows,0,1,102,6,3,11,1,1,3,3,2,0,0,9,0,1,6,7,25,23,48,0,0,0,8,3,,11,19,19
308,lineup_07,2,7,20261133,3,road_building,0,1,102,6,6,15,4,1,6,0,0,0,0,13,3,1,7,13,25,37,62,4,5,5,0,4,12,80,24,28
309,lineup_07,2,8,20261134,0,roads_and_cities,0,1,103,9,8,8,0,4,2,1,0,0,0,6,2,4,3,7,26,22,48,2,2,2,9,5,57,65,45,29
309,lineup_07,2,8,20261134,1,port,0,1,103,3,3,10,3,0,6,0,0,0,0,4,1,0,8,8,26,21,47,3,6,6,0,62,98,,2,54
309,lineup_07,2,8,20261134,2,full_ows,1,1,103,10,6,5,0,2,4,4,6,0,1,3,0,2,12,6,25,23,48,5,6,6,0,43,,99,3,39
309,lineup_07,2,8,20261134,3,road_building,0,1,103,7,7,10,5,0,1,0,0,1,0,8,3,0,2,7,25,20,45,2,5,5,4,4,8,,24,8
310,lineup_07,2,9,20261135,0,roads_and_cities,0,1,116,4,4,15,2,1,3,0,0,0,0,13,1,1,3,9,29,27,56,1,5,5,8,1,57,37,73,33
310,lineup_07,2,9,20261135,1,port,0,1,116,7,7,15,5,1,5,0,0,0,0,13,4,1,5,10,29,33,62,7,7,7,12,2,14,82,34,6
310,lineup_07,2,9,20261135,2,full_ows,0,1,116,8,5,11,1,1,3,3,4,0,1,7,0,1,11,12,29,31,60,3,3,3,0,7,,115,19,7
310,lineup_07,2,9,20261135,3,road_building,1,1,116,10,9,15,5,1,2,1,0,1,0,13,4,1,3,15,28,36,64,8,9,9,8,4,16,104,28,20
311,lineup_07,3,0,20261136,0,port,0,1,138,7,6,13,4,1,3,1,0,0,0,11,3,1,3,13,35,31,66,5,5,5,0,1,37,137,21,17
311,lineup_07,3,0,20261136,1,full_ows,1,1,138,10,8,10,0,3,2,2,8,0,1,4,1,3,15,8,34,31,65,3,4,4,13,46,122,30,2,38
311,lineup_07,3,0,20261136,2,road_building,0,1,138,5,4,12,2,1,2,1,0,0,0,10,1,1,3,17,34,32,66,4,4,4,9,11,107,103,15,7
311,lineup_07,3,0,20261136,3,roads_and_cities,0,1,138,9,8,15,0,3,4,1,0,1,0,13,1,3,4,9,34,30,64,8,11,11,10,16,112,40,8,8
312,lineup_07,3,1,20261137,0,port,1,1,85,10,10,15,0,4,1,0,0,1,0,13,2,4,1,8,21,28,49,6,6,6,0,5,9,25,49,5
312,lineup_07,3,1,20261137,1,full_ows,0,1,85,7,6,7,2,1,1,1,4,0,1,5,1,1,6,5,21,18,39,1,1,1,0,10,58,78,42,34
312,lineup_07,3,1,20261137,2,road_building,0,1,85,2,2,15,2,0,0,0,0,0,0,13,0,0,0,4,21,17,38,0,0,0,9,3,,,,23
312,lineup_07,3,1,20261137,3,roads_and_cities,0,1,85,4,3,7,1,1,2,1,0,0,0,5,0,1,2,8,21,16,37,1,1,1,4,24,,60,4,4
313,lineup_07,3,2,20261138,0,port,0,1,122,6,6,13,4,0,3,0,0,1,0,11,2,0,3,7,31,23,54,8,9,9,0,1,57,,29,17
313,lineup_07,3,2,20261138,1,full_ows,1,1,122,10,7,9,1,2,3,3,8,0,1,5,1,2,13,17,30,38,68,1,2,2,4,46,122,18,14,6
313,lineup_07,3,2,20261138,2,road_building,0,1,122,6,6,15,4,1,1,0,0,0,0,13,3,1,2,15,30,34,64,4,4,4,12,3,55,119,63,55
313,lineup_07,3,2,20261138,3,roads_and_cities,0,1,122,9,7,15,1,3,5,2,0,0,0,13,2,3,7,15,30,40,70,6,6,6,18,20,84,48,16,40
314,lineup_07,3,3,20261139,0,port,0,1,76,4,4,8,2,1,2,0,0,0,0,6,1,1,3,6,19,17,36,2,2,2,0,17,69,5,49,17
314,lineup_07,3,3,20261139,1,full_ows,0,1,76,9,5,4,1,1,4,4,4,0,1,2,0,1,8,6,19,17,36,1,1,1,0,10,,70,2,10
314,lineup_07,3,3,20261139,2,road_building,0,1,76,4,4,10,4,0,0,0,0,0,0,6,2,0,2,3,19,13,32,3,5,5,4,3,55,,3,15
314,lineup_07,3,3,20261139,3,roads_and_cities,1,1,76,10,10,11,0,4,3,0,0,1,0,9,2,4,3,9,18,27,45,0,2,2,9,20,52,12,44,4
315,lineup_07,3,4,20261140,0,port,1,1,153,10,8,15,4,2,4,2,0,0,0,13,4,2,5,21,38,45,83,2,9,6,4,5,25,137,17,69
315,lineup_07,3,4,20261140,1,full_ows,0,1,153,8,6,5,0,2,2,2,7,0,1,3,0,2,10,11,38,26,64,4,6,5,5,46,,118,18,38
315,lineup_07,3,4,20261140,2,road_building,0,1,153,8,8,14,4,1,2,0,0,1,0,10,3,1,4,15,38,33,71,3,6,6,8,7,55,151,11,3
315,lineup_07,3,4,20261140,3,roads_and_cities,0,1,153,6,5,15,3,1,4,1,0,0,0,11,2,1,6,10,38,30,68,9,14,14,0,44,132,148,4,16
316,lineup_07,3,5,20261141,0,port,0,1,164,5,5,15,5,0,2,0,0,0,0,13,3,0,2,14,41,32,73,3,7,7,13,17,113,,37,9
316,lineup_07,3,5,20261141,1,full_ows,0,1,164,9,5,7,1,1,4,4,9,0,1,3,0,1,16,8,41,28,69,5,5,5,17,26,,138,2,14
316,lineup_07,3,5,20261141,2,road_building,0,1,164,7,6,15,2,2,2,1,0,0,0,11,2,2,4,10,41,29,70,4,8,8,12,3,131,155,35,15
316,lineup_07,3,5,20261141,3,roads_and_cities,1,1,164,11,11,14,1,4,2,0,0,1,0,12,3,4,3,20,40,42,82,2,3,3,31,68,124,12,40,36
317,lineup_07,3,6,20261142,0,port,1,1,129,10,8,15,2,2,3,2,0,1,0,13,2,2,3,22,32,42,74,4,5,5,4,1,53,121,65,1
317,lineup_07,3,6,20261142,1,full_ows,0,1,129,8,7,7,1,2,1,1,9,0,1,3,1,2,13,19,32,38,70,1,3,3,4,6,78,58,2,10
317,lineup_07,3,6,20261142,2,road_building,0,1,129,5,5,15,5,0,1,0,0,0,0,13,3,0,1,11,32,28,60,1,2,2,8,3,51,,27,19
317,lineup_07,3,6,20261142,3,roads_and_cities,0,1,129,8,6,10,2,2,5,2,0,0,0,6,2,2,8,10,32,28,60,3,6,6,0,16,36,116,4,60
318,lineup_07,3,7,20261143,0,port,0,1,78,7,6,10,2,1,1,1,0,1,0,4,1,1,3,13,20,22,42,0,0,0,4,9,49,21,17,1
318,lineup_07,3,7,20261143,1,full_ows,1,1,78,10,7,4,1,2,3,3,7,0,1,2,1,2,11,20,19,36,55,3,4,4,4,26,62,6,22,2
318,lineup_07,3,7,20261143,2,road_building,0,1,78,3,3,13,3,0,0,0,0,0,0,11,1,0,1,5,19,18,37,2,3,3,0,7,27,,43,31
318,lineup_07,3,7,20261143,3,roads_and_cities,0,1,78,9,8,11,0,4,3,1,0,0,0,9,2,4,4,10,19,29,48,3,3,3,10,16,28,4,56,16
319,lineup_07,3,8,20261144,0,port,0,1,148,7,5,14,5,0,3,2,0,0,0,10,3,0,4,17,37,34,71,1,5,5,13,1,37,,57,1
319,lineup_07,3,8,20261144,1,full_ows,0,1,148,8,6,9,2,1,2,2,10,0,1,5,1,1,16,7,37,30,67,3,8,8,8,50,146,74,2,78
319,lineup_07,3,8,20261144,2,road_building,0,1,148,8,7,15,5,0,3,1,0,1,0,13,3,0,3,10,37,29,66,5,5,5,12,3,43,,63,35
319,lineup_07,3,8,20261144,3,roads_and_cities,1,1,148,10,10,15,2,4,1,0,0,0,0,13,4,4,2,11,36,34,70,4,10,9,24,12,48,28,4,20
320,lineup_07,3,9,20261145,0,port,0,1,162,9,8,15,2,3,8,1,0,0,0,11,3,3,9,21,41,47,88,1,8,8,4,25,37,145,5,13
320,lineup_07,3,9,20261145,1,full_ows,1,1,162,10,7,7,1,2,3,3,3,0,1,3,1,2,11,14,40,31,71,4,5,5,17,22,94,150,2,14
320,lineup_07,3,9,20261145,2,road_building,0,1,162,8,7,15,5,0,3,1,0,1,0,13,3,0,3,14,40,33,73,5,7,7,4,7,115,,39,11
320,lineup_07,3,9,20261145,3,roads_and_cities,0,1,162,9,9,15,1,4,2,0,0,0,0,13,3,4,2,18,40,40,80,8,10,10,0,12,96,16,44,24
321,lineup_08,0,0,20261146,0,full_ows,0,1,83,8,6,4,0,2,3,2,4,0,1,2,0,2,7,10,21,21,42,3,3,3,0,37,,13,29,5
321,lineup_08,0,0,20261146,1,road_building,0,1,83,3,2,7,2,0,3,1,0,0,0,5,0,0,3,8,21,16,37,2,2,2,0,6,,,2,2
321,lineup_08,0,0,20261146,2,five_resource,1,1,83,10,9,8,1,3,3,1,0,1,0,6,2,3,5,6,20,22,42,3,5,5,8,15,35,19,3,7
321,lineup_08,0,0,20261146,3,port,0,1,83,2,2,9,2,0,3,0,0,0,0,7,0,0,4,4,20,15,35,1,3,3,4,8,,,4,16
322,lineup_08,0,1,20261147,0,full_ows,1,1,101,10,7,6,1,2,3,3,6,0,1,4,1,2,9,13,25,29,54,0,1,1,12,33,101,5,5,25
322,lineup_08,0,1,20261147,1,road_building,0,1,101,8,7,8,3,1,2,1,0,1,0,6,2,1,3,11,25,23,48,1,2,2,0,2,30,94,34,14
322,lineup_08,0,1,20261147,2,five_resource,0,1,101,5,4,6,4,0,5,1,0,0,0,2,2,0,7,3,25,14,39,1,1,1,11,19,87,,3,39
322,lineup_08,0,1,20261147,3,port,0,1,101,3,3,12,3,0,3,0,0,0,0,8,1,0,6,12,25,27,52,0,13,11,0,16,88,,8,20
323,lineup_08,0,2,20261148,0,full_ows,0,1,144,9,6,6,2,1,3,3,8,0,1,2,1,1,15,7,36,26,62,2,4,4,12,33,81,129,5,9
323,lineup_08,0,2,20261148,1,road_building,0,1,144,7,7,15,5,0,2,0,0,1,0,13,3,0,2,11,36,29,65,5,11,11,8,6,66,,6,6
323,lineup_08,0,2,20261148,2,five_resource,0,1,144,9,8,15,4,2,4,1,0,0,0,11,4,2,6,14,36,37,73,6,10,10,13,3,79,123,7,15
323,lineup_08,0,2,20261148,3,port,1,1,144,10,9,15,1,4,2,1,0,0,0,13,3,4,2,14,35,36,71,3,8,8,5,8,72,116,12,8
324,lineup_08,0,3,20261149,0,full_ows,0,1,143,9,8,14,2,2,1,1,8,0,1,8,2,2,13,26,36,51,87,9,13,13,0,25,117,73,5,17
324,lineup_08,0,3,20261149,1,road_building,0,1,143,7,7,15,5,0,2,0,0,1,0,13,3,0,3,8,36,27,63,4,5,5,8,2,90,,14,30
324,lineup_08,0,3,20261149,2,five_resource,1,1,143,10,7,15,1,3,4,3,0,0,0,13,2,3,4,21,35,43,78,6,8,8,9,3,87,119,11,11
324,lineup_08,0,3,20261149,3,port,0,1,143,9,8,15,4,2,4,1,0,0,0,13,4,2,5,19,35,43,78,1,3,3,8,12,52,124,36,12
325,lineup_08,0,4,20261150,0,full_ows,0,1,119,6,6,2,0,2,0,0,7,0,1,0,0,2,10,12,30,24,54,5,7,7,0,,,21,5,13
325,lineup_08,0,4,20261150,1,road_building,0,1,119,7,6,15,4,1,2,1,0,0,0,11,3,1,3,13,30,31,61,3,7,7,13,2,22,118,30,22
325,lineup_08,0,4,20261150,2,five_resource,1,1,119,10,8,15,2,3,5,2,0,0,0,11,3,3,6,9,29,32,61,2,2,2,12,7,35,107,19,43
325,lineup_08,0,4,20261150,3,port,0,1,119,8,6,14,4,0,5,2,0,1,0,12,2,0,6,17,29,37,66,5,7,7,0,24,64,,4,4
326,lineup_08,0,5,20261151,0,full_ows,0,1,152,8,6,6,0,2,2,2,8,0,1,2,0,2,13,9,38,26,64,5,9,9,8,117,,5,17,41
326,lineup_08,0,5,20261151,1,road_building,0,1,152,6,5,15,1,2,2,1,0,0,0,13,1,2,2,10,38,28,66,3,9,9,4,6,130,138,42,6
326,lineup_08,0,5,20261151,2,five_resource,0,1,152,7,6,9,4,1,3,1,0,0,0,5,3,1,6,19,38,34,72,3,6,6,10,3,91,139,27,3
326,lineup_08,0,5,20261151,3,port,1,1,152,10,9,15,3,2,4,1,0,1,0,13,3,2,4,21,37,43,80,4,7,7,4,4,108,128,12,4
327,lineup_08,0,6,20261152,0,full_ows,0,1,83,5,4,8,2,0,2,1,8,0,1,4,0,0,13,6,21,23,44,5,9,9,0,1,,,13,13
327,lineup_08,0,6,20261152,1,road_building,0,1,83,4,4,12,4,0,2,0,0,0,0,10,2,0,2,5,21,19,40,2,4,4,0,22,46,,18,6
327,lineup_08,0,6,20261152,2,five_resource,1,1,83,10,8,7,0,4,3,2,0,0,0,5,2,4,3,15,20,29,49,0,0,0,13,23,47,7,39,11
327,lineup_08,0,6,20261152,3,port,0,1,83,7,6,10,2,1,3,1,0,1,0,8,1,1,4,11,20,25,45,3,6,6,8,8,44,32,16,8
328,lineup_08,0,7,20261153,0,full_ows,1,1,109,10,8,10,0,3,2,2,10,0,1,4,1,3,17,12,27,37,64,6,10,10,8,77,101,9,1,29
328,lineup_08,0,7,20261153,1,road_building,0,1,109,8,7,15,1,2,2,1,0,1,0,13,1,2,2,8,27,26,53,1,2,2,4,10,54,90,34,42
328,lineup_08,0,7,20261153,2,five_resource,0,1,109,7,6,12,0,3,4,1,0,0,0,10,1,3,4,11,27,29,56,3,6,6,16,7,47,27,11,43
328,lineup_08,0,7,20261153,3,port,0,1,109,9,8,15,4,2,1,1,0,0,0,13,4,2,2,11,27,32,59,5,5,5,4,4,12,84,72,12
329,lineup_08,0,8,20261154,0,full_ows,1,1,105,10,8,8,0,3,2,2,5,0,1,4,1,3,9,5,26,22,48,6,9,9,0,25,93,69,1,17
329,lineup_08,0,8,20261154,1,road_building,0,1,105,7,6,15,4,0,2,1,0,1,0,13,2,0,2,2,26,19,45,2,2,2,0,6,82,,42,74
329,lineup_08,0,8,20261154,2,five_resource,0,1,105,6,6,15,4,1,2,0,0,0,0,13,3,1,4,4,26,25,51,5,5,5,9,3,79,59,15,23
329,lineup_08,0,8,20261154,3,port,0,1,105,4,3,13,3,0,2,1,0,0,0,11,1,0,2,6,26,20,46,2,5,5,12,8,40,,80,60
330,lineup_08,0,9,20261155,0,full_ows,1,1,101,10,9,9,1,2,2,1,6,1,1,3,1,2,13,9,26,28,54,7,9,9,4,61,81,33,1,17
330,lineup_08,0,9,20261155,1,road_building,0,1,101,5,5,10,5,0,3,0,0,0,0,8,3,0,3,9,25,23,48,1,2,2,0,2,46,,78,10
330,lineup_08,0,9,20261155,2,five_resource,0,1,101,6,4,13,4,0,5,2,0,0,0,11,2,0,5,7,25,25,50,5,9,9,4,3,43,,11,19
330,lineup_08,0,9,20261155,3,port,0,1,101,6,4,9,4,0,3,2,0,0,0,7,2,0,4,10,25,23,48,2,2,2,0,28,52,,8,20
331,lineup_08,1,0,20261156,0,road_building,0,1,80,4,4,7,2,0,4,0,0,1,0,3,0,0,5,2,20,10,30,2,5,5,0,1,,,29,41
331,lineup_08,1,0,20261156,1,five_resource,0,1,80,4,4,9,2,1,4,0,0,0,0,7,1,1,5,2,20,16,36,4,6,6,4,6,74,62,10,14
331,lineup_08,1,0,20261156,2,port,0,1,80,4,4,6,2,1,2,0,0,0,0,4,1,1,3,9,20,18,38,1,5,5,0,11,59,35,23,3
331,lineup_08,1,0,20261156,3,full_ows,1,1,80,10,5,6,1,1,5,5,4,0,1,2,0,1,12,6,19,21,40,1,5,5,0,28,,64,8,8
332,lineup_08,1,1,20261157,0,road_building,0,1,118,5,5,15,3,0,0,0,0,1,0,13,1,0,0,4,30,18,48,5,7,7,0,1,109,,,53
332,lineup_08,1,1,20261157,1,five_resource,1,1,118,10,9,15,1,4,1,1,0,0,0,13,3,4,2,8,29,30,59,1,5,5,6,2,82,42,94,26
332,lineup_08,1,1,20261157,2,port,0,1,118,7,5,15,5,0,7,2,0,0,0,11,3,0,9,12,29,35,64,4,5,5,8,3,91,,11,27
332,lineup_08,1,1,20261157,3,full_ows,0,1,118,6,4,8,0,2,2,2,2,0,0,4,0,2,7,11,29,24,53,3,4,4,4,36,,12,4,16
333,lineup_08,1,2,20261158,0,road_building,0,1,124,5,3,15,3,0,3,2,0,0,0,13,1,0,4,14,31,32,63,5,6,6,4,9,117,,45,17
333,lineup_08,1,2,20261158,1,five_resource,0,1,124,5,5,7,1,2,2,0,0,0,0,3,1,2,4,9,31,19,50,2,3,3,12,90,118,10,2,6
333,lineup_08,1,2,20261158,2,port,0,1,124,8,8,14,4,1,2,0,0,1,0,10,3,1,3,9,31,26,57,4,10,10,8,19,31,115,11,19
333,lineup_08,1,2,20261158,3,full_ows,1,1,124,10,7,8,1,2,3,3,9,0,1,6,1,2,14,14,30,37,67,6,11,11,0,16,96,116,8,24
334,lineup_08,1,3,20261159,0,road_building,0,1,116,4,3,15,3,0,1,1,0,0,0,13,1,0,1,7,29,22,51,3,4,4,4,5,73,,49,9
334,lineup_08,1,3,20261159,1,five_resource,0,1,116,6,5,14,3,0,8,1,0,1,0,12,1,0,9,5,29,27,56,2,5,5,0,6,94,,10,6
334,lineup_08,1,3,20261159,2,port,0,1,116,3,3,10,3,0,2,0,0,0,0,6,1,0,3,17,29,27,56,4,8,8,0,3,79,,43,3
334,lineup_08,1,3,20261159,3,full_ows,1,1,116,10,7,3,1,2,4,3,5,0,1,1,1,2,12,7,28,23,51,2,6,6,0,16,116,40,4,8
335,lineup_08,1,4,20261160,0,road_building,0,1,124,2,2,15,2,0,3,0,0,0,0,13,0,0,3,3,31,19,50,5,5,5,0,1,,,61,29
335,lineup_08,1,4,20261160,1,five_resource,0,1,124,9,7,15,5,0,6,2,0,1,0,13,3,0,6,18,31,40,71,1,6,6,4,18,42,,10,6
335,lineup_08,1,4,20261160,2,port,0,1,124,6,6,12,4,1,3,0,0,0,0,10,3,1,3,13,31,30,61,4,6,6,0,3,39,111,19,15
335,lineup_08,1,4,20261160,3,full_ows,1,1,124,10,7,11,1,2,3,3,4,0,1,5,1,2,13,14,30,35,65,5,8,8,13,36,124,52,4,8
336,lineup_08,1,5,20261161,0,road_building,0,1,127,8,7,13,5,0,3,1,0,1,0,11,3,0,3,15,32,32,64,4,5,5,0,1,93,,21,13
336,lineup_08,1,5,20261161,1,five_resource,0,1,127,6,6,15,4,1,5,0,0,0,0,11,3,1,6,10,32,31,63,8,10,10,4,2,30,126,10,22
336,lineup_08,1,5,20261161,2,port,1,1,127,10,6,7,0,3,7,4,0,0,0,3,1,3,10,15,31,32,63,0,1,1,4,47,103,91,3,23
336,lineup_08,1,5,20261161,3,full_ows,0,1,127,5,5,9,1,1,0,0,4,0,1,7,0,1,6,6,31,20,51,3,5,5,0,4,,72,4,12
337,lineup_08,1,6,20261162,0,road_building,0,1,68,2,2,9,2,0,2,0,0,0,0,7,0,0,2,4,17,13,30,1,2,2,5,1,,,29,9
337,lineup_08,1,6,20261162,1,five_resource,0,1,68,4,3,4,3,0,5,1,0,0,0,2,1,0,6,4,17,13,30,0,1,1,5,26,58,,14,18
337,lineup_08,1,6,20261162,2,port,0,1,68,7,7,11,5,0,0,0,0,1,0,9,3,0,1,8,17,21,38,1,4,4,0,3,35,,63,19
337,lineup_08,1,6,20261162,3,full_ows,1,1,68,10,9,7,1,3,2,1,3,0,1,5,2,3,5,4,16,19,35,4,6,6,4,8,40,20,12,8
338,lineup_08,1,7,20261163,0,road_building,0,1,104,6,6,11,2,1,3,0,0,1,0,7,1,1,5,2,26,16,42,2,2,2,0,1,65,89,17,53
338,lineup_08,1,7,20261163,1,five_resource,0,1,104,7,5,12,3,1,2,2,0,0,0,10,2,1,2,11,26,26,52,4,4,4,4,2,50,102,82,38
338,lineup_08,1,7,20261163,2,port,0,1,104,4,4,12,2,1,0,0,0,0,0,10,1,1,1,9,26,22,48,4,10,10,0,19,63,11,83,3
338,lineup_08,1,7,20261163,3,full_ows,1,1,104,10,7,9,1,2,3,3,11,0,1,5,1,2,17,12,25,37,62,4,6,6,8,32,104,12,4,8
339,lineup_08,1,8,20261164,0,road_building,0,1,108,6,6,10,4,0,1,0,0,1,0,8,2,0,2,12,27,24,51,3,7,7,4,1,37,,73,13
339,lineup_08,1,8,20261164,1,five_resource,0,1,108,6,5,13,5,0,3,1,0,0,0,9,3,0,4,9,27,25,52,1,6,6,8,2,30,,14,10
339,lineup_08,1,8,20261164,2,port,0,1,108,8,6,8,2,2,5,2,0,0,0,6,2,2,6,11,27,27,54,6,9,9,0,27,55,95,7,3
339,lineup_08,1,8,20261164,3,full_ows,1,1,108,10,8,8,0,3,2,2,8,0,1,4,1,3,13,7,26,28,54,4,6,6,9,68,96,36,4,12
340,lineup_08,1,9,20261165,0,road_building,0,1,146,7,5,15,5,0,7,2,0,0,0,13,3,0,7,6,37,29,66,10,11,11,6,1,69,,17,77
340,lineup_08,1,9,20261165,1,five_resource,1,1,146,10,10,15,0,4,4,0,0,1,0,13,2,4,5,14,36,38,74,4,8,8,13,14,114,74,18,14
340,lineup_08,1,9,20261165,2,port,0,1,146,7,7,15,5,1,2,0,0,0,0,11,4,1,4,22,36,42,78,4,15,15,4,3,55,131,19,3
340,lineup_08,1,9,20261165,3,full_ows,0,1,146,9,6,7,0,2,3,3,4,0,1,5,0,2,9,12,36,28,64,1,4,4,4,12,,60,16,4
341,lineup_08,2,0,20261166,0,five_resource,0,1,118,6,5,13,1,2,6,1,0,0,0,11,1,2,7,9,30,30,60,3,3,3,5,1,25,81,9,13
341,lineup_08,2,0,20261166,1,port,1,1,118,10,10,15,2,3,2,0,0,1,0,11,3,3,4,21,29,42,71,3,3,3,4,2,42,38,10,10
341,lineup_08,2,0,20261166,2,full_ows,0,1,118,8,6,9,0,2,2,2,6,0,1,5,0,2,11,15,29,33,62,2,3,3,4,51,,63,7,7
341,lineup_08,2,0,20261166,3,road_building,0,1,118,7,5,15,3,1,3,2,0,0,0,13,2,1,3,6,29,25,54,2,3,3,5,4,80,68,56,80
342,lineup_08,2,1,20261167,0,five_resource,1,1,61,10,10,14,2,3,1,0,0,1,0,12,3,3,1,12,15,31,46,1,5,5,4,1,25,9,49,13
342,lineup_08,2,1,20261167,1,port,0,1,61,6,6,12,2,2,1,0,0,0,0,10,2,2,1,9,15,24,39,2,2,2,0,6,42,6,10,18
342,lineup_08,2,1,20261167,2,full_ows,0,1,61,6,5,6,1,1,1,1,5,0,1,2,0,1,8,8,15,19,34,3,4,4,4,7,,23,11,7
342,lineup_08,2,1,20261167,3,road_building,0,1,61,3,2,7,2,0,2,1,0,0,0,5,0,0,2,5,15,12,27,0,1,1,4,16,,,32,4
343,lineup_08,2,2,20261168,0,five_resource,1,1,121,10,8,15,0,4,8,2,0,0,0,13,2,4,11,7,30,37,67,4,6,6,4,5,93,49,13,45
343,lineup_08,2,2,20261168,1,port,0,1,121,8,8,15,4,1,1,0,0,1,0,13,3,1,1,11,30,29,59,5,6,6,8,2,58,106,14,22
343,lineup_08,2,2,20261168,2,full_ows,0,1,121,7,5,9,1,1,2,2,6,0,1,3,0,1,11,12,30,27,57,3,10,8,8,19,,67,19,15
343,lineup_08,2,2,20261168,3,road_building,0,1,121,8,7,15,5,1,2,1,0,0,0,13,4,1,2,9,30,29,59,9,12,12,10,4,8,108,36,24
344,lineup_08,2,3,20261169,0,five_resource,0,1,71,6,6,8,4,0,2,0,0,1,0,6,2,0,3,5,18,16,34,2,3,3,0,9,57,,9,41
344,lineup_08,2,3,20261169,1,port,0,1,71,3,3,9,3,0,0,0,0,0,0,7,1,0,0,6,18,14,32,0,0,0,4,6,66,,,6
344,lineup_08,2,3,20261169,2,full_ows,1,1,71,10,6,3,0,2,7,4,7,0,1,1,0,2,14,4,17,21,38,3,5,5,0,11,,43,3,7
344,lineup_08,2,3,20261169,3,road_building,0,1,71,3,2,8,2,0,3,1,0,0,0,4,0,0,4,3,17,11,28,4,6,6,0,8,,,4,4
345,lineup_08,2,4,20261170,0,five_resource,0,1,95,5,3,8,3,0,6,2,0,0,0,4,1,0,7,6,24,18,42,6,7,7,0,1,93,,5,45
345,lineup_08,2,4,20261170,1,port,0,1,95,5,4,4,0,2,1,1,0,0,0,2,0,2,1,6,24,11,35,0,0,0,0,10,,62,30,10
345,lineup_08,2,4,20261170,2,full_ows,1,1,95,10,8,8,0,3,2,2,10,0,1,6,1,3,16,10,23,36,59,4,5,5,10,23,91,3,7,3
345,lineup_08,2,4,20261170,3,road_building,0,1,95,6,6,14,2,1,1,0,0,1,0,12,1,1,1,8,23,23,46,1,1,1,0,8,64,92,76,20
346,lineup_08,2,5,20261171,0,five_resource,0,1,180,7,5,11,5,0,6,2,0,0,0,9,3,0,7,14,45,33,78,2,5,5,4,21,105,,13,5
346,lineup_08,2,5,20261171,1,port,0,1,180,7,6,15,0,2,2,1,0,1,0,11,0,2,3,10,45,26,71,7,11,10,24,2,,126,50,6
346,lineup_08,2,5,20261171,2,full_ows,0,1,180,9,8,15,4,1,1,1,6,0,1,11,3,1,10,24,45,49,94,10,16,16,12,43,79,171,3,19
346,lineup_08,2,5,20261171,3,road_building,1,1,180,10,9,15,1,4,4,1,0,0,0,13,3,4,5,28,44,53,97,8,11,11,39,4,88,120,28,4
347,lineup_08,2,6,20261172,0,five_resource,0,1,152,4,3,15,3,0,5,1,0,0,0,13,1,0,5,7,38,26,64,3,6,6,9,5,133,,25,21
347,lineup_08,2,6,20261172,1,port,0,1,152,8,6,11,4,1,10,2,0,0,0,7,3,1,12,3,38,26,64,5,8,8,4,26,102,138,2,114
347,lineup_08,2,6,20261172,2,full_ows,0,1,152,5,3,14,1,1,2,2,2,0,0,10,0,1,8,14,38,33,71,7,17,17,0,27,,131,3,7
347,lineup_08,2,6,20261172,3,road_building,1,1,152,10,10,15,4,2,0,0,0,1,0,13,4,2,0,17,37,36,73,1,4,4,12,8,88,136,,28
348,lineup_08,2,7,20261173,0,five_resource,0,1,140,9,8,13,0,4,4,1,0,0,0,11,2,4,5,9,35,31,66,4,7,7,0,5,77,41,13,49
348,lineup_08,2,7,20261173,1,port,0,1,140,9,8,12,0,4,1,1,0,0,0,10,2,4,2,18,35,36,71,1,1,1,0,6,90,82,22,6
348,lineup_08,2,7,20261173,2,full_ows,0,1,140,8,5,7,3,0,3,3,8,0,1,3,1,0,14,6,35,24,59,3,4,4,4,39,139,,15,11
348,lineup_08,2,7,20261173,3,road_building,1,1,140,10,10,15,4,2,3,0,0,1,0,11,4,2,4,20,34,41,75,6,6,6,4,4,60,32,68,8
349,lineup_08,2,8,20261174,0,five_resource,1,1,89,10,9,15,1,4,2,1,0,0,0,13,3,4,3,11,22,34,56,0,1,1,5,1,17,57,5,21
349,lineup_08,2,8,20261174,1,port,0,1,89,5,5,14,1,1,0,0,0,1,0,12,0,1,0,5,22,18,40,0,0,0,0,2,,62,,10
349,lineup_08,2,8,20261174,2,full_ows,0,1,89,6,5,11,1,1,1,1,4,0,1,7,0,1,7,7,22,22,44,4,6,6,0,15,,51,7,7
349,lineup_08,2,8,20261174,3,road_building,0,1,89,4,3,10,3,0,1,1,0,0,0,8,1,0,1,2,22,12,34,3,6,6,9,4,64,,28,8
350,lineup_08,2,9,20261175,0,five_resource,1,1,89,10,9,9,1,3,3,1,0,1,0,7,2,3,3,7,22,22,44,4,6,6,0,1,77,33,5,21
350,lineup_08,2,9,20261175,1,port,0,1,89,5,3,6,1,1,2,2,0,0,0,4,0,1,3,8,22,16,38,2,3,3,0,6,,74,2,2
350,lineup_08,2,9,20261175,2,full_ows,0,1,89,6,5,5,1,1,1,1,3,0,1,1,0,1,5,5,22,12,34,2,2,2,4,39,,19,3,31
350,lineup_08,2,9,20261175,3,road_building,0,1,89,3,2,11,2,0,5,1,0,0,0,9,0,0,7,6,22,22,44,2,3,3,0,16,,,16,8
351,lineup_08,3,0,20261176,0,port,0,1,106,6,4,8,4,0,2,2,0,0,0,4,2,0,3,11,27,20,47,0,1,1,0,1,89,,13,17
351,lineup_08,3,0,20261176,1,full_ows,1,1,106,10,8,8,0,3,2,2,8,0,1,4,1,3,13,14,26,35,61,2,2,2,13,58,102,10,26,18
351,lineup_08,3,0,20261176,2,road_building,0,1,106,2,2,13,2,0,1,0,0,0,0,11,0,0,2,6,26,19,45,1,2,2,0,7,,,67,3
351,lineup_08,3,0,20261176,3,five_resource,0,1,106,8,7,13,1,2,6,1,0,1,0,11,1,2,7,8,26,29,55,6,6,6,4,8,104,48,8,20
352,lineup_08,3,1,20261177,0,port,0,1,116,2,2,15,2,0,2,0,0,0,0,13,0,0,2,9,29,24,53,0,1,1,0,1,,,37,17
352,lineup_08,3,1,20261177,1,full_ows,0,1,116,7,6,3,0,2,2,1,4,0,1,1,0,2,7,8,29,18,47,1,1,1,5,98,,74,10,6
352,lineup_08,3,1,20261177,2,road_building,0,1,116,8,7,15,5,0,1,1,0,1,0,13,3,0,1,4,29,21,50,2,2,2,8,3,99,,99,39
352,lineup_08,3,1,20261177,3,five_resource,1,1,116,10,8,12,4,2,9,2,0,0,0,8,4,2,12,27,28,53,81,5,5,5,4,28,32,64,28,12
353,lineup_08,3,2,20261178,0,port,0,1,140,7,7,15,3,2,2,0,0,0,0,13,3,2,3,14,35,35,70,4,6,6,4,9,45,125,9,5
353,lineup_08,3,2,20261178,1,full_ows,0,1,140,9,6,6,0,2,3,3,7,0,1,4,0,2,12,11,35,29,64,7,8,8,4,10,,50,10,6
353,lineup_08,3,2,20261178,2,road_building,0,1,140,5,5,15,5,0,2,0,0,0,0,11,3,0,4,8,35,26,61,4,6,6,9,7,95,,11,3
353,lineup_08,3,2,20261178,3,five_resource,1,1,140,10,8,13,4,1,5,2,0,1,0,9,3,1,6,8,34,27,61,8,13,13,10,4,80,140,8,16
354,lineup_08,3,3,20261179,0,port,0,1,124,7,5,15,5,0,3,2,0,0,0,13,3,0,4,6,31,26,57,3,3,3,0,9,17,,5,9
354,lineup_08,3,3,20261179,1,full_ows,0,1,124,8,6,6,0,2,2,2,5,0,1,4,0,2,7,16,31,29,60,2,3,3,0,6,,22,38,2
354,lineup_08,3,3,20261179,2,road_building,0,1,124,3,3,15,3,0,4,0,0,0,0,13,1,0,5,6,31,25,56,3,3,3,4,3,87,,35,39
354,lineup_08,3,3,20261179,3,five_resource,1,1,124,10,9,15,3,2,4,1,0,1,0,13,3,2,6,13,30,37,67,3,7,5,16,8,44,100,4,4
355,lineup_08,3,4,20261180,0,port,0,1,138,6,6,15,0,3,2,0,0,0,0,13,1,3,2,24,35,43,78,0,1,1,5,1,53,41,45,1
355,lineup_08,3,4,20261180,1,full_ows,1,1,138,10,8,11,0,3,2,2,11,0,1,7,1,3,15,19,34,45,79,1,2,2,17,34,130,6,10,10
355,lineup_08,3,4,20261180,2,road_building,0,1,138,8,8,11,2,2,2,0,0,1,0,9,2,2,3,18,34,34,68,5,8,8,12,3,43,11,7,11
355,lineup_08,3,4,20261180,3,five_resource,0,1,138,8,5,10,3,1,3,3,0,0,0,8,2,1,5,8,34,24,58,3,8,8,22,4,32,120,28,16
356,lineup_08,3,5,20261181,0,port,0,1,164,8,7,13,1,2,3,1,0,1,0,11,1,2,4,12,41,30,71,0,0,0,0,5,77,113,17,5
356,lineup_08,3,5,20261181,1,full_ows,0,1,164,8,7,9,1,2,1,1,8,0,1,3,1,2,12,14,41,32,73,2,3,3,0,34,162,150,6,6
356,lineup_08,3,5,20261181,2,road_building,0,1,164,7,7,15,1,3,1,0,0,0,0,13,2,3,1,21,41,40,81,4,5,5,19,3,51,119,43,19
356,lineup_08,3,5,20261181,3,five_resource,1,1,164,10,7,12,1,3,6,3,0,0,0,10,2,3,8,11,40,34,74,5,7,7,8,8,44,64,24,8
357,lineup_08,3,6,20261182,0,port,1,1,157,10,10,15,0,4,1,0,0,1,0,13,2,4,1,16,39,36,75,1,2,2,0,13,85,133,57,29
357,lineup_08,3,6,20261182,1,full_ows,0,1,157,8,7,12,3,1,1,1,7,0,1,8,2,1,11,10,39,32,71,2,5,5,0,2,102,102,22,14
357,lineup_08,3,6,20261182,2,road_building,0,1,157,7,7,15,5,1,1,0,0,0,0,13,4,1,2,17,39,37,76,5,5,5,8,7,75,147,55,43
357,lineup_08,3,6,20261182,3,five_resource,0,1,157,9,5,10,1,2,9,4,0,0,0,6,1,2,11,16,39,36,75,3,10,10,18,20,156,68,8,28
358,lineup_08,3,7,20261183,0,port,0,1,127,4,3,11,3,0,3,1,0,0,0,7,1,0,5,18,32,31,63,2,3,3,0,5,109,,25,5
358,lineup_08,3,7,20261183,1,full_ows,0,1,127,6,5,7,1,1,1,1,8,0,1,3,0,1,10,8,32,22,54,1,2,2,4,10,,126,22,10
358,lineup_08,3,7,20261183,2,road_building,1,1,127,10,9,13,3,2,2,1,0,1,0,11,3,2,4,7,31,27,58,4,4,4,5,3,99,95,3,7
358,lineup_08,3,7,20261183,3,five_resource,0,1,127,7,5,7,3,1,5,2,0,0,0,5,2,1,6,10,31,24,55,1,1,1,5,4,100,120,24,20
359,lineup_08,3,8,20261184,0,port,1,1,153,10,8,15,0,4,3,2,0,0,0,13,2,4,3,24,38,46,84,1,3,3,0,5,89,133,25,5
359,lineup_08,3,8,20261184,1,full_ows,0,1,153,7,6,6,0,2,1,1,6,0,1,4,0,2,9,7,38,22,60,2,2,2,0,2,,102,14,14
359,lineup_08,3,8,20261184,2,road_building,0,1,153,7,6,13,4,0,3,1,0,1,0,11,2,0,3,4,38,20,58,4,7,7,12,7,135,,19,135
359,lineup_08,3,8,20261184,3,five_resource,0,1,153,9,8,15,4,2,4,1,0,0,0,13,4,2,6,15,38,40,78,7,10,10,12,4,32,136,8,36
360,lineup_08,3,9,20261185,0,port,0,1,102,4,2,7,2,0,4,2,0,0,0,5,0,0,5,5,26,15,41,4,5,5,0,13,,,9,5
360,lineup_08,3,9,20261185,1,full_ows,1,1,102,10,9,9,1,3,1,1,10,0,1,5,2,3,15,10,25,35,60,1,2,2,17,34,82,22,18,6
360,lineup_08,3,9,20261185,2,road_building,0,1,102,6,5,9,3,0,1,1,0,1,0,7,1,0,1,8,25,17,42,1,1,1,0,19,67,,15,3
360,lineup_08,3,9,20261185,3,five_resource,0,1,102,5,4,8,2,1,3,1,0,0,0,4,1,1,4,3,25,13,38,3,3,3,0,4,84,92,28,24
361,lineup_09,0,0,20261186,0,full_ows,0,1,115,7,7,7,1,2,0,0,8,0,1,5,1,2,9,5,29,22,51,3,6,6,0,25,113,69,5,49
361,lineup_09,0,0,20261186,1,roads_and_cities,0,1,115,8,6,11,2,2,3,2,0,0,0,9,2,2,4,8,29,25,54,3,4,4,4,2,70,78,30,38
361,lineup_09,0,0,20261186,2,five_resource,1,1,115,10,8,15,2,2,5,2,0,1,0,9,2,2,8,5,28,26,54,1,1,1,0,27,63,11,7,55
361,lineup_09,0,0,20261186,3,port,0,1,115,3,2,8,2,0,3,1,0,0,0,6,0,0,4,11,28,21,49,0,3,3,21,68,,,36,36
362,lineup_09,0,1,20261187,0,full_ows,1,1,69,10,6,3,0,2,6,4,7,0,1,1,0,2,13,3,17,19,36,3,7,7,0,25,,33,13,41
362,lineup_09,0,1,20261187,1,roads_and_cities,0,1,69,4,4,6,2,1,1,0,0,0,0,4,1,1,2,6,17,14,31,0,0,0,4,2,26,38,46,18
362,lineup_09,0,1,20261187,2,five_resource,0,1,69,4,4,10,0,2,2,0,0,0,0,8,0,2,3,4,17,17,34,1,5,4,0,11,,23,7,59
362,lineup_09,0,1,20261187,3,port,0,1,69,7,7,14,5,0,0,0,0,1,0,10,3,0,1,18,17,32,49,3,7,7,0,4,28,,48,4
363,lineup_09,0,2,20261188,0,full_ows,0,1,138,9,8,13,0,3,1,1,7,0,1,11,1,3,9,19,35,43,78,6,11,10,27,17,121,9,49,13
363,lineup_09,0,2,20261188,1,roads_and_cities,1,1,138,10,10,15,0,4,0,0,0,1,0,13,2,4,0,11,34,30,64,2,2,2,9,2,70,62,,38
363,lineup_09,0,2,20261188,2,five_resource,0,1,138,4,3,15,3,0,5,1,0,0,0,11,1,0,7,7,34,26,60,2,4,4,4,7,135,,15,15
363,lineup_09,0,2,20261188,3,port,0,1,138,9,6,14,0,3,6,3,0,0,0,10,1,3,9,21,34,44,78,3,6,6,4,24,80,36,4,16
364,lineup_09,0,3,20261189,0,full_ows,0,1,120,7,6,6,0,2,2,1,6,0,1,2,0,2,11,14,30,29,59,0,0,0,0,57,,73,17,1
364,lineup_09,0,3,20261189,1,roads_and_cities,0,1,120,4,4,11,2,1,1,0,0,0,0,9,1,1,1,13,30,25,55,0,0,0,0,10,118,102,78,10
364,lineup_09,0,3,20261189,2,five_resource,0,1,120,5,3,12,1,1,5,2,0,0,0,10,0,1,5,9,30,25,55,3,4,4,0,3,,27,67,47
364,lineup_09,0,3,20261189,3,port,1,1,120,11,10,15,2,3,4,1,0,1,0,13,3,3,5,21,30,45,75,3,6,6,9,8,24,108,68,8
365,lineup_09,0,4,20261190,0,full_ows,0,1,126,9,8,7,0,3,1,1,8,0,1,5,1,3,11,8,32,28,60,7,11,10,15,17,85,5,1,17
365,lineup_09,0,4,20261190,1,roads_and_cities,1,1,126,10,10,15,0,4,2,0,0,1,0,9,2,4,6,15,31,36,67,1,2,2,8,2,22,46,2,10
365,lineup_09,0,4,20261190,2,five_resource,0,1,126,8,6,11,0,3,2,2,0,0,0,9,1,3,2,11,31,26,57,2,4,4,8,15,103,15,47,15
365,lineup_09,0,4,20261190,3,port,0,1,126,6,4,7,2,1,6,2,0,0,0,5,1,1,6,10,31,23,54,3,5,5,13,4,88,124,8,4
366,lineup_09,0,5,20261191,0,full_ows,1,1,169,10,8,7,0,3,2,2,8,0,1,3,1,3,14,10,42,31,73,5,9,9,8,49,129,105,5,5
366,lineup_09,0,5,20261191,1,roads_and_cities,0,1,169,8,6,14,0,3,3,2,0,0,0,12,1,3,3,22,42,41,83,1,7,6,14,42,150,74,14,30
366,lineup_09,0,5,20261191,2,five_resource,0,1,169,9,9,14,3,2,2,0,0,1,0,12,3,2,2,24,42,43,85,5,8,8,8,3,47,147,39,19
366,lineup_09,0,5,20261191,3,port,0,1,169,5,4,15,2,1,4,1,0,0,0,11,1,1,6,22,42,41,83,1,2,2,0,12,164,160,8,8
367,lineup_09,0,6,20261192,0,full_ows,0,1,140,8,5,8,1,1,3,3,7,0,1,4,0,1,14,8,35,27,62,2,6,6,0,49,,121,1,17
367,lineup_09,0,6,20261192,1,roads_and_cities,0,1,140,5,5,11,5,0,1,0,0,0,0,9,3,0,1,14,35,27,62,1,3,3,4,2,58,,70,2
367,lineup_09,0,6,20261192,2,five_resource,0,1,140,7,5,14,1,1,6,2,0,1,0,10,0,1,8,10,35,29,64,2,5,5,0,3,,123,11,23
367,lineup_09,0,6,20261192,3,port,1,1,140,10,10,15,2,4,2,0,0,0,0,13,4,4,2,23,34,46,80,4,9,9,11,4,28,112,68,52
368,lineup_09,0,7,20261193,0,full_ows,0,1,140,8,6,3,0,2,3,2,9,0,1,1,0,2,14,12,35,29,64,4,6,6,4,105,,97,1,17
368,lineup_09,0,7,20261193,1,roads_and_cities,0,1,140,9,8,12,0,4,3,1,0,0,0,10,2,4,3,24,35,43,78,2,2,2,4,2,18,70,94,2
368,lineup_09,0,7,20261193,2,five_resource,0,1,140,8,7,15,5,1,2,1,0,0,0,11,4,1,5,15,35,36,71,4,5,5,10,3,39,135,27,19
368,lineup_09,0,7,20261193,3,port,1,1,140,10,9,15,5,1,2,1,0,1,0,13,4,1,2,13,34,33,67,5,5,5,0,4,72,128,116,24
369,lineup_09,0,8,20261194,0,full_ows,1,1,85,10,7,4,1,2,3,3,10,0,1,2,1,2,13,8,21,26,47,2,5,5,13,57,85,17,1,21
369,lineup_09,0,8,20261194,1,roads_and_cities,0,1,85,6,6,8,0,3,1,0,0,0,0,6,1,3,3,7,21,20,41,0,1,1,5,18,26,54,46,2
369,lineup_09,0,8,20261194,2,five_resource,0,1,85,8,7,14,3,1,2,1,0,1,0,10,2,1,5,12,21,30,51,1,3,3,0,11,39,75,3,19
369,lineup_09,0,8,20261194,3,port,0,1,85,5,4,6,4,0,4,1,0,0,0,4,2,0,4,5,21,15,36,1,3,3,0,8,28,,4,24
370,lineup_09,0,9,20261195,0,full_ows,1,1,101,10,8,6,0,3,2,2,8,0,1,2,1,3,14,4,25,24,49,4,10,10,0,29,97,73,13,13
370,lineup_09,0,9,20261195,1,roads_and_cities,0,1,101,7,5,9,3,1,4,2,0,0,0,7,2,1,4,6,25,20,45,2,3,3,0,2,82,78,26,14
370,lineup_09,0,9,20261195,2,five_resource,0,1,101,3,2,13,2,0,3,1,0,0,0,9,0,0,4,4,25,17,42,3,4,4,0,39,,,15,7
370,lineup_09,0,9,20261195,3,port,0,1,101,6,6,13,4,0,2,0,0,1,0,11,2,0,3,10,25,26,51,1,10,9,0,4,36,,76,8
371,lineup_09,1,0,20261196,0,roads_and_cities,0,1,123,6,5,10,1,2,2,1,0,0,0,8,1,2,4,14,31,29,60,3,4,4,0,9,113,61,5,13
371,lineup_09,1,0,20261196,1,five_resource,0,1,123,6,4,3,0,2,5,2,0,0,0,1,0,2,5,10,31,18,49,0,0,0,0,122,,62,22,22
371,lineup_09,1,0,20261196,2,port,1,1,123,10,9,15,3,2,3,1,0,1,0,13,3,2,3,9,30,30,60,4,5,5,0,7,43,119,35,15
371,lineup_09,1,0,20261196,3,full_ows,0,1,123,6,5,7,1,1,1,1,9,0,1,3,0,1,13,8,30,25,55,1,2,2,8,64,,48,12,56
372,lineup_09,1,1,20261197,0,roads_and_cities,1,1,113,10,8,7,0,4,4,2,0,0,0,5,2,4,6,11,28,28,56,9,12,12,15,9,85,41,21,9
372,lineup_09,1,1,20261197,1,five_resource,0,1,113,7,7,11,5,0,2,0,0,1,0,9,3,0,2,12,28,26,54,4,6,6,12,2,30,,10,10
372,lineup_09,1,1,20261197,2,port,0,1,113,4,3,9,3,0,4,1,0,0,0,7,1,0,5,11,28,24,52,3,4,4,0,31,35,,3,43
372,lineup_09,1,1,20261197,3,full_ows,0,1,113,8,6,7,0,2,2,2,7,0,1,1,0,2,12,10,28,25,53,4,5,5,5,16,,76,4,20
373,lineup_09,1,2,20261198,0,roads_and_cities,1,1,129,10,10,15,4,2,1,0,0,1,0,13,4,2,2,7,32,28,60,3,4,4,4,1,49,105,5,33
373,lineup_09,1,2,20261198,1,five_resource,0,1,129,3,3,12,1,1,2,0,0,0,0,10,0,1,2,6,32,19,51,2,3,3,13,2,,82,58,6
373,lineup_09,1,2,20261198,2,port,0,1,129,5,4,15,4,0,1,1,0,0,0,13,2,0,2,22,32,39,71,5,13,13,0,7,59,,35,7
373,lineup_09,1,2,20261198,3,full_ows,0,1,129,7,4,8,2,0,3,3,7,0,1,4,0,0,12,10,32,26,58,4,5,5,0,84,,,12,4
374,lineup_09,1,3,20261199,0,roads_and_cities,1,1,109,10,10,15,0,4,0,0,0,1,0,13,2,4,0,9,27,28,55,3,5,5,8,1,77,5,,13
374,lineup_09,1,3,20261199,1,five_resource,0,1,109,6,4,9,4,0,7,2,0,0,0,7,2,0,8,10,27,27,54,4,5,5,0,30,54,,6,6
374,lineup_09,1,3,20261199,2,port,0,1,109,2,2,11,2,0,4,0,0,0,0,9,0,0,6,8,27,23,50,4,4,4,17,3,,,31,43
374,lineup_09,1,3,20261199,3,full_ows,0,1,109,9,6,4,0,2,5,3,5,0,1,2,0,2,11,10,27,25,52,2,4,4,4,28,,8,8,28
375,lineup_09,1,4,20261200,0,roads_and_cities,0,1,135,7,6,15,0,3,4,1,0,0,0,13,1,3,4,14,34,35,69,5,8,7,8,1,113,21,37,1
375,lineup_09,1,4,20261200,1,five_resource,0,1,135,6,4,10,2,1,7,2,0,0,0,8,1,1,8,11,34,29,63,2,3,3,4,2,58,78,30,22
375,lineup_09,1,4,20261200,2,port,1,1,135,10,9,15,5,1,3,1,0,1,0,9,4,1,6,11,33,31,64,3,4,4,12,7,27,107,11,7
375,lineup_09,1,4,20261200,3,full_ows,0,1,135,9,8,15,0,3,1,1,4,0,1,13,1,3,7,19,33,43,76,5,7,7,17,8,128,20,76,8
376,lineup_09,1,5,20261201,0,roads_and_cities,0,1,119,9,8,15,4,1,3,1,0,1,0,9,3,1,5,10,30,28,58,3,5,5,14,9,33,45,53,5
376,lineup_09,1,5,20261201,1,five_resource,0,1,119,3,2,15,2,0,4,1,0,0,0,13,0,0,4,6,30,23,53,4,5,5,0,18,,,14,14
376,lineup_09,1,5,20261201,2,port,1,1,119,10,9,15,3,3,4,1,0,0,0,13,4,3,7,12,29,39,68,7,8,8,17,47,51,11,3,3
376,lineup_09,1,5,20261201,3,full_ows,0,1,119,8,6,6,0,2,2,2,6,0,1,4,0,2,9,15,29,30,59,2,12,9,4,32,,28,16,20
377,lineup_09,1,6,20261202,0,roads_and_cities,0,1,146,6,5,14,5,0,4,1,0,0,0,12,3,0,4,8,37,27,64,5,7,7,0,13,37,,25,49
377,lineup_09,1,6,20261202,1,five_resource,1,1,146,10,10,11,0,4,3,0,0,1,0,9,2,4,5,12,36,32,68,1,3,3,0,6,98,102,2,38
377,lineup_09,1,6,20261202,2,port,0,1,146,5,5,7,1,2,2,0,0,0,0,5,1,2,2,14,36,24,60,4,6,6,5,23,127,131,71,23
377,lineup_09,1,6,20261202,3,full_ows,0,1,146,9,5,10,1,1,4,4,6,0,1,4,0,1,14,5,36,24,60,8,10,10,12,44,,144,4,36
378,lineup_09,1,7,20261203,0,roads_and_cities,0,1,106,8,7,15,5,1,1,1,0,0,0,9,4,1,4,16,27,34,61,8,12,12,8,5,61,93,5,9
378,lineup_09,1,7,20261203,1,five_resource,1,1,106,10,9,15,1,4,1,1,0,0,0,13,3,4,1,13,26,34,60,2,2,2,8,2,18,34,42,54
378,lineup_09,1,7,20261203,2,port,0,1,106,7,6,15,4,0,1,1,0,1,0,13,2,0,1,25,26,41,67,3,5,5,0,3,35,,79,3
378,lineup_09,1,7,20261203,3,full_ows,0,1,106,6,6,4,0,2,0,0,5,0,1,2,0,2,6,5,26,15,41,3,4,4,0,20,,48,52,20
379,lineup_09,1,8,20261204,0,roads_and_cities,1,1,137,10,9,14,3,2,8,1,0,1,0,12,3,2,9,18,34,44,78,9,12,12,4,9,69,53,41,1
379,lineup_09,1,8,20261204,1,five_resource,0,1,137,6,3,10,3,0,5,3,0,0,0,6,1,0,8,3,34,18,52,2,3,3,8,58,126,,18,38
379,lineup_09,1,8,20261204,2,port,0,1,137,5,4,14,4,0,3,1,0,0,0,12,2,0,3,19,34,36,70,5,6,6,0,7,75,,39,11
379,lineup_09,1,8,20261204,3,full_ows,0,1,137,6,6,10,0,2,0,0,4,0,1,8,0,2,5,10,34,25,59,4,7,7,13,20,,48,8,16
380,lineup_09,1,9,20261205,0,roads_and_cities,0,1,92,5,5,6,1,2,1,0,0,0,0,4,1,2,1,11,23,19,42,6,8,8,0,25,61,25,45,17
380,lineup_09,1,9,20261205,1,five_resource,0,1,92,4,4,12,4,0,1,0,0,0,0,10,2,0,1,2,23,15,38,7,8,8,8,2,38,,58,66
380,lineup_09,1,9,20261205,2,port,0,1,92,6,4,14,2,0,4,2,0,1,0,12,0,0,5,1,23,18,41,2,5,5,0,3,,,15,91
380,lineup_09,1,9,20261205,3,full_ows,1,1,92,10,7,7,1,2,3,3,11,0,1,3,1,2,18,10,22,34,56,2,7,7,4,8,92,20,4,8
381,lineup_09,2,0,20261206,0,five_resource,0,1,146,8,8,13,2,2,2,0,0,1,0,9,2,2,5,13,37,31,68,6,6,6,0,5,33,89,13,5
381,lineup_09,2,0,20261206,1,port,1,1,146,10,8,15,2,3,3,2,0,0,0,13,3,3,3,14,36,36,72,2,2,2,12,2,38,130,58,38
381,lineup_09,2,0,20261206,2,full_ows,0,1,146,9,6,8,2,1,3,3,9,0,1,6,1,1,14,10,36,32,68,4,6,6,17,63,127,83,15,7
381,lineup_09,2,0,20261206,3,roads_and_cities,0,1,146,9,9,15,1,4,3,0,0,0,0,13,3,4,3,19,36,42,78,3,4,4,37,20,64,8,108,8
382,lineup_09,2,1,20261207,0,five_resource,1,1,117,10,10,15,2,3,1,0,0,1,0,13,3,3,1,22,29,42,71,2,2,2,8,1,49,13,85,17
382,lineup_09,2,1,20261207,1,port,0,1,117,4,4,15,4,0,2,0,0,0,0,13,2,0,2,6,29,23,52,6,6,6,0,6,86,,90,6
382,lineup_09,2,1,20261207,2,full_ows,0,1,117,9,7,10,1,2,3,2,6,0,1,6,1,2,12,9,29,30,59,3,8,8,4,47,103,3,7,15
382,lineup_09,2,1,20261207,3,roads_and_cities,0,1,117,9,7,12,1,3,4,2,0,0,0,8,2,3,5,6,29,24,53,1,6,6,12,4,56,68,12,4
383,lineup_09,2,2,20261208,0,five_resource,0,1,75,3,2,7,2,0,5,1,0,0,0,5,0,0,7,3,19,15,34,1,1,1,0,5,,,5,5
383,lineup_09,2,2,20261208,1,port,0,1,75,6,6,10,4,0,0,0,0,1,0,8,2,0,0,8,19,18,37,5,5,5,0,2,38,,,6
383,lineup_09,2,2,20261208,2,full_ows,1,1,75,10,6,3,0,2,5,4,4,0,1,1,0,2,9,7,18,19,37,0,0,0,4,51,,15,23,15
383,lineup_09,2,2,20261208,3,roads_and_cities,0,1,75,3,3,4,1,1,1,0,0,0,0,2,0,1,1,3,18,7,25,0,0,0,8,44,,8,60,16
384,lineup_09,2,3,20261209,0,five_resource,0,1,136,9,9,10,1,4,5,0,0,0,0,8,3,4,8,11,34,34,68,2,4,4,13,1,89,73,21,9
384,lineup_09,2,3,20261209,1,port,0,1,136,4,3,5,1,1,4,1,0,0,0,3,0,1,4,5,34,13,47,2,2,2,14,2,,114,34,2
384,lineup_09,2,3,20261209,2,full_ows,0,1,136,9,6,8,0,2,3,3,5,0,1,4,0,2,10,8,34,24,58,1,6,6,8,23,,95,11,3
384,lineup_09,2,3,20261209,3,roads_and_cities,1,1,136,10,9,10,3,2,2,1,0,1,0,6,3,2,3,6,33,20,53,7,12,12,0,8,80,124,16,24
385,lineup_09,2,4,20261210,0,five_resource,1,1,141,10,7,15,1,3,6,3,0,0,0,13,2,3,8,10,35,36,71,4,5,5,4,1,113,65,9,25
385,lineup_09,2,4,20261210,1,port,0,1,141,8,8,11,4,2,1,0,0,0,0,9,4,2,1,25,35,41,76,5,6,6,5,14,46,122,130,14
385,lineup_09,2,4,20261210,2,full_ows,0,1,141,8,6,15,0,2,2,2,8,0,1,9,0,2,14,22,35,47,82,5,8,8,5,19,,3,11,11
385,lineup_09,2,4,20261210,3,roads_and_cities,0,1,141,9,9,15,5,1,2,0,0,1,0,13,4,1,2,11,35,31,66,7,13,13,18,4,100,120,104,24
386,lineup_09,2,5,20261211,0,five_resource,0,1,143,9,9,10,1,4,3,0,0,0,0,6,3,4,4,12,36,29,65,6,10,10,5,5,37,129,17,9
386,lineup_09,2,5,20261211,1,port,0,1,143,7,7,15,5,0,2,0,0,1,0,13,3,0,2,3,36,21,57,1,2,2,20,2,126,,78,10
386,lineup_09,2,5,20261211,2,full_ows,1,1,143,10,7,11,1,2,3,3,6,0,1,7,1,2,12,10,35,32,67,8,12,12,13,19,143,103,3,7
386,lineup_09,2,5,20261211,3,roads_and_cities,0,1,143,6,4,8,0,2,5,2,0,0,0,6,0,2,7,12,35,27,62,1,1,1,8,100,,68,4,4
387,lineup_09,2,6,20261212,0,five_resource,0,1,108,7,6,15,4,1,5,1,0,0,0,13,3,1,6,6,27,29,56,8,10,10,8,5,65,33,9,17
387,lineup_09,2,6,20261212,1,port,0,1,108,5,4,15,2,1,3,1,0,0,0,13,1,1,4,7,27,26,53,3,4,4,0,2,106,78,30,10
387,lineup_09,2,6,20261212,2,full_ows,0,1,108,5,4,7,2,0,1,1,5,0,1,3,0,0,8,7,27,18,45,2,3,3,4,59,,,3,3
387,lineup_09,2,6,20261212,3,roads_and_cities,1,1,108,10,10,14,0,4,0,0,0,1,0,12,2,4,0,22,26,40,66,4,7,7,4,4,32,44,,16
388,lineup_09,2,7,20261213,0,five_resource,0,1,116,5,4,11,4,0,4,1,0,0,0,9,2,0,4,5,29,20,49,6,8,8,4,1,13,,45,53
388,lineup_09,2,7,20261213,1,port,0,1,116,4,4,15,4,0,0,0,0,0,0,13,2,0,1,14,29,30,59,2,4,4,0,2,26,,22,2
388,lineup_09,2,7,20261213,2,full_ows,0,1,116,9,6,9,0,2,3,3,9,0,1,3,0,2,17,6,29,28,57,2,3,3,12,55,,71,7,31
388,lineup_09,2,7,20261213,3,roads_and_cities,1,1,116,10,9,15,1,3,3,1,0,1,0,13,2,3,3,6,28,27,55,6,8,8,8,12,76,28,8,8
389,lineup_09,2,8,20261214,0,five_resource,0,1,99,8,8,14,0,3,1,0,0,1,0,10,1,3,2,13,25,29,54,2,3,3,0,33,45,37,69,13
389,lineup_09,2,8,20261214,1,port,0,1,99,4,4,13,4,0,1,0,0,0,0,11,2,0,1,6,25,20,45,1,3,3,4,2,50,,90,14
389,lineup_09,2,8,20261214,2,full_ows,1,1,99,10,6,3,0,2,4,4,5,0,1,1,0,2,13,13,24,29,53,2,2,2,0,11,,47,3,7
389,lineup_09,2,8,20261214,3,roads_and_cities,0,1,99,4,4,15,2,1,0,0,0,0,0,13,1,1,0,3,24,18,42,5,6,6,8,4,84,92,,24
390,lineup_09,2,9,20261215,0,five_resource,0,1,164,7,6,15,0,3,9,1,0,0,0,13,1,3,11,7,41,35,76,9,12,12,25,5,121,21,17,13
390,lineup_09,2,9,20261215,1,port,0,1,164,9,8,13,2,3,3,1,0,0,0,11,3,3,3,24,41,44,85,5,12,12,17,6,34,114,14,22
390,lineup_09,2,9,20261215,2,full_ows,0,1,164,9,6,10,0,3,3,3,2,0,0,6,1,3,8,16,41,34,75,6,11,11,8,63,127,75,3,15
390,lineup_09,2,9,20261215,3,roads_and_cities,1,1,164,10,10,15,2,3,2,0,0,1,0,11,3,3,3,19,40,39,79,7,11,11,0,8,100,132,4,52
391,lineup_09,3,0,20261216,0,port,0,1,160,8,6,15,2,1,8,2,0,1,0,11,1,1,10,20,40,43,83,2,3,3,0,25,133,157,5,9
391,lineup_09,3,0,20261216,1,full_ows,0,1,160,3,2,10,2,0,1,1,2,0,0,8,0,0,5,14,40,27,67,3,3,3,8,10,,,98,10
391,lineup_09,3,0,20261216,2,roads_and_cities,0,1,160,9,8,7,0,4,3,1,0,0,0,5,2,4,3,11,40,25,65,4,4,4,0,3,111,31,135,15
391,lineup_09,3,0,20261216,3,five_resource,1,1,160,10,10,15,2,4,5,0,0,0,0,13,4,4,6,25,39,52,91,1,7,7,6,8,60,132,4,32
392,lineup_09,3,1,20261217,0,port,1,1,145,10,9,15,1,4,4,1,0,0,0,13,3,4,4,21,36,45,81,2,7,7,11,17,57,93,53,17
392,lineup_09,3,1,20261217,1,full_ows,0,1,145,9,7,6,1,2,2,2,5,0,1,2,1,2,10,8,36,23,59,3,6,6,5,126,138,98,2,34
392,lineup_09,3,1,20261217,2,roads_and_cities,0,1,145,9,8,15,4,1,5,1,0,1,0,11,3,1,7,10,36,32,68,13,14,14,4,7,91,127,7,35
392,lineup_09,3,1,20261217,3,five_resource,0,1,145,7,6,15,4,1,3,1,0,0,0,13,3,1,4,15,36,36,72,7,13,13,11,12,116,48,24,12
393,lineup_09,3,2,20261218,0,port,0,1,118,6,5,15,3,0,5,1,0,1,0,13,1,0,5,4,30,23,53,3,7,6,0,1,101,,9,25
393,lineup_09,3,2,20261218,1,full_ows,1,1,118,10,7,10,1,2,3,3,8,0,1,6,1,2,14,7,29,30,59,1,3,3,10,30,106,74,2,50
393,lineup_09,3,2,20261218,2,roads_and_cities,0,1,118,2,2,14,2,0,0,0,0,0,0,12,0,0,0,10,29,22,51,6,6,6,0,27,,,,11
393,lineup_09,3,2,20261218,3,five_resource,0,1,118,4,3,9,3,0,3,1,0,0,0,5,1,0,6,12,29,24,53,3,4,4,0,16,68,,12,8
394,lineup_09,3,3,20261219,0,port,0,1,135,4,4,15,4,0,4,0,0,0,0,11,2,0,6,8,34,27,61,1,5,5,4,37,73,,13,13
394,lineup_09,3,3,20261219,1,full_ows,0,1,135,8,6,6,0,2,2,2,6,0,1,4,0,2,11,18,34,35,69,4,9,9,9,90,,14,2,34
394,lineup_09,3,3,20261219,2,roads_and_cities,1,1,135,10,8,15,2,2,4,2,0,1,0,13,2,2,4,8,33,29,62,3,5,5,12,7,71,51,23,11
394,lineup_09,3,3,20261219,3,five_resource,0,1,135,4,3,9,3,0,4,1,0,0,0,7,1,0,4,9,33,21,54,6,6,6,0,20,104,,8,20
395,lineup_09,3,4,20261220,0,port,0,1,134,7,7,15,5,1,4,0,0,0,0,11,4,1,5,17,34,38,72,5,8,8,5,1,29,125,5,25
395,lineup_09,3,4,20261220,1,full_ows,1,1,134,10,6,3,0,2,4,4,3,0,1,1,0,2,9,8,33,20,53,2,4,4,0,82,,102,30,14
395,lineup_09,3,4,20261220,2,roads_and_cities,0,1,134,5,4,15,4,0,5,1,0,0,0,13,2,0,5,5,33,25,58,4,5,5,0,11,115,,11,23
395,lineup_09,3,4,20261220,3,five_resource,0,1,134,6,6,15,4,0,3,0,0,1,0,11,2,0,6,8,33,27,60,6,7,7,9,4,96,,4,20
396,lineup_09,3,5,20261221,0,port,0,1,131,3,2,12,2,0,3,1,0,0,0,8,0,0,6,12,33,26,59,3,4,4,0,5,,,25,5
396,lineup_09,3,5,20261221,1,full_ows,0,1,131,9,6,4,0,2,4,3,9,0,1,2,0,2,15,9,33,28,61,0,5,4,0,42,,26,2,34
396,lineup_09,3,5,20261221,2,roads_and_cities,1,1,131,10,9,15,3,3,2,1,0,0,0,13,4,3,2,18,32,40,72,3,4,4,13,3,83,31,43,19
396,lineup_09,3,5,20261221,3,five_resource,0,1,131,7,7,15,3,1,2,0,0,1,0,13,2,1,2,7,32,25,57,3,5,5,9,4,56,116,72,36
397,lineup_09,3,6,20261222,0,port,1,1,189,10,8,15,2,3,3,2,0,0,0,13,3,3,4,24,47,47,94,2,10,10,14,5,105,161,25,5
397,lineup_09,3,6,20261222,1,full_ows,0,1,189,8,6,7,0,2,2,2,6,0,1,3,0,2,10,11,47,26,73,3,9,9,22,34,,130,6,6
397,lineup_09,3,6,20261222,2,roads_and_cities,0,1,189,4,4,15,4,0,2,0,0,0,0,13,2,0,4,11,47,30,77,6,9,9,20,3,151,,11,3
397,lineup_09,3,6,20261222,3,five_resource,0,1,189,9,8,14,4,1,6,1,0,1,0,10,3,1,7,9,47,30,77,3,7,7,13,36,92,164,4,20
398,lineup_09,3,7,20261223,0,port,0,1,119,7,4,10,4,0,7,3,0,0,0,8,2,0,9,7,30,26,56,6,8,8,4,17,37,,9,37
398,lineup_09,3,7,20261223,1,full_ows,0,1,119,7,6,8,0,2,1,1,3,0,1,2,0,2,6,8,30,18,48,2,3,3,4,42,,50,2,18
398,lineup_09,3,7,20261223,2,roads_and_cities,1,1,119,10,9,15,1,4,3,1,0,0,0,13,3,4,4,8,29,32,61,0,2,2,8,3,99,71,51,35
398,lineup_09,3,7,20261223,3,five_resource,0,1,119,5,5,12,3,0,3,0,0,1,0,10,1,0,3,5,29,19,48,5,9,9,0,4,112,,36,24
399,lineup_09,3,8,20261224,0,port,0,1,118,6,5,15,5,0,4,1,0,0,0,13,3,0,5,12,30,33,63,7,9,9,4,13,65,,5,13
399,lineup_09,3,8,20261224,1,full_ows,1,1,118,10,6,8,4,0,4,4,5,0,1,4,2,0,11,15,29,32,61,2,6,5,0,42,102,,14,2
399,lineup_09,3,8,20261224,2,roads_and_cities,0,1,118,7,7,15,1,3,1,0,0,0,0,13,2,3,2,15,29,35,64,0,0,0,4,3,95,23,63,11
399,lineup_09,3,8,20261224,3,five_resource,0,1,118,8,8,15,4,1,6,0,0,1,0,13,3,1,7,13,29,37,66,10,11,11,0,4,44,80,64,60
400,lineup_09,3,9,20261225,0,port,1,1,149,10,8,15,2,2,4,2,0,1,0,13,2,2,4,8,37,29,66,0,1,1,26,1,65,129,5,25
400,lineup_09,3,9,20261225,1,full_ows,0,1,149,8,7,9,1,2,1,1,6,0,1,3,1,2,11,13,37,30,67,6,9,9,8,98,146,130,2,30
400,lineup_09,3,9,20261225,2,roads_and_cities,0,1,149,9,9,9,1,4,4,0,0,0,0,7,3,4,6,6,37,26,63,4,5,5,4,3,119,99,7,43
400,lineup_09,3,9,20261225,3,five_resource,0,1,149,6,4,12,2,1,4,2,0,0,0,10,1,1,4,13,37,29,66,5,7,7,4,16,120,116,12,16
401,lineup_10,0,0,20261226,0,hybrid_ows,0,1,100,7,6,7,4,0,1,1,5,0,1,3,2,0,9,7,25,21,46,2,3,3,9,21,61,,13,1
401,lineup_10,0,0,20261226,1,road_building,0,1,100,4,3,14,3,0,2,1,0,0,0,10,1,0,3,4,25,18,43,2,2,2,8,6,82,,22,22
401,lineup_10,0,0,20261226,2,roads_and_cities,0,1,100,4,4,10,2,1,3,0,0,0,0,8,1,1,3,5,25,18,43,4,4,4,13,3,91,71,27,55
401,lineup_10,0,0,20261226,3,five_resource,1,1,100,10,9,14,5,1,4,1,0,1,0,12,4,1,4,9,24,30,54,5,5,5,0,4,8,80,4,60
402,lineup_10,0,1,20261227,0,hybrid_ows,1,1,77,10,8,5,0,3,2,2,5,0,1,3,1,3,8,8,19,23,42,3,3,3,5,9,61,53,13,21
402,lineup_10,0,1,20261227,1,road_building,0,1,77,5,5,11,3,0,1,0,0,1,0,7,1,0,2,4,19,14,33,1,1,1,4,2,22,,10,10
402,lineup_10,0,1,20261227,2,roads_and_cities,0,1,77,6,5,5,1,2,1,1,0,0,0,3,1,2,2,7,19,15,34,0,1,1,0,11,55,19,23,19
402,lineup_10,0,1,20261227,3,five_resource,0,1,77,3,2,7,2,0,4,1,0,0,0,5,0,0,4,5,19,14,33,4,6,6,0,16,,,8,8
403,lineup_10,0,2,20261228,0,hybrid_ows,0,1,164,7,7,9,1,2,0,0,7,0,1,5,1,2,11,8,41,27,68,9,10,10,8,13,137,149,1,41
403,lineup_10,0,2,20261228,1,road_building,0,1,164,4,3,13,3,0,4,1,0,0,0,11,1,0,4,12,41,28,69,3,4,4,12,2,154,,14,46
403,lineup_10,0,2,20261228,2,roads_and_cities,0,1,164,8,8,12,0,4,1,0,0,0,0,8,2,4,2,13,41,29,70,4,5,5,9,11,115,75,15,83
403,lineup_10,0,2,20261228,3,five_resource,1,1,164,10,6,15,4,0,7,4,0,1,0,13,2,0,8,7,40,30,70,5,6,6,8,4,160,,4,32
404,lineup_10,0,3,20261229,0,hybrid_ows,1,1,85,11,8,10,0,2,3,3,5,1,1,4,0,2,12,8,21,26,47,0,0,0,7,5,,53,1,5
404,lineup_10,0,3,20261229,1,road_building,0,1,85,2,2,10,2,0,0,0,0,0,0,8,0,0,0,1,21,9,30,1,1,1,0,2,,,,30
404,lineup_10,0,3,20261229,2,roads_and_cities,0,1,85,3,3,12,3,0,0,0,0,0,0,10,1,0,0,9,21,20,41,2,3,3,0,3,55,,,3
404,lineup_10,0,3,20261229,3,five_resource,0,1,85,3,3,11,1,1,0,0,0,0,0,9,0,1,1,9,21,20,41,5,5,5,4,12,,56,52,12
405,lineup_10,0,4,20261230,0,hybrid_ows,1,1,133,10,8,6,0,3,2,2,6,0,1,4,1,3,10,11,33,29,62,3,5,5,4,33,133,49,61,25
405,lineup_10,0,4,20261230,1,road_building,0,1,133,7,7,10,1,2,3,0,0,1,0,8,1,2,3,20,33,34,67,2,4,4,9,2,54,70,10,10
405,lineup_10,0,4,20261230,2,roads_and_cities,0,1,133,9,8,12,2,3,4,1,0,0,0,6,3,3,7,15,33,34,67,4,7,7,4,19,43,103,7,47
405,lineup_10,0,4,20261230,3,five_resource,0,1,133,4,2,15,2,0,4,2,0,0,0,13,0,0,5,8,33,26,59,4,4,4,13,12,,,32,24
406,lineup_10,0,5,20261231,0,hybrid_ows,1,1,101,10,6,6,0,2,4,4,7,0,1,2,0,2,12,7,25,23,48,1,1,1,0,21,,49,5,53
406,lineup_10,0,5,20261231,1,road_building,0,1,101,3,3,9,3,0,1,0,0,0,0,5,1,0,3,12,25,21,46,1,1,1,0,2,86,,54,10
406,lineup_10,0,5,20261231,2,roads_and_cities,0,1,101,4,4,5,0,2,3,0,0,0,0,3,0,2,3,11,25,19,44,1,2,2,8,71,,11,35,15
406,lineup_10,0,5,20261231,3,five_resource,0,1,101,8,7,13,3,1,3,1,0,1,0,11,2,1,4,11,25,29,54,4,4,4,4,8,48,100,12,8
407,lineup_10,0,6,20261232,0,hybrid_ows,0,1,96,9,6,7,0,2,4,3,3,0,1,5,0,2,9,6,24,22,46,0,1,1,4,17,,73,5,29
407,lineup_10,0,6,20261232,1,road_building,0,1,96,4,4,10,2,0,0,0,0,1,0,8,0,0,0,2,24,10,34,0,0,0,0,2,,,,10
407,lineup_10,0,6,20261232,2,roads_and_cities,0,1,96,4,4,11,0,2,1,0,0,0,0,9,0,2,1,5,24,17,41,3,3,3,0,15,,71,27,7
407,lineup_10,0,6,20261232,3,five_resource,1,1,96,10,10,15,2,4,2,0,0,0,0,13,4,4,3,9,23,33,56,0,2,2,8,4,16,32,12,16
408,lineup_10,0,7,20261233,0,hybrid_ows,0,1,136,9,8,9,0,3,1,1,5,0,1,7,1,3,6,18,34,35,69,2,12,12,0,17,109,81,5,9
408,lineup_10,0,7,20261233,1,road_building,0,1,136,9,9,15,5,1,3,0,0,1,0,13,4,1,4,10,34,32,66,4,5,5,22,6,62,118,10,42
408,lineup_10,0,7,20261233,2,roads_and_cities,0,1,136,9,6,10,0,3,7,3,0,0,0,6,1,3,10,12,34,32,66,0,0,0,4,31,119,95,7,23
408,lineup_10,0,7,20261233,3,five_resource,1,1,136,10,9,14,1,4,3,1,0,0,0,10,3,4,5,15,33,37,70,1,3,3,0,4,52,84,8,36
409,lineup_10,0,8,20261234,0,hybrid_ows,0,1,131,5,2,8,2,0,3,3,2,0,0,4,0,0,6,10,33,20,53,4,5,5,0,9,,,25,9
409,lineup_10,0,8,20261234,1,road_building,0,1,131,5,5,15,5,0,1,0,0,0,0,13,3,0,2,12,33,30,63,0,0,0,0,2,118,,30,2
409,lineup_10,0,8,20261234,2,roads_and_cities,1,1,131,10,10,15,0,4,4,0,0,1,0,13,2,4,4,8,32,31,63,1,3,3,9,19,91,47,3,27
409,lineup_10,0,8,20261234,3,five_resource,0,1,131,3,2,7,2,0,6,1,0,0,0,5,0,0,8,6,32,19,51,2,2,2,4,52,,,24,24
410,lineup_10,0,9,20261235,0,hybrid_ows,0,1,144,7,6,12,0,2,1,1,7,0,1,8,0,2,10,14,36,34,70,5,6,6,25,17,,9,5,13
410,lineup_10,0,9,20261235,1,road_building,0,1,144,6,5,14,3,0,1,1,0,1,0,10,1,0,2,5,36,18,54,1,3,3,13,26,138,,46,10
410,lineup_10,0,9,20261235,2,roads_and_cities,0,1,144,9,7,10,1,3,5,2,0,0,0,8,2,3,7,15,36,35,71,5,6,6,20,55,87,67,15,7
410,lineup_10,0,9,20261235,3,five_resource,1,1,144,10,9,10,1,4,5,1,0,0,0,8,3,4,6,12,35,33,68,7,8,8,19,16,72,64,4,4
411,lineup_10,1,0,20261236,0,road_building,0,1,82,2,2,9,2,0,0,0,0,0,0,7,0,0,0,0,21,7,28,5,7,7,0,1,,,,
411,lineup_10,1,0,20261236,1,roads_and_cities,1,1,82,10,10,11,0,4,1,0,0,1,0,7,2,4,4,12,20,29,49,4,4,4,0,6,42,34,14,6
411,lineup_10,1,0,20261236,2,five_resource,0,1,82,4,3,5,3,0,2,1,0,0,0,3,1,0,2,3,20,9,29,0,0,0,8,39,51,,71,39
411,lineup_10,1,0,20261236,3,hybrid_ows,0,1,82,7,6,2,0,2,1,1,4,0,1,0,0,2,7,3,20,12,32,2,3,3,5,,,36,4,4
412,lineup_10,1,1,20261237,0,road_building,0,1,134,3,3,8,3,0,3,0,0,0,0,6,1,0,3,4,34,14,48,1,2,2,4,1,125,,41,29
412,lineup_10,1,1,20261237,1,roads_and_cities,1,1,134,10,8,15,4,1,5,2,0,1,0,11,3,1,6,8,33,29,62,2,5,5,0,2,38,134,18,14
412,lineup_10,1,1,20261237,2,five_resource,0,1,134,6,5,15,5,0,6,1,0,0,0,13,3,0,7,11,33,34,67,5,8,8,9,3,27,,15,7
412,lineup_10,1,1,20261237,3,hybrid_ows,0,1,134,8,6,8,2,1,2,2,4,0,1,6,1,1,9,15,33,32,65,6,8,8,0,52,124,96,4,16
413,lineup_10,1,2,20261238,0,road_building,0,1,152,7,7,15,3,2,1,0,0,0,0,11,3,2,2,24,38,42,80,1,1,1,4,1,81,141,21,13
413,lineup_10,1,2,20261238,1,roads_and_cities,0,1,152,4,4,12,0,2,1,0,0,0,0,10,0,2,1,16,38,29,67,0,2,2,13,42,,14,34,14
413,lineup_10,1,2,20261238,2,five_resource,0,1,152,7,7,15,1,3,8,0,0,0,0,13,2,3,9,10,38,37,75,8,11,11,8,3,83,115,31,51
413,lineup_10,1,2,20261238,3,hybrid_ows,1,1,152,10,6,11,0,2,4,4,2,1,0,9,0,2,9,22,37,42,79,4,6,6,12,24,,48,32,24
414,lineup_10,1,3,20261239,0,road_building,0,1,112,2,2,9,2,0,1,0,0,0,0,5,0,0,3,7,28,15,43,0,0,0,0,1,,,33,33
414,lineup_10,1,3,20261239,1,roads_and_cities,0,1,112,2,2,7,2,0,5,0,0,0,0,5,0,0,6,7,28,18,46,2,5,5,0,66,,,14,6
414,lineup_10,1,3,20261239,2,five_resource,0,1,112,7,5,15,3,0,4,2,0,1,0,13,1,0,5,11,28,30,58,2,4,4,0,7,43,,23,27
414,lineup_10,1,3,20261239,3,hybrid_ows,1,1,112,10,7,7,1,2,3,3,6,0,1,3,1,2,11,10,27,27,54,5,6,6,0,28,104,100,4,16
415,lineup_10,1,4,20261240,0,road_building,1,1,141,10,7,15,3,1,4,3,0,1,0,13,2,1,4,9,35,29,64,2,4,4,0,1,101,141,13,9
415,lineup_10,1,4,20261240,1,roads_and_cities,0,1,141,7,7,7,1,3,1,0,0,0,0,5,2,3,1,19,35,30,65,2,5,5,0,34,62,10,26,10
415,lineup_10,1,4,20261240,2,five_resource,0,1,141,7,6,13,2,2,5,1,0,0,0,11,2,2,6,12,35,33,68,3,9,9,20,7,75,91,19,3
415,lineup_10,1,4,20261240,3,hybrid_ows,0,1,141,6,5,15,1,1,1,1,8,0,1,9,0,1,14,3,35,27,62,8,10,10,5,12,,140,8,8
416,lineup_10,1,5,20261241,0,road_building,0,1,111,7,5,11,5,0,4,2,0,0,0,9,3,0,6,9,28,27,55,0,5,5,5,17,21,,5,1
416,lineup_10,1,5,20261241,1,roads_and_cities,0,1,111,8,8,11,0,4,0,0,0,0,0,9,2,4,0,23,28,38,66,4,6,6,4,6,78,14,,2
416,lineup_10,1,5,20261241,2,five_resource,1,1,111,10,8,12,4,1,4,2,0,1,0,10,3,1,4,8,27,26,53,2,5,5,5,3,23,111,35,27
416,lineup_10,1,5,20261241,3,hybrid_ows,0,1,111,5,4,8,2,0,1,1,5,0,1,4,0,0,9,6,27,19,46,3,4,4,8,44,,,8,24
417,lineup_10,1,6,20261242,0,road_building,0,1,126,5,5,15,3,1,3,0,0,0,0,13,2,1,3,9,32,28,60,1,3,3,8,1,97,113,41,77
417,lineup_10,1,6,20261242,1,roads_and_cities,1,1,126,10,8,12,0,3,2,2,0,1,0,10,1,3,5,20,31,39,70,2,12,12,0,6,90,46,2,2
417,lineup_10,1,6,20261242,2,five_resource,0,1,126,6,5,15,5,0,4,1,0,0,0,13,3,0,4,9,31,29,60,3,7,7,0,3,51,,47,39
417,lineup_10,1,6,20261242,3,hybrid_ows,0,1,126,7,5,11,3,0,3,2,6,0,1,7,1,0,11,8,31,27,58,10,11,11,12,12,120,,52,12
418,lineup_10,1,7,20261243,0,road_building,0,1,136,6,6,15,4,1,2,0,0,0,0,13,3,1,2,14,34,33,67,4,5,5,0,5,45,133,37,5
418,lineup_10,1,7,20261243,1,roads_and_cities,0,1,136,8,7,10,1,3,4,1,0,0,0,8,2,3,5,12,34,30,64,1,3,3,13,6,82,66,30,6
418,lineup_10,1,7,20261243,2,five_resource,0,1,136,8,6,15,4,0,7,2,0,1,0,11,2,0,9,7,34,29,63,3,7,7,5,19,115,,7,35
418,lineup_10,1,7,20261243,3,hybrid_ows,1,1,136,10,8,12,0,3,2,2,4,0,1,8,1,3,9,18,33,39,72,6,8,8,4,4,132,40,64,56
419,lineup_10,1,8,20261244,0,road_building,0,1,92,4,3,9,1,1,3,1,0,0,0,7,0,1,3,4,23,15,38,1,2,2,0,9,,85,49,9
419,lineup_10,1,8,20261244,1,roads_and_cities,0,1,92,6,6,11,4,0,3,0,0,1,0,9,2,0,4,6,23,21,44,3,3,3,0,2,42,,14,10
419,lineup_10,1,8,20261244,2,five_resource,0,1,92,5,4,10,0,2,4,1,0,0,0,8,0,2,6,17,23,33,56,1,2,2,0,43,,11,15,7
419,lineup_10,1,8,20261244,3,hybrid_ows,1,1,92,10,7,9,1,2,3,3,6,0,1,3,1,2,12,18,22,36,58,1,1,1,5,8,92,32,4,4
420,lineup_10,1,9,20261245,0,road_building,0,1,95,7,7,9,3,1,2,0,0,1,0,7,2,1,2,5,24,17,41,0,1,1,11,17,61,53,77,17
420,lineup_10,1,9,20261245,1,roads_and_cities,0,1,95,4,3,8,3,0,1,1,0,0,0,4,1,0,4,16,24,25,49,1,7,7,0,22,94,,18,14
420,lineup_10,1,9,20261245,2,five_resource,1,1,95,10,7,8,1,3,7,3,0,0,0,6,2,3,7,19,23,37,60,4,11,11,0,3,35,11,15,15
420,lineup_10,1,9,20261245,3,hybrid_ows,0,1,95,6,6,9,0,2,2,0,5,0,1,5,0,2,9,7,23,23,46,6,11,11,8,40,,12,48,16
421,lineup_10,2,0,20261246,0,roads_and_cities,0,1,162,8,8,13,2,3,2,0,0,0,0,11,3,3,5,12,41,34,75,8,9,9,13,1,93,53,9,25
421,lineup_10,2,0,20261246,1,five_resource,1,1,162,10,8,15,4,2,6,2,0,0,0,13,4,2,6,24,40,49,89,3,5,5,21,6,22,106,14,10
421,lineup_10,2,0,20261246,2,hybrid_ows,0,1,162,8,6,12,0,2,2,2,7,0,1,6,0,2,12,18,40,38,78,3,4,4,17,63,,43,7,23
421,lineup_10,2,0,20261246,3,road_building,0,1,162,9,8,11,4,1,2,1,0,1,0,9,3,1,2,8,40,23,63,3,3,3,36,4,60,140,32,24
422,lineup_10,2,1,20261247,0,roads_and_cities,0,1,127,7,6,12,0,3,4,1,0,0,0,10,1,3,4,18,32,36,68,5,6,6,16,9,105,61,9,5
422,lineup_10,2,1,20261247,1,five_resource,0,1,127,6,5,13,5,0,4,1,0,0,0,9,3,0,7,11,32,30,62,4,6,6,8,46,90,,6,46
422,lineup_10,2,1,20261247,2,hybrid_ows,1,1,127,10,8,7,0,3,2,2,8,0,1,5,1,3,11,19,31,39,70,4,10,10,13,27,111,3,19,15
422,lineup_10,2,1,20261247,3,road_building,0,1,127,8,7,15,5,0,1,1,0,1,0,11,3,0,3,14,31,31,62,3,6,6,9,8,32,,8,16
423,lineup_10,2,2,20261248,0,roads_and_cities,0,1,119,4,4,10,0,2,4,0,0,0,0,8,0,2,6,5,30,21,51,7,8,8,4,53,,81,5,53
423,lineup_10,2,2,20261248,1,five_resource,0,1,119,7,6,14,4,0,4,1,0,1,0,10,2,0,5,14,30,31,61,2,2,2,0,34,82,,26,6
423,lineup_10,2,2,20261248,2,hybrid_ows,1,1,119,10,6,6,2,1,4,4,4,0,1,2,1,1,11,5,29,20,49,6,6,6,0,43,119,99,3,31
423,lineup_10,2,2,20261248,3,road_building,0,1,119,3,3,15,1,1,3,0,0,0,0,13,0,1,3,9,29,26,55,2,2,2,0,8,,36,64,8
424,lineup_10,2,3,20261249,0,roads_and_cities,0,1,104,6,4,11,2,1,2,2,0,0,0,9,1,1,2,11,26,24,50,4,5,5,4,9,33,77,25,9
424,lineup_10,2,3,20261249,1,five_resource,0,1,104,5,4,10,2,1,7,1,0,0,0,6,1,1,8,17,26,33,59,2,3,3,0,10,30,78,2,38
424,lineup_10,2,3,20261249,2,hybrid_ows,0,1,104,9,8,7,0,3,2,1,5,0,1,5,1,3,10,15,26,34,60,1,3,3,9,51,87,7,15,15
424,lineup_10,2,3,20261249,3,road_building,1,1,104,10,10,11,2,3,2,0,0,1,0,9,3,3,2,17,25,34,59,4,7,6,0,4,32,84,52,8
425,lineup_10,2,4,20261250,0,roads_and_cities,0,1,124,4,4,5,0,2,1,0,0,0,0,3,0,2,3,16,31,24,55,0,2,2,0,5,,53,65,5
425,lineup_10,2,4,20261250,1,five_resource,0,1,124,5,4,8,0,2,4,1,0,0,0,6,0,2,6,14,31,28,59,0,0,0,13,18,,70,26,18
425,lineup_10,2,4,20261250,2,hybrid_ows,0,1,124,9,7,10,1,2,2,2,7,0,1,4,1,2,11,10,31,28,59,2,4,4,10,43,107,15,3,31
425,lineup_10,2,4,20261250,3,road_building,1,1,124,10,8,12,4,1,5,2,0,1,0,10,3,1,5,17,30,36,66,1,6,6,14,4,36,124,4,16
426,lineup_10,2,5,20261251,0,roads_and_cities,1,1,121,10,10,15,2,3,3,0,0,1,0,13,3,3,5,18,30,42,72,5,8,8,4,5,73,57,21,17
426,lineup_10,2,5,20261251,1,five_resource,0,1,121,6,4,6,2,1,7,2,0,0,0,4,1,1,8,8,30,22,52,6,6,6,0,2,62,98,18,14
426,lineup_10,2,5,20261251,2,hybrid_ows,0,1,121,9,6,11,2,1,3,3,6,0,1,5,1,1,12,8,30,27,57,7,11,11,4,11,99,111,11,7
426,lineup_10,2,5,20261251,3,road_building,0,1,121,5,5,15,3,1,0,0,0,0,0,13,2,1,0,12,30,28,58,6,7,7,9,4,100,24,,24
427,lineup_10,2,6,20261252,0,roads_and_cities,1,1,129,10,9,15,1,3,2,1,0,1,0,13,2,3,2,12,32,32,64,8,10,9,4,5,89,49,5,41
427,lineup_10,2,6,20261252,1,five_resource,0,1,129,9,6,11,0,3,6,3,0,0,0,9,1,3,6,11,32,30,62,1,1,1,0,54,106,14,10,38
427,lineup_10,2,6,20261252,2,hybrid_ows,0,1,129,9,8,9,0,3,5,1,5,0,1,7,1,3,13,8,32,32,64,2,2,2,10,7,123,83,3,7
427,lineup_10,2,6,20261252,3,road_building,0,1,129,5,5,15,5,0,2,0,0,0,0,11,3,0,4,14,32,32,64,1,2,2,8,4,32,,16,4
428,lineup_10,2,7,20261253,0,roads_and_cities,0,1,99,6,5,9,1,2,4,1,0,0,0,7,1,2,4,11,25,25,50,1,3,3,8,5,85,17,73,5
428,lineup_10,2,7,20261253,1,five_resource,0,1,99,5,4,8,2,1,3,1,0,0,0,4,1,1,5,8,25,19,44,1,2,2,4,2,98,94,26,6
428,lineup_10,2,7,20261253,2,hybrid_ows,1,1,99,10,8,11,0,2,4,2,6,1,1,7,0,2,12,9,24,30,54,6,6,6,13,7,,19,3,7
428,lineup_10,2,7,20261253,3,road_building,0,1,99,3,2,12,2,0,2,1,0,0,0,10,0,0,2,3,24,15,39,3,6,5,4,12,,,12,40
429,lineup_10,2,8,20261254,0,roads_and_cities,0,1,154,7,7,14,3,2,2,0,0,0,0,10,3,2,4,13,39,32,71,5,7,7,4,21,89,133,9,1
429,lineup_10,2,8,20261254,1,five_resource,1,1,154,10,8,15,0,3,5,2,0,1,0,13,1,3,7,12,38,36,74,7,8,8,9,22,94,78,6,22
429,lineup_10,2,8,20261254,2,hybrid_ows,0,1,154,9,6,8,0,2,4,3,3,0,1,6,0,2,7,13,38,28,66,1,2,2,5,3,,55,11,19
429,lineup_10,2,8,20261254,3,road_building,0,1,154,6,6,15,4,1,5,0,0,0,0,13,3,1,6,15,38,38,76,6,9,8,4,4,72,140,40,40
430,lineup_10,2,9,20261255,0,roads_and_cities,0,1,127,2,2,14,2,0,1,0,0,0,0,12,0,0,1,7,32,20,52,4,5,5,0,5,,,101,13
430,lineup_10,2,9,20261255,1,five_resource,0,1,127,5,5,15,1,2,2,0,0,0,0,13,1,2,5,6,32,27,59,3,4,4,18,2,66,46,18,14
430,lineup_10,2,9,20261255,2,hybrid_ows,1,1,127,10,6,8,0,2,4,4,9,0,1,2,0,2,16,11,31,31,62,3,4,4,17,99,,11,19,27
430,lineup_10,2,9,20261255,3,road_building,0,1,127,6,6,15,4,0,0,0,0,1,0,13,2,0,0,10,31,25,56,6,6,6,0,4,100,,,32
431,lineup_10,3,0,20261256,0,five_resource,0,1,94,8,8,11,0,3,0,0,0,1,0,5,1,3,3,8,24,20,44,2,2,2,0,29,85,9,5,21
431,lineup_10,3,0,20261256,1,hybrid_ows,1,1,94,10,6,4,0,2,4,4,6,0,1,2,0,2,10,5,23,19,42,4,4,4,0,26,,82,6,18
431,lineup_10,3,0,20261256,2,road_building,0,1,94,2,2,15,2,0,1,0,0,0,0,13,0,0,1,3,23,17,40,1,1,1,18,3,,,39,51
431,lineup_10,3,0,20261256,3,roads_and_cities,0,1,94,8,7,9,1,3,4,1,0,0,0,7,2,3,5,16,23,33,56,6,6,6,4,20,56,16,4,8
432,lineup_10,3,1,20261257,0,five_resource,1,1,125,10,9,12,1,3,4,1,0,1,0,10,2,3,4,15,31,34,65,3,6,6,4,9,73,25,1,13
432,lineup_10,3,1,20261257,1,hybrid_ows,0,1,125,8,6,10,0,2,2,2,7,0,1,4,0,2,14,15,31,35,66,8,8,8,5,90,,70,6,10
432,lineup_10,3,1,20261257,2,road_building,0,1,125,9,8,15,4,2,3,1,0,0,0,13,4,2,3,17,31,39,70,7,13,13,4,3,35,103,15,31
432,lineup_10,3,1,20261257,3,roads_and_cities,0,1,125,3,2,7,2,0,3,1,0,0,0,5,0,0,4,11,31,20,51,4,5,5,5,24,,,16,8
433,lineup_10,3,2,20261258,0,five_resource,0,1,124,4,3,15,1,1,3,1,0,0,0,13,0,1,3,8,31,25,56,5,6,6,8,9,,77,25,9
433,lineup_10,3,2,20261258,1,hybrid_ows,0,1,124,7,6,9,0,2,1,1,3,0,1,7,0,2,6,7,31,22,53,0,1,1,8,26,,118,10,34
433,lineup_10,3,2,20261258,2,road_building,0,1,124,9,9,15,5,1,1,0,0,1,0,11,4,1,3,22,31,41,72,3,4,4,0,7,39,83,7,7
433,lineup_10,3,2,20261258,3,roads_and_cities,1,1,124,10,9,15,3,3,7,1,0,0,0,13,4,3,8,13,30,41,71,3,6,6,9,8,20,104,16,24
434,lineup_10,3,3,20261259,0,five_resource,1,1,69,11,10,11,0,4,4,1,0,1,0,7,2,4,5,6,17,24,41,0,0,0,9,9,9,37,21,45
434,lineup_10,3,3,20261259,1,hybrid_ows,0,1,69,5,5,6,1,1,0,0,4,0,1,2,0,1,5,5,17,13,30,3,6,6,0,26,,66,2,22
434,lineup_10,3,3,20261259,2,road_building,0,1,69,3,3,14,3,0,1,0,0,0,0,12,1,0,1,3,17,17,34,4,7,7,8,3,7,,15,39
434,lineup_10,3,3,20261259,3,roads_and_cities,0,1,69,3,2,10,2,0,1,1,0,0,0,8,0,0,4,2,17,14,31,3,4,4,0,4,,,4,36
435,lineup_10,3,4,20261260,0,five_resource,0,1,132,9,8,11,2,2,4,1,0,1,0,7,2,2,6,9,33,26,59,4,8,8,0,5,69,117,5,37
435,lineup_10,3,4,20261260,1,hybrid_ows,0,1,132,6,6,15,0,2,0,0,6,0,1,13,0,2,9,9,33,33,66,1,2,2,21,2,,74,2,18
435,lineup_10,3,4,20261260,2,road_building,0,1,132,6,4,11,4,0,4,2,0,0,0,7,2,0,5,10,33,24,57,2,4,4,12,27,63,,31,31
435,lineup_10,3,4,20261260,3,roads_and_cities,1,1,132,10,8,15,0,4,5,2,0,0,0,13,2,4,5,7,32,31,63,3,4,4,13,4,72,28,4,36
436,lineup_10,3,5,20261261,0,five_resource,0,1,104,4,4,6,4,0,0,0,0,0,0,4,2,0,1,14,26,21,47,1,1,1,4,13,21,,73,33
436,lineup_10,3,5,20261261,1,hybrid_ows,0,1,104,9,8,5,0,3,2,1,7,0,1,3,1,3,10,8,26,25,51,1,3,3,6,6,38,50,6,6
436,lineup_10,3,5,20261261,2,road_building,0,1,104,5,4,12,4,0,3,1,0,0,0,10,2,0,3,10,26,25,51,5,8,8,4,3,67,,15,11
436,lineup_10,3,5,20261261,3,roads_and_cities,1,1,104,10,8,15,0,3,5,2,0,1,0,9,1,3,8,9,25,30,55,5,10,9,8,12,88,24,20,20
437,lineup_10,3,6,20261262,0,five_resource,0,1,114,7,6,11,4,1,7,1,0,0,0,7,3,1,9,10,29,30,59,3,3,3,12,5,49,57,5,77
437,lineup_10,3,6,20261262,1,hybrid_ows,1,1,114,10,6,7,0,3,4,4,2,0,0,5,1,3,9,16,28,34,62,4,9,9,4,42,102,22,2,30
437,lineup_10,3,6,20261262,2,road_building,0,1,114,6,6,11,4,0,1,0,0,1,0,9,2,0,1,4,28,16,44,3,5,5,0,3,103,,63,23
437,lineup_10,3,6,20261262,3,roads_and_cities,0,1,114,7,7,5,1,3,6,0,0,0,0,3,2,3,6,8,28,22,50,5,9,9,8,40,84,60,4,24
438,lineup_10,3,7,20261263,0,five_resource,0,1,152,8,8,15,4,1,2,0,0,1,0,9,3,1,4,6,38,23,61,3,7,7,15,5,89,145,13,69
438,lineup_10,3,7,20261263,1,hybrid_ows,0,1,152,9,6,11,0,2,3,3,8,0,1,9,0,2,14,13,38,38,76,5,8,8,27,22,,70,10,22
438,lineup_10,3,7,20261263,2,road_building,0,1,152,6,6,13,4,1,2,0,0,0,0,11,3,1,2,9,38,26,64,3,3,3,28,15,79,55,23,11
438,lineup_10,3,7,20261263,3,roads_and_cities,1,1,152,10,8,15,0,4,4,2,0,0,0,13,2,4,5,12,37,36,73,5,11,11,11,4,120,96,12,20
439,lineup_10,3,8,20261264,0,five_resource,0,1,118,5,4,10,2,0,5,1,0,1,0,6,0,0,6,8,30,20,50,0,3,3,5,13,,,25,21
439,lineup_10,3,8,20261264,1,hybrid_ows,1,1,118,10,7,6,1,2,4,3,6,0,1,2,1,2,12,7,29,24,53,3,6,6,0,10,118,34,2,58
439,lineup_10,3,8,20261264,2,road_building,0,1,118,3,2,11,2,0,4,1,0,0,0,9,0,0,5,6,29,20,49,3,5,5,4,3,,,11,31
439,lineup_10,3,8,20261264,3,roads_and_cities,0,1,118,3,3,10,3,0,1,0,0,0,0,8,1,0,2,8,29,19,48,2,2,2,4,16,104,,60,24
440,lineup_10,3,9,20261265,0,five_resource,0,1,123,9,9,12,1,4,2,0,0,0,0,10,3,4,4,18,31,39,70,3,3,3,5,1,25,85,53,37
440,lineup_10,3,9,20261265,1,hybrid_ows,0,1,123,6,5,7,3,0,1,1,5,0,1,3,1,0,8,8,31,20,51,3,5,5,8,42,98,,22,22
440,lineup_10,3,9,20261265,2,road_building,1,1,123,10,8,15,4,1,4,2,0,1,0,13,3,1,4,14,30,35,65,7,7,7,8,7,67,111,39,3
440,lineup_10,3,9,20261265,3,roads_and_cities,0,1,123,9,9,15,1,4,2,0,0,0,0,13,3,4,2,20,30,42,72,8,10,10,0,8,52,32,24,8
441,lineup_11,0,0,20261266,0,hybrid_ows,1,1,161,10,9,12,1,3,1,1,7,0,1,6,2,3,13,11,40,35,75,9,15,15,9,13,89,133,9,49
441,lineup_11,0,0,20261266,1,road_building,0,1,161,7,5,15,5,0,3,2,0,0,0,13,3,0,3,9,40,28,68,4,4,4,13,10,74,,30,10
441,lineup_11,0,0,20261266,2,roads_and_cities,0,1,161,6,6,14,4,0,2,0,0,1,0,12,2,0,2,15,40,31,71,5,6,6,0,3,83,,51,11
441,lineup_11,0,0,20261266,3,port,0,1,161,7,5,15,3,1,6,2,0,0,0,13,2,1,7,10,40,33,73,3,3,3,0,48,108,160,16,12
442,lineup_11,0,1,20261267,0,hybrid_ows,0,1,135,7,6,12,0,2,1,1,8,0,1,6,0,2,14,18,34,40,74,4,6,6,10,13,,25,5,13
442,lineup_11,0,1,20261267,1,road_building,0,1,135,5,4,13,2,1,2,1,0,0,0,11,1,1,2,11,34,26,60,0,0,0,9,6,106,86,50,2
442,lineup_11,0,1,20261267,2,roads_and_cities,1,1,135,10,8,10,0,4,4,2,0,0,0,8,2,4,4,13,33,31,64,1,1,1,0,19,95,71,3,11
442,lineup_11,0,1,20261267,3,port,0,1,135,8,7,15,5,0,4,1,0,1,0,13,3,0,5,20,33,41,74,5,5,5,4,20,76,,8,20
443,lineup_11,0,2,20261268,0,hybrid_ows,1,1,141,10,8,6,0,3,2,2,8,0,1,4,1,3,11,11,35,30,65,5,13,13,0,9,121,113,5,9
443,lineup_11,0,2,20261268,1,road_building,0,1,141,9,8,15,4,1,3,1,0,1,0,13,3,1,4,16,35,37,72,2,2,2,17,2,74,134,54,22
443,lineup_11,0,2,20261268,2,roads_and_cities,0,1,141,8,7,14,1,3,2,1,0,0,0,12,2,3,3,19,35,39,74,4,4,4,4,3,75,27,63,19
443,lineup_11,0,2,20261268,3,port,0,1,141,6,5,15,5,0,5,1,0,0,0,11,3,0,7,14,35,35,70,3,5,5,0,4,56,,24,12
444,lineup_11,0,3,20261269,0,hybrid_ows,1,1,157,10,7,15,1,2,3,3,8,0,1,9,1,2,16,16,39,44,83,0,0,0,26,9,157,21,17,9
444,lineup_11,0,3,20261269,1,road_building,0,1,157,2,2,15,2,0,3,0,0,0,0,13,0,0,3,15,39,31,70,3,4,4,0,2,,,14,6
444,lineup_11,0,3,20261269,2,roads_and_cities,0,1,157,8,7,13,1,2,3,1,0,1,0,11,1,2,4,19,39,37,76,3,5,5,12,3,39,119,47,19
444,lineup_11,0,3,20261269,3,port,0,1,157,6,5,13,5,0,2,1,0,0,0,11,3,0,2,18,39,34,73,1,5,5,9,8,60,,44,8
445,lineup_11,0,4,20261270,0,hybrid_ows,1,1,149,10,8,12,0,2,2,2,8,1,1,6,0,2,15,9,37,32,69,1,2,2,9,33,,129,1,9
445,lineup_11,0,4,20261270,1,road_building,0,1,149,3,3,10,3,0,0,0,0,0,0,8,1,0,0,15,37,24,61,1,3,3,0,14,142,,,14
445,lineup_11,0,4,20261270,2,roads_and_cities,0,1,149,5,4,13,0,2,4,1,0,0,0,11,0,2,4,10,37,27,64,5,5,5,8,39,,31,3,7
445,lineup_11,0,4,20261270,3,port,0,1,149,7,5,12,3,1,5,2,0,0,0,10,2,1,6,11,37,30,67,1,4,4,0,40,108,144,4,4
446,lineup_11,0,5,20261271,0,hybrid_ows,0,1,106,7,6,12,0,2,3,1,6,0,1,6,0,2,11,7,27,26,53,1,1,1,8,33,,49,1,17
446,lineup_11,0,5,20261271,1,road_building,1,1,106,10,8,10,4,1,3,2,0,1,0,8,3,1,7,7,26,26,52,4,5,5,4,6,14,102,30,22
446,lineup_11,0,5,20261271,2,roads_and_cities,0,1,106,4,4,9,0,2,3,0,0,0,0,7,0,2,3,4,26,16,42,2,2,2,9,3,,31,11,19
446,lineup_11,0,5,20261271,3,port,0,1,106,5,4,12,4,0,3,1,0,0,0,10,2,0,3,9,26,24,50,3,3,3,0,4,88,,20,4
447,lineup_11,0,6,20261272,0,hybrid_ows,1,1,93,10,5,6,1,1,5,5,7,0,1,2,0,1,15,3,23,21,44,2,2,2,0,61,,81,1,13
447,lineup_11,0,6,20261272,1,road_building,0,1,93,4,4,9,2,0,1,0,0,1,0,5,0,0,2,6,23,13,36,0,0,0,8,30,,,22,6
447,lineup_11,0,6,20261272,2,roads_and_cities,0,1,93,7,7,6,1,3,2,0,0,0,0,4,2,3,2,5,23,16,39,4,5,5,8,19,63,15,7,19
447,lineup_11,0,6,20261272,3,port,0,1,93,2,2,10,2,0,0,0,0,0,0,8,0,0,1,11,23,20,43,1,1,1,0,4,,,16,4
448,lineup_11,0,7,20261273,0,hybrid_ows,1,1,113,10,6,9,0,2,4,4,9,0,1,3,0,2,18,6,28,29,57,2,3,3,8,9,,61,5,81
448,lineup_11,0,7,20261273,1,road_building,0,1,113,3,3,14,3,0,1,0,0,0,0,12,1,0,1,4,28,18,46,3,4,4,4,2,102,,34,54
448,lineup_11,0,7,20261273,2,roads_and_cities,0,1,113,4,4,15,0,2,2,0,0,0,0,13,0,2,3,4,28,22,50,4,4,4,5,3,,51,3,19
448,lineup_11,0,7,20261273,3,port,0,1,113,5,4,12,2,0,3,1,0,1,0,10,0,0,3,6,28,19,47,3,3,3,4,4,,,20,8
449,lineup_11,0,8,20261274,0,hybrid_ows,0,1,150,9,9,11,1,3,0,0,5,0,1,9,2,3,7,13,38,34,72,10,21,21,17,9,109,69,25,89
449,lineup_11,0,8,20261274,1,road_building,1,1,150,10,8,13,2,2,5,2,0,1,0,9,2,2,7,15,37,35,72,4,7,7,8,2,94,134,10,6
449,lineup_11,0,8,20261274,2,roads_and_cities,0,1,150,8,8,10,0,4,2,0,0,0,0,8,2,4,2,10,37,26,63,3,3,3,8,27,115,47,7,35
449,lineup_11,0,8,20261274,3,port,0,1,150,8,5,9,3,1,7,3,0,0,0,5,2,1,9,11,37,28,65,5,7,7,20,8,52,148,12,24
450,lineup_11,0,9,20261275,0,hybrid_ows,1,1,105,10,7,4,1,2,4,3,6,0,1,2,1,2,13,9,26,27,53,2,2,2,25,77,89,41,25,5
450,lineup_11,0,9,20261275,1,road_building,0,1,105,3,2,10,2,0,2,1,0,0,0,8,0,0,2,5,26,15,41,2,3,3,0,34,,,46,34
450,lineup_11,0,9,20261275,2,roads_and_cities,0,1,105,5,4,10,0,2,2,1,0,0,0,8,0,2,2,7,26,19,45,2,2,2,8,11,,23,67,31
450,lineup_11,0,9,20261275,3,port,0,1,105,5,5,12,3,0,6,0,0,1,0,8,1,0,8,2,26,19,45,5,7,7,0,12,84,,4,20
451,lineup_11,1,0,20261276,0,road_building,0,1,92,4,3,11,3,0,3,1,0,0,0,9,1,0,3,8,23,21,44,4,4,4,0,5,85,,13,13
451,lineup_11,1,0,20261276,1,roads_and_cities,0,1,92,6,5,8,1,2,4,1,0,0,0,6,1,2,4,4,23,17,40,1,3,3,6,14,78,42,6,2
451,lineup_11,1,0,20261276,2,port,0,1,92,7,7,13,5,0,2,0,0,1,0,11,3,0,3,3,23,20,43,4,6,6,0,3,59,,11,31
451,lineup_11,1,0,20261276,3,hybrid_ows,1,1,92,10,7,8,1,2,3,3,6,0,1,2,1,2,13,6,22,24,46,8,8,8,0,8,84,40,4,28
452,lineup_11,1,1,20261277,0,road_building,1,1,177,10,9,15,5,1,1,1,0,1,0,13,4,1,1,13,44,32,76,5,8,8,0,13,33,169,93,13
452,lineup_11,1,1,20261277,1,roads_and_cities,0,1,177,7,6,15,0,3,3,1,0,0,0,13,1,3,3,8,44,28,72,0,1,1,24,6,146,74,18,62
452,lineup_11,1,1,20261277,2,port,0,1,177,8,6,11,2,2,4,2,0,0,0,7,2,2,5,26,44,42,86,4,8,8,12,27,151,143,43,7
452,lineup_11,1,1,20261277,3,hybrid_ows,0,1,177,9,8,13,0,3,1,1,10,0,1,9,1,3,16,26,44,55,99,2,5,5,25,36,144,48,4,12
453,lineup_11,1,2,20261278,0,road_building,0,1,100,9,8,13,4,1,1,1,0,1,0,11,3,1,2,8,25,25,50,6,7,7,0,1,29,85,33,9
453,lineup_11,1,2,20261278,1,roads_and_cities,0,1,100,6,5,10,3,1,2,1,0,0,0,6,2,1,3,12,25,24,49,3,9,9,0,10,70,86,34,10
453,lineup_11,1,2,20261278,2,port,0,1,100,6,4,14,2,1,7,2,0,0,0,10,1,1,9,4,25,25,50,4,5,5,4,7,43,95,27,7
453,lineup_11,1,2,20261278,3,hybrid_ows,1,1,100,10,9,8,1,3,1,1,8,0,1,6,2,3,11,14,24,36,60,2,4,4,0,4,88,32,8,4
454,lineup_11,1,3,20261279,0,road_building,0,1,134,6,6,15,4,0,4,0,0,1,0,11,2,0,8,7,34,28,62,7,7,7,8,5,101,,13,5
454,lineup_11,1,3,20261279,1,roads_and_cities,1,1,134,10,8,15,2,3,2,2,0,0,0,13,3,3,2,18,33,39,72,2,8,8,4,10,30,58,34,14
454,lineup_11,1,3,20261279,2,port,0,1,134,6,5,13,3,1,3,1,0,0,0,11,2,1,3,22,33,39,72,2,5,5,4,19,103,131,87,19
454,lineup_11,1,3,20261279,3,hybrid_ows,0,1,134,7,5,7,3,0,2,2,8,0,1,3,1,0,12,10,33,26,59,7,8,8,0,68,120,,4,4
455,lineup_11,1,4,20261280,0,road_building,0,1,156,5,5,15,5,0,2,0,0,0,0,13,3,0,2,3,39,21,60,4,8,8,4,1,121,,89,73
455,lineup_11,1,4,20261280,1,roads_and_cities,0,1,156,8,7,13,1,3,1,1,0,0,0,11,2,3,1,15,39,32,71,0,4,4,22,6,126,38,62,2
455,lineup_11,1,4,20261280,2,port,0,1,156,7,6,14,4,0,7,1,0,1,0,10,2,0,9,11,39,32,71,4,10,10,19,15,143,,3,15
455,lineup_11,1,4,20261280,3,hybrid_ows,1,1,156,10,7,11,1,2,3,3,6,0,1,7,1,2,13,19,38,42,80,6,8,8,5,60,156,24,8,16
456,lineup_11,1,5,20261281,0,road_building,0,1,116,7,7,14,5,0,3,0,0,1,0,12,3,0,5,9,29,29,58,5,9,9,8,5,25,,53,9
456,lineup_11,1,5,20261281,1,roads_and_cities,0,1,116,9,8,12,0,4,3,1,0,0,0,10,2,4,4,8,29,28,57,2,6,6,5,10,106,18,2,54
456,lineup_11,1,5,20261281,2,port,0,1,116,5,4,13,4,0,4,1,0,0,0,11,2,0,4,18,29,35,64,4,12,12,0,3,67,,47,3
456,lineup_11,1,5,20261281,3,hybrid_ows,1,1,116,10,7,6,1,2,3,3,7,0,1,2,1,2,12,9,28,26,54,1,1,1,18,56,116,20,4,28
457,lineup_11,1,6,20261282,0,road_building,0,1,112,5,4,15,4,0,2,1,0,0,0,13,2,0,2,7,28,24,52,1,2,2,0,1,97,,13,13
457,lineup_11,1,6,20261282,1,roads_and_cities,0,1,112,6,5,7,1,2,4,1,0,0,0,5,1,2,6,7,28,21,49,0,3,3,8,2,90,58,14,78
457,lineup_11,1,6,20261282,2,port,0,1,112,7,7,15,5,0,1,0,0,1,0,13,3,0,1,6,28,23,51,5,8,8,0,3,31,,91,7
457,lineup_11,1,6,20261282,3,hybrid_ows,1,1,112,10,7,13,3,1,3,3,6,0,1,9,2,1,10,7,27,29,56,3,7,7,23,4,24,76,12,52
458,lineup_11,1,7,20261283,0,road_building,0,1,143,8,7,13,1,2,6,1,0,1,0,11,1,2,8,13,36,35,71,5,9,9,13,1,61,125,9,9
458,lineup_11,1,7,20261283,1,roads_and_cities,0,1,143,9,9,14,1,4,3,0,0,0,0,10,3,4,5,20,36,42,78,6,13,13,0,10,34,114,30,30
458,lineup_11,1,7,20261283,2,port,1,1,143,10,9,15,5,2,1,1,0,0,0,13,5,2,2,25,35,47,82,6,13,12,0,7,67,139,63,7
458,lineup_11,1,7,20261283,3,hybrid_ows,0,1,143,9,6,3,0,2,4,3,6,0,1,1,0,2,10,5,35,18,53,2,10,10,4,136,,80,4,40
459,lineup_11,1,8,20261284,0,road_building,0,1,130,4,3,14,3,0,1,1,0,0,0,12,1,0,1,2,33,16,49,4,5,5,0,5,125,,93,17
459,lineup_11,1,8,20261284,1,roads_and_cities,1,1,130,10,9,10,1,4,3,1,0,0,0,6,3,4,4,12,32,29,61,1,1,1,0,2,62,110,26,2
459,lineup_11,1,8,20261284,2,port,0,1,130,8,7,14,5,0,7,1,0,1,0,12,3,0,9,9,32,33,65,0,2,2,13,3,51,,11,27
459,lineup_11,1,8,20261284,3,hybrid_ows,0,1,130,7,5,9,1,1,2,2,7,0,1,7,0,1,11,8,32,27,59,5,7,7,4,8,,128,4,36
460,lineup_11,1,9,20261285,0,road_building,1,1,157,10,9,12,3,2,4,1,0,1,0,10,3,2,7,9,39,31,70,4,12,11,45,1,5,133,29,25
460,lineup_11,1,9,20261285,1,roads_and_cities,0,1,157,8,7,11,3,2,5,1,0,0,0,9,3,2,5,12,39,31,70,6,17,17,16,14,26,126,6,14
460,lineup_11,1,9,20261285,2,port,0,1,157,4,3,15,3,0,2,1,0,0,0,13,1,0,2,9,39,25,64,1,5,5,40,11,15,,87,11
460,lineup_11,1,9,20261285,3,hybrid_ows,0,1,157,7,5,10,1,1,2,2,7,0,1,6,0,1,11,13,39,31,70,4,12,12,10,16,,136,16,8
461,lineup_11,2,0,20261286,0,roads_and_cities,0,1,99,4,4,10,2,1,2,0,0,0,0,8,1,1,4,11,25,25,50,3,3,3,0,1,89,65,45,13
461,lineup_11,2,0,20261286,1,port,0,1,99,6,5,13,3,0,3,1,0,1,0,11,1,0,3,6,25,21,46,5,5,5,0,6,54,,6,22
461,lineup_11,2,0,20261286,2,hybrid_ows,1,1,99,10,6,8,0,2,6,4,5,0,1,4,0,2,14,13,24,33,57,2,3,3,6,11,,55,11,11
461,lineup_11,2,0,20261286,3,road_building,0,1,99,5,5,10,5,0,2,0,0,0,0,8,3,0,2,7,24,20,44,4,7,7,4,4,44,,24,20
462,lineup_11,2,1,20261287,0,roads_and_cities,1,1,109,10,9,13,1,3,4,1,0,1,0,9,2,3,7,7,27,28,55,6,8,8,0,13,45,57,17,13
462,lineup_11,2,1,20261287,1,port,0,1,109,4,3,12,1,1,3,1,0,0,0,10,0,1,3,5,27,19,46,1,1,1,0,2,,86,18,30
462,lineup_11,2,1,20261287,2,hybrid_ows,0,1,109,6,6,7,2,1,0,0,8,0,1,5,1,1,10,10,27,27,54,3,3,3,4,3,99,83,7,7
462,lineup_11,2,1,20261287,3,road_building,0,1,109,8,6,15,2,2,4,2,0,0,0,13,2,2,4,14,27,35,62,6,7,7,4,28,100,32,72,28
463,lineup_11,2,2,20261288,0,roads_and_cities,0,1,174,7,6,15,0,3,3,1,0,0,0,13,1,3,5,19,44,41,85,4,10,9,8,1,145,113,65,13
463,lineup_11,2,2,20261288,1,port,1,1,174,10,10,15,2,4,3,0,0,0,0,11,4,4,4,25,43,48,91,9,10,10,16,26,50,118,2,10
463,lineup_11,2,2,20261288,2,hybrid_ows,0,1,174,8,6,7,2,1,2,2,3,0,1,3,1,1,7,15,43,27,70,3,4,4,9,11,147,163,23,7
463,lineup_11,2,2,20261288,3,road_building,0,1,174,9,7,15,1,2,8,2,0,1,0,13,1,2,9,10,43,35,78,2,3,3,25,24,156,120,16,16
464,lineup_11,2,3,20261289,0,roads_and_cities,1,1,77,10,8,11,0,3,3,2,0,1,0,7,1,3,4,8,19,23,42,2,2,2,10,17,69,29,5,5
464,lineup_11,2,3,20261289,1,port,0,1,77,3,3,6,3,0,1,0,0,0,0,4,1,0,1,4,19,10,29,3,4,4,0,2,58,,62,10
464,lineup_11,2,3,20261289,2,hybrid_ows,0,1,77,6,5,5,1,1,1,1,8,0,1,3,0,1,10,2,19,16,35,2,2,2,0,19,,55,7,27
464,lineup_11,2,3,20261289,3,road_building,0,1,77,3,3,15,3,0,0,0,0,0,0,13,1,0,0,4,19,18,37,2,3,3,0,4,32,,,4
465,lineup_11,2,4,20261290,0,roads_and_cities,0,1,95,5,4,9,0,2,1,1,0,0,0,7,0,2,1,9,24,19,43,0,0,0,6,9,,17,85,9
465,lineup_11,2,4,20261290,1,port,0,1,95,6,5,12,3,1,4,1,0,0,0,10,2,1,5,7,24,25,49,2,2,2,4,2,34,18,6,26
465,lineup_11,2,4,20261290,2,hybrid_ows,1,1,95,10,8,13,0,3,5,2,7,0,1,9,1,3,15,12,23,40,63,1,7,7,8,3,63,11,23,15
465,lineup_11,2,4,20261290,3,road_building,0,1,95,7,7,14,5,0,1,0,0,1,0,12,3,0,1,4,23,20,43,3,4,4,17,4,40,,60,48
466,lineup_11,2,5,20261291,0,roads_and_cities,0,1,99,9,8,9,0,4,4,1,0,0,0,7,2,4,6,14,25,33,58,1,2,2,0,21,41,21,1,25
466,lineup_11,2,5,20261291,1,port,0,1,99,4,3,12,3,0,4,1,0,0,0,10,1,0,4,9,25,24,49,3,3,3,4,22,46,,6,6
466,lineup_11,2,5,20261291,2,hybrid_ows,1,1,99,10,8,15,0,2,2,2,6,1,1,9,0,2,11,8,24,30,54,6,6,6,0,15,,11,3,27
466,lineup_11,2,5,20261291,3,road_building,0,1,99,5,4,15,4,0,3,1,0,0,0,13,2,0,4,9,24,28,52,1,1,1,0,4,16,,28,40
467,lineup_11,2,6,20261292,0,roads_and_cities,0,1,119,4,3,7,1,1,4,1,0,0,0,3,0,1,5,4,30,13,43,2,2,2,4,29,,77,9,85
467,lineup_11,2,6,20261292,1,port,0,1,119,8,7,15,3,1,3,1,0,1,0,13,2,1,3,25,30,44,74,2,4,4,5,2,54,106,90,2
467,lineup_11,2,6,20261292,2,hybrid_ows,1,1,119,10,7,9,1,2,3,3,9,0,1,5,1,2,16,11,29,35,64,3,4,4,16,39,119,15,7,39
467,lineup_11,2,6,20261292,3,road_building,0,1,119,4,4,15,4,0,0,0,0,0,0,13,2,0,1,8,29,24,53,3,3,3,0,4,92,,68,36
468,lineup_11,2,7,20261293,0,roads_and_cities,1,1,109,10,8,14,2,2,5,2,0,1,0,12,2,2,6,2,27,24,51,7,8,8,0,5,101,81,5,61
468,lineup_11,2,7,20261293,1,port,0,1,109,6,5,15,5,0,2,1,0,0,0,11,3,0,3,14,27,31,58,6,6,6,4,14,46,,6,14
468,lineup_11,2,7,20261293,2,hybrid_ows,0,1,109,9,8,11,0,3,2,1,5,0,1,7,1,3,9,13,27,33,60,4,6,6,5,7,31,19,15,43
468,lineup_11,2,7,20261293,3,road_building,0,1,109,2,2,14,2,0,1,0,0,0,0,12,0,0,1,6,27,19,46,6,6,6,0,36,,,28,4
469,lineup_11,2,8,20261294,0,roads_and_cities,0,1,143,7,7,15,3,2,2,0,0,0,0,13,3,2,2,17,36,37,73,4,7,7,8,9,45,137,25,17
469,lineup_11,2,8,20261294,1,port,0,1,143,8,8,15,2,3,1,0,0,0,0,13,3,3,2,19,36,40,76,3,3,3,0,6,110,74,82,14
469,lineup_11,2,8,20261294,2,hybrid_ows,1,1,143,10,6,8,2,1,4,4,9,0,1,4,1,1,16,10,35,32,67,3,4,4,4,15,143,115,3,15
469,lineup_11,2,8,20261294,3,road_building,0,1,143,6,5,12,3,0,3,1,0,1,0,8,1,0,5,10,35,24,59,3,4,4,9,4,140,,24,12
470,lineup_11,2,9,20261295,0,roads_and_cities,0,1,156,9,9,15,1,4,4,0,0,0,0,11,3,4,5,16,39,39,78,6,11,10,11,17,33,117,5,25
470,lineup_11,2,9,20261295,1,port,0,1,156,6,4,13,4,0,7,2,0,0,0,11,2,0,8,11,39,32,71,3,5,5,0,6,142,,30,22
470,lineup_11,2,9,20261295,2,hybrid_ows,0,1,156,8,6,9,0,2,2,2,5,0,1,5,0,2,10,13,39,30,69,2,4,4,9,3,,139,31,3
470,lineup_11,2,9,20261295,3,road_building,1,1,156,10,9,11,3,2,1,1,0,1,0,9,3,2,2,15,38,31,69,6,12,12,4,4,108,140,20,20
471,lineup_11,3,0,20261296,0,port,0,1,159,9,9,15,1,4,3,0,0,0,0,11,3,4,5,23,40,46,86,3,3,3,4,1,89,25,37,1
471,lineup_11,3,0,20261296,1,hybrid_ows,0,1,159,6,5,11,1,1,1,1,6,0,1,7,0,1,10,10,40,28,68,3,4,4,14,18,,142,22,18
471,lineup_11,3,0,20261296,2,road_building,1,1,159,10,8,15,4,1,6,2,0,1,0,13,3,1,6,20,39,43,82,4,6,6,8,3,99,159,39,3
471,lineup_11,3,0,20261296,3,roads_and_cities,0,1,159,7,5,15,1,2,3,2,0,0,0,13,1,2,4,9,39,29,68,9,12,12,18,20,144,4,68,36
472,lineup_11,3,1,20261297,0,port,0,1,143,3,3,15,3,0,2,0,0,0,0,13,1,0,4,15,36,33,69,3,5,5,0,1,141,,21,9
472,lineup_11,3,1,20261297,1,hybrid_ows,0,1,143,8,6,9,0,2,2,2,11,0,1,5,0,2,15,7,36,29,65,4,4,4,0,2,,106,10,2
472,lineup_11,3,1,20261297,2,road_building,1,1,143,10,8,11,4,1,3,2,0,1,0,7,3,1,5,11,35,27,62,3,7,7,4,3,103,143,23,15
472,lineup_11,3,1,20261297,3,roads_and_cities,0,1,143,7,6,11,0,3,1,1,0,0,0,9,1,3,1,14,35,28,63,1,5,5,14,4,132,84,88,8
473,lineup_11,3,2,20261298,0,port,0,1,120,6,6,15,4,0,3,0,0,1,0,13,2,0,3,8,30,26,56,2,3,3,0,1,113,,45,9
473,lineup_11,3,2,20261298,1,hybrid_ows,0,1,120,5,3,9,1,1,2,2,1,0,0,5,0,1,6,12,30,24,54,2,2,2,8,22,,106,14,22
473,lineup_11,3,2,20261298,2,road_building,0,1,120,3,3,15,3,0,2,0,0,0,0,13,1,0,3,9,30,26,56,3,4,4,0,15,115,,43,15
473,lineup_11,3,2,20261298,3,roads_and_cities,1,1,120,10,9,15,1,4,5,1,0,0,0,13,3,4,6,23,29,49,78,7,10,10,0,4,28,88,24,12
474,lineup_11,3,3,20261299,0,port,0,1,66,3,3,11,3,0,1,0,0,0,0,7,1,0,2,9,17,19,36,2,2,2,4,9,13,,5,17
474,lineup_11,3,3,20261299,1,hybrid_ows,1,1,66,10,6,2,0,2,4,4,5,0,1,0,0,2,12,1,16,15,31,0,1,1,5,,,10,18,50
474,lineup_11,3,3,20261299,2,road_building,0,1,66,4,4,9,2,0,1,0,0,1,0,7,0,0,1,2,16,10,26,0,0,0,0,3,,,39,27
474,lineup_11,3,3,20261299,3,roads_and_cities,0,1,66,3,3,5,3,0,2,0,0,0,0,3,1,0,3,8,16,15,31,0,0,0,0,8,40,,20,12
475,lineup_11,3,4,20261300,0,port,1,1,117,10,9,15,1,4,2,1,0,0,0,13,3,4,4,18,29,42,71,2,2,2,8,5,21,101,17,5
475,lineup_11,3,4,20261300,1,hybrid_ows,0,1,117,8,5,10,1,1,3,3,5,0,1,4,0,1,11,6,29,22,51,1,4,4,0,58,,102,6,2
475,lineup_11,3,4,20261300,2,road_building,0,1,117,3,3,15,3,0,4,0,0,0,0,13,1,0,5,8,29,27,56,2,4,4,5,3,51,,11,31
475,lineup_11,3,4,20261300,3,roads_and_cities,0,1,117,6,5,13,1,1,5,1,0,1,0,11,0,1,5,3,29,20,49,6,9,9,0,4,,16,8,96
476,lineup_11,3,5,20261301,0,port,0,1,98,5,5,13,3,1,2,0,0,0,0,11,2,1,2,5,25,21,46,6,7,7,9,17,73,13,65,9
476,lineup_11,3,5,20261301,1,hybrid_ows,1,1,98,10,7,6,1,2,3,3,9,0,1,2,1,2,16,10,24,31,55,1,1,1,0,42,70,86,6,26
476,lineup_11,3,5,20261301,2,road_building,0,1,98,7,6,12,4,0,1,1,0,1,0,10,2,0,1,7,24,20,44,2,2,2,0,3,39,,67,3
476,lineup_11,3,5,20261301,3,roads_and_cities,0,1,98,4,4,9,0,2,1,0,0,0,0,7,0,2,2,13,24,24,48,2,3,3,0,4,,52,36,4
477,lineup_11,3,6,20261302,0,port,0,1,118,8,6,11,0,3,7,2,0,0,0,7,1,3,8,5,30,24,54,3,3,3,4,49,69,45,5,65
477,lineup_11,3,6,20261302,1,hybrid_ows,1,1,118,10,9,11,1,2,1,1,7,1,1,7,1,2,13,14,29,37,66,4,6,6,0,6,118,42,2,18
477,lineup_11,3,6,20261302,2,road_building,0,1,118,4,3,13,3,0,2,1,0,0,0,11,1,0,2,11,29,25,54,6,10,9,8,7,91,,43,7
477,lineup_11,3,6,20261302,3,roads_and_cities,0,1,118,7,6,12,0,3,2,1,0,0,0,10,1,3,2,18,29,34,63,2,4,3,25,28,92,12,16,8
478,lineup_11,3,7,20261303,0,port,0,1,112,7,7,15,5,0,2,0,0,1,0,13,3,0,4,15,28,35,63,2,3,3,4,9,41,,93,1
478,lineup_11,3,7,20261303,1,hybrid_ows,0,1,112,9,6,7,0,2,6,3,8,0,1,3,0,2,15,7,28,27,55,3,3,3,0,38,,62,6,26
478,lineup_11,3,7,20261303,2,road_building,0,1,112,5,5,15,5,0,0,0,0,0,0,13,3,0,0,6,28,22,50,1,2,2,9,3,31,,,19
478,lineup_11,3,7,20261303,3,roads_and_cities,1,1,112,10,9,15,1,4,4,1,0,0,0,13,3,4,4,12,27,36,63,2,7,7,12,16,56,16,4,12
479,lineup_11,3,8,20261304,0,port,0,1,110,5,5,13,3,0,1,0,0,1,0,11,1,0,2,14,28,28,56,4,5,5,0,1,109,,61,1
479,lineup_11,3,8,20261304,1,hybrid_ows,1,1,110,10,8,15,0,3,2,2,8,0,1,12,1,3,12,9,27,37,64,11,11,11,0,6,78,50,6,30
479,lineup_11,3,8,20261304,2,road_building,0,1,110,3,2,5,2,0,4,1,0,0,0,3,0,0,5,8,27,16,43,1,3,3,4,11,,,39,15
479,lineup_11,3,8,20261304,3,roads_and_cities,0,1,110,8,7,7,1,3,2,1,0,0,0,5,2,3,3,8,27,21,48,2,2,2,13,16,64,52,28,16
480,lineup_11,3,9,20261305,0,port,0,1,86,7,6,7,4,0,7,1,0,1,0,5,2,0,9,8,22,24,46,3,6,6,0,17,29,,5,17
480,lineup_11,3,9,20261305,1,hybrid_ows,1,1,86,10,6,4,2,1,5,4,6,0,1,2,1,1,12,1,21,17,38,2,3,3,0,10,86,78,6,82
480,lineup_11,3,9,20261305,2,road_building,0,1,86,2,2,7,2,0,0,0,0,0,0,5,0,0,0,2,21,7,28,0,0,0,8,7,,,,31
480,lineup_11,3,9,20261305,3,roads_and_cities,0,1,86,2,2,8,2,0,3,0,0,0,0,6,0,0,4,3,21,13,34,2,3,3,4,4,,,12,8
481,lineup_12,0,0,20261306,0,hybrid_ows,1,1,97,10,6,13,2,0,4,4,4,1,1,7,0,0,11,6,24,24,48,2,3,3,4,13,,,17,13
481,lineup_12,0,0,20261306,1,road_building,0,1,97,5,5,14,5,0,3,0,0,0,0,12,3,0,4,7,24,26,50,5,7,7,16,2,6,,22,14
481,lineup_12,0,0,20261306,2,five_resource,0,1,97,2,2,8,2,0,2,0,0,0,0,6,0,0,3,5,24,14,38,1,4,4,0,23,,,3,19
481,lineup_12,0,0,20261306,3,port,0,1,97,2,2,8,2,0,4,0,0,0,0,6,0,0,5,14,24,25,49,4,5,5,0,4,,,20,4
482,lineup_12,0,1,20261307,0,hybrid_ows,0,1,123,9,7,9,1,2,2,2,8,0,1,3,1,2,13,13,31,32,63,3,5,5,0,65,109,25,1,5
482,lineup_12,0,1,20261307,1,road_building,0,1,123,5,4,8,4,0,3,1,0,0,0,6,2,0,5,8,31,21,52,2,3,3,8,6,26,,10,6
482,lineup_12,0,1,20261307,2,five_resource,1,1,123,10,8,14,4,1,3,2,0,1,0,12,3,1,4,9,30,29,59,3,4,4,8,7,51,95,51,19
482,lineup_12,0,1,20261307,3,port,0,1,123,5,5,11,5,0,3,0,0,0,0,9,3,0,3,8,30,23,53,4,4,4,4,4,52,,52,4
483,lineup_12,0,2,20261308,0,hybrid_ows,0,1,147,8,6,15,4,0,2,2,5,0,1,11,2,0,9,11,37,33,70,4,8,8,4,5,137,,25,5
483,lineup_12,0,2,20261308,1,road_building,0,1,147,6,5,15,5,0,3,1,0,0,0,13,3,0,3,9,37,28,65,3,5,5,20,2,54,,30,30
483,lineup_12,0,2,20261308,2,five_resource,1,1,147,10,8,11,0,4,5,2,0,0,0,7,2,4,7,17,36,37,73,4,6,6,24,3,51,107,7,71
483,lineup_12,0,2,20261308,3,port,0,1,147,7,7,13,5,0,4,0,0,1,0,11,3,0,6,16,36,36,72,5,6,6,0,4,108,,8,4
484,lineup_12,0,3,20261309,0,hybrid_ows,1,1,121,10,7,11,1,2,3,3,8,0,1,7,1,2,15,17,30,42,72,5,13,13,12,9,121,5,13,17
484,lineup_12,0,3,20261309,1,road_building,0,1,121,7,6,10,4,0,1,1,0,1,0,8,2,0,1,8,30,19,49,2,2,2,8,2,70,,86,10
484,lineup_12,0,3,20261309,2,five_resource,0,1,121,5,4,6,0,2,6,1,0,0,0,2,0,2,7,5,30,16,46,0,2,2,6,23,,75,7,23
484,lineup_12,0,3,20261309,3,port,0,1,121,7,7,15,3,2,1,0,0,0,0,13,3,2,2,23,30,43,73,2,10,10,12,4,52,108,12,4
485,lineup_12,0,4,20261310,0,hybrid_ows,0,1,136,7,5,7,1,1,2,2,4,0,1,5,0,1,6,11,34,23,57,2,2,2,4,17,,29,37,9
485,lineup_12,0,4,20261310,1,road_building,0,1,136,6,5,15,5,0,3,1,0,0,0,13,3,0,3,12,34,31,65,3,3,3,0,2,118,,46,6
485,lineup_12,0,4,20261310,2,five_resource,0,1,136,7,6,12,2,2,7,1,0,0,0,10,2,2,11,17,34,42,76,4,6,6,15,3,67,15,11,7
485,lineup_12,0,4,20261310,3,port,1,1,136,10,9,15,1,3,5,1,0,1,0,13,2,3,5,19,33,42,75,4,7,7,8,4,64,32,4,56
486,lineup_12,0,5,20261311,0,hybrid_ows,0,1,124,8,6,11,4,0,2,2,5,0,1,5,2,0,10,5,31,22,53,6,8,8,0,9,33,,13,9
486,lineup_12,0,5,20261311,1,road_building,0,1,124,7,5,15,5,0,3,2,0,0,0,13,3,0,4,8,31,28,59,6,6,6,4,10,38,,30,30
486,lineup_12,0,5,20261311,2,five_resource,0,1,124,4,3,12,3,0,7,1,0,0,0,10,1,0,8,3,31,22,53,1,1,1,0,3,99,,7,27
486,lineup_12,0,5,20261311,3,port,1,1,124,10,10,15,2,3,2,0,0,1,0,13,3,3,3,13,30,35,65,4,5,5,0,4,88,108,52,20
487,lineup_12,0,6,20261312,0,hybrid_ows,0,1,132,9,8,13,0,3,1,1,6,0,1,9,1,3,11,25,33,49,82,2,4,4,12,41,97,13,17,41
487,lineup_12,0,6,20261312,1,road_building,0,1,132,6,5,10,5,0,1,1,0,0,0,8,3,0,2,15,33,28,61,0,1,1,8,2,54,,18,30
487,lineup_12,0,6,20261312,2,five_resource,0,1,132,7,4,2,0,2,9,3,0,0,0,0,0,2,9,12,33,23,56,0,0,0,13,,,103,3,3
487,lineup_12,0,6,20261312,3,port,1,1,132,10,10,15,4,2,3,0,0,1,0,13,4,2,3,21,32,43,75,8,11,11,0,4,36,100,32,8
488,lineup_12,0,7,20261313,0,hybrid_ows,0,1,148,5,5,10,3,0,0,0,3,0,1,4,1,0,7,10,37,22,59,0,5,5,4,21,145,,21,13
488,lineup_12,0,7,20261313,1,road_building,0,1,148,7,6,15,4,0,3,1,0,1,0,13,2,0,3,5,37,23,60,0,4,4,12,2,110,,78,26
488,lineup_12,0,7,20261313,2,five_resource,0,1,148,7,5,8,3,1,8,2,0,0,0,6,2,1,8,13,37,30,67,3,4,4,0,39,59,139,23,19
488,lineup_12,0,7,20261313,3,port,1,1,148,10,8,15,2,3,5,2,0,0,0,13,3,3,7,23,36,49,85,4,4,4,4,4,32,108,32,4
489,lineup_12,0,8,20261314,0,hybrid_ows,1,1,113,10,8,13,0,2,4,2,8,1,1,7,0,2,17,9,28,35,63,4,10,10,6,5,,69,5,5
489,lineup_12,0,8,20261314,1,road_building,0,1,113,6,4,11,4,0,4,2,0,0,0,9,2,0,4,12,28,27,55,1,6,6,12,2,22,,42,22
489,lineup_12,0,8,20261314,2,five_resource,0,1,113,5,5,12,5,0,2,0,0,0,0,10,3,0,2,14,28,29,57,7,9,9,0,7,15,,27,23
489,lineup_12,0,8,20261314,3,port,0,1,113,5,4,10,2,1,2,1,0,0,0,8,1,1,2,17,28,29,57,3,6,6,0,4,84,108,44,8
490,lineup_12,0,9,20261315,0,hybrid_ows,1,1,201,11,8,13,0,2,3,3,9,1,1,9,0,2,15,17,50,43,93,4,8,8,16,45,,137,5,9
490,lineup_12,0,9,20261315,1,road_building,0,1,201,7,7,15,5,1,0,0,0,0,0,13,4,1,0,11,50,29,79,3,9,9,5,2,150,182,,30
490,lineup_12,0,9,20261315,2,five_resource,0,1,201,4,3,7,3,0,6,1,0,0,0,3,1,0,9,11,50,24,74,0,0,0,31,55,183,,7,11
490,lineup_12,0,9,20261315,3,port,0,1,201,8,7,15,5,1,1,1,0,0,0,13,4,1,1,20,50,39,89,5,7,7,26,4,124,192,80,4
491,lineup_12,1,0,20261316,0,road_building,0,1,120,7,6,11,4,0,7,1,0,1,0,9,2,0,8,14,30,33,63,1,2,2,4,1,29,,9,9
491,lineup_12,1,0,20261316,1,five_resource,0,1,120,6,6,15,4,1,1,0,0,0,0,13,3,1,1,18,30,36,66,1,2,2,0,2,62,14,42,22
491,lineup_12,1,0,20261316,2,port,0,1,120,6,5,15,5,0,2,1,0,0,0,13,3,0,2,6,30,24,54,4,4,4,12,3,31,,35,3
491,lineup_12,1,0,20261316,3,hybrid_ows,1,1,120,10,7,8,1,2,3,3,6,0,1,2,1,2,14,8,29,27,56,5,8,8,21,32,120,12,4,20
492,lineup_12,1,1,20261317,0,road_building,0,1,136,7,7,13,5,0,3,0,0,1,0,11,3,0,4,7,34,25,59,3,13,13,14,1,53,,45,89
492,lineup_12,1,1,20261317,1,five_resource,0,1,136,6,5,8,1,2,6,1,0,0,0,6,1,2,6,9,34,24,58,0,0,0,12,10,74,110,50,22
492,lineup_12,1,1,20261317,2,port,0,1,136,9,8,14,2,3,2,1,0,0,0,10,3,3,3,26,34,45,79,7,10,10,4,11,35,119,63,11
492,lineup_12,1,1,20261317,3,hybrid_ows,1,1,136,10,7,10,1,2,3,3,5,0,1,6,1,2,12,10,33,31,64,2,14,14,12,12,136,108,8,12
493,lineup_12,1,2,20261318,0,road_building,0,1,80,3,2,14,2,0,1,1,0,0,0,12,0,0,3,1,20,16,36,2,3,3,0,5,,,25,73
493,lineup_12,1,2,20261318,1,five_resource,0,1,80,4,2,13,2,0,4,2,0,0,0,9,0,0,5,3,20,17,37,0,3,3,0,2,,,6,46
493,lineup_12,1,2,20261318,2,port,0,1,80,3,3,10,3,0,2,0,0,0,0,6,1,0,4,10,20,21,41,2,3,3,0,15,19,,3,3
493,lineup_12,1,2,20261318,3,hybrid_ows,1,1,80,10,8,15,0,2,2,2,4,1,1,13,0,2,7,6,19,28,47,5,8,8,0,8,,36,4,32
494,lineup_12,1,3,20261319,0,road_building,0,1,138,5,4,7,2,1,3,1,0,0,0,5,1,1,4,9,35,20,55,2,2,2,4,1,133,57,13,25
494,lineup_12,1,3,20261319,1,five_resource,1,1,138,10,8,7,0,4,5,2,0,0,0,5,2,4,6,8,34,25,59,1,1,1,15,10,38,90,2,38
494,lineup_12,1,3,20261319,2,port,0,1,138,9,8,15,2,2,2,1,0,1,0,11,2,2,3,12,34,30,64,8,13,13,4,15,87,115,23,27
494,lineup_12,1,3,20261319,3,hybrid_ows,0,1,138,6,5,7,1,1,3,1,6,0,1,3,0,1,12,18,34,34,68,1,2,2,8,8,,80,32,8
495,lineup_12,1,4,20261320,0,road_building,0,1,175,8,7,15,5,0,3,1,0,1,0,13,3,0,4,18,44,38,82,2,7,7,16,1,29,,13,9
495,lineup_12,1,4,20261320,1,five_resource,0,1,175,4,4,8,0,2,5,0,0,0,0,6,0,2,7,12,44,27,71,0,1,1,53,38,,26,2,26
495,lineup_12,1,4,20261320,2,port,1,1,175,10,8,15,2,3,7,2,0,0,0,11,3,3,9,15,43,41,84,5,7,7,26,3,79,151,3,7
495,lineup_12,1,4,20261320,3,hybrid_ows,0,1,175,4,2,14,2,0,2,2,2,0,0,10,0,0,5,8,43,23,66,7,13,13,12,20,,,56,24
496,lineup_12,1,5,20261321,0,road_building,0,1,136,6,6,12,2,1,6,0,0,1,0,10,1,1,7,9,34,28,62,4,5,5,8,1,113,129,37,33
496,lineup_12,1,5,20261321,1,five_resource,0,1,136,7,6,15,4,1,4,1,0,0,0,13,3,1,5,11,34,33,67,3,14,14,18,2,38,58,6,30
496,lineup_12,1,5,20261321,2,port,0,1,136,9,6,15,4,1,6,3,0,0,0,13,3,1,7,20,34,44,78,7,15,15,0,7,27,123,63,7
496,lineup_12,1,5,20261321,3,hybrid_ows,1,1,136,10,9,10,1,3,1,1,4,0,1,8,2,3,6,22,33,41,74,4,11,11,5,8,24,12,20,12
497,lineup_12,1,6,20261322,0,road_building,0,1,139,9,6,15,4,1,6,3,0,0,0,13,3,1,6,11,35,34,69,5,6,6,4,9,97,137,9,9
497,lineup_12,1,6,20261322,1,five_resource,0,1,139,6,5,6,1,2,1,1,0,0,0,4,1,2,3,15,35,25,60,2,2,2,12,18,118,54,30,2
497,lineup_12,1,6,20261322,2,port,1,1,139,10,9,15,3,2,8,1,0,1,0,13,3,2,8,11,34,37,71,3,9,9,10,7,91,131,7,11
497,lineup_12,1,6,20261322,3,hybrid_ows,0,1,139,9,9,15,1,3,0,0,4,0,1,9,2,3,8,12,34,34,68,0,1,1,18,16,124,44,8,8
498,lineup_12,1,7,20261323,0,road_building,1,1,133,10,9,15,3,2,2,1,0,1,0,13,3,2,2,11,33,31,64,6,8,8,4,1,81,125,45,45
498,lineup_12,1,7,20261323,1,five_resource,0,1,133,3,3,13,3,0,3,0,0,0,0,11,1,0,3,9,33,24,57,3,7,7,4,2,130,,6,14
498,lineup_12,1,7,20261323,2,port,0,1,133,9,8,15,4,2,2,1,0,0,0,9,4,2,5,22,33,42,75,2,4,4,0,19,51,115,7,7
498,lineup_12,1,7,20261323,3,hybrid_ows,0,1,133,9,6,4,0,2,3,3,9,0,1,2,0,2,15,11,33,30,63,1,2,2,31,20,,40,8,12
499,lineup_12,1,8,20261324,0,road_building,0,1,158,9,8,15,4,1,1,1,0,1,0,13,3,1,1,16,40,34,74,9,12,12,4,1,113,153,65,25
499,lineup_12,1,8,20261324,1,five_resource,1,1,158,10,7,13,3,2,7,3,0,0,0,11,3,2,9,12,39,37,76,2,3,3,12,22,106,142,2,10
499,lineup_12,1,8,20261324,2,port,0,1,158,7,6,15,0,3,5,1,0,0,0,13,1,3,6,30,39,53,92,2,2,2,13,11,39,91,27,7
499,lineup_12,1,8,20261324,3,hybrid_ows,0,1,158,4,4,14,2,0,0,0,6,0,1,8,0,0,9,13,39,30,69,3,6,6,13,8,,,28,8
500,lineup_12,1,9,20261325,0,road_building,0,1,135,9,8,15,4,2,3,1,0,0,0,13,4,2,3,19,34,41,75,6,10,10,4,1,25,109,41,29
500,lineup_12,1,9,20261325,1,five_resource,0,1,135,7,4,15,4,0,5,3,0,0,0,11,2,0,7,15,34,35,69,5,7,7,8,10,78,,10,26
500,lineup_12,1,9,20261325,2,port,1,1,135,10,10,15,4,2,4,0,0,1,0,13,4,2,7,19,33,45,78,8,10,10,4,15,83,123,15,3
500,lineup_12,1,9,20261325,3,hybrid_ows,0,1,135,5,4,9,2,0,1,1,6,0,1,5,0,0,8,5,33,18,51,5,9,8,8,12,,,20,20
501,lineup_12,2,0,20261326,0,five_resource,0,1,75,3,3,11,1,1,0,0,0,0,0,7,0,1,2,8,19,18,37,0,0,0,4,5,,37,17,5
501,lineup_12,2,0,20261326,1,port,0,1,75,2,2,8,2,0,0,0,0,0,0,6,0,0,0,10,19,16,35,1,1,1,0,22,,,,18
501,lineup_12,2,0,20261326,2,hybrid_ows,1,1,75,10,6,3,0,2,4,4,6,0,1,1,0,2,11,7,18,21,39,3,4,4,4,27,,15,3,7
501,lineup_12,2,0,20261326,3,road_building,0,1,75,7,7,10,5,0,1,0,0,1,0,8,3,0,1,5,18,17,35,2,8,8,4,4,20,,56,52
502,lineup_12,2,1,20261327,0,five_resource,0,1,104,5,5,9,1,2,3,0,0,0,0,7,1,2,4,6,26,20,46,3,5,5,8,1,69,33,13,33
502,lineup_12,2,1,20261327,1,port,0,1,104,6,4,8,4,0,3,2,0,0,0,6,2,0,3,10,26,21,47,3,4,4,0,6,46,,10,6
502,lineup_12,2,1,20261327,2,hybrid_ows,0,1,104,5,4,9,2,0,1,1,5,0,1,5,0,0,8,7,26,20,46,1,5,5,8,31,,,3,35
502,lineup_12,2,1,20261327,3,road_building,1,1,104,10,9,11,1,3,2,1,0,1,0,9,2,3,3,23,25,40,65,2,4,4,8,4,36,64,72,4
503,lineup_12,2,2,20261328,0,five_resource,1,1,125,10,8,15,0,4,6,2,0,0,0,11,2,4,8,5,31,30,61,7,8,8,15,1,53,73,9,17
503,lineup_12,2,2,20261328,1,port,0,1,125,5,5,11,5,0,3,0,0,0,0,9,3,0,3,13,31,28,59,3,3,3,0,2,90,,6,2
503,lineup_12,2,2,20261328,2,hybrid_ows,0,1,125,9,6,11,0,2,3,3,4,0,1,7,0,2,9,9,31,27,58,6,7,7,8,11,,63,15,19
503,lineup_12,2,2,20261328,3,road_building,0,1,125,7,7,15,5,0,1,0,0,1,0,13,3,0,1,4,31,21,52,7,9,9,5,4,88,,124,104
504,lineup_12,2,3,20261329,0,five_resource,0,1,103,5,3,2,1,1,10,2,0,0,0,0,0,1,10,5,26,16,42,0,2,2,8,,,69,1,17
504,lineup_12,2,3,20261329,1,port,0,1,103,4,4,14,2,0,1,0,0,1,0,12,0,0,1,6,26,19,45,2,4,4,4,6,,,22,14
504,lineup_12,2,3,20261329,2,hybrid_ows,1,1,103,10,8,8,0,3,2,2,6,0,1,4,1,3,12,8,25,28,53,5,5,5,4,7,59,19,7,55
504,lineup_12,2,3,20261329,3,road_building,0,1,103,2,2,9,2,0,0,0,0,0,0,7,0,0,0,4,25,11,36,1,2,2,0,20,,,,20
505,lineup_12,2,4,20261330,0,five_resource,0,1,87,5,3,10,3,0,6,2,0,0,0,6,1,0,7,5,22,19,41,4,8,8,0,17,81,,9,9
505,lineup_12,2,4,20261330,1,port,0,1,87,5,4,8,4,0,3,1,0,0,0,6,2,0,3,7,22,18,40,0,0,0,0,10,54,,74,14
505,lineup_12,2,4,20261330,2,hybrid_ows,1,1,87,10,9,11,1,3,1,1,6,0,1,9,2,3,10,8,21,32,53,3,4,4,13,7,15,15,3,31
505,lineup_12,2,4,20261330,3,road_building,0,1,87,7,6,11,2,1,2,1,0,1,0,9,1,1,2,6,21,19,40,3,5,5,9,4,16,36,48,8
506,lineup_12,2,5,20261331,0,five_resource,0,1,79,5,5,8,3,0,1,0,0,1,0,6,1,0,1,2,20,10,30,0,1,1,0,1,57,,33,9
506,lineup_12,2,5,20261331,1,port,0,1,79,2,2,7,2,0,2,0,0,0,0,5,0,0,2,4,20,11,31,2,3,3,0,14,,,2,14
506,lineup_12,2,5,20261331,2,hybrid_ows,1,1,79,10,7,5,1,2,3,3,7,0,1,1,1,2,13,7,19,24,43,1,2,2,4,47,79,11,3,15
506,lineup_12,2,5,20261331,3,road_building,0,1,79,3,2,11,2,0,2,1,0,0,0,9,0,0,3,6,19,18,37,1,1,1,4,4,,,28,12
507,lineup_12,2,6,20261332,0,five_resource,0,1,75,2,2,9,2,0,4,0,0,0,0,5,0,0,6,4,19,15,34,3,4,4,0,21,,,5,17
507,lineup_12,2,6,20261332,1,port,0,1,75,5,4,8,4,0,4,1,0,0,0,6,2,0,4,10,19,22,41,1,2,2,0,2,34,,18,2
507,lineup_12,2,6,20261332,2,hybrid_ows,1,1,75,10,8,9,0,3,4,2,4,0,1,7,1,3,9,7,18,27,45,3,4,4,0,7,63,19,15,7
507,lineup_12,2,6,20261332,3,road_building,0,1,75,6,4,8,2,0,4,2,0,1,0,6,0,0,5,7,18,18,36,3,4,4,4,4,,,20,8
508,lineup_12,2,7,20261333,0,five_resource,0,1,115,4,3,11,3,0,6,1,0,0,0,7,1,0,7,3,29,18,47,4,4,4,0,9,25,,5,81
508,lineup_12,2,7,20261333,1,port,0,1,115,5,4,11,4,0,2,1,0,0,0,9,2,0,4,11,29,26,55,5,6,6,4,6,30,,58,10
508,lineup_12,2,7,20261333,2,hybrid_ows,1,1,115,10,7,12,3,0,3,3,6,1,1,8,1,0,12,10,28,31,59,3,4,4,0,3,27,,11,11
508,lineup_12,2,7,20261333,3,road_building,0,1,115,3,3,15,3,0,1,0,0,0,0,13,1,0,1,8,28,23,51,1,4,4,4,4,60,,96,12
509,lineup_12,2,8,20261334,0,five_resource,0,1,163,9,8,15,4,1,3,1,0,1,0,13,3,1,3,9,41,29,70,8,15,15,32,5,85,157,1,89
509,lineup_12,2,8,20261334,1,port,0,1,163,9,8,15,2,3,3,1,0,0,0,13,3,3,5,10,41,34,75,4,4,4,33,6,106,22,6,18
509,lineup_12,2,8,20261334,2,hybrid_ows,1,1,163,10,8,15,0,3,2,2,10,0,1,11,1,3,15,23,40,53,93,5,9,9,22,3,155,43,7,3
509,lineup_12,2,8,20261334,3,road_building,0,1,163,9,8,15,4,2,1,1,0,0,0,11,4,2,2,20,40,39,79,7,10,10,9,8,84,128,8,12
510,lineup_12,2,9,20261335,0,five_resource,0,1,126,9,8,15,0,4,6,1,0,0,0,13,2,4,7,12,32,38,70,3,5,5,0,5,85,37,21,65
510,lineup_12,2,9,20261335,1,port,1,1,126,10,10,15,2,3,3,0,0,1,0,13,3,3,3,25,31,47,78,5,7,7,5,2,46,14,6,18
510,lineup_12,2,9,20261335,2,hybrid_ows,0,1,126,9,6,3,0,2,4,3,5,0,1,1,0,2,12,5,31,20,51,5,11,11,0,35,,79,3,55
510,lineup_12,2,9,20261335,3,road_building,0,1,126,5,4,15,4,0,3,1,0,0,0,13,2,0,3,4,31,22,53,2,6,6,4,4,88,,24,24
511,lineup_12,3,0,20261336,0,port,1,1,153,10,8,15,4,1,4,2,0,1,0,13,3,1,5,16,38,38,76,12,13,13,4,9,29,153,5,9
511,lineup_12,3,0,20261336,1,hybrid_ows,0,1,153,8,6,14,2,1,2,2,8,0,1,8,1,1,13,10,38,33,71,3,4,4,4,2,110,134,10,2
511,lineup_12,3,0,20261336,2,road_building,0,1,153,8,8,11,0,4,3,0,0,0,0,9,2,4,4,14,38,33,71,5,5,5,4,3,71,115,35,23
511,lineup_12,3,0,20261336,3,five_resource,0,1,153,6,5,13,3,1,2,1,0,0,0,11,2,1,3,11,38,28,66,2,3,3,17,16,84,136,8,20
512,lineup_12,3,1,20261337,0,port,0,1,116,8,6,15,4,1,4,2,0,0,0,13,3,1,4,8,29,29,58,2,4,4,4,5,69,113,13,1
512,lineup_12,3,1,20261337,1,hybrid_ows,0,1,116,9,8,6,0,3,1,1,7,0,1,3,1,3,12,13,29,32,61,4,5,5,5,22,114,62,2,14
512,lineup_12,3,1,20261337,2,road_building,0,1,116,8,7,15,5,0,2,1,0,1,0,13,3,0,2,5,29,23,52,4,6,6,4,3,87,,47,39
512,lineup_12,3,1,20261337,3,five_resource,1,1,116,10,9,15,1,4,5,1,0,0,0,11,3,4,7,9,28,34,62,4,8,7,4,4,40,8,28,24
513,lineup_12,3,2,20261338,0,port,0,1,136,7,4,15,4,0,3,3,0,0,0,11,2,0,4,25,34,42,76,4,6,6,0,1,33,,17,1
513,lineup_12,3,2,20261338,1,hybrid_ows,0,1,136,8,8,6,0,3,1,0,4,0,1,4,1,3,6,16,34,30,64,1,2,2,9,2,86,78,42,22
513,lineup_12,3,2,20261338,2,road_building,0,1,136,2,2,15,2,0,0,0,0,0,0,13,0,0,0,5,34,18,52,3,3,3,0,3,,,,31
513,lineup_12,3,2,20261338,3,five_resource,1,1,136,10,10,15,2,3,2,0,0,1,0,13,3,3,3,7,33,29,62,5,5,5,17,8,56,84,4,4
514,lineup_12,3,3,20261339,0,port,0,1,126,6,6,15,4,1,3,0,0,0,0,11,3,1,5,13,32,33,65,4,8,8,0,5,57,121,17,17
514,lineup_12,3,3,20261339,1,hybrid_ows,1,1,126,10,7,9,1,2,3,3,5,0,1,5,1,2,11,10,31,29,60,2,3,3,6,2,126,70,10,6
514,lineup_12,3,3,20261339,2,road_building,0,1,126,4,4,15,2,1,0,0,0,0,0,13,1,1,0,7,31,22,53,3,4,4,0,7,111,67,,15
514,lineup_12,3,3,20261339,3,five_resource,0,1,126,9,7,15,3,1,8,2,0,1,0,13,2,1,9,11,31,36,67,5,8,8,0,12,88,108,4,20
515,lineup_12,3,4,20261340,0,port,1,1,117,10,8,15,4,1,3,2,0,1,0,13,3,1,3,6,29,26,55,4,6,6,0,5,13,117,41,13
515,lineup_12,3,4,20261340,1,hybrid_ows,0,1,117,8,6,11,0,2,2,2,8,0,1,5,0,2,14,18,29,39,68,1,2,2,0,46,,6,2,6
515,lineup_12,3,4,20261340,2,road_building,0,1,117,4,4,12,2,1,2,0,0,0,0,10,1,1,3,9,29,24,53,2,2,2,4,3,107,51,11,11
515,lineup_12,3,4,20261340,3,five_resource,0,1,117,7,6,7,0,3,4,1,0,0,0,5,1,3,5,8,29,22,51,3,4,4,14,12,76,76,16,12
516,lineup_12,3,5,20261341,0,port,0,1,124,4,4,15,4,0,2,0,0,0,0,13,2,0,3,15,31,33,64,1,5,5,0,5,97,,85,21
516,lineup_12,3,5,20261341,1,hybrid_ows,0,1,124,9,8,13,0,2,1,1,6,1,1,7,0,2,11,9,31,29,60,1,2,2,4,14,,34,2,14
516,lineup_12,3,5,20261341,2,road_building,0,1,124,3,3,15,3,0,1,0,0,0,0,13,1,0,2,10,31,26,57,1,3,3,0,7,123,,83,7
516,lineup_12,3,5,20261341,3,five_resource,1,1,124,10,7,10,1,3,7,3,0,0,0,8,2,3,7,5,30,25,55,6,14,10,9,4,96,72,12,96
517,lineup_12,3,6,20261342,0,port,1,1,169,10,9,15,3,2,3,1,0,1,0,11,3,2,4,23,42,43,85,1,1,1,4,13,65,165,29,13
517,lineup_12,3,6,20261342,1,hybrid_ows,0,1,169,8,5,6,1,1,3,3,6,0,1,2,0,1,12,11,42,26,68,1,2,2,9,98,,162,18,18
517,lineup_12,3,6,20261342,2,road_building,0,1,169,7,7,15,5,1,2,0,0,0,0,13,4,1,2,14,42,34,76,1,2,2,4,7,59,167,83,19
517,lineup_12,3,6,20261342,3,five_resource,0,1,169,5,4,15,0,2,5,1,0,0,0,13,0,2,7,20,42,42,84,3,9,9,24,56,,12,8,48
518,lineup_12,3,7,20261343,0,port,0,1,120,5,5,11,3,0,3,0,0,1,0,9,1,0,3,10,30,23,53,3,4,4,0,9,97,,69,25
518,lineup_12,3,7,20261343,1,hybrid_ows,0,1,120,9,6,5,0,2,3,3,9,0,1,3,0,2,15,7,30,27,57,2,2,2,5,14,,62,2,18
518,lineup_12,3,7,20261343,2,road_building,0,1,120,7,6,15,4,1,3,1,0,0,0,11,3,1,4,11,30,30,60,4,4,4,16,11,47,119,23,11
518,lineup_12,3,7,20261343,3,five_resource,1,1,120,10,9,12,1,4,2,1,0,0,0,10,3,4,3,12,29,32,61,4,6,6,9,32,52,68,8,64
519,lineup_12,3,8,20261344,0,port,0,1,166,8,6,13,4,1,7,2,0,0,0,11,3,1,9,19,42,43,85,3,4,4,12,5,109,165,13,5
519,lineup_12,3,8,20261344,1,hybrid_ows,1,1,166,10,10,12,2,2,0,0,4,1,1,8,2,2,6,9,41,27,68,4,9,9,8,2,106,150,10,10
519,lineup_12,3,8,20261344,2,road_building,0,1,166,6,4,15,4,0,3,2,0,0,0,13,2,0,3,14,41,32,73,4,6,6,4,11,55,,55,7
519,lineup_12,3,8,20261344,3,five_resource,0,1,166,8,7,15,5,1,5,1,0,0,0,11,4,1,7,12,41,35,76,3,6,6,17,8,40,160,64,16
520,lineup_12,3,9,20261345,0,port,1,1,145,10,8,15,2,3,5,2,0,0,0,13,3,3,6,13,36,38,74,8,10,10,4,5,41,133,29,9
520,lineup_12,3,9,20261345,1,hybrid_ows,0,1,145,8,8,6,0,3,0,0,6,0,1,4,1,3,8,15,36,31,67,0,1,1,17,10,130,98,6,6
520,lineup_12,3,9,20261345,2,road_building,0,1,145,9,8,10,2,2,3,1,0,1,0,8,2,2,4,14,36,30,66,4,5,5,8,3,51,131,19,3
520,lineup_12,3,9,20261345,3,five_resource,0,1,145,7,5,11,3,1,6,2,0,0,0,7,2,1,7,18,36,35,71,6,10,9,4,24,128,68,24,44
521,lineup_13,0,0,20261346,0,hybrid_ows,0,1,134,7,7,15,3,1,0,0,5,0,1,11,2,1,7,8,34,29,63,7,12,12,8,1,121,101,17,17
521,lineup_13,0,0,20261346,1,roads_and_cities,1,1,134,10,10,15,0,4,3,0,0,1,0,13,2,4,5,27,33,51,84,5,5,5,4,6,46,58,42,30
521,lineup_13,0,0,20261346,2,five_resource,0,1,134,7,4,15,2,1,7,3,0,0,0,11,1,1,9,5,33,27,60,2,2,2,4,3,131,99,3,11
521,lineup_13,0,0,20261346,3,port,0,1,134,6,4,12,4,0,4,2,0,0,0,10,2,0,4,15,33,31,64,2,2,2,0,4,44,,52,4
522,lineup_13,0,1,20261347,0,hybrid_ows,0,1,163,8,6,10,2,0,2,2,5,1,1,8,0,0,7,11,41,26,67,3,4,4,8,17,,,5,9
522,lineup_13,0,1,20261347,1,roads_and_cities,0,1,163,8,8,13,0,4,2,0,0,0,0,11,2,4,2,15,41,34,75,4,4,4,8,6,86,62,6,46
522,lineup_13,0,1,20261347,2,five_resource,1,1,163,10,7,7,1,3,8,3,0,0,0,5,2,3,9,17,40,36,76,1,1,1,16,7,99,35,11,7
522,lineup_13,0,1,20261347,3,port,0,1,163,2,2,13,2,0,2,0,0,0,0,7,0,0,7,10,40,24,64,0,1,1,20,16,,,52,16
523,lineup_13,0,2,20261348,0,hybrid_ows,1,1,133,10,7,6,1,2,3,3,4,0,1,2,1,2,10,7,33,22,55,8,12,12,4,21,133,65,1,45
523,lineup_13,0,2,20261348,1,roads_and_cities,0,1,133,8,7,10,1,3,4,1,0,0,0,8,2,3,4,12,33,29,62,4,5,5,4,18,54,98,34,22
523,lineup_13,0,2,20261348,2,five_resource,0,1,133,4,3,10,1,1,3,1,0,0,0,6,0,1,5,6,33,18,51,2,2,2,5,19,,111,27,19
523,lineup_13,0,2,20261348,3,port,0,1,133,4,4,13,2,0,5,0,0,1,0,11,0,0,6,11,33,28,61,3,3,3,8,16,,,8,8
524,lineup_13,0,3,20261349,0,hybrid_ows,1,1,141,10,6,9,0,2,4,4,6,0,1,7,0,2,12,7,35,28,63,4,5,5,11,21,,97,1,37
524,lineup_13,0,3,20261349,1,roads_and_cities,0,1,141,9,9,13,1,4,4,0,0,0,0,9,3,4,7,32,35,55,90,5,6,6,9,2,30,90,18,2
524,lineup_13,0,3,20261349,2,five_resource,0,1,141,8,7,15,3,2,2,1,0,0,0,11,3,2,3,14,35,33,68,3,8,8,22,19,35,115,7,27
524,lineup_13,0,3,20261349,3,port,0,1,141,9,9,15,5,1,3,0,0,1,0,13,4,1,3,14,35,35,70,7,10,10,18,4,52,136,24,36
525,lineup_13,0,4,20261350,0,hybrid_ows,1,1,125,10,7,15,1,2,5,3,6,0,1,11,1,2,14,2,31,30,61,6,10,10,0,17,121,109,5,17
525,lineup_13,0,4,20261350,1,roads_and_cities,0,1,125,9,9,14,1,4,1,0,0,0,0,12,3,4,1,20,31,40,71,2,3,3,8,2,34,58,66,46
525,lineup_13,0,4,20261350,2,five_resource,0,1,125,3,2,14,2,0,3,1,0,0,0,12,0,0,3,3,31,18,49,6,7,7,0,35,,,47,55
525,lineup_13,0,4,20261350,3,port,0,1,125,9,8,14,4,1,4,1,0,1,0,12,3,1,6,9,31,31,62,5,6,6,0,4,80,124,8,12
526,lineup_13,0,5,20261351,0,hybrid_ows,0,1,83,8,6,7,0,2,2,2,8,0,1,3,0,2,13,6,21,24,45,4,5,5,9,5,,9,21,37
526,lineup_13,0,5,20261351,1,roads_and_cities,0,1,83,3,2,14,2,0,1,1,0,0,0,12,0,0,1,6,21,19,40,1,1,1,0,2,,,22,2
526,lineup_13,0,5,20261351,2,five_resource,1,1,83,10,9,13,1,3,3,1,0,1,0,11,2,3,4,8,20,28,48,3,5,5,15,3,23,11,19,15
526,lineup_13,0,5,20261351,3,port,0,1,83,5,4,9,2,1,4,1,0,0,0,5,1,1,5,5,20,17,37,4,4,4,0,36,80,76,8,20
527,lineup_13,0,6,20261352,0,hybrid_ows,1,1,93,10,7,8,1,2,3,3,3,0,1,6,1,2,9,15,23,33,56,6,7,7,4,17,89,13,5,5
527,lineup_13,0,6,20261352,1,roads_and_cities,0,1,93,5,4,10,2,1,2,1,0,0,0,8,1,1,2,8,23,20,43,2,2,2,4,10,42,50,54,10
527,lineup_13,0,6,20261352,2,five_resource,0,1,93,7,7,12,5,0,2,0,0,1,0,10,3,0,2,5,23,20,43,3,3,3,0,3,31,,55,43
527,lineup_13,0,6,20261352,3,port,0,1,93,6,5,15,5,0,6,1,0,0,0,11,3,0,8,9,23,31,54,6,7,7,0,4,40,,24,8
528,lineup_13,0,7,20261353,0,hybrid_ows,0,1,135,9,8,11,0,3,1,1,6,0,1,7,1,3,10,23,34,44,78,6,8,8,20,5,89,49,17,17
528,lineup_13,0,7,20261353,1,roads_and_cities,0,1,135,9,8,14,0,4,4,1,0,0,0,12,2,4,5,16,34,39,73,2,4,4,18,6,82,74,30,6
528,lineup_13,0,7,20261353,2,five_resource,1,1,135,10,7,10,1,3,6,3,0,0,0,6,2,3,8,16,33,35,68,1,4,4,16,39,87,59,3,35
528,lineup_13,0,7,20261353,3,port,0,1,135,8,8,15,4,1,2,0,0,1,0,13,3,1,2,11,33,30,63,11,16,16,0,4,84,132,32,24
529,lineup_13,0,8,20261354,0,hybrid_ows,1,1,73,10,6,3,0,2,6,4,3,0,1,1,0,2,10,4,19,17,36,1,3,3,4,17,,37,1,41
529,lineup_13,0,8,20261354,1,roads_and_cities,0,1,73,7,7,13,3,1,1,0,0,1,0,11,2,1,1,2,18,17,35,4,5,5,0,14,50,42,70,46
529,lineup_13,0,8,20261354,2,five_resource,0,1,73,3,3,10,3,0,1,0,0,0,0,8,1,0,2,8,18,19,37,7,7,7,4,7,39,,3,15
529,lineup_13,0,8,20261354,3,port,0,1,73,4,4,8,4,0,3,0,0,0,0,6,2,0,5,4,18,17,35,2,2,2,4,12,28,,12,12
530,lineup_13,0,9,20261355,0,hybrid_ows,1,1,113,10,8,9,0,3,2,2,5,0,1,5,1,3,11,9,28,29,57,2,3,3,0,33,105,73,13,9
530,lineup_13,0,9,20261355,1,roads_and_cities,0,1,113,6,6,14,0,2,0,0,0,1,0,10,0,2,1,11,28,24,52,1,2,2,0,2,,82,46,18
530,lineup_13,0,9,20261355,2,five_resource,0,1,113,8,6,12,2,2,7,2,0,0,0,10,2,2,7,11,28,32,60,5,6,6,5,7,55,83,3,55
530,lineup_13,0,9,20261355,3,port,0,1,113,4,3,10,3,0,5,1,0,0,0,8,1,0,6,17,28,32,60,4,7,7,0,4,72,,12,4
531,lineup_13,1,0,20261356,0,roads_and_cities,0,1,128,5,4,12,4,0,2,1,0,0,0,10,2,0,3,9,32,24,56,1,1,1,0,13,37,,17,33
531,lineup_13,1,0,20261356,1,five_resource,0,1,128,6,5,15,3,1,2,1,0,0,0,13,2,1,3,9,32,28,60,5,5,5,9,2,30,126,38,54
531,lineup_13,1,0,20261356,2,port,0,1,128,9,8,13,4,1,1,1,0,1,0,9,3,1,2,20,32,35,67,5,7,7,4,23,75,127,7,11
531,lineup_13,1,0,20261356,3,hybrid_ows,1,1,128,10,8,8,2,2,2,2,12,0,1,4,2,2,17,10,31,35,66,3,7,6,27,24,124,44,4,16
532,lineup_13,1,1,20261357,0,roads_and_cities,1,1,121,10,8,13,4,2,4,2,0,0,0,11,4,2,7,17,30,41,71,8,9,9,4,17,69,37,5,17
532,lineup_13,1,1,20261357,1,five_resource,0,1,121,7,7,14,5,0,4,0,0,1,0,12,3,0,5,13,30,33,63,4,5,5,0,2,22,,26,34
532,lineup_13,1,1,20261357,2,port,0,1,121,3,2,11,2,0,3,1,0,0,0,7,0,0,4,13,30,24,54,3,6,6,0,23,,,15,15
532,lineup_13,1,1,20261357,3,hybrid_ows,0,1,121,3,3,14,1,1,1,0,2,0,0,10,0,1,4,5,30,20,50,1,2,2,4,4,,100,12,40
533,lineup_13,1,2,20261358,0,roads_and_cities,0,1,112,8,7,15,1,3,6,1,0,0,0,13,2,3,6,13,28,37,65,2,2,2,0,25,65,9,17,17
533,lineup_13,1,2,20261358,1,five_resource,0,1,112,6,6,12,4,0,3,0,0,1,0,8,2,0,4,5,28,19,47,6,7,7,4,14,42,,2,6
533,lineup_13,1,2,20261358,2,port,0,1,112,4,3,8,3,0,4,1,0,0,0,6,1,0,5,7,28,19,47,3,3,3,4,31,75,,3,31
533,lineup_13,1,2,20261358,3,hybrid_ows,1,1,112,10,7,11,1,2,3,3,3,0,1,7,1,2,10,8,27,28,55,6,15,12,8,20,112,24,16,16
534,lineup_13,1,3,20261359,0,roads_and_cities,0,1,96,7,7,9,1,3,3,0,0,0,0,7,2,3,6,7,24,25,49,4,6,6,4,1,41,29,9,9
534,lineup_13,1,3,20261359,1,five_resource,0,1,96,7,3,12,3,0,6,4,0,0,0,10,1,0,6,2,24,19,43,6,6,6,4,6,42,,30,66
534,lineup_13,1,3,20261359,2,port,0,1,96,7,6,13,4,0,5,1,0,1,0,11,2,0,5,6,24,24,48,8,10,10,4,11,15,,3,43
534,lineup_13,1,3,20261359,3,hybrid_ows,1,1,96,10,10,9,0,4,0,0,6,0,1,5,2,4,8,24,23,43,66,4,5,5,5,24,40,24,44,4
535,lineup_13,1,4,20261360,0,roads_and_cities,0,1,136,7,5,11,1,2,4,2,0,0,0,9,1,2,5,11,34,28,62,3,8,7,22,33,133,5,21,13
535,lineup_13,1,4,20261360,1,five_resource,0,1,136,8,8,15,4,2,1,0,0,0,0,11,4,2,3,18,34,38,72,2,4,4,16,2,50,114,54,10
535,lineup_13,1,4,20261360,2,port,0,1,136,7,7,15,3,1,3,0,0,1,0,13,2,1,4,22,34,42,76,6,8,8,0,3,91,131,35,3
535,lineup_13,1,4,20261360,3,hybrid_ows,1,1,136,10,7,8,1,2,3,3,8,0,1,4,1,2,13,18,33,38,71,5,6,6,5,20,136,36,4,20
536,lineup_13,1,5,20261361,0,roads_and_cities,0,1,144,9,9,15,1,4,1,0,0,0,0,13,3,4,2,8,36,30,66,4,6,6,19,1,105,77,89,13
536,lineup_13,1,5,20261361,1,five_resource,0,1,144,5,3,14,3,0,6,2,0,0,0,12,1,0,8,4,36,25,61,8,8,8,4,2,138,,14,46
536,lineup_13,1,5,20261361,2,port,0,1,144,9,7,10,3,2,4,2,0,0,0,8,3,2,4,17,36,34,70,5,11,11,14,11,51,131,31,11
536,lineup_13,1,5,20261361,3,hybrid_ows,1,1,144,10,9,12,1,2,1,1,7,1,1,6,1,2,11,8,35,28,63,6,10,10,4,12,144,120,4,20
537,lineup_13,1,6,20261362,0,roads_and_cities,0,1,104,6,6,14,2,2,2,0,0,0,0,12,2,2,4,6,26,26,52,5,5,5,0,9,65,85,49,17
537,lineup_13,1,6,20261362,1,five_resource,0,1,104,3,2,7,2,0,5,1,0,0,0,3,0,0,7,4,26,14,40,2,3,3,4,6,,,6,2
537,lineup_13,1,6,20261362,2,port,0,1,104,5,4,9,4,0,2,1,0,0,0,7,2,0,2,9,26,20,46,4,5,5,4,3,55,,15,35
537,lineup_13,1,6,20261362,3,hybrid_ows,1,1,104,10,8,12,0,2,2,2,5,1,1,10,0,2,8,12,25,32,57,1,3,3,0,4,,56,16,8
538,lineup_13,1,7,20261363,0,roads_and_cities,0,1,162,9,7,15,1,3,8,2,0,0,0,13,2,3,8,15,41,41,82,6,8,8,4,9,9,89,25,17
538,lineup_13,1,7,20261363,1,five_resource,1,1,162,10,10,10,2,3,1,0,0,1,0,8,3,3,1,23,40,38,78,2,3,3,8,18,70,138,6,6
538,lineup_13,1,7,20261363,2,port,0,1,162,7,7,15,3,2,1,0,0,0,0,13,3,2,1,13,40,32,72,2,2,2,21,3,99,119,59,11
538,lineup_13,1,7,20261363,3,hybrid_ows,0,1,162,8,5,15,1,1,3,3,6,0,1,9,0,1,15,11,40,36,76,8,10,10,24,4,,72,20,8
539,lineup_13,1,8,20261364,0,roads_and_cities,0,1,108,7,6,10,4,0,2,1,0,1,0,8,2,0,3,10,27,23,50,2,3,3,4,1,45,,41,5
539,lineup_13,1,8,20261364,1,five_resource,0,1,108,5,4,10,0,2,5,1,0,0,0,6,0,2,8,9,27,25,52,1,4,4,0,18,,94,2,6
539,lineup_13,1,8,20261364,2,port,0,1,108,2,2,8,2,0,3,0,0,0,0,6,0,0,3,8,27,17,44,1,3,3,8,27,,,23,23
539,lineup_13,1,8,20261364,3,hybrid_ows,1,1,108,10,7,8,1,2,3,3,6,0,1,4,1,2,11,7,26,25,51,3,7,7,4,68,108,36,8,8
540,lineup_13,1,9,20261365,0,roads_and_cities,0,1,132,5,4,14,2,1,3,1,0,0,0,12,1,1,3,18,33,35,68,7,10,10,0,13,65,29,33,1
540,lineup_13,1,9,20261365,1,five_resource,0,1,132,9,9,15,1,3,3,0,0,1,0,11,2,3,4,15,33,35,68,2,2,2,24,6,82,22,6,42
540,lineup_13,1,9,20261365,2,port,0,1,132,8,6,13,2,2,2,2,0,0,0,11,2,2,3,33,33,51,84,8,10,10,0,3,35,107,55,3
540,lineup_13,1,9,20261365,3,hybrid_ows,1,1,132,10,8,14,2,2,2,2,9,0,1,10,2,2,15,21,32,50,82,4,4,4,5,4,128,20,36,8
541,lineup_13,2,0,20261366,0,five_resource,0,1,183,9,8,15,4,2,6,1,0,0,0,13,4,2,6,24,46,49,95,7,10,10,15,9,45,157,57,9
541,lineup_13,2,0,20261366,1,port,0,1,183,8,8,15,2,2,1,0,0,1,0,13,2,2,2,13,46,32,78,7,9,9,17,30,146,126,90,6
541,lineup_13,2,0,20261366,2,hybrid_ows,1,1,183,10,7,7,1,2,3,3,4,0,1,3,1,2,10,20,45,36,81,3,15,15,21,27,183,151,23,7
541,lineup_13,2,0,20261366,3,roads_and_cities,0,1,183,9,8,13,0,4,6,1,0,0,0,11,2,4,7,22,45,46,91,7,10,10,10,8,128,100,12,36
542,lineup_13,2,1,20261367,0,five_resource,1,1,125,10,9,15,1,3,5,1,0,1,0,11,2,3,8,6,31,30,61,7,10,10,13,1,101,81,5,65
542,lineup_13,2,1,20261367,1,port,0,1,125,7,6,15,4,1,2,1,0,0,0,13,3,1,2,22,31,41,72,5,7,7,4,6,78,114,82,6
542,lineup_13,2,1,20261367,2,hybrid_ows,0,1,125,7,5,4,1,1,3,2,9,0,1,2,0,1,14,10,31,27,58,4,5,5,8,51,,75,3,19
542,lineup_13,2,1,20261367,3,roads_and_cities,0,1,125,9,8,8,0,4,1,1,0,0,0,6,2,4,1,16,31,29,60,2,4,4,16,36,88,16,80,8
543,lineup_13,2,2,20261368,0,five_resource,1,1,121,10,8,13,2,3,4,2,0,0,0,9,3,3,6,15,30,36,66,9,9,9,6,17,81,13,37,25
543,lineup_13,2,2,20261368,1,port,0,1,121,6,6,15,4,0,3,0,0,1,0,11,2,0,4,19,30,36,66,3,7,7,4,6,42,,30,6
543,lineup_13,2,2,20261368,2,hybrid_ows,0,1,121,8,6,8,0,2,2,2,8,0,1,6,0,2,11,6,30,25,55,6,8,8,4,19,,67,3,59
543,lineup_13,2,2,20261368,3,roads_and_cities,0,1,121,7,6,13,0,3,2,1,0,0,0,11,1,3,4,14,30,33,63,3,5,5,17,24,112,16,28,4
544,lineup_13,2,3,20261369,0,five_resource,0,1,151,9,8,15,4,1,6,1,0,1,0,13,3,1,7,13,38,37,75,10,11,11,13,5,17,117,77,21
544,lineup_13,2,3,20261369,1,port,0,1,151,8,7,15,1,3,8,1,0,0,0,13,2,3,9,24,38,51,89,4,4,4,17,2,58,110,14,46
544,lineup_13,2,3,20261369,2,hybrid_ows,1,1,151,10,7,10,1,2,3,3,3,0,1,6,1,2,9,16,37,34,71,1,5,5,4,19,151,35,3,15
544,lineup_13,2,3,20261369,3,roads_and_cities,0,1,151,7,7,15,1,3,0,0,0,0,0,13,2,3,0,12,37,30,67,4,7,7,21,16,108,48,,28
545,lineup_13,2,4,20261370,0,five_resource,0,1,155,6,5,10,1,2,5,1,0,0,0,8,1,2,6,16,39,33,72,3,6,6,12,65,117,37,9,9
545,lineup_13,2,4,20261370,1,port,0,1,155,6,6,14,4,0,1,0,0,1,0,12,2,0,1,21,39,36,75,3,4,4,4,2,122,,62,10
545,lineup_13,2,4,20261370,2,hybrid_ows,1,1,155,10,6,4,0,2,6,4,9,0,1,2,0,2,17,9,38,30,68,7,9,9,22,15,,139,27,11
545,lineup_13,2,4,20261370,3,roads_and_cities,0,1,155,4,4,7,0,2,0,0,0,0,0,5,0,2,1,10,38,18,56,0,0,0,29,12,,72,108,12
546,lineup_13,2,5,20261371,0,five_resource,0,1,75,3,3,7,3,0,3,0,0,0,0,5,1,0,4,4,19,14,33,5,6,6,0,5,53,,21,5
546,lineup_13,2,5,20261371,1,port,0,1,75,6,5,13,3,0,2,1,0,1,0,11,1,0,2,2,19,16,35,1,1,1,0,10,62,,6,62
546,lineup_13,2,5,20261371,2,hybrid_ows,1,1,75,10,8,6,0,3,2,2,3,0,1,2,1,3,9,9,18,24,42,1,1,1,0,23,67,11,3,19
546,lineup_13,2,5,20261371,3,roads_and_cities,0,1,75,4,2,6,2,0,7,2,0,0,0,4,0,0,7,3,18,14,32,2,4,4,0,12,,,12,12
547,lineup_13,2,6,20261372,0,five_resource,1,1,97,10,9,11,1,3,5,1,0,1,0,7,2,3,8,7,24,27,51,8,11,11,6,17,29,73,9,13
547,lineup_13,2,6,20261372,1,port,0,1,97,4,3,6,3,0,5,1,0,0,0,4,1,0,6,5,24,16,40,6,8,8,4,38,78,,18,38
547,lineup_13,2,6,20261372,2,hybrid_ows,0,1,97,8,6,5,0,2,2,2,6,0,1,3,0,2,9,6,24,20,44,3,4,4,0,47,,75,3,7
547,lineup_13,2,6,20261372,3,roads_and_cities,0,1,97,7,6,8,0,3,2,1,0,0,0,6,1,3,2,12,24,24,48,9,10,10,0,12,76,44,8,8
548,lineup_13,2,7,20261373,0,five_resource,0,1,131,5,4,15,2,0,3,1,0,1,0,13,0,0,3,7,33,23,56,3,3,3,4,1,,,17,17
548,lineup_13,2,7,20261373,1,port,0,1,131,6,5,13,5,0,4,1,0,0,0,11,3,0,4,11,33,29,62,1,1,1,0,2,94,,22,10
548,lineup_13,2,7,20261373,2,hybrid_ows,1,1,131,10,7,7,3,1,3,3,6,0,1,3,2,1,12,11,32,29,61,4,8,8,9,43,103,131,15,7
548,lineup_13,2,7,20261373,3,roads_and_cities,0,1,131,5,5,15,5,0,1,0,0,0,0,13,3,0,1,6,32,23,55,5,6,6,0,8,96,,56,24
549,lineup_13,2,8,20261374,0,five_resource,0,1,87,4,3,7,1,1,5,1,0,0,0,5,0,1,6,5,22,17,39,1,1,1,0,17,,49,13,9
549,lineup_13,2,8,20261374,1,port,0,1,87,4,4,15,2,0,1,0,0,1,0,13,0,0,2,7,22,22,44,3,6,6,0,6,,,14,10
549,lineup_13,2,8,20261374,2,hybrid_ows,1,1,87,10,6,5,0,2,4,4,7,0,1,1,0,2,13,13,21,29,50,3,5,5,4,43,,23,11,11
549,lineup_13,2,8,20261374,3,roads_and_cities,0,1,87,5,5,11,3,1,0,0,0,0,0,9,2,1,0,4,21,16,37,6,6,6,4,20,52,76,,44
550,lineup_13,2,9,20261375,0,five_resource,0,1,127,7,6,15,4,1,6,1,0,0,0,13,3,1,7,19,32,43,75,5,10,10,0,1,29,125,53,5
550,lineup_13,2,9,20261375,1,port,0,1,127,8,7,15,3,1,1,1,0,1,0,11,2,1,4,18,32,36,68,3,3,3,0,30,58,126,6,26
550,lineup_13,2,9,20261375,2,hybrid_ows,1,1,127,10,7,9,1,2,3,3,8,0,1,5,1,2,13,11,31,32,63,1,4,4,0,47,127,39,19,15
550,lineup_13,2,9,20261375,3,roads_and_cities,0,1,127,5,5,14,3,1,1,0,0,0,0,12,2,1,1,11,31,27,58,3,5,5,13,8,48,104,56,4
551,lineup_13,3,0,20261376,0,port,1,1,97,10,8,15,0,3,5,2,0,1,0,13,1,3,7,13,24,37,61,4,6,5,0,1,81,33,5,13
551,lineup_13,3,0,20261376,1,hybrid_ows,0,1,97,6,6,13,2,1,0,0,3,0,1,11,1,1,4,7,24,24,48,1,2,2,0,2,86,22,6,14
551,lineup_13,3,0,20261376,2,roads_and_cities,0,1,97,6,5,11,1,2,4,1,0,0,0,7,1,2,6,8,24,24,48,6,8,8,4,11,67,59,19,11
551,lineup_13,3,0,20261376,3,five_resource,0,1,97,4,2,4,2,0,8,2,0,0,0,2,0,0,8,6,24,16,40,1,3,3,0,76,,,12,28
552,lineup_13,3,1,20261377,0,port,0,1,106,7,5,12,3,1,4,2,0,0,0,8,2,1,6,8,27,25,52,5,6,6,0,33,81,97,9,1
552,lineup_13,3,1,20261377,1,hybrid_ows,1,1,106,10,8,6,0,3,2,2,4,0,1,4,1,3,7,12,26,27,53,3,6,6,4,34,106,54,2,26
552,lineup_13,3,1,20261377,2,roads_and_cities,0,1,106,9,9,10,1,3,6,0,0,1,0,6,2,3,8,13,26,32,58,5,5,5,5,35,51,43,3,27
552,lineup_13,3,1,20261377,3,five_resource,0,1,106,5,4,9,2,1,3,1,0,0,0,7,1,1,4,6,26,19,45,2,6,5,0,4,92,104,24,8
553,lineup_13,3,2,20261378,0,port,0,1,100,2,2,10,2,0,3,0,0,0,0,6,0,0,4,8,25,18,43,5,5,5,0,9,,,5,5
553,lineup_13,3,2,20261378,1,hybrid_ows,0,1,100,8,6,7,0,2,2,2,7,0,1,5,0,2,11,11,25,29,54,2,2,2,4,18,,50,6,6
553,lineup_13,3,2,20261378,2,roads_and_cities,0,1,100,5,4,5,0,2,3,1,0,0,0,3,0,2,4,10,25,19,44,2,2,2,0,75,,35,7,7
553,lineup_13,3,2,20261378,3,five_resource,1,1,100,10,8,11,0,3,4,2,0,1,0,7,1,3,6,11,24,28,52,4,5,5,0,4,64,56,16,12
554,lineup_13,3,3,20261379,0,port,0,1,111,8,7,15,3,1,5,1,0,1,0,13,2,1,6,5,28,27,55,6,8,8,8,1,77,101,17,69
554,lineup_13,3,3,20261379,1,hybrid_ows,0,1,111,8,6,15,0,2,3,2,7,0,1,11,0,2,12,18,28,43,71,2,5,5,4,22,,6,10,10
554,lineup_13,3,3,20261379,2,roads_and_cities,1,1,111,10,10,15,2,4,1,0,0,0,0,13,4,4,3,13,27,37,64,5,6,6,4,39,83,19,83,27
554,lineup_13,3,3,20261379,3,five_resource,0,1,111,8,6,15,4,1,3,2,0,0,0,11,3,1,4,13,27,32,59,5,10,10,0,8,32,104,16,36
555,lineup_13,3,4,20261380,0,port,0,1,127,5,4,13,4,0,6,1,0,0,0,9,2,0,7,11,32,29,61,0,2,2,8,5,37,,21,5
555,lineup_13,3,4,20261380,1,hybrid_ows,0,1,127,8,5,3,1,1,4,3,4,0,1,1,0,1,9,4,32,15,47,0,3,3,17,54,,118,6,6
555,lineup_13,3,4,20261380,2,roads_and_cities,1,1,127,10,9,15,5,1,3,1,0,1,0,13,4,1,3,8,31,29,60,1,5,5,0,3,63,119,51,7
555,lineup_13,3,4,20261380,3,five_resource,0,1,127,7,7,8,1,3,2,0,0,0,0,6,2,3,3,16,31,30,61,4,7,7,12,4,48,20,4,20
556,lineup_13,3,5,20261381,0,port,0,1,132,4,3,14,3,0,6,1,0,0,0,10,1,0,9,8,33,28,61,3,3,3,4,5,105,,9,5
556,lineup_13,3,5,20261381,1,hybrid_ows,0,1,132,8,6,5,0,2,3,2,4,0,1,3,0,2,9,10,33,24,57,1,2,2,35,50,,70,6,14
556,lineup_13,3,5,20261381,2,roads_and_cities,0,1,132,8,6,13,0,3,2,2,0,0,0,11,1,3,2,9,33,26,59,6,8,8,10,39,75,23,39,3
556,lineup_13,3,5,20261381,3,five_resource,1,1,132,10,10,15,4,2,5,0,0,1,0,13,4,2,5,12,32,36,68,8,12,12,21,4,12,100,20,16
557,lineup_13,3,6,20261382,0,port,1,1,121,10,10,15,2,3,3,0,0,1,0,13,3,3,4,11,30,34,64,4,4,4,14,1,29,37,41,29
557,lineup_13,3,6,20261382,1,hybrid_ows,0,1,121,9,5,10,3,0,4,4,4,0,1,8,1,0,8,7,30,24,54,2,4,4,8,2,102,,6,14
557,lineup_13,3,6,20261382,2,roads_and_cities,0,1,121,9,8,15,0,4,4,1,0,0,0,9,2,4,7,12,30,34,64,6,8,8,16,35,83,31,11,27
557,lineup_13,3,6,20261382,3,five_resource,0,1,121,6,6,7,0,3,4,0,0,0,0,5,1,3,6,17,30,32,62,9,9,9,42,20,56,20,16,4
558,lineup_13,3,7,20261383,0,port,0,1,102,5,2,9,2,0,4,3,0,0,0,7,0,0,4,5,26,16,42,4,4,4,0,1,,,29,25
558,lineup_13,3,7,20261383,1,hybrid_ows,1,1,102,10,8,12,0,2,3,2,6,1,1,8,0,2,13,15,26,38,64,4,4,4,12,18,,10,18,18
558,lineup_13,3,7,20261383,2,roads_and_cities,0,1,102,4,4,12,0,2,1,0,0,0,0,10,0,2,1,4,25,17,42,0,1,1,4,3,,47,71,19
558,lineup_13,3,7,20261383,3,five_resource,0,1,102,4,4,11,4,0,4,0,0,0,0,7,2,0,5,8,25,22,47,4,4,4,4,12,56,,12,8
559,lineup_13,3,8,20261384,0,port,0,1,102,5,5,13,3,0,2,0,0,1,0,11,1,0,3,5,26,20,46,3,3,3,0,17,53,,13,17
559,lineup_13,3,8,20261384,1,hybrid_ows,1,1,102,10,7,10,3,1,3,3,5,0,1,6,2,1,11,15,25,35,60,3,4,4,0,10,50,102,6,6
559,lineup_13,3,8,20261384,2,roads_and_cities,0,1,102,6,5,15,1,2,2,1,0,0,0,13,1,2,2,8,25,26,51,5,5,5,8,3,87,23,11,11
559,lineup_13,3,8,20261384,3,five_resource,0,1,102,4,3,7,3,0,7,1,0,0,0,3,1,0,9,5,25,18,43,2,2,2,0,24,76,,4,32
560,lineup_13,3,9,20261385,0,port,0,1,103,5,4,15,4,0,4,1,0,0,0,13,2,0,4,3,26,22,48,8,8,8,0,1,69,,53,93
560,lineup_13,3,9,20261385,1,hybrid_ows,0,1,103,6,5,8,1,1,1,1,7,0,1,4,0,1,11,7,26,23,49,1,1,1,4,10,,82,18,10
560,lineup_13,3,9,20261385,2,roads_and_cities,1,1,103,10,9,15,1,3,1,1,0,1,0,13,2,3,1,8,25,27,52,0,0,0,0,3,75,39,67,19
560,lineup_13,3,9,20261385,3,five_resource,0,1,103,6,4,7,2,1,7,2,0,0,0,5,1,1,9,6,25,22,47,0,1,1,16,24,100,52,8,4
561,lineup_14,0,0,20261386,0,road_building,0,1,78,2,2,10,2,0,2,0,0,0,0,8,0,0,2,8,20,18,38,3,3,3,5,1,,,61,9
561,lineup_14,0,0,20261386,1,roads_and_cities,1,1,78,11,10,12,0,4,4,1,0,1,0,10,2,4,4,9,19,29,48,4,6,6,6,18,42,6,14,10
561,lineup_14,0,0,20261386,2,five_resource,0,1,78,4,4,15,4,0,2,0,0,0,0,11,2,0,3,5,19,21,40,5,7,7,0,15,31,,3,19
561,lineup_14,0,0,20261386,3,port,0,1,78,6,5,15,1,2,2,1,0,0,0,13,1,2,3,7,19,26,45,2,6,6,4,4,76,16,44,4
562,lineup_14,0,1,20261387,0,road_building,0,1,146,7,6,15,4,1,5,1,0,0,0,11,3,1,6,12,37,33,70,6,8,8,4,13,49,145,1,25
562,lineup_14,0,1,20261387,1,roads_and_cities,1,1,146,10,8,9,0,4,5,2,0,0,0,7,2,4,6,19,36,38,74,3,9,9,13,6,62,14,10,38
562,lineup_14,0,1,20261387,2,five_resource,0,1,146,7,7,15,1,3,4,0,0,0,0,13,2,3,6,16,36,40,76,4,7,7,22,7,27,99,3,31
562,lineup_14,0,1,20261387,3,port,0,1,146,9,7,15,5,0,5,2,0,1,0,11,3,0,7,13,36,34,70,3,8,8,8,4,52,,4,20
563,lineup_14,0,2,20261388,0,road_building,0,1,76,5,4,13,4,0,1,1,0,0,0,11,2,0,2,5,19,20,39,2,2,2,0,5,41,,25,13
563,lineup_14,0,2,20261388,1,roads_and_cities,0,1,76,3,2,7,2,0,3,1,0,0,0,5,0,0,4,3,19,12,31,1,4,4,0,30,,,6,30
563,lineup_14,0,2,20261388,2,five_resource,0,1,76,3,3,9,1,1,1,0,0,0,0,7,0,1,1,2,19,11,30,1,1,1,4,11,,15,71,43
563,lineup_14,0,2,20261388,3,port,1,1,76,10,10,13,0,4,3,0,0,1,0,11,2,4,4,7,18,28,46,4,6,6,0,12,36,16,16,4
564,lineup_14,0,3,20261389,0,road_building,1,1,141,10,9,15,3,2,4,1,0,1,0,13,3,2,4,15,35,37,72,3,5,5,4,17,97,133,5,1
564,lineup_14,0,3,20261389,1,roads_and_cities,0,1,141,8,8,15,0,4,1,0,0,0,0,13,2,4,2,17,35,38,73,1,1,1,31,2,94,10,98,30
564,lineup_14,0,3,20261389,2,five_resource,0,1,141,7,4,8,2,1,10,3,0,0,0,6,1,1,12,10,35,30,65,5,8,8,25,3,47,95,3,47
564,lineup_14,0,3,20261389,3,port,0,1,141,9,8,13,4,2,5,1,0,0,0,9,4,2,7,18,35,40,75,3,8,8,13,4,44,40,20,48
565,lineup_14,0,4,20261390,0,road_building,0,1,178,8,7,15,3,1,5,1,0,1,0,13,2,1,6,16,45,38,83,4,9,9,13,21,73,169,17,5
565,lineup_14,0,4,20261390,1,roads_and_cities,1,1,178,10,8,15,0,4,6,2,0,0,0,11,2,4,8,15,44,40,84,5,10,10,13,30,86,126,2,30
565,lineup_14,0,4,20261390,2,five_resource,0,1,178,6,4,9,0,2,7,2,0,0,0,5,0,2,10,14,44,31,75,1,10,10,12,39,,143,3,23
565,lineup_14,0,4,20261390,3,port,0,1,178,7,7,15,3,2,1,0,0,0,0,13,3,2,1,35,44,54,98,11,22,22,0,4,140,160,100,20
566,lineup_14,0,5,20261391,0,road_building,0,1,142,8,7,15,5,0,1,1,0,1,0,13,3,0,1,11,36,28,64,1,2,2,13,1,97,,77,5
566,lineup_14,0,5,20261391,1,roads_and_cities,1,1,142,10,10,15,2,4,2,0,0,0,0,11,4,4,6,14,35,39,74,4,6,6,8,34,90,26,42,30
566,lineup_14,0,5,20261391,2,five_resource,0,1,142,6,4,14,4,0,9,2,0,0,0,12,2,0,9,12,35,35,70,3,14,13,0,3,55,,19,11
566,lineup_14,0,5,20261391,3,port,0,1,142,7,5,10,3,1,3,2,0,0,0,8,2,1,3,27,35,41,76,1,2,2,0,8,84,128,116,4
567,lineup_14,0,6,20261392,0,road_building,0,1,103,7,7,15,5,0,4,0,0,1,0,13,3,0,4,9,26,29,55,3,8,8,0,5,41,,37,29
567,lineup_14,0,6,20261392,1,roads_and_cities,0,1,103,4,4,4,0,2,3,0,0,0,0,2,0,2,3,9,26,16,42,0,0,0,8,6,,50,6,10
567,lineup_14,0,6,20261392,2,five_resource,1,1,103,10,9,15,1,4,3,1,0,0,0,11,3,4,4,15,25,37,62,2,5,5,4,15,67,11,19,7
567,lineup_14,0,6,20261392,3,port,0,1,103,7,5,15,5,0,4,2,0,0,0,13,3,0,4,17,25,37,62,0,2,2,4,4,32,,80,4
568,lineup_14,0,7,20261393,0,road_building,1,1,117,10,8,10,0,4,4,2,0,0,0,8,2,4,6,10,29,30,59,1,4,4,8,5,73,69,13,77
568,lineup_14,0,7,20261393,1,roads_and_cities,0,1,117,7,6,8,0,3,3,1,0,0,0,4,1,3,5,14,29,27,56,1,3,3,8,18,78,58,6,18
568,lineup_14,0,7,20261393,2,five_resource,0,1,117,9,7,15,3,1,8,2,0,1,0,13,2,1,8,2,29,26,55,4,10,10,16,3,67,47,11,23
568,lineup_14,0,7,20261393,3,port,0,1,117,2,2,9,2,0,2,0,0,0,0,7,0,0,2,12,29,21,50,3,7,7,0,8,,,20,8
569,lineup_14,0,8,20261394,0,road_building,0,1,114,2,2,15,2,0,0,0,0,0,0,13,0,0,0,5,29,18,47,1,2,2,4,1,,,,33
569,lineup_14,0,8,20261394,1,roads_and_cities,1,1,114,10,9,15,1,4,1,1,0,0,0,13,3,4,1,21,28,42,70,0,4,4,0,6,50,14,34,18
569,lineup_14,0,8,20261394,2,five_resource,0,1,114,6,6,15,4,0,4,0,0,1,0,13,2,0,5,8,28,28,56,2,3,3,22,3,43,,31,23
569,lineup_14,0,8,20261394,3,port,0,1,114,6,5,15,5,0,4,1,0,0,0,13,3,0,6,8,28,30,58,4,5,5,4,4,72,,4,8
570,lineup_14,0,9,20261395,0,road_building,0,1,174,9,9,15,1,4,3,0,0,0,0,11,3,4,5,9,44,32,76,7,7,7,73,1,85,101,37,81
570,lineup_14,0,9,20261395,1,roads_and_cities,1,1,174,10,9,15,1,3,3,1,0,1,0,13,2,3,4,25,43,47,90,6,17,16,10,26,146,46,6,14
570,lineup_14,0,9,20261395,2,five_resource,0,1,174,8,5,13,3,1,7,3,0,0,0,11,2,1,7,13,43,34,77,4,20,18,31,19,143,51,7,15
570,lineup_14,0,9,20261395,3,port,0,1,174,8,7,15,3,2,6,1,0,0,0,11,3,2,9,32,43,57,100,10,24,21,13,8,36,144,24,16
571,lineup_14,1,0,20261396,0,roads_and_cities,0,1,143,7,6,10,4,1,3,1,0,0,0,8,3,1,4,12,36,28,64,5,5,5,4,5,65,93,5,9
571,lineup_14,1,0,20261396,1,five_resource,0,1,143,7,5,10,1,2,9,2,0,0,0,8,1,2,10,16,36,37,73,5,7,7,8,6,130,82,18,6
571,lineup_14,1,0,20261396,2,port,1,1,143,10,9,15,5,1,5,1,0,1,0,13,4,1,7,8,35,33,68,5,6,6,26,11,59,143,95,19
571,lineup_14,1,0,20261396,3,road_building,0,1,143,5,4,15,4,0,4,1,0,0,0,13,2,0,4,12,35,31,66,1,5,5,12,4,56,,100,56
572,lineup_14,1,1,20261397,0,roads_and_cities,0,1,138,5,4,13,2,1,4,1,0,0,0,11,1,1,4,8,35,25,60,8,9,9,0,1,109,125,41,1
572,lineup_14,1,1,20261397,1,five_resource,1,1,138,10,9,15,3,2,8,1,0,1,0,13,3,2,8,16,34,42,76,5,6,6,9,18,54,42,10,18
572,lineup_14,1,1,20261397,2,port,0,1,138,6,5,13,5,0,6,1,0,0,0,11,3,0,9,22,34,45,79,2,2,2,4,15,43,,11,3
572,lineup_14,1,1,20261397,3,road_building,0,1,138,3,3,15,3,0,1,0,0,0,0,13,1,0,1,9,34,24,58,1,1,1,4,8,116,,60,16
573,lineup_14,1,2,20261398,0,roads_and_cities,1,1,117,10,9,15,1,3,3,1,0,1,0,13,2,3,5,13,29,36,65,7,8,8,12,1,45,25,5,29
573,lineup_14,1,2,20261398,1,five_resource,0,1,117,7,3,14,3,0,9,4,0,0,0,10,1,0,11,8,29,30,59,4,4,4,0,6,110,,2,58
573,lineup_14,1,2,20261398,2,port,0,1,117,5,5,4,1,2,4,0,0,0,0,2,1,2,4,18,29,27,56,1,1,1,0,15,75,51,59,3
573,lineup_14,1,2,20261398,3,road_building,0,1,117,4,4,14,4,0,3,0,0,0,0,12,2,0,3,10,29,27,56,3,6,6,8,12,36,,52,20
574,lineup_14,1,3,20261399,0,roads_and_cities,0,1,122,5,4,10,0,2,1,1,0,0,0,6,0,2,2,11,31,21,52,4,6,6,4,37,,109,17,17
574,lineup_14,1,3,20261399,1,five_resource,1,1,122,10,8,13,2,2,5,2,0,1,0,11,2,2,6,14,30,35,65,0,0,0,4,6,38,90,6,22
574,lineup_14,1,3,20261399,2,port,0,1,122,4,3,13,3,0,5,1,0,0,0,9,1,0,6,14,30,30,60,0,0,0,0,15,51,,51,15
574,lineup_14,1,3,20261399,3,road_building,0,1,122,5,5,15,3,1,1,0,0,0,0,13,2,1,3,11,30,30,60,0,2,2,8,4,88,108,12,12
575,lineup_14,1,4,20261400,0,roads_and_cities,1,1,121,10,9,15,1,4,6,1,0,0,0,13,3,4,7,15,30,42,72,3,4,4,4,5,25,9,29,21
575,lineup_14,1,4,20261400,1,five_resource,0,1,121,8,6,15,2,2,6,2,0,0,0,13,2,2,8,18,30,43,73,6,6,6,4,2,14,94,6,14
575,lineup_14,1,4,20261400,2,port,0,1,121,7,6,15,4,1,3,1,0,0,0,13,3,1,3,15,30,35,65,9,10,10,0,7,55,115,99,11
575,lineup_14,1,4,20261400,3,road_building,0,1,121,6,6,14,4,0,4,0,0,1,0,12,2,0,4,9,30,27,57,5,8,8,8,16,56,,72,16
576,lineup_14,1,5,20261401,0,roads_and_cities,0,1,140,9,8,11,0,4,6,1,0,0,0,9,2,4,7,17,35,39,74,6,6,6,17,1,57,65,17,33
576,lineup_14,1,5,20261401,1,five_resource,0,1,140,4,4,15,2,1,3,0,0,0,0,11,1,1,7,12,35,32,67,3,3,3,4,18,94,122,22,14
576,lineup_14,1,5,20261401,2,port,0,1,140,9,5,15,5,0,10,4,0,0,0,13,3,0,10,13,35,39,74,10,10,10,4,3,59,,15,3
576,lineup_14,1,5,20261401,3,road_building,1,1,140,10,10,15,2,3,1,0,0,1,0,13,3,3,1,22,34,42,76,3,3,3,4,4,92,32,44,4
577,lineup_14,1,6,20261402,0,roads_and_cities,0,1,148,5,5,15,3,0,3,0,0,1,0,13,1,0,4,4,37,22,59,2,7,7,5,9,141,,1,9
577,lineup_14,1,6,20261402,1,five_resource,0,1,148,7,4,4,0,2,8,3,0,0,0,2,0,2,9,4,37,17,54,1,2,2,24,34,,106,18,34
577,lineup_14,1,6,20261402,2,port,0,1,148,4,3,12,3,0,5,1,0,0,0,8,1,0,6,14,37,29,66,3,4,4,4,7,71,,19,3
577,lineup_14,1,6,20261402,3,road_building,1,1,148,10,9,15,5,2,4,1,0,0,0,13,5,2,6,19,36,45,81,0,3,3,13,4,84,128,12,12
578,lineup_14,1,7,20261403,0,roads_and_cities,0,1,74,6,5,9,1,2,4,1,0,0,0,7,1,2,4,8,19,22,41,3,3,3,4,41,69,37,1,41
578,lineup_14,1,7,20261403,1,five_resource,1,1,74,10,9,9,1,3,2,1,0,1,0,5,2,3,3,4,18,17,35,2,3,3,4,10,54,10,30,30
578,lineup_14,1,7,20261403,2,port,0,1,74,5,4,4,2,1,7,1,0,0,0,2,1,1,9,4,18,17,35,0,1,1,16,15,67,11,3,15
578,lineup_14,1,7,20261403,3,road_building,0,1,74,2,2,8,2,0,0,0,0,0,0,6,0,0,0,4,18,10,28,0,0,0,0,12,,,,20
579,lineup_14,1,8,20261404,0,roads_and_cities,1,1,93,10,8,9,0,4,6,2,0,0,0,5,2,4,8,7,23,26,49,1,2,2,8,25,29,33,5,29
579,lineup_14,1,8,20261404,1,five_resource,0,1,93,9,7,14,3,1,4,2,0,1,0,10,2,1,5,9,23,27,50,3,3,3,8,2,10,50,2,22
579,lineup_14,1,8,20261404,2,port,0,1,93,4,4,14,4,0,6,0,0,0,0,12,2,0,7,20,23,41,64,1,3,3,0,3,51,,27,3
579,lineup_14,1,8,20261404,3,road_building,0,1,93,6,5,10,5,0,3,1,0,0,0,8,3,0,5,8,23,24,47,7,7,7,4,4,16,,16,4
580,lineup_14,1,9,20261405,0,roads_and_cities,0,1,150,7,7,15,1,2,4,0,0,1,0,13,1,2,4,8,38,28,66,7,10,10,0,5,149,129,117,13
580,lineup_14,1,9,20261405,1,five_resource,1,1,150,10,9,15,1,4,4,1,0,0,0,11,3,4,7,23,37,48,85,7,7,7,28,14,78,2,18,10
580,lineup_14,1,9,20261405,2,port,0,1,150,5,5,14,5,0,3,0,0,0,0,12,3,0,3,15,37,33,70,1,5,5,0,7,59,,3,7
580,lineup_14,1,9,20261405,3,road_building,0,1,150,7,5,15,5,0,5,2,0,0,0,13,3,0,5,9,37,30,67,5,8,8,10,12,80,,16,52
581,lineup_14,2,0,20261406,0,five_resource,0,1,142,9,6,11,2,2,6,3,0,0,0,9,2,2,6,10,36,29,65,4,9,9,13,9,97,89,13,21
581,lineup_14,2,0,20261406,1,port,1,1,142,10,10,13,0,4,3,0,0,1,0,11,2,4,5,24,35,46,81,8,10,10,0,18,102,10,58,14
581,lineup_14,2,0,20261406,2,road_building,0,1,142,2,2,15,2,0,2,0,0,0,0,13,0,0,2,6,35,21,56,2,4,4,0,3,,,19,43
581,lineup_14,2,0,20261406,3,roads_and_cities,0,1,142,6,4,11,4,0,7,2,0,0,0,7,2,0,9,10,35,28,63,1,2,2,13,12,124,,4,12
582,lineup_14,2,1,20261407,0,five_resource,1,1,117,10,8,11,0,3,5,2,0,1,0,7,1,3,9,4,29,24,53,6,7,7,4,13,25,73,33,57
582,lineup_14,2,1,20261407,1,port,0,1,117,2,2,14,2,0,4,0,0,0,0,12,0,0,5,7,29,24,53,3,3,3,0,10,,,6,6
582,lineup_14,2,1,20261407,2,road_building,0,1,117,7,6,15,4,1,4,1,0,0,0,13,3,1,4,17,29,38,67,4,7,7,0,7,39,107,43,39
582,lineup_14,2,1,20261407,3,roads_and_cities,0,1,117,6,4,11,0,2,7,2,0,0,0,9,0,2,7,7,29,25,54,2,3,3,4,16,,48,16,8
583,lineup_14,2,2,20261408,0,five_resource,0,1,146,8,7,15,5,0,4,1,0,1,0,13,3,0,7,14,37,37,74,3,6,6,12,5,13,,49,21
583,lineup_14,2,2,20261408,1,port,1,1,146,10,9,15,3,3,5,1,0,0,0,11,4,3,6,19,36,43,79,6,12,12,4,2,86,106,66,10
583,lineup_14,2,2,20261408,2,road_building,0,1,146,5,4,15,2,1,4,1,0,0,0,13,1,1,4,17,36,36,72,2,4,4,4,7,95,131,51,3
583,lineup_14,2,2,20261408,3,roads_and_cities,0,1,146,7,5,10,1,2,2,2,0,0,0,8,1,2,2,10,36,23,59,4,4,4,4,24,112,80,16,16
584,lineup_14,2,3,20261409,0,five_resource,0,1,114,8,5,14,5,0,7,3,0,0,0,12,3,0,8,10,29,33,62,5,7,7,5,21,49,,1,21
584,lineup_14,2,3,20261409,1,port,1,1,114,10,9,15,3,2,4,1,0,1,0,13,3,2,5,21,28,44,72,5,9,9,5,10,42,114,34,2
584,lineup_14,2,3,20261409,2,road_building,0,1,114,4,4,11,4,0,2,0,0,0,0,9,2,0,2,10,28,23,51,5,7,7,8,3,91,,103,23
584,lineup_14,2,3,20261409,3,roads_and_cities,0,1,114,4,4,10,0,2,1,0,0,0,0,8,0,2,1,7,28,18,46,4,5,5,10,36,,20,28,4
585,lineup_14,2,4,20261410,0,five_resource,0,1,128,6,6,11,2,2,6,0,0,0,0,7,2,2,9,7,32,27,59,7,8,8,8,9,57,93,9,9
585,lineup_14,2,4,20261410,1,port,0,1,128,5,3,13,3,0,8,2,0,0,0,11,1,0,9,17,32,38,70,5,6,6,0,6,86,,10,6
585,lineup_14,2,4,20261410,2,road_building,0,1,128,7,5,15,5,0,4,2,0,0,0,11,3,0,5,5,32,24,56,6,9,9,21,15,27,,7,7
585,lineup_14,2,4,20261410,3,roads_and_cities,1,1,128,10,10,15,0,4,0,0,0,1,0,13,2,4,0,18,31,37,68,11,13,13,8,16,60,8,,20
586,lineup_14,2,5,20261411,0,five_resource,0,1,140,4,3,9,1,1,4,1,0,0,0,7,0,1,7,10,35,25,60,2,3,3,4,25,,93,13,5
586,lineup_14,2,5,20261411,1,port,0,1,140,5,3,11,3,0,7,2,0,0,0,7,1,0,8,24,35,40,75,6,7,7,0,26,110,,10,2
586,lineup_14,2,5,20261411,2,road_building,0,1,140,6,5,15,5,0,3,1,0,0,0,13,3,0,3,8,35,27,62,4,5,5,4,3,123,,55,7
586,lineup_14,2,5,20261411,3,roads_and_cities,1,1,140,10,9,15,1,3,4,1,0,1,0,13,2,3,4,20,34,42,76,8,12,12,6,12,104,4,52,4
587,lineup_14,2,6,20261412,0,five_resource,0,1,118,5,4,10,4,0,5,1,0,0,0,8,2,0,6,9,30,25,55,3,3,3,4,5,37,,1,53
587,lineup_14,2,6,20261412,1,port,1,1,118,10,8,15,2,2,6,2,0,1,0,9,2,2,9,18,29,40,69,2,3,3,8,6,54,10,22,6
587,lineup_14,2,6,20261412,2,road_building,0,1,118,4,4,14,4,0,1,0,0,0,0,12,2,0,1,4,29,19,48,3,6,6,17,3,95,,7,39
587,lineup_14,2,6,20261412,3,roads_and_cities,0,1,118,3,2,12,2,0,5,1,0,0,0,10,0,0,6,8,29,24,53,0,3,3,8,4,,,12,28
588,lineup_14,2,7,20261413,0,five_resource,0,1,166,6,6,14,0,3,3,0,0,0,0,12,1,3,4,12,42,32,74,4,4,4,8,1,149,33,93,17
588,lineup_14,2,7,20261413,1,port,1,1,166,10,9,15,3,2,5,1,0,1,0,13,3,2,5,26,41,49,90,8,8,8,0,6,106,142,26,6
588,lineup_14,2,7,20261413,2,road_building,0,1,166,7,6,15,4,1,2,1,0,0,0,11,3,1,4,16,41,35,76,3,5,5,27,7,83,163,15,7
588,lineup_14,2,7,20261413,3,roads_and_cities,0,1,166,9,6,8,0,3,9,3,0,0,0,4,1,3,12,10,41,30,71,4,5,5,21,40,148,68,4,16
589,lineup_14,2,8,20261414,0,five_resource,1,1,113,10,8,11,0,4,4,2,0,0,0,7,2,4,6,14,28,33,61,2,4,3,8,17,73,45,9,41
589,lineup_14,2,8,20261414,1,port,0,1,113,6,4,15,4,0,8,2,0,0,0,12,2,0,11,16,28,41,69,4,8,7,0,6,42,,14,10
589,lineup_14,2,8,20261414,2,road_building,0,1,113,7,7,13,5,0,1,0,0,1,0,11,3,0,1,4,28,19,47,7,9,9,4,3,95,,59,39
589,lineup_14,2,8,20261414,3,roads_and_cities,0,1,113,8,8,15,0,4,1,0,0,0,0,13,2,4,2,18,28,39,67,2,4,4,5,4,28,20,84,36
590,lineup_14,2,9,20261415,0,five_resource,0,1,104,5,4,15,0,2,6,1,0,0,0,11,0,2,7,11,26,31,57,4,4,4,0,9,,13,5,13
590,lineup_14,2,9,20261415,1,port,0,1,104,6,5,12,3,1,6,1,0,0,0,10,2,1,7,20,26,40,66,6,7,7,4,2,78,34,10,2
590,lineup_14,2,9,20261415,2,road_building,0,1,104,6,5,14,3,0,4,1,0,1,0,12,1,0,4,8,26,25,51,5,6,6,0,3,91,,3,15
590,lineup_14,2,9,20261415,3,roads_and_cities,1,1,104,10,9,15,1,4,3,1,0,0,0,11,3,4,5,6,25,29,54,3,6,6,8,8,88,60,12,8
591,lineup_14,3,0,20261416,0,port,0,1,152,8,6,14,2,2,5,2,0,0,0,10,2,2,7,15,38,36,74,3,4,4,27,5,137,49,13,33
591,lineup_14,3,0,20261416,1,road_building,0,1,152,4,3,15,3,0,1,1,0,0,0,13,1,0,1,6,38,21,59,3,8,8,12,6,142,,6,10
591,lineup_14,3,0,20261416,2,roads_and_cities,0,1,152,6,4,8,0,2,12,2,0,0,0,4,0,2,15,8,38,29,67,3,4,4,10,83,,91,7,47
591,lineup_14,3,0,20261416,3,five_resource,1,1,152,10,10,15,2,3,1,0,0,1,0,13,3,3,2,15,37,36,73,7,12,12,13,4,64,140,44,24
592,lineup_14,3,1,20261417,0,port,0,1,124,9,7,11,1,3,8,2,0,0,0,9,2,3,11,11,31,36,67,5,9,9,5,9,33,21,1,25
592,lineup_14,3,1,20261417,1,road_building,0,1,124,5,5,15,5,0,5,0,0,0,0,12,3,0,6,13,31,34,65,7,9,9,4,2,78,,30,2
592,lineup_14,3,1,20261417,2,roads_and_cities,0,1,124,7,7,15,3,1,1,0,0,1,0,11,2,1,2,15,31,31,62,4,10,10,4,3,47,27,31,7
592,lineup_14,3,1,20261417,3,five_resource,1,1,124,10,7,15,5,1,5,3,0,0,0,13,4,1,6,14,30,38,68,10,14,14,13,8,24,112,32,12
593,lineup_14,3,2,20261418,0,port,0,1,128,4,3,11,3,0,6,1,0,0,0,9,1,0,6,7,32,23,55,5,13,13,8,5,101,,5,37
593,lineup_14,3,2,20261418,1,road_building,0,1,128,7,7,13,5,1,2,0,0,0,0,11,4,1,4,7,32,27,59,3,3,3,12,10,66,98,70,54
593,lineup_14,3,2,20261418,2,roads_and_cities,0,1,128,9,9,13,5,1,1,0,0,1,0,9,4,1,2,13,32,29,61,6,7,7,4,3,75,51,19,7
593,lineup_14,3,2,20261418,3,five_resource,1,1,128,10,6,10,0,3,6,4,0,0,0,8,1,3,7,16,31,35,66,0,3,3,4,12,84,104,4,4
594,lineup_14,3,3,20261419,0,port,0,1,127,8,6,15,4,1,5,2,0,0,0,13,3,1,5,11,32,33,65,6,9,9,0,5,81,121,1,25
594,lineup_14,3,3,20261419,1,road_building,0,1,127,9,9,15,3,2,2,0,0,1,0,13,3,2,5,14,32,37,69,3,4,4,0,2,10,90,50,34
594,lineup_14,3,3,20261419,2,roads_and_cities,1,1,127,10,10,15,2,4,5,0,0,0,0,11,4,4,7,20,31,46,77,4,6,6,22,11,59,11,7,11
594,lineup_14,3,3,20261419,3,five_resource,0,1,127,8,5,8,1,2,7,3,0,0,0,4,1,2,8,12,31,27,58,5,7,7,9,12,96,44,20,12
595,lineup_14,3,4,20261420,0,port,0,1,136,5,4,15,4,0,7,1,0,0,0,13,2,0,8,30,34,53,87,7,12,12,0,1,85,,13,1
595,lineup_14,3,4,20261420,1,road_building,0,1,136,9,7,15,5,0,5,2,0,1,0,13,3,0,7,24,34,47,81,2,9,9,4,6,34,,58,6
595,lineup_14,3,4,20261420,2,roads_and_cities,0,1,136,5,5,13,3,1,1,0,0,0,0,11,2,1,1,14,34,29,63,4,4,4,4,3,71,103,127,3
595,lineup_14,3,4,20261420,3,five_resource,1,1,136,10,8,11,0,4,5,2,0,0,0,7,2,4,7,9,33,29,62,1,5,5,4,4,84,36,8,40
596,lineup_14,3,5,20261421,0,port,0,1,91,6,6,15,2,2,4,0,0,0,0,11,2,2,5,15,23,35,58,6,7,7,0,1,45,25,33,9
596,lineup_14,3,5,20261421,1,road_building,0,1,91,3,3,12,3,0,0,0,0,0,0,10,1,0,0,3,23,14,37,2,2,2,0,22,86,,,26
596,lineup_14,3,5,20261421,2,roads_and_cities,1,1,91,11,10,14,0,4,5,1,0,1,0,12,2,4,6,10,22,34,56,5,6,6,8,7,43,15,3,7
596,lineup_14,3,5,20261421,3,five_resource,0,1,91,7,5,4,1,2,4,2,0,0,0,2,1,2,5,9,22,19,41,1,1,1,13,4,76,16,24,4
597,lineup_14,3,6,20261422,0,port,0,1,115,4,3,10,3,0,5,1,0,0,0,4,1,0,9,7,29,21,50,4,6,6,0,33,105,,5,33
597,lineup_14,3,6,20261422,1,road_building,0,1,115,8,7,9,3,1,3,1,0,1,0,7,2,1,5,7,29,22,51,2,3,3,0,18,30,114,6,10
597,lineup_14,3,6,20261422,2,roads_and_cities,1,1,115,10,8,8,0,4,5,2,0,0,0,6,2,4,5,9,28,26,54,3,4,4,16,3,103,55,35,87
597,lineup_14,3,6,20261422,3,five_resource,0,1,115,7,6,10,4,1,6,1,0,0,0,8,3,1,6,4,28,22,50,7,8,8,0,4,76,108,4,44
598,lineup_14,3,7,20261423,0,port,0,1,130,5,5,14,5,0,4,0,0,0,0,10,3,0,7,13,33,33,66,7,9,9,9,1,81,,13,45
598,lineup_14,3,7,20261423,1,road_building,1,1,130,10,8,15,4,1,6,2,0,1,0,13,3,1,6,10,32,33,65,2,2,2,17,6,26,130,30,14
598,lineup_14,3,7,20261423,2,roads_and_cities,0,1,130,9,8,15,0,4,1,1,0,0,0,13,2,4,1,13,32,33,65,5,6,6,9,19,35,15,83,35
598,lineup_14,3,7,20261423,3,five_resource,0,1,130,7,6,15,4,1,3,1,0,0,0,13,3,1,4,14,32,35,67,3,3,3,12,12,32,80,40,8
599,lineup_14,3,8,20261424,0,port,0,1,136,3,2,12,2,0,5,1,0,0,0,8,0,0,7,18,34,33,67,1,1,1,0,33,,,13,5
599,lineup_14,3,8,20261424,1,road_building,0,1,136,2,2,8,2,0,2,0,0,0,0,6,0,0,2,10,34,18,52,0,1,1,0,2,,,30,2
599,lineup_14,3,8,20261424,2,roads_and_cities,0,1,136,6,5,12,1,2,5,1,0,0,0,10,1,2,5,17,34,35,69,3,3,3,0,7,123,43,51,15
599,lineup_14,3,8,20261424,3,five_resource,1,1,136,10,7,11,5,0,6,3,0,1,0,7,3,0,10,8,33,28,61,2,6,6,4,4,128,,16,36
600,lineup_14,3,9,20261425,0,port,0,1,135,8,7,15,3,1,5,1,0,1,0,13,2,1,6,22,34,44,78,4,11,11,0,1,45,101,89,13
600,lineup_14,3,9,20261425,1,road_building,0,1,135,7,6,15,4,1,3,1,0,0,0,13,3,1,3,18,34,38,72,2,2,2,0,18,82,130,10,10
600,lineup_14,3,9,20261425,2,roads_and_cities,1,1,135,10,8,13,2,3,5,2,0,0,0,9,3,3,9,28,33,52,85,5,6,6,14,11,27,107,39,11
600,lineup_14,3,9,20261425,3,five_resource,0,1,135,4,3,5,1,1,7,1,0,0,0,3,0,1,7,11,33,22,55,0,1,1,12,16,,128,8,4
