matchup,variant,repetition,seat,seed,won,final_vp,turns_played,roads,settlements,cities,dev_cards,has_longest_road,has_largest_army
hybrid_full_port,baseline,0,0,20260827,1,10,113,15,3,2,7,1,0
hybrid_full_port,lookahead,0,0,20260827,1,10,65,12,5,1,1,1,0
hybrid_full_port,baseline,0,1,20260828,0,8,179,15,4,1,1,1,0
hybrid_full_port,lookahead,0,1,20260828,0,7,127,12,5,0,2,0,0
hybrid_full_port,baseline,0,2,20260829,1,10,143,15,3,2,5,1,0
hybrid_full_port,lookahead,0,2,20260829,1,10,95,9,5,1,1,1,0
hybrid_full_port,baseline,0,3,20260830,0,6,106,15,5,0,2,0,0
hybrid_full_port,lookahead,0,3,20260830,0,8,134,13,5,0,1,1,0
hybrid_full_port,baseline,1,0,20260831,1,10,89,9,2,1,6,1,0
hybrid_full_port,lookahead,1,0,20260831,1,10,101,7,0,4,0,1,0
hybrid_full_port,baseline,1,1,20260832,0,5,116,15,3,0,4,0,0
hybrid_full_port,lookahead,1,1,20260832,0,7,108,9,3,2,0,0,0
hybrid_full_port,baseline,1,2,20260833,0,8,144,15,5,1,2,0,0
hybrid_full_port,lookahead,1,2,20260833,0,8,154,15,5,0,1,1,0
hybrid_full_port,baseline,1,3,20260834,0,8,114,15,3,2,3,0,0
hybrid_full_port,lookahead,1,3,20260834,1,10,96,10,4,2,2,0,0
hybrid_full_port,baseline,2,0,20260835,0,6,126,13,3,1,2,0,0
hybrid_full_port,lookahead,2,0,20260835,0,9,110,10,4,1,3,0,0
hybrid_full_port,baseline,2,1,20260836,1,10,66,11,5,1,2,1,0
hybrid_full_port,lookahead,2,1,20260836,0,3,140,6,3,0,0,0,0
hybrid_full_port,baseline,2,2,20260837,0,9,141,14,4,1,3,1,0
hybrid_full_port,lookahead,2,2,20260837,0,8,125,8,5,1,1,0,0
hybrid_full_port,baseline,2,3,20260838,0,4,123,15,4,0,4,0,0
hybrid_full_port,lookahead,2,3,20260838,0,8,146,13,5,0,1,1,0
hybrid_full_port,baseline,3,0,20260839,0,8,127,10,4,1,6,0,0
hybrid_full_port,lookahead,3,0,20260839,1,10,125,9,5,1,3,0,0
hybrid_full_port,baseline,3,1,20260840,1,10,122,15,3,2,3,1,0
hybrid_full_port,lookahead,3,1,20260840,0,6,101,9,5,0,1,0,0
hybrid_full_port,baseline,3,2,20260841,0,6,142,14,3,1,6,0,0
hybrid_full_port,lookahead,3,2,20260841,1,10,119,9,2,4,1,0,0
hybrid_full_port,baseline,3,3,20260842,1,10,84,9,0,4,5,0,0
hybrid_full_port,lookahead,3,3,20260842,0,7,50,7,5,1,0,0,0
hybrid_full_port,baseline,4,0,20260843,0,8,123,14,1,2,1,1,0
hybrid_full_port,lookahead,4,0,20260843,0,9,174,15,5,0,2,1,0
hybrid_full_port,baseline,4,1,20260844,1,10,122,15,5,1,5,1,0
hybrid_full_port,lookahead,4,1,20260844,0,9,108,8,1,3,2,0,0
hybrid_full_port,baseline,4,2,20260845,0,4,62,6,1,1,2,0,0
hybrid_full_port,lookahead,4,2,20260845,0,6,74,4,1,2,1,0,0
hybrid_full_port,baseline,4,3,20260846,0,5,127,14,3,1,4,0,0
hybrid_full_port,lookahead,4,3,20260846,0,9,165,5,0,3,3,0,0
hybrid_full_port,baseline,5,0,20260847,0,9,139,15,4,1,2,1,0
hybrid_full_port,lookahead,5,0,20260847,0,7,131,8,3,1,2,0,0
hybrid_full_port,baseline,5,1,20260848,0,6,109,10,3,0,8,0,0
hybrid_full_port,lookahead,5,1,20260848,0,7,145,8,4,1,2,0,0
hybrid_full_port,baseline,5,2,20260849,0,7,102,9,2,2,4,0,0
hybrid_full_port,lookahead,5,2,20260849,0,7,70,6,5,0,2,0,0
hybrid_full_port,baseline,5,3,20260850,0,9,127,11,0,4,4,0,0
hybrid_full_port,lookahead,5,3,20260850,0,8,87,5,3,2,1,0,0
hybrid_full_port,baseline,6,0,20260851,0,9,144,15,4,1,5,0,0
hybrid_full_port,lookahead,6,0,20260851,1,10,105,7,5,1,4,0,0
hybrid_full_port,baseline,6,1,20260852,0,9,169,15,1,3,5,1,0
hybrid_full_port,lookahead,6,1,20260852,0,8,191,15,5,0,1,1,0
hybrid_full_port,baseline,6,2,20260853,0,6,93,15,4,0,2,1,0
hybrid_full_port,lookahead,6,2,20260853,1,10,107,13,5,0,3,1,0
hybrid_full_port,baseline,6,3,20260854,0,8,119,9,4,1,7,0,0
hybrid_full_port,lookahead,6,3,20260854,1,10,132,5,0,4,4,0,0
hybrid_full_port,baseline,7,0,20260855,0,8,120,12,2,2,5,1,0
hybrid_full_port,lookahead,7,0,20260855,0,6,98,10,5,0,2,0,0
hybrid_full_port,baseline,7,1,20260856,1,10,66,7,2,2,3,1,0
hybrid_full_port,lookahead,7,1,20260856,0,8,107,7,4,2,0,0,0
hybrid_full_port,baseline,7,2,20260857,0,9,144,15,2,2,2,1,0
hybrid_full_port,lookahead,7,2,20260857,1,10,203,8,1,3,4,0,0
hybrid_full_port,baseline,7,3,20260858,1,10,124,15,4,2,3,1,0
hybrid_full_port,lookahead,7,3,20260858,1,10,116,14,4,2,0,1,0
hybrid_full_port,baseline,8,0,20260859,0,9,94,10,2,2,5,0,0
hybrid_full_port,lookahead,8,0,20260859,0,8,106,6,0,4,0,0,0
hybrid_full_port,baseline,8,1,20260860,0,8,103,10,2,2,5,0,0
hybrid_full_port,lookahead,8,1,20260860,0,7,111,3,0,3,2,0,0
hybrid_full_port,baseline,8,2,20260861,0,6,94,8,2,1,4,0,0
hybrid_full_port,lookahead,8,2,20260861,0,7,133,2,0,2,3,0,0
hybrid_full_port,baseline,8,3,20260862,0,6,125,12,4,0,5,0,0
hybrid_full_port,lookahead,8,3,20260862,0,7,106,7,5,1,0,0,0
hybrid_full_port,baseline,9,0,20260863,0,9,126,9,1,3,5,0,0
hybrid_full_port,lookahead,9,0,20260863,1,10,109,11,2,2,2,1,0
hybrid_full_port,baseline,9,1,20260864,0,6,121,12,3,1,6,0,0
hybrid_full_port,lookahead,9,1,20260864,0,8,101,11,5,1,1,0,0
hybrid_full_port,baseline,9,2,20260865,0,3,93,10,3,0,4,0,0
hybrid_full_port,lookahead,9,2,20260865,0,5,105,5,2,1,1,0,0
hybrid_full_port,baseline,9,3,20260866,0,3,73,9,1,1,3,0,0
hybrid_full_port,lookahead,9,3,20260866,0,6,95,7,5,0,2,0,0
hybrid_full_port,baseline,10,0,20260867,0,8,106,13,1,3,4,0,0
hybrid_full_port,lookahead,10,0,20260867,1,10,141,13,5,1,1,1,0
hybrid_full_port,baseline,10,1,20260868,0,5,119,15,3,1,4,0,0
hybrid_full_port,lookahead,10,1,20260868,0,9,108,6,0,3,3,0,0
hybrid_full_port,baseline,10,2,20260869,1,10,155,15,4,2,2,0,0
hybrid_full_port,lookahead,10,2,20260869,0,8,140,12,5,1,1,0,0
hybrid_full_port,baseline,10,3,20260870,0,2,86,3,2,0,3,0,0
hybrid_full_port,lookahead,10,3,20260870,0,3,110,2,2,0,1,0,0
hybrid_full_port,baseline,11,0,20260871,0,7,94,11,5,0,5,1,0
hybrid_full_port,lookahead,11,0,20260871,1,10,85,10,4,1,2,1,0
hybrid_full_port,baseline,11,1,20260872,0,5,133,15,2,0,2,1,0
hybrid_full_port,lookahead,11,1,20260872,0,8,165,10,5,1,1,0,0
hybrid_full_port,baseline,11,2,20260873,0,9,117,15,3,2,1,1,0
hybrid_full_port,lookahead,11,2,20260873,0,7,114,11,5,0,0,1,0
hybrid_full_port,baseline,11,3,20260874,0,8,117,8,3,1,6,0,0
hybrid_full_port,lookahead,11,3,20260874,1,10,88,8,2,3,2,0,0
hybrid_full_port,baseline,12,0,20260875,0,9,146,13,4,1,4,1,0
hybrid_full_port,lookahead,12,0,20260875,0,7,112,8,3,1,2,0,0
hybrid_full_port,baseline,12,1,20260876,1,10,106,15,5,0,3,1,0
hybrid_full_port,lookahead,12,1,20260876,0,8,147,13,5,0,1,1,0
hybrid_full_port,baseline,12,2,20260877,0,9,148,15,0,4,5,0,0
hybrid_full_port,lookahead,12,2,20260877,0,6,121,11,3,1,1,0,0
hybrid_full_port,baseline,12,3,20260878,0,7,187,15,2,0,4,1,0
hybrid_full_port,lookahead,12,3,20260878,1,10,148,9,4,2,4,0,0
hybrid_full_port,baseline,13,0,20260879,0,4,92,15,4,0,2,0,0
hybrid_full_port,lookahead,13,0,20260879,0,5,86,7,4,0,2,0,0
hybrid_full_port,baseline,13,1,20260880,1,10,66,13,2,3,0,1,0
hybrid_full_port,lookahead,13,1,20260880,1,10,102,10,5,1,1,1,0
hybrid_full_port,baseline,13,2,20260881,0,4,98,12,2,1,1,0,0
hybrid_full_port,lookahead,13,2,20260881,0,5,62,3,1,2,0,0,0
hybrid_full_port,baseline,13,3,20260882,0,8,109,15,3,1,3,1,0
hybrid_full_port,lookahead,13,3,20260882,0,7,111,8,5,0,2,0,0
hybrid_full_port,baseline,14,0,20260883,1,10,85,14,5,1,2,1,0
hybrid_full_port,lookahead,14,0,20260883,0,8,95,10,2,3,0,0,0
hybrid_full_port,baseline,14,1,20260884,0,4,101,12,3,0,3,0,0
hybrid_full_port,lookahead,14,1,20260884,1,10,82,8,1,4,1,0,0
hybrid_full_port,baseline,14,2,20260885,0,6,120,15,5,0,2,0,0
hybrid_full_port,lookahead,14,2,20260885,1,10,119,13,2,3,1,1,0
hybrid_full_port,baseline,14,3,20260886,1,10,112,15,1,3,5,1,0
hybrid_full_port,lookahead,14,3,20260886,1,10,76,11,1,3,1,1,0
hybrid_full_port,baseline,15,0,20260887,0,3,91,8,1,1,3,0,0
hybrid_full_port,lookahead,15,0,20260887,0,8,119,6,2,2,2,0,0
hybrid_full_port,baseline,15,1,20260888,0,6,73,13,3,0,1,1,0
hybrid_full_port,lookahead,15,1,20260888,0,6,73,4,2,2,0,0,0
hybrid_full_port,baseline,15,2,20260889,0,6,120,13,3,0,6,0,0
hybrid_full_port,lookahead,15,2,20260889,1,10,107,11,2,3,0,1,0
hybrid_full_port,baseline,15,3,20260890,1,10,96,15,2,2,4,1,0
hybrid_full_port,lookahead,15,3,20260890,1,10,156,10,1,4,1,0,0
hybrid_full_port,baseline,16,0,20260891,0,3,122,15,3,0,0,0,0
hybrid_full_port,lookahead,16,0,20260891,1,10,137,14,4,1,2,1,0
hybrid_full_port,baseline,16,1,20260892,0,9,87,11,1,3,2,1,0
hybrid_full_port,lookahead,16,1,20260892,1,10,70,12,0,4,1,1,0
hybrid_full_port,baseline,16,2,20260893,1,10,115,8,0,4,3,0,0
hybrid_full_port,lookahead,16,2,20260893,0,4,98,5,0,2,0,0,0
hybrid_full_port,baseline,16,3,20260894,0,8,161,15,4,1,4,1,0
hybrid_full_port,lookahead,16,3,20260894,0,6,135,9,5,0,1,0,0
hybrid_full_port,baseline,17,0,20260895,0,3,126,15,3,0,3,0,0
hybrid_full_port,lookahead,17,0,20260895,1,11,97,11,2,3,1,1,0
hybrid_full_port,baseline,17,1,20260896,1,10,90,15,2,3,3,1,0
hybrid_full_port,lookahead,17,1,20260896,1,10,102,12,5,2,2,0,0
hybrid_full_port,baseline,17,2,20260897,0,8,106,15,5,0,3,1,0
hybrid_full_port,lookahead,17,2,20260897,0,5,105,10,5,0,0,0,0
hybrid_full_port,baseline,17,3,20260898,1,10,116,15,4,1,3,1,0
hybrid_full_port,lookahead,17,3,20260898,0,9,153,15,5,0,2,1,0
hybrid_full_port,baseline,18,0,20260899,0,8,134,10,3,1,6,0,0
hybrid_full_port,lookahead,18,0,20260899,1,10,133,7,2,2,5,0,0
hybrid_full_port,baseline,18,1,20260900,0,6,113,15,1,2,4,0,0
hybrid_full_port,lookahead,18,1,20260900,1,10,94,8,2,4,0,0,0
hybrid_full_port,baseline,18,2,20260901,0,7,129,11,5,0,3,0,0
hybrid_full_port,lookahead,18,2,20260901,0,8,124,7,5,1,1,0,0
hybrid_full_port,baseline,18,3,20260902,0,4,103,15,4,0,1,0,0
hybrid_full_port,lookahead,18,3,20260902,0,6,167,10,1,2,1,0,0
hybrid_full_port,baseline,19,0,20260903,0,7,118,14,2,2,3,0,0
hybrid_full_port,lookahead,19,0,20260903,1,10,89,9,5,2,1,0,0
hybrid_full_port,baseline,19,1,20260904,0,7,95,12,5,0,2,1,0
hybrid_full_port,lookahead,19,1,20260904,0,9,131,15,5,0,2,1,0
hybrid_full_port,baseline,19,2,20260905,0,9,137,15,2,2,3,1,0
hybrid_full_port,lookahead,19,2,20260905,0,9,149,14,5,0,2,1,0
hybrid_full_port,baseline,19,3,20260906,0,5,118,13,0,2,5,0,0
hybrid_full_port,lookahead,19,3,20260906,0,7,95,5,3,1,3,0,0
hybrid_full_port,baseline,20,0,20260907,1,10,117,8,0,4,4,0,0
hybrid_full_port,lookahead,20,0,20260907,0,8,150,11,3,1,1,1,0
hybrid_full_port,baseline,20,1,20260908,0,7,101,12,2,1,3,1,0
hybrid_full_port,lookahead,20,1,20260908,0,9,120,7,0,4,1,0,0
hybrid_full_port,baseline,20,2,20260909,0,5,144,13,4,0,5,0,0
hybrid_full_port,lookahead,20,2,20260909,0,9,141,15,5,0,2,1,0
hybrid_full_port,baseline,20,3,20260910,0,4,69,11,4,0,0,0,0
hybrid_full_port,lookahead,20,3,20260910,0,5,81,8,3,1,0,0,0
hybrid_full_port,baseline,21,0,20260911,0,8,134,15,5,1,4,0,0
hybrid_full_port,lookahead,21,0,20260911,0,9,132,10,4,2,1,0,0
hybrid_full_port,baseline,21,1,20260912,0,6,108,13,4,1,3,0,0
hybrid_full_port,lookahead,21,1,20260912,0,7,104,8,1,2,2,0,0
hybrid_full_port,baseline,21,2,20260913,0,6,134,15,5,0,4,0,0
hybrid_full_port,lookahead,21,2,20260913,0,8,134,15,5,1,1,0,0
hybrid_full_port,baseline,21,3,20260914,0,7,109,13,3,0,7,1,0
hybrid_full_port,lookahead,21,3,20260914,1,10,92,6,2,3,3,0,0
hybrid_full_port,baseline,22,0,20260915,1,10,165,14,5,1,1,1,0
hybrid_full_port,lookahead,22,0,20260915,1,10,85,10,5,1,1,1,0
hybrid_full_port,baseline,22,1,20260916,0,7,151,15,4,1,6,0,0
hybrid_full_port,lookahead,22,1,20260916,1,10,74,9,3,2,2,1,0
hybrid_full_port,baseline,22,2,20260917,0,5,81,10,2,0,3,1,0
hybrid_full_port,lookahead,22,2,20260917,0,7,126,12,5,1,0,0,0
hybrid_full_port,baseline,22,3,20260918,0,3,65,8,1,1,1,0,0
hybrid_full_port,lookahead,22,3,20260918,0,6,114,8,3,1,1,0,0
hybrid_full_port,baseline,23,0,20260919,0,6,102,10,4,1,1,0,0
hybrid_full_port,lookahead,23,0,20260919,0,6,110,11,5,0,1,0,0
hybrid_full_port,baseline,23,1,20260920,0,6,155,14,1,1,3,1,0
hybrid_full_port,lookahead,23,1,20260920,0,7,131,9,3,1,2,0,0
hybrid_full_port,baseline,23,2,20260921,0,6,117,14,5,0,2,0,0
hybrid_full_port,lookahead,23,2,20260921,0,8,129,7,4,1,2,0,0
hybrid_full_port,baseline,23,3,20260922,0,4,121,13,1,1,1,0,0
hybrid_full_port,lookahead,23,3,20260922,0,6,118,12,0,2,0,1,0
hybrid_full_port,baseline,24,0,20260923,0,6,114,15,3,1,4,0,0
hybrid_full_port,lookahead,24,0,20260923,1,10,113,12,3,3,1,0,0
hybrid_full_port,baseline,24,1,20260924,1,10,130,12,5,1,3,1,0
hybrid_full_port,lookahead,24,1,20260924,0,5,89,8,3,1,0,0,0
hybrid_full_port,baseline,24,2,20260925,0,5,84,12,4,0,2,0,0
hybrid_full_port,lookahead,24,2,20260925,0,7,105,8,1,2,3,0,0
hybrid_full_port,baseline,24,3,20260926,1,10,164,15,2,3,4,1,0
hybrid_full_port,lookahead,24,3,20260926,0,7,110,15,5,0,0,1,0
hybrid_full_port,baseline,25,0,20260927,1,10,137,15,1,3,5,1,0
hybrid_full_port,lookahead,25,0,20260927,1,10,109,9,1,4,4,0,0
hybrid_full_port,baseline,25,1,20260928,0,8,108,9,2,3,5,0,0
hybrid_full_port,lookahead,25,1,20260928,1,10,90,10,4,1,2,1,0
hybrid_full_port,baseline,25,2,20260929,0,3,97,6,2,0,5,0,0
hybrid_full_port,lookahead,25,2,20260929,0,5,144,9,4,0,1,0,0
hybrid_full_port,baseline,25,3,20260930,0,7,101,10,2,1,5,1,0
hybrid_full_port,lookahead,25,3,20260930,0,9,97,11,4,1,1,1,0
hybrid_full_port,baseline,26,0,20260931,1,10,117,15,2,3,2,1,0
hybrid_full_port,lookahead,26,0,20260931,1,11,69,10,2,2,3,1,0
hybrid_full_port,baseline,26,1,20260932,0,8,151,15,4,1,3,1,0
hybrid_full_port,lookahead,26,1,20260932,0,6,116,8,5,0,1,0,0
hybrid_full_port,baseline,26,2,20260933,0,4,100,11,3,0,4,0,0
hybrid_full_port,lookahead,26,2,20260933,0,5,80,6,4,0,1,0,0
hybrid_full_port,baseline,26,3,20260934,0,6,149,15,1,1,2,1,0
hybrid_full_port,lookahead,26,3,20260934,0,5,150,10,5,0,0,0,0
hybrid_full_port,baseline,27,0,20260935,0,8,115,15,3,1,3,1,0
hybrid_full_port,lookahead,27,0,20260935,1,10,85,8,4,2,2,0,0
hybrid_full_port,baseline,27,1,20260936,1,10,98,15,3,3,1,0,0
hybrid_full_port,lookahead,27,1,20260936,1,10,106,11,2,3,0,1,0
hybrid_full_port,baseline,27,2,20260937,0,9,144,15,2,2,3,1,0
hybrid_full_port,lookahead,27,2,20260937,0,8,136,15,5,0,1,1,0
hybrid_full_port,baseline,27,3,20260938,0,5,125,14,2,0,3,1,0
hybrid_full_port,lookahead,27,3,20260938,0,5,99,5,4,0,1,0,0
hybrid_full_port,baseline,28,0,20260939,1,10,129,13,5,1,1,1,0
hybrid_full_port,lookahead,28,0,20260939,0,8,152,10,5,1,2,0,0
hybrid_full_port,baseline,28,1,20260940,0,2,69,10,2,0,2,0,0
hybrid_full_port,lookahead,28,1,20260940,0,5,125,11,5,0,0,0,0
hybrid_full_port,baseline,28,2,20260941,0,8,133,15,4,1,4,1,0
hybrid_full_port,lookahead,28,2,20260941,0,9,125,10,2,3,2,0,0
hybrid_full_port,baseline,28,3,20260942,1,10,120,13,4,1,5,1,0
hybrid_full_port,lookahead,28,3,20260942,1,10,120,11,2,4,0,0,0
hybrid_full_port,baseline,29,0,20260943,0,9,131,15,4,1,4,1,0
hybrid_full_port,lookahead,29,0,20260943,0,8,124,9,4,1,2,0,0
hybrid_full_port,baseline,29,1,20260944,1,10,126,9,0,4,4,0,0
hybrid_full_port,lookahead,29,1,20260944,0,7,107,4,0,3,1,0,0
hybrid_full_port,baseline,29,2,20260945,0,9,150,12,2,2,4,1,0
hybrid_full_port,lookahead,29,2,20260945,0,3,69,3,3,0,0,0,0
hybrid_full_port,baseline,29,3,20260946,0,6,134,11,0,2,6,0,0
hybrid_full_port,lookahead,29,3,20260946,0,5,127,2,1,1,2,0,0
hybrid_full_port,baseline,30,0,20260947,0,2,95,15,2,0,2,0,0
hybrid_full_port,lookahead,30,0,20260947,0,5,92,5,4,0,2,0,0
hybrid_full_port,baseline,30,1,20260948,1,10,138,14,2,3,2,1,0
hybrid_full_port,lookahead,30,1,20260948,0,9,103,7,3,2,2,0,0
hybrid_full_port,baseline,30,2,20260949,0,5,116,15,5,0,3,0,0
hybrid_full_port,lookahead,30,2,20260949,0,6,137,8,5,0,1,0,0
hybrid_full_port,baseline,30,3,20260950,0,8,137,15,3,2,2,0,0
hybrid_full_port,lookahead,30,3,20260950,0,7,130,9,5,0,2,0,0
hybrid_full_port,baseline,31,0,20260951,0,6,110,14,2,1,3,1,0
hybrid_full_port,lookahead,31,0,20260951,0,6,94,7,4,1,0,0,0
hybrid_full_port,baseline,31,1,20260952,0,9,144,14,4,0,4,1,0
hybrid_full_port,lookahead,31,1,20260952,0,6,140,7,2,1,2,0,0
hybrid_full_port,baseline,31,2,20260953,0,9,153,15,3,2,3,1,0
hybrid_full_port,lookahead,31,2,20260953,0,8,101,15,5,0,2,1,0
hybrid_full_port,baseline,31,3,20260954,0,8,143,15,4,2,2,0,0
hybrid_full_port,lookahead,31,3,20260954,1,10,144,8,3,2,3,0,0
hybrid_full_port,baseline,32,0,20260955,0,5,119,13,3,1,2,0,0
hybrid_full_port,lookahead,32,0,20260955,1,11,113,11,3,2,2,1,0
hybrid_full_port,baseline,32,1,20260956,0,4,101,8,2,1,2,0,0
hybrid_full_port,lookahead,32,1,20260956,0,7,125,9,3,1,2,0,0
hybrid_full_port,baseline,32,2,20260957,0,4,129,5,1,1,5,0,0
hybrid_full_port,lookahead,32,2,20260957,0,2,140,2,2,0,0,0,0
hybrid_full_port,baseline,32,3,20260958,0,4,69,4,0,2,4,0,0
hybrid_full_port,lookahead,32,3,20260958,0,4,87,4,3,0,1,0,0
hybrid_full_port,baseline,33,0,20260959,0,5,90,7,3,0,4,0,0
hybrid_full_port,lookahead,33,0,20260959,0,8,111,4,0,3,2,0,0
hybrid_full_port,baseline,33,1,20260960,1,10,106,15,3,2,3,1,0
hybrid_full_port,lookahead,33,1,20260960,0,8,100,12,5,0,3,0,0
hybrid_full_port,baseline,33,2,20260961,0,5,116,15,5,0,0,0,0
hybrid_full_port,lookahead,33,2,20260961,0,6,132,9,2,2,0,0,0
hybrid_full_port,baseline,33,3,20260962,0,8,133,11,2,2,3,0,0
hybrid_full_port,lookahead,33,3,20260962,0,7,167,15,5,0,0,1,0
hybrid_full_port,baseline,34,0,20260963,1,10,109,10,0,4,6,0,0
hybrid_full_port,lookahead,34,0,20260963,1,10,65,6,2,3,2,0,0
hybrid_full_port,baseline,34,1,20260964,0,2,145,14,2,0,2,0,0
hybrid_full_port,lookahead,34,1,20260964,0,7,145,7,2,2,1,0,0
hybrid_full_port,baseline,34,2,20260965,0,4,85,8,2,1,1,0,0
hybrid_full_port,lookahead,34,2,20260965,0,8,88,8,2,2,2,0,0
hybrid_full_port,baseline,34,3,20260966,0,6,109,14,0,3,5,0,0
hybrid_full_port,lookahead,34,3,20260966,1,10,84,5,0,4,3,0,0
hybrid_full_port,baseline,35,0,20260967,1,10,129,11,1,3,4,1,0
hybrid_full_port,lookahead,35,0,20260967,1,10,173,8,2,4,0,0,0
hybrid_full_port,baseline,35,1,20260968,0,7,143,13,3,2,0,0,0
hybrid_full_port,lookahead,35,1,20260968,0,7,160,6,1,3,0,0,0
hybrid_full_port,baseline,35,2,20260969,0,8,130,15,2,1,4,1,0
hybrid_full_port,lookahead,35,2,20260969,1,10,95,10,5,1,4,0,0
hybrid_full_port,baseline,35,3,20260970,1,10,160,12,1,3,6,0,0
hybrid_full_port,lookahead,35,3,20260970,0,9,150,8,1,3,2,0,0
hybrid_full_port,baseline,36,0,20260971,0,9,130,8,0,4,4,0,0
hybrid_full_port,lookahead,36,0,20260971,0,4,102,3,0,2,0,0,0
hybrid_full_port,baseline,36,1,20260972,0,4,160,12,0,2,5,0,0
hybrid_full_port,lookahead,36,1,20260972,0,9,181,5,1,3,3,0,0
hybrid_full_port,baseline,36,2,20260973,1,10,127,15,2,3,1,1,0
hybrid_full_port,lookahead,36,2,20260973,0,8,156,10,5,0,1,1,0
hybrid_full_port,baseline,36,3,20260974,0,6,65,8,4,0,3,0,0
hybrid_full_port,lookahead,36,3,20260974,0,8,147,9,5,1,1,0,0
hybrid_full_port,baseline,37,0,20260975,0,3,99,13,3,0,6,0,0
hybrid_full_port,lookahead,37,0,20260975,0,8,136,6,3,2,1,0,0
hybrid_full_port,baseline,37,1,20260976,0,7,89,13,4,0,3,1,0
hybrid_full_port,lookahead,37,1,20260976,0,9,124,9,4,2,1,0,0
hybrid_full_port,baseline,37,2,20260977,0,7,121,13,5,0,1,1,0
hybrid_full_port,lookahead,37,2,20260977,1,10,119,9,4,2,2,0,0
hybrid_full_port,baseline,37,3,20260978,0,5,121,6,0,2,5,0,0
hybrid_full_port,lookahead,37,3,20260978,0,7,135,6,5,0,2,0,0
hybrid_full_port,baseline,38,0,20260979,0,5,110,10,4,0,3,0,0
hybrid_full_port,lookahead,38,0,20260979,0,7,114,6,0,3,3,0,0
hybrid_full_port,baseline,38,1,20260980,0,7,117,12,5,0,0,1,0
hybrid_full_port,lookahead,38,1,20260980,0,8,113,13,4,1,0,1,0
hybrid_full_port,baseline,38,2,20260981,0,6,145,9,0,3,2,0,0
hybrid_full_port,lookahead,38,2,20260981,1,10,107,7,3,2,3,0,0
hybrid_full_port,baseline,38,3,20260982,0,6,119,12,4,0,0,1,0
hybrid_full_port,lookahead,38,3,20260982,0,8,77,12,5,0,1,1,0
hybrid_full_port,baseline,39,0,20260983,0,5,116,12,4,0,3,0,0
hybrid_full_port,lookahead,39,0,20260983,1,10,121,6,2,3,2,0,0
hybrid_full_port,baseline,39,1,20260984,1,10,86,12,2,2,3,1,0
hybrid_full_port,lookahead,39,1,20260984,1,10,158,15,4,1,2,1,0
hybrid_full_port,baseline,39,2,20260985,0,4,64,2,1,1,4,0,0
hybrid_full_port,lookahead,39,2,20260985,0,4,114,2,1,1,1,0,0
hybrid_full_port,baseline,39,3,20260986,0,9,153,15,3,2,1,1,0
hybrid_full_port,lookahead,39,3,20260986,0,7,182,9,5,0,2,0,0
hybrid_full_port,baseline,40,0,20260987,0,5,140,15,5,0,3,0,0
hybrid_full_port,lookahead,40,0,20260987,1,10,109,13,5,1,2,1,0
hybrid_full_port,baseline,40,1,20260988,0,4,113,14,4,0,2,0,0
hybrid_full_port,lookahead,40,1,20260988,0,7,95,7,4,1,1,0,0
hybrid_full_port,baseline,40,2,20260989,0,4,100,13,3,0,2,0,0
hybrid_full_port,lookahead,40,2,20260989,0,5,112,9,5,0,0,0,0
hybrid_full_port,baseline,40,3,20260990,0,6,101,10,0,2,1,1,0
hybrid_full_port,lookahead,40,3,20260990,0,4,89,2,1,1,1,0,0
hybrid_full_port,baseline,41,0,20260991,1,10,93,15,2,3,1,1,0
hybrid_full_port,lookahead,41,0,20260991,0,6,87,10,5,0,1,0,0
hybrid_full_port,baseline,41,1,20260992,1,10,162,15,4,2,1,1,0
hybrid_full_port,lookahead,41,1,20260992,1,10,114,8,0,4,2,0,0
hybrid_full_port,baseline,41,2,20260993,0,6,129,12,3,1,3,0,0
hybrid_full_port,lookahead,41,2,20260993,0,6,90,7,3,1,1,0,0
hybrid_full_port,baseline,41,3,20260994,1,10,76,15,2,2,4,1,0
hybrid_full_port,lookahead,41,3,20260994,1,10,80,13,5,1,1,1,0
hybrid_full_port,baseline,42,0,20260995,0,5,91,13,5,0,2,0,0
hybrid_full_port,lookahead,42,0,20260995,1,10,89,8,2,4,0,0,0
hybrid_full_port,baseline,42,1,20260996,0,8,116,15,5,0,3,1,0
hybrid_full_port,lookahead,42,1,20260996,0,8,104,9,4,1,2,0,0
hybrid_full_port,baseline,42,2,20260997,0,7,117,11,4,1,6,0,0
hybrid_full_port,lookahead,42,2,20260997,1,10,107,11,3,2,1,1,0
hybrid_full_port,baseline,42,3,20260998,0,4,130,15,4,0,2,0,0
hybrid_full_port,lookahead,42,3,20260998,0,7,90,13,5,0,0,1,0
hybrid_full_port,baseline,43,0,20260999,1,10,121,10,0,4,4,0,0
hybrid_full_port,lookahead,43,0,20260999,0,9,128,3,0,3,3,0,0
hybrid_full_port,baseline,43,1,20261000,0,8,119,14,2,2,3,0,0
hybrid_full_port,lookahead,43,1,20261000,0,6,92,3,1,2,2,0,0
hybrid_full_port,baseline,43,2,20261001,1,10,123,15,3,3,2,0,0
hybrid_full_port,lookahead,43,2,20261001,0,8,156,15,5,0,1,1,0
hybrid_full_port,baseline,43,3,20261002,0,5,137,13,3,0,1,1,0
hybrid_full_port,lookahead,43,3,20261002,0,3,147,4,3,0,0,0,0
hybrid_full_port,baseline,44,0,20261003,0,4,132,6,1,1,6,0,0
hybrid_full_port,lookahead,44,0,20261003,0,4,124,2,1,1,1,0,0
hybrid_full_port,baseline,44,1,20261004,0,5,133,6,1,2,6,0,0
hybrid_full_port,lookahead,44,1,20261004,0,6,121,4,0,2,2,0,0
hybrid_full_port,baseline,44,2,20261005,0,5,109,11,1,1,4,0,0
hybrid_full_port,lookahead,44,2,20261005,1,10,123,15,5,1,1,1,0
hybrid_full_port,baseline,44,3,20261006,0,6,106,13,5,0,2,0,0
hybrid_full_port,lookahead,44,3,20261006,0,7,82,6,5,0,2,0,0
hybrid_full_port,baseline,45,0,20261007,0,5,148,12,3,0,3,1,0
hybrid_full_port,lookahead,45,0,20261007,1,10,105,10,2,4,0,0,0
hybrid_full_port,baseline,45,1,20261008,1,10,102,11,2,3,4,1,0
hybrid_full_port,lookahead,45,1,20261008,1,10,82,15,4,2,0,1,0
hybrid_full_port,baseline,45,2,20261009,0,8,112,15,3,2,6,0,0
hybrid_full_port,lookahead,45,2,20261009,0,9,136,8,2,2,3,0,0
hybrid_full_port,baseline,45,3,20261010,0,7,115,13,3,1,3,0,0
hybrid_full_port,lookahead,45,3,20261010,0,9,99,12,3,3,0,0,0
hybrid_full_port,baseline,46,0,20261011,0,3,94,11,2,0,2,0,0
hybrid_full_port,lookahead,46,0,20261011,0,8,110,5,1,3,1,0,0
hybrid_full_port,baseline,46,1,20261012,0,5,103,8,3,1,3,0,0
hybrid_full_port,lookahead,46,1,20261012,0,7,116,3,0,3,1,0,0
hybrid_full_port,baseline,46,2,20261013,0,5,121,14,5,0,1,0,0
hybrid_full_port,lookahead,46,2,20261013,0,5,136,14,3,1,0,0,0
hybrid_full_port,baseline,46,3,20261014,0,5,89,8,1,2,2,0,0
hybrid_full_port,lookahead,46,3,20261014,0,5,131,8,4,0,2,0,0
hybrid_full_port,baseline,47,0,20261015,1,10,149,12,2,4,2,0,0
hybrid_full_port,lookahead,47,0,20261015,0,7,127,6,3,1,2,0,0
hybrid_full_port,baseline,47,1,20261016,0,8,97,12,1,2,3,1,0
hybrid_full_port,lookahead,47,1,20261016,0,6,107,8,4,1,0,0,0
hybrid_full_port,baseline,47,2,20261017,0,9,144,15,1,4,2,0,0
hybrid_full_port,lookahead,47,2,20261017,1,11,131,13,5,2,0,1,0
hybrid_full_port,baseline,47,3,20261018,0,9,175,15,1,4,4,0,0
hybrid_full_port,lookahead,47,3,20261018,1,10,104,7,2,3,2,0,0
hybrid_full_port,baseline,48,0,20261019,1,10,89,11,3,2,2,1,0
hybrid_full_port,lookahead,48,0,20261019,1,10,93,8,2,4,0,0,0
hybrid_full_port,baseline,48,1,20261020,0,7,161,15,5,0,4,0,0
hybrid_full_port,lookahead,48,1,20261020,0,5,121,8,5,0,0,0,0
hybrid_full_port,baseline,48,2,20261021,0,2,49,9,2,0,1,0,0
hybrid_full_port,lookahead,48,2,20261021,0,7,73,11,4,1,1,0,0
hybrid_full_port,baseline,48,3,20261022,0,7,73,11,2,1,3,1,0
hybrid_full_port,lookahead,48,3,20261022,0,5,77,8,1,2,0,0,0
hybrid_full_port,baseline,49,0,20261023,1,10,137,15,2,4,2,0,0
hybrid_full_port,lookahead,49,0,20261023,1,11,137,11,3,2,3,1,0
hybrid_full_port,baseline,49,1,20261024,0,7,139,15,5,0,0,1,0
hybrid_full_port,lookahead,49,1,20261024,0,7,120,15,5,0,0,1,0
hybrid_full_port,baseline,49,2,20261025,1,10,139,15,2,4,2,0,0
hybrid_full_port,lookahead,49,2,20261025,1,10,123,7,1,4,1,0,0
hybrid_full_port,baseline,49,3,20261026,0,6,145,15,5,0,4,0,0
hybrid_full_port,lookahead,49,3,20261026,1,10,128,15,5,1,1,1,0
hybrid_full_port,baseline,50,0,20261027,1,10,125,15,1,4,4,0,0
hybrid_full_port,lookahead,50,0,20261027,1,10,97,8,4,2,2,0,0
hybrid_full_port,baseline,50,1,20261028,0,3,109,8,1,1,5,0,0
hybrid_full_port,lookahead,50,1,20261028,0,9,121,6,2,2,3,0,0
hybrid_full_port,baseline,50,2,20261029,0,6,86,11,2,1,2,1,0
hybrid_full_port,lookahead,50,2,20261029,1,10,83,7,1,4,1,0,0
hybrid_full_port,baseline,50,3,20261030,0,6,109,6,0,3,0,0,0
hybrid_full_port,lookahead,50,3,20261030,0,4,177,2,0,2,0,0,0
hybrid_full_port,baseline,51,0,20261031,0,9,134,10,3,2,4,0,0
hybrid_full_port,lookahead,51,0,20261031,0,8,151,15,5,0,2,1,0
hybrid_full_port,baseline,51,1,20261032,1,11,90,14,2,2,5,1,0
hybrid_full_port,lookahead,51,1,20261032,1,10,110,11,3,3,1,0,0
hybrid_full_port,baseline,51,2,20261033,0,8,121,8,0,4,3,0,0
hybrid_full_port,lookahead,51,2,20261033,0,4,149,2,2,0,2,0,0
hybrid_full_port,baseline,51,3,20261034,0,4,73,8,2,0,3,0,0
hybrid_full_port,lookahead,51,3,20261034,0,6,145,4,0,2,2,0,0
hybrid_full_port,baseline,52,0,20261035,0,9,180,15,3,3,3,0,0
hybrid_full_port,lookahead,52,0,20261035,1,10,181,11,5,2,1,0,0
hybrid_full_port,baseline,52,1,20261036,0,6,107,6,4,0,6,0,0
hybrid_full_port,lookahead,52,1,20261036,0,4,155,7,4,0,0,0,0
hybrid_full_port,baseline,52,2,20261037,0,9,148,15,2,3,6,0,0
hybrid_full_port,lookahead,52,2,20261037,1,10,79,13,4,1,2,1,0
hybrid_full_port,baseline,52,3,20261038,0,6,118,15,2,1,0,1,0
hybrid_full_port,lookahead,52,3,20261038,0,6,135,8,5,0,1,0,0
hybrid_full_port,baseline,53,0,20261039,0,7,130,11,2,1,3,1,0
hybrid_full_port,lookahead,53,0,20261039,1,10,153,9,4,2,2,0,0
hybrid_full_port,baseline,53,1,20261040,0,5,145,15,1,2,0,0,0
hybrid_full_port,lookahead,53,1,20261040,1,10,98,8,1,4,1,0,0
hybrid_full_port,baseline,53,2,20261041,0,4,109,12,4,0,1,0,0
hybrid_full_port,lookahead,53,2,20261041,1,10,135,7,4,2,2,0,0
hybrid_full_port,baseline,53,3,20261042,0,4,149,15,4,0,2,0,0
hybrid_full_port,lookahead,53,3,20261042,0,5,97,9,4,0,1,0,0
hybrid_full_port,baseline,54,0,20261043,1,10,121,12,2,3,5,0,0
hybrid_full_port,lookahead,54,0,20261043,1,10,105,4,0,4,2,0,0
hybrid_full_port,baseline,54,1,20261044,1,10,102,13,1,3,2,1,0
hybrid_full_port,lookahead,54,1,20261044,0,9,129,11,5,1,2,0,0
hybrid_full_port,baseline,54,2,20261045,0,4,78,8,1,1,3,0,0
hybrid_full_port,lookahead,54,2,20261045,0,8,138,8,5,0,3,0,0
hybrid_full_port,baseline,54,3,20261046,0,4,65,12,3,0,2,0,0
hybrid_full_port,lookahead,54,3,20261046,0,4,77,7,3,0,1,0,0
hybrid_full_port,baseline,55,0,20261047,0,2,112,8,2,0,5,0,0
hybrid_full_port,lookahead,55,0,20261047,0,2,84,4,2,0,0,0,0
hybrid_full_port,baseline,55,1,20261048,0,8,96,10,5,0,6,0,0
hybrid_full_port,lookahead,55,1,20261048,0,8,112,15,5,0,4,0,0
hybrid_full_port,baseline,55,2,20261049,0,8,97,10,0,2,4,1,0
hybrid_full_port,lookahead,55,2,20261049,0,5,105,2,1,1,2,0,0
hybrid_full_port,baseline,55,3,20261050,1,10,156,12,0,4,4,1,0
hybrid_full_port,lookahead,55,3,20261050,0,5,102,7,1,2,0,0,0
hybrid_full_port,baseline,56,0,20261051,1,10,153,12,4,2,4,0,0
hybrid_full_port,lookahead,56,0,20261051,0,8,95,6,4,1,2,0,0
hybrid_full_port,baseline,56,1,20261052,0,6,107,9,4,0,0,1,0
hybrid_full_port,lookahead,56,1,20261052,0,6,143,5,3,1,1,0,0
hybrid_full_port,baseline,56,2,20261053,0,7,105,11,2,2,4,0,0
hybrid_full_port,lookahead,56,2,20261053,0,8,109,9,4,2,0,0,0
hybrid_full_port,baseline,56,3,20261054,1,10,112,15,5,1,6,0,0
hybrid_full_port,lookahead,56,3,20261054,0,9,197,12,5,1,2,0,0
hybrid_full_port,baseline,57,0,20261055,0,4,86,8,4,0,4,0,0
hybrid_full_port,lookahead,57,0,20261055,0,7,70,7,3,1,2,0,0
hybrid_full_port,baseline,57,1,20261056,0,5,97,7,3,0,4,0,0
hybrid_full_port,lookahead,57,1,20261056,0,7,101,7,1,3,0,0,0
hybrid_full_port,baseline,57,2,20261057,1,10,111,15,4,1,3,1,0
hybrid_full_port,lookahead,57,2,20261057,0,8,126,10,4,1,2,0,0
hybrid_full_port,baseline,57,3,20261058,0,7,121,15,4,1,4,0,0
hybrid_full_port,lookahead,57,3,20261058,1,10,140,11,1,4,1,0,0
hybrid_full_port,baseline,58,0,20261059,0,8,130,15,5,1,5,0,0
hybrid_full_port,lookahead,58,0,20261059,1,10,105,6,2,3,2,0,0
hybrid_full_port,baseline,58,1,20261060,0,6,53,6,2,2,0,0,0
hybrid_full_port,lookahead,58,1,20261060,0,4,81,7,4,0,0,0,0
hybrid_full_port,baseline,58,2,20261061,0,9,117,15,3,2,2,1,0
hybrid_full_port,lookahead,58,2,20261061,0,7,122,12,5,0,0,1,0
hybrid_full_port,baseline,58,3,20261062,0,6,113,15,4,1,3,0,0
hybrid_full_port,lookahead,58,3,20261062,0,9,81,10,3,3,0,0,0
hybrid_full_port,baseline,59,0,20261063,0,7,160,15,5,0,1,1,0
hybrid_full_port,lookahead,59,0,20261063,0,4,100,7,2,1,0,0,0
hybrid_full_port,baseline,59,1,20261064,0,4,131,12,1,1,3,0,0
hybrid_full_port,lookahead,59,1,20261064,0,7,113,4,2,2,1,0,0
hybrid_full_port,baseline,59,2,20261065,1,10,103,15,3,2,2,1,0
hybrid_full_port,lookahead,59,2,20261065,0,9,110,12,2,3,1,0,0
hybrid_full_port,baseline,59,3,20261066,0,7,145,15,5,1,3,0,0
hybrid_full_port,lookahead,59,3,20261066,1,10,88,11,4,2,0,1,0
hybrid_full_port,baseline,60,0,20261067,0,8,111,11,3,1,1,1,0
hybrid_full_port,lookahead,60,0,20261067,0,4,63,5,3,0,1,0,0
hybrid_full_port,baseline,60,1,20261068,1,10,122,15,1,3,3,1,0
hybrid_full_port,lookahead,60,1,20261068,1,10,74,10,4,1,2,1,0
hybrid_full_port,baseline,60,2,20261069,0,7,109,13,5,0,2,1,0
hybrid_full_port,lookahead,60,2,20261069,0,6,105,7,5,0,1,0,0
hybrid_full_port,baseline,60,3,20261070,0,5,65,4,1,2,2,0,0
hybrid_full_port,lookahead,60,3,20261070,1,10,108,4,1,2,5,0,0
hybrid_full_port,baseline,61,0,20261071,0,7,166,14,3,1,4,0,0
hybrid_full_port,lookahead,61,0,20261071,1,10,189,6,2,3,2,0,0
hybrid_full_port,baseline,61,1,20261072,0,3,95,9,3,0,2,0,0
hybrid_full_port,lookahead,61,1,20261072,0,5,148,3,3,0,2,0,0
hybrid_full_port,baseline,61,2,20261073,0,6,86,11,2,1,3,0,0
hybrid_full_port,lookahead,61,2,20261073,0,6,74,6,4,0,2,0,0
hybrid_full_port,baseline,61,3,20261074,0,9,113,15,4,1,3,1,0
hybrid_full_port,lookahead,61,3,20261074,0,6,150,8,5,0,1,0,0
hybrid_full_port,baseline,62,0,20261075,0,9,134,15,4,1,3,1,0
hybrid_full_port,lookahead,62,0,20261075,0,5,96,4,2,1,1,0,0
hybrid_full_port,baseline,62,1,20261076,0,7,93,9,3,1,1,1,0
hybrid_full_port,lookahead,62,1,20261076,0,9,113,8,0,4,1,0,0
hybrid_full_port,baseline,62,2,20261077,0,7,126,12,5,0,4,1,0
hybrid_full_port,lookahead,62,2,20261077,0,8,140,8,2,3,0,0,0
hybrid_full_port,baseline,62,3,20261078,0,6,174,11,3,1,4,0,0
hybrid_full_port,lookahead,62,3,20261078,0,6,197,7,3,0,3,0,0
hybrid_full_port,baseline,63,0,20261079,1,10,85,8,0,3,4,1,0
hybrid_full_port,lookahead,63,0,20261079,1,10,81,15,1,3,1,1,0
hybrid_full_port,baseline,63,1,20261080,0,4,93,15,3,0,2,0,0
hybrid_full_port,lookahead,63,1,20261080,0,7,105,12,5,0,0,1,0
hybrid_full_port,baseline,63,2,20261081,1,10,111,14,4,1,3,1,0
hybrid_full_port,lookahead,63,2,20261081,1,10,95,15,1,3,1,1,0
hybrid_full_port,baseline,63,3,20261082,1,10,116,12,1,3,1,1,0
hybrid_full_port,lookahead,63,3,20261082,0,8,118,7,2,2,2,0,0
hybrid_full_port,baseline,64,0,20261083,1,10,121,15,2,3,2,1,0
hybrid_full_port,lookahead,64,0,20261083,1,10,101,9,2,4,0,0,0
hybrid_full_port,baseline,64,1,20261084,0,7,156,15,4,1,2,0,0
hybrid_full_port,lookahead,64,1,20261084,0,6,119,9,2,2,0,0,0
hybrid_full_port,baseline,64,2,20261085,0,7,113,15,5,0,1,1,0
hybrid_full_port,lookahead,64,2,20261085,0,8,118,15,5,0,2,1,0
hybrid_full_port,baseline,64,3,20261086,0,8,165,12,1,2,6,0,0
hybrid_full_port,lookahead,64,3,20261086,1,10,96,12,4,1,2,1,0
hybrid_full_port,baseline,65,0,20261087,1,10,97,14,3,2,4,1,0
hybrid_full_port,lookahead,65,0,20261087,1,10,137,9,2,3,2,0,0
hybrid_full_port,baseline,65,1,20261088,0,6,129,12,3,0,6,1,0
hybrid_full_port,lookahead,65,1,20261088,0,2,97,2,2,0,1,0,0
hybrid_full_port,baseline,65,2,20261089,0,5,141,15,5,0,3,0,0
hybrid_full_port,lookahead,65,2,20261089,0,7,157,7,3,1,2,0,0
hybrid_full_port,baseline,65,3,20261090,1,10,124,12,1,3,2,1,0
hybrid_full_port,lookahead,65,3,20261090,0,8,98,11,2,2,0,1,0
hybrid_full_port,baseline,66,0,20261091,0,8,196,15,0,3,6,1,0
hybrid_full_port,lookahead,66,0,20261091,1,11,101,12,4,2,1,1,0
hybrid_full_port,baseline,66,1,20261092,0,7,136,7,0,3,2,0,0
hybrid_full_port,lookahead,66,1,20261092,0,6,97,6,5,0,1,0,0
hybrid_full_port,baseline,66,2,20261093,0,9,145,15,2,1,6,1,0
hybrid_full_port,lookahead,66,2,20261093,1,10,115,6,3,2,3,0,0
hybrid_full_port,baseline,66,3,20261094,1,10,184,15,0,4,6,0,0
hybrid_full_port,lookahead,66,3,20261094,0,5,137,3,3,0,3,0,0
hybrid_full_port,baseline,67,0,20261095,1,11,121,12,1,3,3,1,0
hybrid_full_port,lookahead,67,0,20261095,1,10,101,7,2,2,4,0,0
hybrid_full_port,baseline,67,1,20261096,0,5,121,15,4,0,3,0,0
hybrid_full_port,lookahead,67,1,20261096,0,8,108,7,5,0,3,0,0
hybrid_full_port,baseline,67,2,20261097,1,10,131,15,0,4,1,1,0
hybrid_full_port,lookahead,67,2,20261097,1,10,131,15,5,1,1,1,0
hybrid_full_port,baseline,67,3,20261098,0,3,73,9,3,0,2,0,0
hybrid_full_port,lookahead,67,3,20261098,1,10,88,11,5,1,1,1,0
hybrid_full_port,baseline,68,0,20261099,1,10,129,12,1,3,3,1,0
hybrid_full_port,lookahead,68,0,20261099,0,7,108,6,5,0,3,0,0
hybrid_full_port,baseline,68,1,20261100,0,7,149,15,5,1,3,0,0
hybrid_full_port,lookahead,68,1,20261100,0,7,144,13,5,0,0,1,0
hybrid_full_port,baseline,68,2,20261101,0,5,125,14,4,0,2,0,0
hybrid_full_port,lookahead,68,2,20261101,0,6,129,9,5,0,1,0,0
hybrid_full_port,baseline,68,3,20261102,0,3,75,10,1,1,0,0,0
hybrid_full_port,lookahead,68,3,20261102,0,8,107,9,2,3,0,0,0
hybrid_full_port,baseline,69,0,20261103,1,10,101,10,1,4,4,0,0
hybrid_full_port,lookahead,69,0,20261103,1,10,145,5,1,3,4,0,0
hybrid_full_port,baseline,69,1,20261104,0,6,124,15,4,0,2,1,0
hybrid_full_port,lookahead,69,1,20261104,0,7,131,9,5,0,2,0,0
hybrid_full_port,baseline,69,2,20261105,1,10,99,12,1,3,2,1,0
hybrid_full_port,lookahead,69,2,20261105,1,10,123,8,5,1,3,0,0
hybrid_full_port,baseline,69,3,20261106,0,8,110,15,4,0,3,1,0
hybrid_full_port,lookahead,69,3,20261106,0,7,98,12,4,0,1,1,0
hybrid_full_port,baseline,70,0,20261107,0,5,106,12,3,0,4,1,0
hybrid_full_port,lookahead,70,0,20261107,0,9,136,8,4,1,3,0,0
hybrid_full_port,baseline,70,1,20261108,0,6,93,7,4,0,3,0,0
hybrid_full_port,lookahead,70,1,20261108,0,6,95,6,5,0,1,0,0
hybrid_full_port,baseline,70,2,20261109,0,6,129,13,5,0,4,0,0
hybrid_full_port,lookahead,70,2,20261109,0,4,89,4,4,0,0,0,0
hybrid_full_port,baseline,70,3,20261110,1,10,144,15,3,3,5,0,0
hybrid_full_port,lookahead,70,3,20261110,1,10,80,9,3,3,1,0,0
hybrid_full_port,baseline,71,0,20261111,0,7,74,14,5,0,0,1,0
hybrid_full_port,lookahead,71,0,20261111,0,8,98,9,5,1,1,0,0
hybrid_full_port,baseline,71,1,20261112,1,10,138,12,1,4,4,0,0
hybrid_full_port,lookahead,71,1,20261112,0,9,121,7,5,1,2,0,0
hybrid_full_port,baseline,71,2,20261113,1,10,159,14,3,2,5,1,0
hybrid_full_port,lookahead,71,2,20261113,0,9,170,8,0,4,1,0,0
hybrid_full_port,baseline,71,3,20261114,0,5,117,11,3,1,2,0,0
hybrid_full_port,lookahead,71,3,20261114,0,6,129,6,1,2,1,0,0
hybrid_full_port,baseline,72,0,20261115,1,10,141,13,4,1,4,1,0
hybrid_full_port,lookahead,72,0,20261115,0,5,134,9,3,0,2,0,0
hybrid_full_port,baseline,72,1,20261116,0,5,91,6,2,1,2,0,0
hybrid_full_port,lookahead,72,1,20261116,0,8,129,9,5,0,3,0,0
hybrid_full_port,baseline,72,2,20261117,0,7,100,14,2,1,4,0,0
hybrid_full_port,lookahead,72,2,20261117,0,9,105,8,2,3,1,0,0
hybrid_full_port,baseline,72,3,20261118,0,6,109,12,4,0,1,1,0
hybrid_full_port,lookahead,72,3,20261118,0,4,113,9,2,0,0,1,0
hybrid_full_port,baseline,73,0,20261119,0,7,147,13,4,1,2,0,0
hybrid_full_port,lookahead,73,0,20261119,0,9,155,11,4,1,3,0,0
hybrid_full_port,baseline,73,1,20261120,0,6,113,12,3,1,6,0,0
hybrid_full_port,lookahead,73,1,20261120,0,6,115,4,3,0,4,0,0
hybrid_full_port,baseline,73,2,20261121,0,8,102,15,5,0,1,1,0
hybrid_full_port,lookahead,73,2,20261121,0,6,152,11,5,0,1,0,0
hybrid_full_port,baseline,73,3,20261122,1,10,152,15,1,4,5,0,0
hybrid_full_port,lookahead,73,3,20261122,0,6,141,12,4,1,1,0,0
hybrid_full_port,baseline,74,0,20261123,1,10,137,15,4,2,7,0,0
hybrid_full_port,lookahead,74,0,20261123,1,10,93,14,5,1,1,1,0
hybrid_full_port,baseline,74,1,20261124,0,6,100,9,4,1,3,0,0
hybrid_full_port,lookahead,74,1,20261124,0,8,112,12,5,1,1,0,0
hybrid_full_port,baseline,74,2,20261125,0,4,124,9,1,1,4,0,0
hybrid_full_port,lookahead,74,2,20261125,0,8,125,9,4,2,0,0,0
hybrid_full_port,baseline,74,3,20261126,0,3,107,10,2,0,4,0,0
hybrid_full_port,lookahead,74,3,20261126,0,8,131,2,0,2,4,0,0
hybrid_full_port,baseline,75,0,20261127,1,10,81,12,1,3,3,1,0
hybrid_full_port,lookahead,75,0,20261127,1,10,141,12,5,2,1,0,0
hybrid_full_port,baseline,75,1,20261128,0,9,115,15,3,2,4,1,0
hybrid_full_port,lookahead,75,1,20261128,0,8,88,4,2,2,2,0,0
hybrid_full_port,baseline,75,2,20261129,1,10,111,15,1,3,2,1,0
hybrid_full_port,lookahead,75,2,20261129,0,8,120,14,5,0,1,1,0
hybrid_full_port,baseline,75,3,20261130,0,7,123,15,3,1,3,0,0
hybrid_full_port,lookahead,75,3,20261130,0,8,118,14,5,0,1,1,0
hybrid_full_port,baseline,76,0,20261131,1,10,109,13,5,1,2,1,0
hybrid_full_port,lookahead,76,0,20261131,1,10,109,4,0,3,4,0,0
hybrid_full_port,baseline,76,1,20261132,0,9,120,8,3,2,5,0,0
hybrid_full_port,lookahead,76,1,20261132,0,6,127,7,5,0,1,0,0
hybrid_full_port,baseline,76,2,20261133,1,10,71,12,4,1,2,1,0
hybrid_full_port,lookahead,76,2,20261133,0,7,97,7,5,0,2,0,0
hybrid_full_port,baseline,76,3,20261134,0,3,97,9,2,0,6,0,0
hybrid_full_port,lookahead,76,3,20261134,0,5,90,6,4,0,1,0,0
hybrid_full_port,baseline,77,0,20261135,0,3,136,9,2,0,6,0,0
hybrid_full_port,lookahead,77,0,20261135,0,6,156,7,3,1,1,0,0
hybrid_full_port,baseline,77,1,20261136,1,10,134,13,0,3,3,1,0
hybrid_full_port,lookahead,77,1,20261136,0,7,93,8,0,3,1,0,0
hybrid_full_port,baseline,77,2,20261137,1,10,123,15,2,3,4,0,0
hybrid_full_port,lookahead,77,2,20261137,0,7,140,15,5,0,1,1,0
hybrid_full_port,baseline,77,3,20261138,0,6,109,7,2,2,2,0,0
hybrid_full_port,lookahead,77,3,20261138,0,6,89,9,4,0,2,0,0
hybrid_full_port,baseline,78,0,20261139,0,5,114,9,4,0,4,0,0
hybrid_full_port,lookahead,78,0,20261139,0,6,90,5,2,1,2,0,0
hybrid_full_port,baseline,78,1,20261140,0,4,97,6,3,0,5,0,0
hybrid_full_port,lookahead,78,1,20261140,1,10,106,8,3,2,3,0,0
hybrid_full_port,baseline,78,2,20261141,0,4,97,15,2,1,1,0,0
hybrid_full_port,lookahead,78,2,20261141,0,4,128,9,4,0,0,0,0
hybrid_full_port,baseline,78,3,20261142,0,4,121,14,4,0,1,0,0
hybrid_full_port,lookahead,78,3,20261142,0,6,125,6,5,0,1,0,0
hybrid_full_port,baseline,79,0,20261143,1,10,149,15,2,4,1,0,0
hybrid_full_port,lookahead,79,0,20261143,0,9,140,7,0,4,1,0,0
hybrid_full_port,baseline,79,1,20261144,0,9,169,10,4,1,4,1,0
hybrid_full_port,lookahead,79,1,20261144,0,9,116,6,1,3,2,0,0
hybrid_full_port,baseline,79,2,20261145,0,5,125,11,0,2,7,0,0
hybrid_full_port,lookahead,79,2,20261145,1,10,99,8,3,2,3,0,0
hybrid_full_port,baseline,79,3,20261146,1,10,128,13,2,4,5,0,0
hybrid_full_port,lookahead,79,3,20261146,1,10,96,6,2,3,2,0,0
hybrid_full_port,baseline,80,0,20261147,0,6,98,10,1,1,2,1,0
hybrid_full_port,lookahead,80,0,20261147,1,11,93,9,4,1,3,1,0
hybrid_full_port,baseline,80,1,20261148,1,10,130,15,1,4,4,0,0
hybrid_full_port,lookahead,80,1,20261148,0,8,100,4,1,2,4,0,0
hybrid_full_port,baseline,80,2,20261149,0,6,102,9,4,0,6,0,0
hybrid_full_port,lookahead,80,2,20261149,0,9,118,8,5,0,5,0,0
hybrid_full_port,baseline,80,3,20261150,1,10,112,15,1,4,2,0,0
hybrid_full_port,lookahead,80,3,20261150,0,9,161,15,5,1,0,1,0
hybrid_full_port,baseline,81,0,20261151,0,6,130,14,4,0,2,1,0
hybrid_full_port,lookahead,81,0,20261151,0,7,86,10,5,1,0,0,0
hybrid_full_port,baseline,81,1,20261152,0,3,95,13,2,0,3,0,0
hybrid_full_port,lookahead,81,1,20261152,1,10,70,11,2,3,0,1,0
hybrid_full_port,baseline,81,2,20261153,0,8,108,13,2,2,5,0,0
hybrid_full_port,lookahead,81,2,20261153,0,8,113,7,0,3,2,0,0
hybrid_full_port,baseline,81,3,20261154,1,10,184,15,2,3,3,1,0
hybrid_full_port,lookahead,81,3,20261154,0,7,126,13,5,0,0,1,0
hybrid_full_port,baseline,82,0,20261155,0,9,106,8,0,3,6,0,0
hybrid_full_port,lookahead,82,0,20261155,1,10,77,4,2,2,4,0,0
hybrid_full_port,baseline,82,1,20261156,0,7,136,13,5,0,3,0,0
hybrid_full_port,lookahead,82,1,20261156,0,5,108,4,2,1,1,0,0
hybrid_full_port,baseline,82,2,20261157,0,7,101,12,4,1,4,0,0
hybrid_full_port,lookahead,82,2,20261157,1,10,79,6,5,0,5,0,0
hybrid_full_port,baseline,82,3,20261158,0,4,118,3,2,0,5,0,0
hybrid_full_port,lookahead,82,3,20261158,0,3,119,2,2,0,1,0,0
hybrid_full_port,baseline,83,0,20261159,0,5,118,8,1,2,3,0,0
hybrid_full_port,lookahead,83,0,20261159,0,6,144,5,2,2,0,0,0
hybrid_full_port,baseline,83,1,20261160,0,4,93,9,2,0,4,1,0
hybrid_full_port,lookahead,83,1,20261160,0,6,93,5,1,2,2,0,0
hybrid_full_port,baseline,83,2,20261161,1,10,131,12,4,2,4,0,0
hybrid_full_port,lookahead,83,2,20261161,1,10,79,9,4,2,2,0,0
hybrid_full_port,baseline,83,3,20261162,0,6,99,12,3,0,5,1,0
hybrid_full_port,lookahead,83,3,20261162,0,5,81,8,5,0,0,0,0
hybrid_full_port,baseline,84,0,20261163,0,9,148,14,2,3,4,0,0
hybrid_full_port,lookahead,84,0,20261163,1,10,129,11,1,4,1,0,0
hybrid_full_port,baseline,84,1,20261164,1,10,114,15,5,2,2,0,0
hybrid_full_port,lookahead,84,1,20261164,1,10,86,9,5,1,3,0,0
hybrid_full_port,baseline,84,2,20261165,1,10,83,12,2,3,0,1,0
hybrid_full_port,lookahead,84,2,20261165,1,10,123,11,4,2,2,0,0
hybrid_full_port,baseline,84,3,20261166,0,5,97,7,3,0,7,0,0
hybrid_full_port,lookahead,84,3,20261166,0,2,67,3,2,0,0,0,0
hybrid_full_port,baseline,85,0,20261167,1,10,101,14,0,4,0,1,0
hybrid_full_port,lookahead,85,0,20261167,0,7,67,7,2,2,1,0,0
hybrid_full_port,baseline,85,1,20261168,0,8,141,15,4,1,2,1,0
hybrid_full_port,lookahead,85,1,20261168,0,9,105,15,1,3,0,1,0
hybrid_full_port,baseline,85,2,20261169,0,3,81,12,3,0,2,0,0
hybrid_full_port,lookahead,85,2,20261169,0,9,200,15,5,0,3,1,0
hybrid_full_port,baseline,85,3,20261170,0,5,98,7,2,1,5,0,0
hybrid_full_port,lookahead,85,3,20261170,1,10,136,6,0,4,2,0,0
hybrid_full_port,baseline,86,0,20261171,1,10,117,15,4,2,6,0,0
hybrid_full_port,lookahead,86,0,20261171,1,10,117,9,3,2,4,0,0
hybrid_full_port,baseline,86,1,20261172,0,8,113,11,1,3,2,0,0
hybrid_full_port,lookahead,86,1,20261172,1,10,98,8,3,3,1,0,0
hybrid_full_port,baseline,86,2,20261173,0,8,122,15,4,1,2,1,0
hybrid_full_port,lookahead,86,2,20261173,1,10,71,7,5,0,4,1,0
hybrid_full_port,baseline,86,3,20261174,0,9,125,15,3,1,4,1,0
hybrid_full_port,lookahead,86,3,20261174,0,5,113,7,5,0,0,0,0
hybrid_full_port,baseline,87,0,20261175,0,8,110,7,2,2,5,0,0
hybrid_full_port,lookahead,87,0,20261175,0,9,132,11,2,3,1,0,0
hybrid_full_port,baseline,87,1,20261176,0,9,131,15,0,4,3,0,0
hybrid_full_port,lookahead,87,1,20261176,0,5,115,5,1,1,2,0,0
hybrid_full_port,baseline,87,2,20261177,1,10,135,10,0,4,3,0,0
hybrid_full_port,lookahead,87,2,20261177,0,6,120,8,5,0,1,0,0
hybrid_full_port,baseline,87,3,20261178,0,7,145,15,2,1,9,0,0
hybrid_full_port,lookahead,87,3,20261178,0,9,106,11,2,3,1,0,0
hybrid_full_port,baseline,88,0,20261179,0,6,150,15,5,0,4,0,0
hybrid_full_port,lookahead,88,0,20261179,0,6,126,11,5,0,1,0,0
hybrid_full_port,baseline,88,1,20261180,0,7,83,14,1,2,2,1,0
hybrid_full_port,lookahead,88,1,20261180,1,10,62,9,1,3,3,1,0
hybrid_full_port,baseline,88,2,20261181,1,10,135,15,5,1,5,1,0
hybrid_full_port,lookahead,88,2,20261181,1,10,111,12,3,2,2,1,0
hybrid_full_port,baseline,88,3,20261182,0,6,131,11,3,1,3,0,0
hybrid_full_port,lookahead,88,3,20261182,1,10,124,6,1,4,1,0,0
hybrid_full_port,baseline,89,0,20261183,1,10,89,9,0,3,4,1,0
hybrid_full_port,lookahead,89,0,20261183,0,8,118,5,0,3,7,0,0
hybrid_full_port,baseline,89,1,20261184,1,10,102,15,1,3,2,1,0
hybrid_full_port,lookahead,89,1,20261184,0,6,127,15,0,2,0,1,0
hybrid_full_port,baseline,89,2,20261185,0,4,137,15,4,0,2,0,0
hybrid_full_port,lookahead,89,2,20261185,0,9,113,9,5,2,0,0,0
hybrid_full_port,baseline,89,3,20261186,0,8,149,14,0,3,3,0,0
hybrid_full_port,lookahead,89,3,20261186,0,9,139,8,1,3,2,0,0
hybrid_full_port,baseline,90,0,20261187,1,10,125,13,0,3,2,1,0
hybrid_full_port,lookahead,90,0,20261187,0,7,95,8,4,1,1,0,0
hybrid_full_port,baseline,90,1,20261188,0,9,113,15,4,1,2,1,0
hybrid_full_port,lookahead,90,1,20261188,0,7,79,7,5,0,2,0,0
hybrid_full_port,baseline,90,2,20261189,1,10,143,15,0,4,4,0,0
hybrid_full_port,lookahead,90,2,20261189,0,6,137,15,0,2,0,1,0
hybrid_full_port,baseline,90,3,20261190,0,8,125,15,0,3,8,0,0
hybrid_full_port,lookahead,90,3,20261190,1,10,96,5,1,3,5,0,0
hybrid_full_port,baseline,91,0,20261191,0,4,99,9,4,0,1,0,0
hybrid_full_port,lookahead,91,0,20261191,0,9,254,7,2,2,3,0,0
hybrid_full_port,baseline,91,1,20261192,0,9,128,9,1,3,4,0,0
hybrid_full_port,lookahead,91,1,20261192,0,9,133,3,0,3,5,0,0
hybrid_full_port,baseline,91,2,20261193,1,10,139,10,0,4,5,0,0
hybrid_full_port,lookahead,91,2,20261193,1,11,143,12,5,1,3,1,0
hybrid_full_port,baseline,91,3,20261194,0,9,125,15,5,1,2,1,0
hybrid_full_port,lookahead,91,3,20261194,1,10,100,15,5,1,1,1,0
hybrid_full_port,baseline,92,0,20261195,0,6,114,15,4,1,2,0,0
hybrid_full_port,lookahead,92,0,20261195,1,10,93,8,2,3,2,0,0
hybrid_full_port,baseline,92,1,20261196,0,5,135,6,0,2,4,0,0
hybrid_full_port,lookahead,92,1,20261196,0,6,148,2,0,2,2,0,0
hybrid_full_port,baseline,92,2,20261197,0,9,154,11,1,2,3,1,0
hybrid_full_port,lookahead,92,2,20261197,0,5,113,7,4,0,1,0,0
hybrid_full_port,baseline,92,3,20261198,0,5,113,15,2,1,2,0,0
hybrid_full_port,lookahead,92,3,20261198,0,5,77,7,4,0,1,0,0
hybrid_full_port,baseline,93,0,20261199,0,3,110,13,3,0,4,0,0
hybrid_full_port,lookahead,93,0,20261199,0,6,143,6,3,1,2,0,0
hybrid_full_port,baseline,93,1,20261200,0,9,117,12,2,2,2,1,0
hybrid_full_port,lookahead,93,1,20261200,1,10,126,11,4,2,2,0,0
hybrid_full_port,baseline,93,2,20261201,1,10,151,15,3,2,2,1,0
hybrid_full_port,lookahead,93,2,20261201,0,8,85,8,5,0,3,0,0
hybrid_full_port,baseline,93,3,20261202,0,6,137,10,3,1,6,0,0
hybrid_full_port,lookahead,93,3,20261202,0,8,121,7,3,2,1,0,0
hybrid_full_port,baseline,94,0,20261203,1,10,129,15,5,1,8,0,0
hybrid_full_port,lookahead,94,0,20261203,1,11,77,11,5,1,2,1,0
hybrid_full_port,baseline,94,1,20261204,1,10,150,15,2,3,6,0,0
hybrid_full_port,lookahead,94,1,20261204,1,10,114,7,3,3,1,0,0
hybrid_full_port,baseline,94,2,20261205,0,4,85,8,3,0,4,0,0
hybrid_full_port,lookahead,94,2,20261205,0,6,89,11,2,2,0,0,0
hybrid_full_port,baseline,94,3,20261206,0,7,134,15,3,0,5,1,0
hybrid_full_port,lookahead,94,3,20261206,0,6,130,12,5,0,1,0,0
hybrid_full_port,baseline,95,0,20261207,0,9,146,15,5,1,3,0,0
hybrid_full_port,lookahead,95,0,20261207,1,10,109,10,4,2,2,0,0
hybrid_full_port,baseline,95,1,20261208,0,8,167,13,1,3,4,0,0
hybrid_full_port,lookahead,95,1,20261208,0,7,131,7,5,0,2,0,0
hybrid_full_port,baseline,95,2,20261209,0,5,81,5,1,1,5,0,0
hybrid_full_port,lookahead,95,2,20261209,0,9,153,6,0,3,3,0,0
hybrid_full_port,baseline,95,3,20261210,0,5,89,9,4,0,2,0,0
hybrid_full_port,lookahead,95,3,20261210,0,5,149,5,3,0,2,0,0
hybrid_full_port,baseline,96,0,20261211,0,6,119,15,1,2,6,0,0
hybrid_full_port,lookahead,96,0,20261211,1,11,129,13,2,3,1,1,0
hybrid_full_port,baseline,96,1,20261212,0,7,140,10,2,2,3,0,0
hybrid_full_port,lookahead,96,1,20261212,1,10,130,14,2,3,2,0,0
hybrid_full_port,baseline,96,2,20261213,0,4,110,9,3,0,2,0,0
hybrid_full_port,lookahead,96,2,20261213,0,4,105,4,4,0,0,0,0
hybrid_full_port,baseline,96,3,20261214,0,6,131,15,3,1,4,0,0
hybrid_full_port,lookahead,96,3,20261214,0,7,123,11,4,1,2,0,0
hybrid_full_port,baseline,97,0,20261215,1,10,145,15,2,3,4,0,0
hybrid_full_port,lookahead,97,0,20261215,1,10,105,8,4,2,2,0,0
hybrid_full_port,baseline,97,1,20261216,1,10,146,15,0,4,2,1,0
hybrid_full_port,lookahead,97,1,20261216,0,9,156,15,4,1,1,1,0
hybrid_full_port,baseline,97,2,20261217,0,7,121,14,0,2,2,1,0
hybrid_full_port,lookahead,97,2,20261217,0,5,141,8,4,0,1,0,0
hybrid_full_port,baseline,97,3,20261218,1,10,128,15,2,4,2,0,0
hybrid_full_port,lookahead,97,3,20261218,1,10,84,11,4,2,0,1,0
hybrid_full_port,baseline,98,0,20261219,1,10,125,14,4,1,4,1,0
hybrid_full_port,lookahead,98,0,20261219,1,10,113,11,5,1,1,1,0
hybrid_full_port,baseline,98,1,20261220,0,7,129,15,5,0,0,1,0
hybrid_full_port,lookahead,98,1,20261220,0,3,125,10,3,0,0,0,0
hybrid_full_port,baseline,98,2,20261221,0,4,113,15,3,0,3,0,0
hybrid_full_port,lookahead,98,2,20261221,0,6,153,10,4,0,0,1,0
hybrid_full_port,baseline,98,3,20261222,0,3,81,5,1,1,5,0,0
hybrid_full_port,lookahead,98,3,20261222,0,9,139,8,4,2,1,0,0
hybrid_full_port,baseline,99,0,20261223,0,8,123,14,3,2,3,0,0
hybrid_full_port,lookahead,99,0,20261223,1,10,85,7,3,2,3,0,0
hybrid_full_port,baseline,99,1,20261224,0,5,77,13,3,0,2,1,0
hybrid_full_port,lookahead,99,1,20261224,1,10,54,9,2,2,2,1,0
hybrid_full_port,baseline,99,2,20261225,0,4,160,15,2,1,1,0,0
hybrid_full_port,lookahead,99,2,20261225,0,7,152,10,4,1,1,0,0
hybrid_full_port,baseline,99,3,20261226,1,10,100,15,2,4,2,0,0
hybrid_full_port,lookahead,99,3,20261226,1,10,116,14,4,2,0,1,0
hybrid_road_roadscity,baseline,0,0,21260827,0,6,130,9,4,0,4,0,0
hybrid_road_roadscity,lookahead,0,0,21260827,0,8,90,5,1,3,2,0,0
hybrid_road_roadscity,baseline,0,1,21260828,0,8,124,11,1,3,4,0,0
hybrid_road_roadscity,lookahead,0,1,21260828,0,5,57,5,2,1,1,0,0
hybrid_road_roadscity,baseline,0,2,21260829,0,9,150,15,2,3,5,0,0
hybrid_road_roadscity,lookahead,0,2,21260829,0,7,169,11,5,0,2,0,0
hybrid_road_roadscity,baseline,0,3,21260830,1,10,176,12,1,4,2,0,0
hybrid_road_roadscity,lookahead,0,3,21260830,0,4,90,3,2,1,0,0,0
hybrid_road_roadscity,baseline,1,0,21260831,0,4,130,12,4,0,2,0,0
hybrid_road_roadscity,lookahead,1,0,21260831,1,10,141,14,3,2,1,1,0
hybrid_road_roadscity,baseline,1,1,21260832,0,3,85,9,2,0,5,0,0
hybrid_road_roadscity,lookahead,1,1,21260832,0,6,105,10,4,0,3,0,0
hybrid_road_roadscity,baseline,1,2,21260833,0,9,164,15,0,4,4,0,0
hybrid_road_roadscity,lookahead,1,2,21260833,1,10,123,8,2,3,2,0,0
hybrid_road_roadscity,baseline,1,3,21260834,0,7,129,15,4,1,3,0,0
hybrid_road_roadscity,lookahead,1,3,21260834,0,8,117,11,4,2,1,0,0
hybrid_road_roadscity,baseline,2,0,21260835,0,7,140,6,1,3,4,0,0
hybrid_road_roadscity,lookahead,2,0,21260835,1,10,101,8,3,3,2,0,0
hybrid_road_roadscity,baseline,2,1,21260836,1,10,110,10,3,2,4,1,0
hybrid_road_roadscity,lookahead,2,1,21260836,0,8,219,6,3,2,2,0,0
hybrid_road_roadscity,baseline,2,2,21260837,0,6,145,11,0,2,5,0,0
hybrid_road_roadscity,lookahead,2,2,21260837,0,5,121,2,1,1,2,0,0
hybrid_road_roadscity,baseline,2,3,21260838,0,5,119,10,5,0,4,0,0
hybrid_road_roadscity,lookahead,2,3,21260838,0,5,99,5,4,0,1,0,0
hybrid_road_roadscity,baseline,3,0,21260839,0,9,148,7,0,3,8,0,0
hybrid_road_roadscity,lookahead,3,0,21260839,1,10,113,5,0,3,5,0,0
hybrid_road_roadscity,baseline,3,1,21260840,0,8,132,6,0,2,7,0,0
hybrid_road_roadscity,lookahead,3,1,21260840,1,10,118,4,1,3,5,0,0
hybrid_road_roadscity,baseline,3,2,21260841,0,3,53,6,2,0,2,0,0
hybrid_road_roadscity,lookahead,3,2,21260841,1,10,155,5,1,3,3,0,0
hybrid_road_roadscity,baseline,3,3,21260842,0,7,129,12,3,1,4,0,0
hybrid_road_roadscity,lookahead,3,3,21260842,0,9,97,13,3,1,2,1,0
hybrid_road_roadscity,baseline,4,0,21260843,1,11,141,14,1,3,3,1,0
hybrid_road_roadscity,lookahead,4,0,21260843,0,6,102,3,2,1,2,0,0
hybrid_road_roadscity,baseline,4,1,21260844,0,5,117,9,2,1,8,0,0
hybrid_road_roadscity,lookahead,4,1,21260844,0,8,121,6,2,2,2,0,0
hybrid_road_roadscity,baseline,4,2,21260845,0,2,96,14,2,0,5,0,0
hybrid_road_roadscity,lookahead,4,2,21260845,0,5,105,8,4,0,1,0,0
hybrid_road_roadscity,baseline,4,3,21260846,0,4,85,9,4,0,3,0,0
hybrid_road_roadscity,lookahead,4,3,21260846,0,9,81,5,2,2,3,0,0
hybrid_road_roadscity,baseline,5,0,21260847,0,7,147,13,5,1,4,0,0
hybrid_road_roadscity,lookahead,5,0,21260847,1,11,133,12,1,4,0,1,0
hybrid_road_roadscity,baseline,5,1,21260848,0,8,108,7,0,4,3,0,0
hybrid_road_roadscity,lookahead,5,1,21260848,0,6,104,12,4,1,0,0,0
hybrid_road_roadscity,baseline,5,2,21260849,0,3,69,14,1,1,1,0,0
hybrid_road_roadscity,lookahead,5,2,21260849,0,6,69,7,0,3,0,0,0
hybrid_road_roadscity,baseline,5,3,21260850,1,10,120,12,2,2,3,1,0
hybrid_road_roadscity,lookahead,5,3,21260850,0,9,138,7,5,0,4,0,0
hybrid_road_roadscity,baseline,6,0,21260851,1,10,149,15,5,1,4,1,0
hybrid_road_roadscity,lookahead,6,0,21260851,0,6,92,6,4,0,3,0,0
hybrid_road_roadscity,baseline,6,1,21260852,0,5,81,12,5,0,1,0,0
hybrid_road_roadscity,lookahead,6,1,21260852,0,5,69,6,4,0,1,0,0
hybrid_road_roadscity,baseline,6,2,21260853,0,8,157,15,2,1,3,1,0
hybrid_road_roadscity,lookahead,6,2,21260853,0,4,144,6,4,0,0,0,0
hybrid_road_roadscity,baseline,6,3,21260854,0,8,133,14,2,2,4,0,0
hybrid_road_roadscity,lookahead,6,3,21260854,1,10,108,5,1,3,3,0,0
hybrid_road_roadscity,baseline,7,0,21260855,0,6,131,11,0,3,1,0,0
hybrid_road_roadscity,lookahead,7,0,21260855,1,10,85,4,0,4,2,0,0
hybrid_road_roadscity,baseline,7,1,21260856,0,9,116,14,4,0,5,1,0
hybrid_road_roadscity,lookahead,7,1,21260856,0,6,68,8,4,1,0,0,0
hybrid_road_roadscity,baseline,7,2,21260857,0,2,61,4,2,0,4,0,0
hybrid_road_roadscity,lookahead,7,2,21260857,0,5,101,3,1,1,2,0,0
hybrid_road_roadscity,baseline,7,3,21260858,0,4,71,9,3,0,4,0,0
hybrid_road_roadscity,lookahead,7,3,21260858,0,7,101,5,2,1,5,0,0
hybrid_road_roadscity,baseline,8,0,21260859,0,6,139,12,1,2,4,0,0
hybrid_road_roadscity,lookahead,8,0,21260859,0,9,112,5,0,4,2,0,0
hybrid_road_roadscity,baseline,8,1,21260860,0,5,96,9,1,2,3,0,0
hybrid_road_roadscity,lookahead,8,1,21260860,1,10,50,7,0,3,2,1,0
hybrid_road_roadscity,baseline,8,2,21260861,0,6,89,8,2,2,4,0,0
hybrid_road_roadscity,lookahead,8,2,21260861,0,6,121,7,5,0,1,0,0
hybrid_road_roadscity,baseline,8,3,21260862,0,9,101,9,0,4,7,0,0
hybrid_road_roadscity,lookahead,8,3,21260862,1,10,56,5,1,3,3,0,0
hybrid_road_roadscity,baseline,9,0,21260863,0,5,108,9,3,1,3,0,0
hybrid_road_roadscity,lookahead,9,0,21260863,0,8,96,5,0,3,4,0,0
hybrid_road_roadscity,baseline,9,1,21260864,0,6,132,15,3,1,4,0,0
hybrid_road_roadscity,lookahead,9,1,21260864,1,10,114,9,0,4,2,0,0
hybrid_road_roadscity,baseline,9,2,21260865,0,6,120,7,0,3,3,0,0
hybrid_road_roadscity,lookahead,9,2,21260865,0,8,152,3,0,3,4,0,0
hybrid_road_roadscity,baseline,9,3,21260866,0,6,97,4,1,1,8,0,0
hybrid_road_roadscity,lookahead,9,3,21260866,0,5,107,3,1,1,2,0,0
hybrid_road_roadscity,baseline,10,0,21260867,0,5,88,9,5,0,1,0,0
hybrid_road_roadscity,lookahead,10,0,21260867,0,8,76,4,2,2,2,0,0
hybrid_road_roadscity,baseline,10,1,21260868,0,5,124,10,2,0,8,0,0
hybrid_road_roadscity,lookahead,10,1,21260868,0,8,120,11,5,0,4,0,0
hybrid_road_roadscity,baseline,10,2,21260869,0,3,121,5,3,0,5,0,0
hybrid_road_roadscity,lookahead,10,2,21260869,1,10,155,8,1,4,1,0,0
hybrid_road_roadscity,baseline,10,3,21260870,0,7,119,11,4,1,3,0,0
hybrid_road_roadscity,lookahead,10,3,21260870,1,10,96,7,2,3,3,0,0
hybrid_road_roadscity,baseline,11,0,21260871,0,6,110,7,3,1,3,0,0
hybrid_road_roadscity,lookahead,11,0,21260871,0,6,136,4,3,0,4,0,0
hybrid_road_roadscity,baseline,11,1,21260872,0,9,153,15,4,1,6,1,0
hybrid_road_roadscity,lookahead,11,1,21260872,1,11,122,10,3,1,4,1,0
hybrid_road_roadscity,baseline,11,2,21260873,0,6,132,15,4,1,4,0,0
hybrid_road_roadscity,lookahead,11,2,21260873,0,8,109,7,2,3,0,0,0
hybrid_road_roadscity,baseline,11,3,21260874,0,6,89,13,4,0,2,1,0
hybrid_road_roadscity,lookahead,11,3,21260874,0,9,123,13,4,1,1,1,0
hybrid_road_roadscity,baseline,12,0,21260875,0,6,98,7,3,1,5,0,0
hybrid_road_roadscity,lookahead,12,0,21260875,0,6,120,3,1,2,1,0,0
hybrid_road_roadscity,baseline,12,1,21260876,0,5,113,14,4,0,4,0,0
hybrid_road_roadscity,lookahead,12,1,21260876,1,10,138,7,2,3,2,0,0
hybrid_road_roadscity,baseline,12,2,21260877,0,6,141,11,5,0,7,0,0
hybrid_road_roadscity,lookahead,12,2,21260877,0,3,97,2,1,1,0,0,0
hybrid_road_roadscity,baseline,12,3,21260878,0,6,77,10,1,2,4,0,0
hybrid_road_roadscity,lookahead,12,3,21260878,0,8,115,6,3,1,4,0,0
hybrid_road_roadscity,baseline,13,0,21260879,1,10,69,10,0,4,3,1,0
hybrid_road_roadscity,lookahead,13,0,21260879,1,10,77,4,1,3,3,0,0
hybrid_road_roadscity,baseline,13,1,21260880,0,5,137,10,2,1,3,0,0
hybrid_road_roadscity,lookahead,13,1,21260880,1,10,86,8,2,2,2,1,0
hybrid_road_roadscity,baseline,13,2,21260881,0,6,88,7,0,3,2,0,0
hybrid_road_roadscity,lookahead,13,2,21260881,1,10,87,7,1,3,4,0,0
hybrid_road_roadscity,baseline,13,3,21260882,0,7,141,15,0,2,9,0,0
hybrid_road_roadscity,lookahead,13,3,21260882,1,10,88,6,1,4,1,0,0
hybrid_road_roadscity,baseline,14,0,21260883,1,10,149,6,0,4,8,0,0
hybrid_road_roadscity,lookahead,14,0,21260883,1,10,77,4,0,4,3,0,0
hybrid_road_roadscity,baseline,14,1,21260884,0,5,113,11,2,0,7,1,0
hybrid_road_roadscity,lookahead,14,1,21260884,0,6,144,5,2,1,2,0,0
hybrid_road_roadscity,baseline,14,2,21260885,0,6,142,15,5,0,5,0,0
hybrid_road_roadscity,lookahead,14,2,21260885,1,10,91,7,4,2,3,0,0
hybrid_road_roadscity,baseline,14,3,21260886,0,9,141,12,4,1,8,0,0
hybrid_road_roadscity,lookahead,14,3,21260886,1,10,136,6,0,4,2,0,0
hybrid_road_roadscity,baseline,15,0,21260887,1,10,117,15,5,0,4,1,0
hybrid_road_roadscity,lookahead,15,0,21260887,1,10,101,4,2,2,4,0,0
hybrid_road_roadscity,baseline,15,1,21260888,1,10,138,12,2,2,6,1,0
hybrid_road_roadscity,lookahead,15,1,21260888,0,9,140,5,0,4,1,0,0
hybrid_road_roadscity,baseline,15,2,21260889,0,6,122,15,5,0,4,0,0
hybrid_road_roadscity,lookahead,15,2,21260889,1,10,83,6,1,3,8,0,0
hybrid_road_roadscity,baseline,15,3,21260890,0,7,81,10,1,2,4,1,0
hybrid_road_roadscity,lookahead,15,3,21260890,1,10,60,10,3,2,1,1,0
hybrid_road_roadscity,baseline,16,0,21260891,0,5,104,15,4,0,4,0,0
hybrid_road_roadscity,lookahead,16,0,21260891,1,10,109,13,4,1,3,1,0
hybrid_road_roadscity,baseline,16,1,21260892,0,3,121,12,3,0,2,0,0
hybrid_road_roadscity,lookahead,16,1,21260892,1,11,134,12,3,2,2,1,0
hybrid_road_roadscity,baseline,16,2,21260893,0,7,128,15,2,2,3,0,0
hybrid_road_roadscity,lookahead,16,2,21260893,0,8,121,10,5,0,3,0,0
hybrid_road_roadscity,baseline,16,3,21260894,0,6,157,10,3,1,5,0,0
hybrid_road_roadscity,lookahead,16,3,21260894,0,3,117,5,3,0,0,0,0
hybrid_road_roadscity,baseline,17,0,21260895,0,4,114,15,2,1,1,0,0
hybrid_road_roadscity,lookahead,17,0,21260895,1,10,129,9,1,4,1,0,0
hybrid_road_roadscity,baseline,17,1,21260896,1,10,114,15,2,3,7,0,0
hybrid_road_roadscity,lookahead,17,1,21260896,1,10,82,7,1,4,1,0,0
hybrid_road_roadscity,baseline,17,2,21260897,1,10,111,12,1,3,2,1,0
hybrid_road_roadscity,lookahead,17,2,21260897,0,6,93,5,3,1,1,0,0
hybrid_road_roadscity,baseline,17,3,21260898,0,2,77,3,2,0,5,0,0
hybrid_road_roadscity,lookahead,17,3,21260898,0,5,119,2,1,1,2,0,0
hybrid_road_roadscity,baseline,18,0,21260899,0,8,114,10,0,3,8,0,0
hybrid_road_roadscity,lookahead,18,0,21260899,1,10,53,4,2,2,4,0,0
hybrid_road_roadscity,baseline,18,1,21260900,0,8,95,9,1,3,3,0,0
hybrid_road_roadscity,lookahead,18,1,21260900,0,7,101,10,3,1,2,0,0
hybrid_road_roadscity,baseline,18,2,21260901,0,6,129,7,0,2,6,0,0
hybrid_road_roadscity,lookahead,18,2,21260901,0,6,134,2,1,1,4,0,0
hybrid_road_roadscity,baseline,18,3,21260902,0,7,101,8,4,0,9,0,0
hybrid_road_roadscity,lookahead,18,3,21260902,1,10,100,6,2,3,2,0,0
hybrid_road_roadscity,baseline,19,0,21260903,0,3,90,12,2,0,5,0,0
hybrid_road_roadscity,lookahead,19,0,21260903,1,10,105,7,4,1,4,0,0
hybrid_road_roadscity,baseline,19,1,21260904,1,10,134,15,2,2,5,1,0
hybrid_road_roadscity,lookahead,19,1,21260904,1,10,106,7,1,4,1,0,0
hybrid_road_roadscity,baseline,19,2,21260905,0,8,113,11,0,4,2,0,0
hybrid_road_roadscity,lookahead,19,2,21260905,0,7,109,3,0,2,4,0,0
hybrid_road_roadscity,baseline,19,3,21260906,0,6,118,15,3,1,4,0,0
hybrid_road_roadscity,lookahead,19,3,21260906,0,7,158,6,5,0,2,0,0
hybrid_road_roadscity,baseline,20,0,21260907,0,7,146,13,5,0,2,1,0
hybrid_road_roadscity,lookahead,20,0,21260907,0,6,112,3,0,2,4,0,0
hybrid_road_roadscity,baseline,20,1,21260908,0,8,145,6,1,2,4,0,0
hybrid_road_roadscity,lookahead,20,1,21260908,0,6,137,6,1,2,1,0,0
hybrid_road_roadscity,baseline,20,2,21260909,0,3,108,12,3,0,1,0,0
hybrid_road_roadscity,lookahead,20,2,21260909,0,2,100,8,2,0,0,0,0
hybrid_road_roadscity,baseline,20,3,21260910,0,6,141,10,2,1,6,0,0
hybrid_road_roadscity,lookahead,20,3,21260910,0,7,145,8,4,1,1,0,0
hybrid_road_roadscity,baseline,21,0,21260911,0,5,122,15,4,0,3,0,0
hybrid_road_roadscity,lookahead,21,0,21260911,0,6,134,4,2,1,2,0,0
hybrid_road_roadscity,baseline,21,1,21260912,0,7,135,12,1,3,3,0,0
hybrid_road_roadscity,lookahead,21,1,21260912,0,8,159,5,1,3,1,0,0
hybrid_road_roadscity,baseline,21,2,21260913,0,3,125,6,2,0,7,0,0
hybrid_road_roadscity,lookahead,21,2,21260913,0,4,124,3,3,0,1,0,0
hybrid_road_roadscity,baseline,21,3,21260914,1,10,116,15,4,2,4,0,0
hybrid_road_roadscity,lookahead,21,3,21260914,1,10,96,10,4,3,0,0,0
hybrid_road_roadscity,baseline,22,0,21260915,0,6,127,11,2,1,7,0,0
hybrid_road_roadscity,lookahead,22,0,21260915,0,8,107,6,0,4,1,0,0
hybrid_road_roadscity,baseline,22,1,21260916,0,5,77,12,3,0,6,1,0
hybrid_road_roadscity,lookahead,22,1,21260916,0,9,109,7,0,4,1,0,0
hybrid_road_roadscity,baseline,22,2,21260917,0,8,100,15,5,0,5,0,0
hybrid_road_roadscity,lookahead,22,2,21260917,0,6,90,7,5,0,2,0,0
hybrid_road_roadscity,baseline,22,3,21260918,0,4,94,9,4,0,5,0,0
hybrid_road_roadscity,lookahead,22,3,21260918,0,5,134,7,2,1,1,0,0
hybrid_road_roadscity,baseline,23,0,21260919,1,10,133,13,3,2,6,1,0
hybrid_road_roadscity,lookahead,23,0,21260919,0,9,128,4,0,4,1,0,0
hybrid_road_roadscity,baseline,23,1,21260920,0,7,136,15,5,0,2,1,0
hybrid_road_roadscity,lookahead,23,1,21260920,0,9,132,12,5,0,2,1,0
hybrid_road_roadscity,baseline,23,2,21260921,0,9,149,15,4,1,7,1,0
hybrid_road_roadscity,lookahead,23,2,21260921,0,8,96,7,0,4,0,0,0
hybrid_road_roadscity,baseline,23,3,21260922,0,5,137,15,3,0,7,0,0
hybrid_road_roadscity,lookahead,23,3,21260922,1,10,120,12,3,1,3,1,0
hybrid_road_roadscity,baseline,24,0,21260923,1,10,61,8,1,3,1,1,0
hybrid_road_roadscity,lookahead,24,0,21260923,0,8,74,4,0,3,3,0,0
hybrid_road_roadscity,baseline,24,1,21260924,0,6,85,6,2,1,5,0,0
hybrid_road_roadscity,lookahead,24,1,21260924,0,6,101,5,2,2,0,0,0
hybrid_road_roadscity,baseline,24,2,21260925,0,4,92,8,4,0,4,0,0
hybrid_road_roadscity,lookahead,24,2,21260925,0,3,100,3,2,0,1,0,0
hybrid_road_roadscity,baseline,24,3,21260926,0,4,105,11,3,0,4,0,0
hybrid_road_roadscity,lookahead,24,3,21260926,0,6,118,6,3,0,4,0,0
hybrid_road_roadscity,baseline,25,0,21260927,1,10,93,7,1,4,3,0,0
hybrid_road_roadscity,lookahead,25,0,21260927,1,10,69,7,0,4,4,0,0
hybrid_road_roadscity,baseline,25,1,21260928,0,3,49,6,3,0,1,0,0
hybrid_road_roadscity,lookahead,25,1,21260928,0,8,109,8,2,3,0,0,0
hybrid_road_roadscity,baseline,25,2,21260929,0,9,109,12,4,1,3,1,0
hybrid_road_roadscity,lookahead,25,2,21260929,1,10,107,10,0,4,0,1,0
hybrid_road_roadscity,baseline,25,3,21260930,1,10,140,9,1,4,5,0,0
hybrid_road_roadscity,lookahead,25,3,21260930,0,9,119,7,2,3,1,0,0
hybrid_road_roadscity,baseline,26,0,21260931,0,6,114,13,3,0,7,1,0
hybrid_road_roadscity,lookahead,26,0,21260931,1,10,97,6,0,4,2,0,0
hybrid_road_roadscity,baseline,26,1,21260932,1,10,150,12,0,4,7,0,0
hybrid_road_roadscity,lookahead,26,1,21260932,1,10,106,6,1,3,5,0,0
hybrid_road_roadscity,baseline,26,2,21260933,0,7,85,10,4,0,3,1,0
hybrid_road_roadscity,lookahead,26,2,21260933,1,10,163,9,4,2,3,0,0
hybrid_road_roadscity,baseline,26,3,21260934,0,7,101,12,4,0,3,1,0
hybrid_road_roadscity,lookahead,26,3,21260934,0,7,121,11,5,0,0,1,0
hybrid_road_roadscity,baseline,27,0,21260935,0,8,140,15,5,0,4,1,0
hybrid_road_roadscity,lookahead,27,0,21260935,1,10,105,7,2,3,3,0,0
hybrid_road_roadscity,baseline,27,1,21260936,0,4,121,15,3,0,4,0,0
hybrid_road_roadscity,lookahead,27,1,21260936,1,10,138,13,4,1,2,1,0
hybrid_road_roadscity,baseline,27,2,21260937,0,9,101,12,5,0,6,1,0
hybrid_road_roadscity,lookahead,27,2,21260937,0,9,142,6,5,0,5,0,0
hybrid_road_roadscity,baseline,27,3,21260938,0,5,93,8,0,2,4,0,0
hybrid_road_roadscity,lookahead,27,3,21260938,1,10,132,9,2,3,2,0,0
hybrid_road_roadscity,baseline,28,0,21260939,0,9,90,9,0,4,7,0,0
hybrid_road_roadscity,lookahead,28,0,21260939,0,8,122,9,3,1,3,0,0
hybrid_road_roadscity,baseline,28,1,21260940,0,3,133,13,1,1,5,0,0
hybrid_road_roadscity,lookahead,28,1,21260940,0,7,136,6,1,2,3,0,0
hybrid_road_roadscity,baseline,28,2,21260941,0,6,153,15,4,1,3,0,0
hybrid_road_roadscity,lookahead,28,2,21260941,1,11,103,14,5,2,0,1,0
hybrid_road_roadscity,baseline,28,3,21260942,0,7,111,8,2,1,4,0,0
hybrid_road_roadscity,lookahead,28,3,21260942,0,4,109,5,3,0,1,0,0
hybrid_road_roadscity,baseline,29,0,21260943,0,3,119,10,2,0,5,0,0
hybrid_road_roadscity,lookahead,29,0,21260943,1,10,133,8,2,3,3,0,0
hybrid_road_roadscity,baseline,29,1,21260944,0,6,85,12,2,1,4,1,0
hybrid_road_roadscity,lookahead,29,1,21260944,1,10,114,5,1,3,4,0,0
hybrid_road_roadscity,baseline,29,2,21260945,0,5,113,7,1,2,4,0,0
hybrid_road_roadscity,lookahead,29,2,21260945,1,10,115,3,0,3,7,0,0
hybrid_road_roadscity,baseline,29,3,21260946,0,3,73,7,2,0,3,0,0
hybrid_road_roadscity,lookahead,29,3,21260946,0,2,75,3,2,0,0,0,0
hybrid_road_roadscity,baseline,30,0,21260947,1,10,141,15,2,3,6,0,0
hybrid_road_roadscity,lookahead,30,0,21260947,1,10,161,6,1,3,3,0,0
hybrid_road_roadscity,baseline,30,1,21260948,0,2,77,13,2,0,1,0,0
hybrid_road_roadscity,lookahead,30,1,21260948,0,5,65,6,3,0,0,1,0
hybrid_road_roadscity,baseline,30,2,21260949,1,10,95,11,1,4,2,0,0
hybrid_road_roadscity,lookahead,30,2,21260949,0,8,176,2,0,2,6,0,0
hybrid_road_roadscity,baseline,30,3,21260950,0,5,125,12,5,0,4,0,0
hybrid_road_roadscity,lookahead,30,3,21260950,0,9,161,9,5,0,5,0,0
hybrid_road_roadscity,baseline,31,0,21260951,0,6,106,10,2,2,1,0,0
hybrid_road_roadscity,lookahead,31,0,21260951,0,5,82,4,0,2,1,0,0
hybrid_road_roadscity,baseline,31,1,21260952,0,6,115,11,3,1,5,0,0
hybrid_road_roadscity,lookahead,31,1,21260952,0,6,112,6,3,1,3,0,0
hybrid_road_roadscity,baseline,31,2,21260953,0,6,109,6,2,1,8,0,0
hybrid_road_roadscity,lookahead,31,2,21260953,0,8,132,7,2,2,3,0,0
hybrid_road_roadscity,baseline,31,3,21260954,0,9,173,10,4,1,4,0,0
hybrid_road_roadscity,lookahead,31,3,21260954,0,7,105,5,4,0,3,0,0
hybrid_road_roadscity,baseline,32,0,21260955,0,4,114,12,4,0,5,0,0
hybrid_road_roadscity,lookahead,32,0,21260955,1,10,85,8,0,4,2,0,0
hybrid_road_roadscity,baseline,32,1,21260956,1,10,122,15,0,4,2,1,0
hybrid_road_roadscity,lookahead,32,1,21260956,1,10,102,8,4,2,3,0,0
hybrid_road_roadscity,baseline,32,2,21260957,0,6,125,10,5,0,6,0,0
hybrid_road_roadscity,lookahead,32,2,21260957,0,3,96,3,3,0,0,0,0
hybrid_road_roadscity,baseline,32,3,21260958,0,9,138,11,1,3,4,0,0
hybrid_road_roadscity,lookahead,32,3,21260958,0,9,113,10,5,1,2,0,0
hybrid_road_roadscity,baseline,33,0,21260959,0,6,118,11,2,1,9,0,0
hybrid_road_roadscity,lookahead,33,0,21260959,0,9,106,7,1,3,3,0,0
hybrid_road_roadscity,baseline,33,1,21260960,0,8,124,14,5,0,6,1,0
hybrid_road_roadscity,lookahead,33,1,21260960,1,11,74,8,1,3,2,1,0
hybrid_road_roadscity,baseline,33,2,21260961,0,9,105,8,0,4,3,0,0
hybrid_road_roadscity,lookahead,33,2,21260961,0,5,90,2,2,0,5,0,0
hybrid_road_roadscity,baseline,33,3,21260962,0,9,173,15,3,3,7,0,0
hybrid_road_roadscity,lookahead,33,3,21260962,0,4,127,3,2,0,2,0,0
hybrid_road_roadscity,baseline,34,0,21260963,0,4,50,6,1,1,3,0,0
hybrid_road_roadscity,lookahead,34,0,21260963,0,8,82,5,1,3,2,0,0
hybrid_road_roadscity,baseline,34,1,21260964,0,4,88,9,3,0,4,0,0
hybrid_road_roadscity,lookahead,34,1,21260964,0,7,92,4,1,2,2,0,0
hybrid_road_roadscity,baseline,34,2,21260965,1,10,95,10,1,2,4,1,0
hybrid_road_roadscity,lookahead,34,2,21260965,1,10,115,6,0,4,2,0,0
hybrid_road_roadscity,baseline,34,3,21260966,0,9,109,12,2,2,7,1,0
hybrid_road_roadscity,lookahead,34,3,21260966,0,8,65,6,5,0,3,0,0
hybrid_road_roadscity,baseline,35,0,21260967,0,4,118,14,3,0,4,0,0
hybrid_road_roadscity,lookahead,35,0,21260967,0,6,132,9,5,0,2,0,0
hybrid_road_roadscity,baseline,35,1,21260968,0,7,117,15,5,0,5,1,0
hybrid_road_roadscity,lookahead,35,1,21260968,0,7,120,10,5,1,0,0,0
hybrid_road_roadscity,baseline,35,2,21260969,1,10,123,12,2,3,1,1,0
hybrid_road_roadscity,lookahead,35,2,21260969,0,5,77,7,2,0,1,1,0
hybrid_road_roadscity,baseline,35,3,21260970,0,9,146,15,1,4,2,0,0
hybrid_road_roadscity,lookahead,35,3,21260970,1,10,112,4,0,4,2,0,0
hybrid_road_roadscity,baseline,36,0,21260971,0,9,128,15,0,3,3,1,0
hybrid_road_roadscity,lookahead,36,0,21260971,1,10,77,6,1,3,3,0,0
hybrid_road_roadscity,baseline,36,1,21260972,0,6,89,10,1,2,6,0,0
hybrid_road_roadscity,lookahead,36,1,21260972,1,10,94,5,1,3,6,0,0
hybrid_road_roadscity,baseline,36,2,21260973,0,7,128,6,0,3,6,0,0
hybrid_road_roadscity,lookahead,36,2,21260973,0,7,145,3,0,2,3,0,0
hybrid_road_roadscity,baseline,36,3,21260974,0,5,135,6,2,1,6,0,0
hybrid_road_roadscity,lookahead,36,3,21260974,0,7,170,6,5,0,2,0,0
hybrid_road_roadscity,baseline,37,0,21260975,0,9,127,15,1,4,2,0,0
hybrid_road_roadscity,lookahead,37,0,21260975,1,10,97,4,0,4,5,0,0
hybrid_road_roadscity,baseline,37,1,21260976,0,3,65,8,2,0,2,0,0
hybrid_road_roadscity,lookahead,37,1,21260976,0,8,100,14,2,2,0,1,0
hybrid_road_roadscity,baseline,37,2,21260977,0,5,93,11,3,0,2,1,0
hybrid_road_roadscity,lookahead,37,2,21260977,0,6,93,7,4,1,0,0,0
hybrid_road_roadscity,baseline,37,3,21260978,0,3,69,9,2,0,2,0,0
hybrid_road_roadscity,lookahead,37,3,21260978,0,6,97,8,5,0,1,0,0
hybrid_road_roadscity,baseline,38,0,21260979,1,10,121,15,2,3,4,0,0
hybrid_road_roadscity,lookahead,38,0,21260979,1,10,113,9,2,3,2,0,0
hybrid_road_roadscity,baseline,38,1,21260980,0,8,151,15,3,2,4,0,0
hybrid_road_roadscity,lookahead,38,1,21260980,0,5,119,7,2,1,1,0,0
hybrid_road_roadscity,baseline,38,2,21260981,0,6,117,13,4,0,4,1,0
hybrid_road_roadscity,lookahead,38,2,21260981,0,5,117,4,2,0,3,0,0
hybrid_road_roadscity,baseline,38,3,21260982,0,8,101,15,1,3,3,0,0
hybrid_road_roadscity,lookahead,38,3,21260982,0,7,77,10,3,2,0,0,0
hybrid_road_roadscity,baseline,39,0,21260983,0,4,98,11,3,0,3,0,0
hybrid_road_roadscity,lookahead,39,0,21260983,0,9,110,5,0,4,1,0,0
hybrid_road_roadscity,baseline,39,1,21260984,0,9,145,9,1,3,5,0,0
hybrid_road_roadscity,lookahead,39,1,21260984,1,10,102,12,4,2,2,1,0
hybrid_road_roadscity,baseline,39,2,21260985,0,5,97,4,0,2,6,0,0
hybrid_road_roadscity,lookahead,39,2,21260985,1,10,95,4,0,3,7,0,0
hybrid_road_roadscity,baseline,39,3,21260986,0,6,121,6,2,1,7,0,0
hybrid_road_roadscity,lookahead,39,3,21260986,0,6,145,4,1,2,1,0,0
hybrid_road_roadscity,baseline,40,0,21260987,0,4,86,12,4,0,0,0,0
hybrid_road_roadscity,lookahead,40,0,21260987,0,8,103,9,4,1,2,0,0
hybrid_road_roadscity,baseline,40,1,21260988,0,9,111,14,1,4,4,0,0
hybrid_road_roadscity,lookahead,40,1,21260988,1,10,110,5,1,3,4,0,0
hybrid_road_roadscity,baseline,40,2,21260989,0,6,101,15,0,2,2,1,0
hybrid_road_roadscity,lookahead,40,2,21260989,1,10,115,6,2,2,4,0,0
hybrid_road_roadscity,baseline,40,3,21260990,1,10,112,15,3,2,5,0,0
hybrid_road_roadscity,lookahead,40,3,21260990,0,9,145,10,5,1,2,0,0
hybrid_road_roadscity,baseline,41,0,21260991,0,8,102,7,4,0,7,0,0
hybrid_road_roadscity,lookahead,41,0,21260991,1,10,165,5,1,3,5,0,0
hybrid_road_roadscity,baseline,41,1,21260992,0,3,77,2,1,1,5,0,0
hybrid_road_roadscity,lookahead,41,1,21260992,0,9,181,4,1,3,2,0,0
hybrid_road_roadscity,baseline,41,2,21260993,0,6,94,4,2,1,6,0,0
hybrid_road_roadscity,lookahead,41,2,21260993,0,6,113,4,1,2,3,0,0
hybrid_road_roadscity,baseline,41,3,21260994,1,10,108,15,2,2,3,1,0
hybrid_road_roadscity,lookahead,41,3,21260994,0,5,111,3,0,2,1,0,0
hybrid_road_roadscity,baseline,42,0,21260995,0,7,96,9,0,3,5,0,0
hybrid_road_roadscity,lookahead,42,0,21260995,0,7,132,4,3,1,3,0,0
hybrid_road_roadscity,baseline,42,1,21260996,0,4,81,9,3,0,3,0,0
hybrid_road_roadscity,lookahead,42,1,21260996,0,4,61,9,4,0,0,0,0
hybrid_road_roadscity,baseline,42,2,21260997,0,8,142,15,4,1,6,0,0
hybrid_road_roadscity,lookahead,42,2,21260997,1,10,135,8,1,3,4,0,0
hybrid_road_roadscity,baseline,42,3,21260998,1,10,104,11,2,2,11,0,0
hybrid_road_roadscity,lookahead,42,3,21260998,0,9,127,2,0,2,12,0,0
hybrid_road_roadscity,baseline,43,0,21260999,0,6,130,15,4,1,3,0,0
hybrid_road_roadscity,lookahead,43,0,21260999,1,10,57,11,4,2,3,0,0
hybrid_road_roadscity,baseline,43,1,21261000,0,3,93,4,1,1,2,0,0
hybrid_road_roadscity,lookahead,43,1,21261000,0,7,137,4,0,3,3,0,0
hybrid_road_roadscity,baseline,43,2,21261001,0,7,137,15,3,1,4,0,0
hybrid_road_roadscity,lookahead,43,2,21261001,0,8,145,8,5,0,4,0,0
hybrid_road_roadscity,baseline,43,3,21261002,0,5,111,11,2,1,3,0,0
hybrid_road_roadscity,lookahead,43,3,21261002,0,6,137,3,2,1,3,0,0
hybrid_road_roadscity,baseline,44,0,21261003,1,10,69,12,1,3,2,1,0
hybrid_road_roadscity,lookahead,44,0,21261003,0,7,74,3,1,2,2,0,0
hybrid_road_roadscity,baseline,44,1,21261004,0,5,149,7,4,0,7,0,0
hybrid_road_roadscity,lookahead,44,1,21261004,1,10,106,6,2,3,2,0,0
hybrid_road_roadscity,baseline,44,2,21261005,0,5,104,15,5,0,5,0,0
hybrid_road_roadscity,lookahead,44,2,21261005,1,10,75,15,4,2,0,1,0
hybrid_road_roadscity,baseline,44,3,21261006,0,6,103,10,3,0,2,1,0
hybrid_road_roadscity,lookahead,44,3,21261006,0,6,115,7,5,0,1,0,0
hybrid_road_roadscity,baseline,45,0,21261007,0,9,128,13,3,2,6,0,0
hybrid_road_roadscity,lookahead,45,0,21261007,1,10,73,4,0,4,2,0,0
hybrid_road_roadscity,baseline,45,1,21261008,0,6,101,6,4,0,6,0,0
hybrid_road_roadscity,lookahead,45,1,21261008,1,10,126,8,2,3,2,0,0
hybrid_road_roadscity,baseline,45,2,21261009,0,2,65,6,2,0,5,0,0
hybrid_road_roadscity,lookahead,45,2,21261009,0,2,73,3,2,0,0,0,0
hybrid_road_roadscity,baseline,45,3,21261010,0,6,154,13,4,1,3,0,0
hybrid_road_roadscity,lookahead,45,3,21261010,0,9,150,10,1,4,0,0,0
hybrid_road_roadscity,baseline,46,0,21261011,0,8,168,15,0,3,5,0,0
hybrid_road_roadscity,lookahead,46,0,21261011,1,10,97,4,1,3,3,0,0
hybrid_road_roadscity,baseline,46,1,21261012,1,10,162,13,1,3,6,1,0
hybrid_road_roadscity,lookahead,46,1,21261012,0,9,153,9,0,3,4,0,0
hybrid_road_roadscity,baseline,46,2,21261013,0,7,121,7,0,2,5,0,0
hybrid_road_roadscity,lookahead,46,2,21261013,0,6,97,3,2,1,2,0,0
hybrid_road_roadscity,baseline,46,3,21261014,0,7,137,6,3,1,8,0,0
hybrid_road_roadscity,lookahead,46,3,21261014,1,10,104,6,2,3,2,0,0
hybrid_road_roadscity,baseline,47,0,21261015,0,8,138,10,1,3,7,0,0
hybrid_road_roadscity,lookahead,47,0,21261015,0,6,106,4,3,0,3,0,0
hybrid_road_roadscity,baseline,47,1,21261016,1,10,138,12,1,4,3,0,0
hybrid_road_roadscity,lookahead,47,1,21261016,0,5,85,3,1,1,2,0,0
hybrid_road_roadscity,baseline,47,2,21261017,0,3,69,2,2,0,5,0,0
hybrid_road_roadscity,lookahead,47,2,21261017,1,10,119,8,2,3,2,0,0
hybrid_road_roadscity,baseline,47,3,21261018,0,7,111,13,2,2,4,0,0
hybrid_road_roadscity,lookahead,47,3,21261018,0,6,121,4,3,1,1,0,0
hybrid_road_roadscity,baseline,48,0,21261019,0,8,132,10,1,3,3,0,0
hybrid_road_roadscity,lookahead,48,0,21261019,1,10,85,5,0,4,2,0,0
hybrid_road_roadscity,baseline,48,1,21261020,0,7,79,13,5,0,3,0,0
hybrid_road_roadscity,lookahead,48,1,21261020,1,10,78,10,4,1,2,1,0
hybrid_road_roadscity,baseline,48,2,21261021,0,5,161,14,4,0,3,0,0
hybrid_road_roadscity,lookahead,48,2,21261021,0,5,125,6,3,0,2,0,0
hybrid_road_roadscity,baseline,48,3,21261022,0,8,161,15,3,2,6,0,0
hybrid_road_roadscity,lookahead,48,3,21261022,1,10,112,10,4,1,5,0,0
hybrid_road_roadscity,baseline,49,0,21261023,0,3,86,13,3,0,2,0,0
hybrid_road_roadscity,lookahead,49,0,21261023,1,10,109,12,4,1,2,1,0
hybrid_road_roadscity,baseline,49,1,21261024,0,8,105,15,0,4,2,0,0
hybrid_road_roadscity,lookahead,49,1,21261024,0,9,88,5,2,3,1,0,0
hybrid_road_roadscity,baseline,49,2,21261025,0,8,129,15,3,1,4,1,0
hybrid_road_roadscity,lookahead,49,2,21261025,1,10,67,13,5,0,3,1,0
hybrid_road_roadscity,baseline,49,3,21261026,0,6,173,11,0,2,8,0,0
hybrid_road_roadscity,lookahead,49,3,21261026,0,9,131,8,3,2,3,0,0
hybrid_road_roadscity,baseline,50,0,21261027,0,3,86,6,1,1,3,0,0
hybrid_road_roadscity,lookahead,50,0,21261027,0,9,84,3,0,3,3,0,0
hybrid_road_roadscity,baseline,50,1,21261028,0,4,69,9,2,1,0,0,0
hybrid_road_roadscity,lookahead,50,1,21261028,1,10,118,9,2,3,3,0,0
hybrid_road_roadscity,baseline,50,2,21261029,0,4,100,5,3,0,4,0,0
hybrid_road_roadscity,lookahead,50,2,21261029,0,7,118,2,0,2,3,0,0
hybrid_road_roadscity,baseline,50,3,21261030,0,5,93,10,1,1,2,1,0
hybrid_road_roadscity,lookahead,50,3,21261030,0,7,111,2,0,2,7,0,0
hybrid_road_roadscity,baseline,51,0,21261031,0,7,86,6,0,2,7,0,0
hybrid_road_roadscity,lookahead,51,0,21261031,0,8,118,3,0,3,4,0,0
hybrid_road_roadscity,baseline,51,1,21261032,0,8,129,6,2,2,7,0,0
hybrid_road_roadscity,lookahead,51,1,21261032,0,6,101,4,0,2,2,0,0
hybrid_road_roadscity,baseline,51,2,21261033,1,10,115,15,3,2,4,1,0
hybrid_road_roadscity,lookahead,51,2,21261033,0,7,149,13,4,0,1,1,0
hybrid_road_roadscity,baseline,51,3,21261034,1,10,128,15,1,2,4,1,0
hybrid_road_roadscity,lookahead,51,3,21261034,0,9,115,8,2,3,2,0,0
hybrid_road_roadscity,baseline,52,0,21261035,0,9,130,15,5,0,5,1,0
hybrid_road_roadscity,lookahead,52,0,21261035,1,10,113,6,0,4,2,0,0
hybrid_road_roadscity,baseline,52,1,21261036,0,5,109,10,3,0,6,0,0
hybrid_road_roadscity,lookahead,52,1,21261036,0,7,113,7,4,0,3,0,0
hybrid_road_roadscity,baseline,52,2,21261037,0,9,162,15,2,3,5,0,0
hybrid_road_roadscity,lookahead,52,2,21261037,0,6,161,8,3,1,4,0,0
hybrid_road_roadscity,baseline,52,3,21261038,0,7,173,15,1,2,3,1,0
hybrid_road_roadscity,lookahead,52,3,21261038,1,10,92,6,3,2,4,0,0
hybrid_road_roadscity,baseline,53,0,21261039,0,4,82,10,1,1,5,0,0
hybrid_road_roadscity,lookahead,53,0,21261039,1,10,109,9,4,2,3,0,0
hybrid_road_roadscity,baseline,53,1,21261040,1,10,102,13,3,1,6,1,0
hybrid_road_roadscity,lookahead,53,1,21261040,1,10,86,5,2,3,2,0,0
hybrid_road_roadscity,baseline,53,2,21261041,1,10,147,15,1,4,6,0,0
hybrid_road_roadscity,lookahead,53,2,21261041,0,8,129,15,5,0,1,1,0
hybrid_road_roadscity,baseline,53,3,21261042,0,7,129,11,5,0,4,0,0
hybrid_road_roadscity,lookahead,53,3,21261042,0,5,81,5,1,1,3,0,0
hybrid_road_roadscity,baseline,54,0,21261043,0,8,154,15,5,0,4,1,0
hybrid_road_roadscity,lookahead,54,0,21261043,1,10,117,12,5,1,1,1,0
hybrid_road_roadscity,baseline,54,1,21261044,0,5,85,12,3,0,1,1,0
hybrid_road_roadscity,lookahead,54,1,21261044,0,7,105,6,4,0,4,0,0
hybrid_road_roadscity,baseline,54,2,21261045,0,6,97,12,4,0,5,1,0
hybrid_road_roadscity,lookahead,54,2,21261045,1,10,111,10,3,3,2,0,0
hybrid_road_roadscity,baseline,54,3,21261046,0,6,101,9,2,1,5,1,0
hybrid_road_roadscity,lookahead,54,3,21261046,0,5,125,4,0,2,2,0,0
hybrid_road_roadscity,baseline,55,0,21261047,0,8,112,7,1,2,7,0,0
hybrid_road_roadscity,lookahead,55,0,21261047,0,8,120,5,1,3,1,0,0
hybrid_road_roadscity,baseline,55,1,21261048,0,6,125,14,3,0,3,1,0
hybrid_road_roadscity,lookahead,55,1,21261048,0,7,147,8,3,1,2,0,0
hybrid_road_roadscity,baseline,55,2,21261049,0,6,108,10,4,0,4,0,0
hybrid_road_roadscity,lookahead,55,2,21261049,1,10,95,11,5,1,1,1,0
hybrid_road_roadscity,baseline,55,3,21261050,0,9,133,15,4,1,5,1,0
hybrid_road_roadscity,lookahead,55,3,21261050,1,10,164,5,2,2,8,0,0
hybrid_road_roadscity,baseline,56,0,21261051,0,8,140,15,2,1,5,1,0
hybrid_road_roadscity,lookahead,56,0,21261051,1,11,149,13,5,1,2,1,0
hybrid_road_roadscity,baseline,56,1,21261052,0,4,89,6,2,1,0,0,0
hybrid_road_roadscity,lookahead,56,1,21261052,0,3,85,3,3,0,0,0,0
hybrid_road_roadscity,baseline,56,2,21261053,0,7,118,13,4,1,3,0,0
hybrid_road_roadscity,lookahead,56,2,21261053,0,8,113,10,2,3,1,0,0
hybrid_road_roadscity,baseline,56,3,21261054,0,4,73,10,4,0,2,0,0
hybrid_road_roadscity,lookahead,56,3,21261054,0,6,123,10,5,0,1,0,0
hybrid_road_roadscity,baseline,57,0,21261055,0,6,103,13,4,1,2,0,0
hybrid_road_roadscity,lookahead,57,0,21261055,0,9,151,9,2,3,1,0,0
hybrid_road_roadscity,baseline,57,1,21261056,1,10,62,9,1,3,2,1,0
hybrid_road_roadscity,lookahead,57,1,21261056,1,10,82,4,0,4,8,0,0
hybrid_road_roadscity,baseline,57,2,21261057,0,6,133,10,2,1,6,0,0
hybrid_road_roadscity,lookahead,57,2,21261057,0,2,129,3,2,0,0,0,0
hybrid_road_roadscity,baseline,57,3,21261058,1,10,140,15,4,1,6,1,0
hybrid_road_roadscity,lookahead,57,3,21261058,0,7,158,11,5,0,2,0,0
hybrid_road_roadscity,baseline,58,0,21261059,0,4,80,8,0,2,3,0,0
hybrid_road_roadscity,lookahead,58,0,21261059,0,5,86,2,0,2,1,0,0
hybrid_road_roadscity,baseline,58,1,21261060,0,5,80,6,0,2,6,0,0
hybrid_road_roadscity,lookahead,58,1,21261060,0,7,119,2,0,2,4,0,0
hybrid_road_roadscity,baseline,58,2,21261061,0,6,93,11,0,2,5,0,0
hybrid_road_roadscity,lookahead,58,2,21261061,1,10,59,9,2,3,3,0,0
hybrid_road_roadscity,baseline,58,3,21261062,0,6,145,15,5,0,3,0,0
hybrid_road_roadscity,lookahead,58,3,21261062,1,10,112,5,1,3,3,0,0
hybrid_road_roadscity,baseline,59,0,21261063,0,6,86,6,1,2,6,0,0
hybrid_road_roadscity,lookahead,59,0,21261063,1,10,101,4,1,3,4,0,0
hybrid_road_roadscity,baseline,59,1,21261064,0,5,115,9,2,1,6,0,0
hybrid_road_roadscity,lookahead,59,1,21261064,0,5,85,3,1,1,2,0,0
hybrid_road_roadscity,baseline,59,2,21261065,1,10,175,10,0,4,8,0,0
hybrid_road_roadscity,lookahead,59,2,21261065,0,8,126,7,0,3,2,0,0
hybrid_road_roadscity,baseline,59,3,21261066,0,7,179,15,1,2,4,0,0
hybrid_road_roadscity,lookahead,59,3,21261066,0,5,169,9,5,0,0,0,0
hybrid_road_roadscity,baseline,60,0,21261067,0,3,96,8,3,0,1,0,0
hybrid_road_roadscity,lookahead,60,0,21261067,1,10,89,4,0,4,3,0,0
hybrid_road_roadscity,baseline,60,1,21261068,0,7,101,13,0,2,2,1,0
hybrid_road_roadscity,lookahead,60,1,21261068,0,4,129,3,0,2,2,0,0
hybrid_road_roadscity,baseline,60,2,21261069,0,2,65,3,2,0,6,0,0
hybrid_road_roadscity,lookahead,60,2,21261069,0,5,73,5,4,0,1,0,0
hybrid_road_roadscity,baseline,60,3,21261070,0,5,101,7,3,0,3,0,0
hybrid_road_roadscity,lookahead,60,3,21261070,0,7,93,6,3,1,2,0,0
hybrid_road_roadscity,baseline,61,0,21261071,1,10,145,10,0,3,6,0,0
hybrid_road_roadscity,lookahead,61,0,21261071,1,10,81,5,1,3,4,0,0
hybrid_road_roadscity,baseline,61,1,21261072,0,6,131,11,3,1,5,0,0
hybrid_road_roadscity,lookahead,61,1,21261072,0,7,148,15,5,0,0,1,0
hybrid_road_roadscity,baseline,61,2,21261073,0,8,153,12,2,3,4,0,0
hybrid_road_roadscity,lookahead,61,2,21261073,1,11,123,13,3,2,2,1,0
hybrid_road_roadscity,baseline,61,3,21261074,0,5,69,6,1,2,2,0,0
hybrid_road_roadscity,lookahead,61,3,21261074,0,6,153,4,4,0,2,0,0
hybrid_road_roadscity,baseline,62,0,21261075,0,9,142,15,0,4,3,0,0
hybrid_road_roadscity,lookahead,62,0,21261075,1,10,101,6,1,4,1,0,0
hybrid_road_roadscity,baseline,62,1,21261076,1,10,130,9,1,3,2,1,0
hybrid_road_roadscity,lookahead,62,1,21261076,1,10,82,5,0,4,2,0,0
hybrid_road_roadscity,baseline,62,2,21261077,0,7,77,6,0,3,3,0,0
hybrid_road_roadscity,lookahead,62,2,21261077,0,6,100,4,0,2,2,0,0
hybrid_road_roadscity,baseline,62,3,21261078,0,9,158,13,2,2,5,1,0
hybrid_road_roadscity,lookahead,62,3,21261078,0,8,165,8,0,4,0,0,0
hybrid_road_roadscity,baseline,63,0,21261079,0,8,122,15,5,0,4,1,0
hybrid_road_roadscity,lookahead,63,0,21261079,0,6,78,4,0,2,2,0,0
hybrid_road_roadscity,baseline,63,1,21261080,0,6,137,12,4,0,6,0,0
hybrid_road_roadscity,lookahead,63,1,21261080,1,10,82,4,1,3,4,0,0
hybrid_road_roadscity,baseline,63,2,21261081,0,5,89,8,2,1,2,0,0
hybrid_road_roadscity,lookahead,63,2,21261081,0,7,117,8,1,2,3,0,0
hybrid_road_roadscity,baseline,63,3,21261082,0,5,99,14,5,0,1,0,0
hybrid_road_roadscity,lookahead,63,3,21261082,0,6,105,9,4,0,2,0,0
hybrid_road_roadscity,baseline,64,0,21261083,1,10,157,15,2,3,7,0,0
hybrid_road_roadscity,lookahead,64,0,21261083,0,9,154,9,3,2,2,0,0
hybrid_road_roadscity,baseline,64,1,21261084,0,5,108,9,2,1,4,0,0
hybrid_road_roadscity,lookahead,64,1,21261084,1,10,98,12,2,3,0,1,0
hybrid_road_roadscity,baseline,64,2,21261085,0,5,108,9,1,2,4,0,0
hybrid_road_roadscity,lookahead,64,2,21261085,0,6,145,8,4,0,2,0,0
hybrid_road_roadscity,baseline,64,3,21261086,0,4,109,12,2,0,4,0,0
hybrid_road_roadscity,lookahead,64,3,21261086,1,10,140,13,5,0,3,1,0
hybrid_road_roadscity,baseline,65,0,21261087,0,3,134,14,3,0,2,0,0
hybrid_road_roadscity,lookahead,65,0,21261087,0,5,146,3,3,0,2,0,0
hybrid_road_roadscity,baseline,65,1,21261088,1,10,122,15,4,2,3,0,0
hybrid_road_roadscity,lookahead,65,1,21261088,1,10,114,10,5,0,3,1,0
hybrid_road_roadscity,baseline,65,2,21261089,0,5,117,14,3,0,1,1,0
hybrid_road_roadscity,lookahead,65,2,21261089,0,5,149,6,4,0,1,0,0
hybrid_road_roadscity,baseline,65,3,21261090,1,10,164,15,2,2,5,1,0
hybrid_road_roadscity,lookahead,65,3,21261090,1,10,164,9,3,3,1,0,0
hybrid_road_roadscity,baseline,66,0,21261091,1,10,101,11,2,3,5,0,0
hybrid_road_roadscity,lookahead,66,0,21261091,0,9,84,6,0,4,1,0,0
hybrid_road_roadscity,baseline,66,1,21261092,0,7,128,9,0,3,3,0,0
hybrid_road_roadscity,lookahead,66,1,21261092,0,4,145,3,0,2,0,0,0
hybrid_road_roadscity,baseline,66,2,21261093,0,6,129,13,4,1,3,0,0
hybrid_road_roadscity,lookahead,66,2,21261093,0,6,105,4,1,2,1,0,0
hybrid_road_roadscity,baseline,66,3,21261094,0,7,141,15,5,0,2,1,0
hybrid_road_roadscity,lookahead,66,3,21261094,0,4,118,6,2,1,0,0,0
hybrid_road_roadscity,baseline,67,0,21261095,0,4,54,9,3,0,3,0,0
hybrid_road_roadscity,lookahead,67,0,21261095,1,10,73,6,2,3,2,0,0
hybrid_road_roadscity,baseline,67,1,21261096,0,3,100,11,3,0,5,0,0
hybrid_road_roadscity,lookahead,67,1,21261096,1,10,114,11,3,2,3,0,0
hybrid_road_roadscity,baseline,67,2,21261097,0,3,81,6,3,0,4,0,0
hybrid_road_roadscity,lookahead,67,2,21261097,0,9,121,5,2,2,3,0,0
hybrid_road_roadscity,baseline,67,3,21261098,0,4,105,10,2,0,5,1,0
hybrid_road_roadscity,lookahead,67,3,21261098,1,10,100,6,2,2,4,0,0
hybrid_road_roadscity,baseline,68,0,21261099,0,9,147,9,0,3,7,0,0
hybrid_road_roadscity,lookahead,68,0,21261099,0,8,151,11,2,3,0,0,0
hybrid_road_roadscity,baseline,68,1,21261100,0,5,109,7,3,0,7,0,0
hybrid_road_roadscity,lookahead,68,1,21261100,1,10,130,6,2,3,2,0,0
hybrid_road_roadscity,baseline,68,2,21261101,0,6,120,14,5,0,6,0,0
hybrid_road_roadscity,lookahead,68,2,21261101,0,4,89,4,4,0,0,0,0
hybrid_road_roadscity,baseline,68,3,21261102,0,6,158,15,3,0,4,1,0
hybrid_road_roadscity,lookahead,68,3,21261102,0,4,122,9,4,0,0,0,0
hybrid_road_roadscity,baseline,69,0,21261103,0,4,106,14,4,0,3,0,0
hybrid_road_roadscity,lookahead,69,0,21261103,0,6,158,4,0,2,2,0,0
hybrid_road_roadscity,baseline,69,1,21261104,0,5,125,13,5,0,0,0,0
hybrid_road_roadscity,lookahead,69,1,21261104,0,4,125,4,2,0,3,0,0
hybrid_road_roadscity,baseline,69,2,21261105,0,8,125,15,4,1,2,1,0
hybrid_road_roadscity,lookahead,69,2,21261105,0,5,121,5,1,2,1,0,0
hybrid_road_roadscity,baseline,69,3,21261106,0,8,125,13,5,1,5,0,0
hybrid_road_roadscity,lookahead,69,3,21261106,1,10,112,9,4,2,2,0,0
hybrid_road_roadscity,baseline,70,0,21261107,0,5,138,15,5,0,4,0,0
hybrid_road_roadscity,lookahead,70,0,21261107,1,10,125,4,0,4,3,0,0
hybrid_road_roadscity,baseline,70,1,21261108,0,3,123,7,1,1,3,0,0
hybrid_road_roadscity,lookahead,70,1,21261108,0,8,160,5,2,2,2,0,0
hybrid_road_roadscity,baseline,70,2,21261109,0,5,105,14,1,2,4,0,0
hybrid_road_roadscity,lookahead,70,2,21261109,1,10,115,5,1,3,3,0,0
hybrid_road_roadscity,baseline,70,3,21261110,0,5,135,9,4,0,6,0,0
hybrid_road_roadscity,lookahead,70,3,21261110,0,4,73,3,3,0,1,0,0
hybrid_road_roadscity,baseline,71,0,21261111,0,6,124,11,3,0,4,0,0
hybrid_road_roadscity,lookahead,71,0,21261111,0,8,110,6,0,3,4,0,0
hybrid_road_roadscity,baseline,71,1,21261112,1,10,154,15,2,4,3,0,0
hybrid_road_roadscity,lookahead,71,1,21261112,0,8,131,7,1,3,4,0,0
hybrid_road_roadscity,baseline,71,2,21261113,0,4,92,8,2,1,5,0,0
hybrid_road_roadscity,lookahead,71,2,21261113,0,4,108,6,2,0,2,0,0
hybrid_road_roadscity,baseline,71,3,21261114,0,5,143,10,3,1,5,0,0
hybrid_road_roadscity,lookahead,71,3,21261114,0,6,151,4,4,0,2,0,0
hybrid_road_roadscity,baseline,72,0,21261115,1,10,157,14,3,2,8,0,0
hybrid_road_roadscity,lookahead,72,0,21261115,1,10,101,9,0,4,3,0,0
hybrid_road_roadscity,baseline,72,1,21261116,0,3,129,6,2,0,5,0,0
hybrid_road_roadscity,lookahead,72,1,21261116,0,5,133,3,2,0,3,0,0
hybrid_road_roadscity,baseline,72,2,21261117,0,9,101,10,4,1,6,0,0
hybrid_road_roadscity,lookahead,72,2,21261117,1,10,107,6,1,3,4,0,0
hybrid_road_roadscity,baseline,72,3,21261118,0,9,121,15,0,4,1,0,0
hybrid_road_roadscity,lookahead,72,3,21261118,1,10,92,5,0,4,2,0,0
hybrid_road_roadscity,baseline,73,0,21261119,0,7,122,9,4,1,4,0,0
hybrid_road_roadscity,lookahead,73,0,21261119,0,8,98,3,0,3,2,0,0
hybrid_road_roadscity,baseline,73,1,21261120,0,7,155,15,2,2,5,0,0
hybrid_road_roadscity,lookahead,73,1,21261120,1,10,102,8,4,2,2,0,0
hybrid_road_roadscity,baseline,73,2,21261121,0,6,130,4,1,1,7,0,0
hybrid_road_roadscity,lookahead,73,2,21261121,0,3,89,4,3,0,0,0,0
hybrid_road_roadscity,baseline,73,3,21261122,0,6,121,10,2,1,6,0,0
hybrid_road_roadscity,lookahead,73,3,21261122,0,8,115,5,2,2,3,0,0
hybrid_road_roadscity,baseline,74,0,21261123,1,11,121,14,1,4,1,1,0
hybrid_road_roadscity,lookahead,74,0,21261123,0,6,124,7,3,1,1,0,0
hybrid_road_roadscity,baseline,74,1,21261124,0,9,97,7,1,3,5,0,0
hybrid_road_roadscity,lookahead,74,1,21261124,0,6,117,2,0,2,2,0,0
hybrid_road_roadscity,baseline,74,2,21261125,0,8,109,8,0,3,6,0,0
hybrid_road_roadscity,lookahead,74,2,21261125,0,8,109,4,0,3,4,0,0
hybrid_road_roadscity,baseline,74,3,21261126,0,7,101,4,0,2,8,0,0
hybrid_road_roadscity,lookahead,74,3,21261126,0,8,173,6,2,2,2,0,0
hybrid_road_roadscity,baseline,75,0,21261127,0,8,128,8,1,3,7,0,0
hybrid_road_roadscity,lookahead,75,0,21261127,0,7,136,7,4,1,2,0,0
hybrid_road_roadscity,baseline,75,1,21261128,0,3,49,3,3,0,4,0,0
hybrid_road_roadscity,lookahead,75,1,21261128,0,8,105,5,4,0,6,0,0
hybrid_road_roadscity,baseline,75,2,21261129,0,5,85,5,0,2,3,0,0
hybrid_road_roadscity,lookahead,75,2,21261129,0,3,93,4,1,1,0,0,0
hybrid_road_roadscity,baseline,75,3,21261130,0,2,119,11,2,0,5,0,0
hybrid_road_roadscity,lookahead,75,3,21261130,0,9,103,6,3,2,2,0,0
hybrid_road_roadscity,baseline,76,0,21261131,0,9,143,8,3,2,6,0,0
hybrid_road_roadscity,lookahead,76,0,21261131,1,10,93,6,2,3,2,0,0
hybrid_road_roadscity,baseline,76,1,21261132,0,7,143,12,4,1,5,0,0
hybrid_road_roadscity,lookahead,76,1,21261132,0,5,85,8,4,0,1,0,0
hybrid_road_roadscity,baseline,76,2,21261133,0,9,136,15,2,2,5,0,0
hybrid_road_roadscity,lookahead,76,2,21261133,0,6,121,8,2,2,0,0,0
hybrid_road_roadscity,baseline,76,3,21261134,0,8,121,13,2,2,4,0,0
hybrid_road_roadscity,lookahead,76,3,21261134,0,7,175,12,5,0,3,0,0
hybrid_road_roadscity,baseline,77,0,21261135,0,4,76,5,2,1,6,0,0
hybrid_road_roadscity,lookahead,77,0,21261135,0,9,118,5,0,3,3,0,0
hybrid_road_roadscity,baseline,77,1,21261136,0,4,100,13,3,0,5,0,0
hybrid_road_roadscity,lookahead,77,1,21261136,0,6,124,10,5,0,1,0,0
hybrid_road_roadscity,baseline,77,2,21261137,0,5,129,11,2,1,3,0,0
hybrid_road_roadscity,lookahead,77,2,21261137,0,5,112,4,0,2,1,0,0
hybrid_road_roadscity,baseline,77,3,21261138,0,9,185,14,4,2,6,0,0
hybrid_road_roadscity,lookahead,77,3,21261138,1,10,164,12,5,0,3,1,0
hybrid_road_roadscity,baseline,78,0,21261139,0,5,98,8,4,0,6,0,0
hybrid_road_roadscity,lookahead,78,0,21261139,1,10,109,5,1,3,4,0,0
hybrid_road_roadscity,baseline,78,1,21261140,0,8,144,8,3,1,7,0,0
hybrid_road_roadscity,lookahead,78,1,21261140,1,10,154,7,0,4,2,0,0
hybrid_road_roadscity,baseline,78,2,21261141,0,8,121,15,1,3,1,0,0
hybrid_road_roadscity,lookahead,78,2,21261141,0,9,128,9,5,0,5,0,0
hybrid_road_roadscity,baseline,78,3,21261142,0,5,101,10,2,1,8,0,0
hybrid_road_roadscity,lookahead,78,3,21261142,0,8,85,8,4,1,2,0,0
hybrid_road_roadscity,baseline,79,0,21261143,0,7,136,9,2,2,6,0,0
hybrid_road_roadscity,lookahead,79,0,21261143,0,8,104,5,1,3,2,0,0
hybrid_road_roadscity,baseline,79,1,21261144,0,9,136,14,2,3,2,0,0
hybrid_road_roadscity,lookahead,79,1,21261144,0,8,125,9,2,3,0,0,0
hybrid_road_roadscity,baseline,79,2,21261145,0,7,144,14,2,2,4,0,0
hybrid_road_roadscity,lookahead,79,2,21261145,0,6,121,2,1,1,5,0,0
hybrid_road_roadscity,baseline,79,3,21261146,0,9,141,11,3,2,5,0,0
hybrid_road_roadscity,lookahead,79,3,21261146,0,9,159,11,4,2,1,0,0
hybrid_road_roadscity,baseline,80,0,21261147,1,10,121,14,2,3,6,0,0
hybrid_road_roadscity,lookahead,80,0,21261147,1,10,65,8,4,2,2,0,0
hybrid_road_roadscity,baseline,80,1,21261148,0,7,135,15,3,2,2,0,0
hybrid_road_roadscity,lookahead,80,1,21261148,0,8,104,4,0,4,1,0,0
hybrid_road_roadscity,baseline,80,2,21261149,0,7,114,12,2,2,4,0,0
hybrid_road_roadscity,lookahead,80,2,21261149,0,7,98,9,1,2,3,0,0
hybrid_road_roadscity,baseline,80,3,21261150,0,3,141,11,3,0,1,0,0
hybrid_road_roadscity,lookahead,80,3,21261150,0,6,151,7,4,0,2,0,0
hybrid_road_roadscity,baseline,81,0,21261151,0,8,114,9,1,2,5,0,0
hybrid_road_roadscity,lookahead,81,0,21261151,1,10,113,5,2,2,5,0,0
hybrid_road_roadscity,baseline,81,1,21261152,1,10,146,10,1,3,5,0,0
hybrid_road_roadscity,lookahead,81,1,21261152,0,7,133,6,1,2,2,0,0
hybrid_road_roadscity,baseline,81,2,21261153,0,7,93,11,2,1,5,0,0
hybrid_road_roadscity,lookahead,81,2,21261153,0,8,81,7,2,2,2,0,0
hybrid_road_roadscity,baseline,81,3,21261154,0,8,122,15,4,1,5,0,0
hybrid_road_roadscity,lookahead,81,3,21261154,0,9,135,12,5,0,6,0,0
hybrid_road_roadscity,baseline,82,0,21261155,0,7,124,15,1,2,5,0,0
hybrid_road_roadscity,lookahead,82,0,21261155,1,10,89,4,1,3,3,0,0
hybrid_road_roadscity,baseline,82,1,21261156,0,6,120,11,5,0,7,0,0
hybrid_road_roadscity,lookahead,82,1,21261156,0,9,111,3,0,3,6,0,0
hybrid_road_roadscity,baseline,82,2,21261157,0,8,113,9,0,4,3,0,0
hybrid_road_roadscity,lookahead,82,2,21261157,0,6,117,3,0,2,4,0,0
hybrid_road_roadscity,baseline,82,3,21261158,1,10,100,14,1,2,5,1,0
hybrid_road_roadscity,lookahead,82,3,21261158,0,5,135,5,3,0,2,0,0
hybrid_road_roadscity,baseline,83,0,21261159,0,7,118,8,3,2,1,0,0
hybrid_road_roadscity,lookahead,83,0,21261159,1,10,105,8,1,4,1,0,0
hybrid_road_roadscity,baseline,83,1,21261160,0,3,89,13,3,0,1,0,0
hybrid_road_roadscity,lookahead,83,1,21261160,0,8,173,8,5,1,1,0,0
hybrid_road_roadscity,baseline,83,2,21261161,0,2,85,7,2,0,2,0,0
hybrid_road_roadscity,lookahead,83,2,21261161,0,4,121,3,0,2,0,0,0
hybrid_road_roadscity,baseline,83,3,21261162,1,10,140,15,5,1,3,1,0
hybrid_road_roadscity,lookahead,83,3,21261162,0,4,121,9,4,0,0,0,0
hybrid_road_roadscity,baseline,84,0,21261163,1,10,129,12,1,3,6,1,0
hybrid_road_roadscity,lookahead,84,0,21261163,0,9,184,7,0,4,2,0,0
hybrid_road_roadscity,baseline,84,1,21261164,1,10,146,15,0,4,10,0,0
hybrid_road_roadscity,lookahead,84,1,21261164,0,7,101,3,0,3,3,0,0
hybrid_road_roadscity,baseline,84,2,21261165,0,8,189,9,2,2,6,0,0
hybrid_road_roadscity,lookahead,84,2,21261165,0,8,226,7,5,0,3,0,0
hybrid_road_roadscity,baseline,84,3,21261166,0,5,131,9,3,1,3,0,0
hybrid_road_roadscity,lookahead,84,3,21261166,1,10,108,9,4,3,2,0,0
hybrid_road_roadscity,baseline,85,0,21261167,1,10,145,15,1,3,5,1,0
hybrid_road_roadscity,lookahead,85,0,21261167,0,7,118,8,2,2,3,0,0
hybrid_road_roadscity,baseline,85,1,21261168,0,6,97,12,4,0,4,1,0
hybrid_road_roadscity,lookahead,85,1,21261168,0,7,143,13,5,0,0,1,0
hybrid_road_roadscity,baseline,85,2,21261169,0,6,153,9,3,0,11,0,0
hybrid_road_roadscity,lookahead,85,2,21261169,0,8,157,7,0,3,3,0,0
hybrid_road_roadscity,baseline,85,3,21261170,1,10,116,15,3,2,3,1,0
hybrid_road_roadscity,lookahead,85,3,21261170,1,10,84,13,4,2,1,1,0
hybrid_road_roadscity,baseline,86,0,21261171,0,6,151,15,3,1,3,0,0
hybrid_road_roadscity,lookahead,86,0,21261171,0,6,147,3,0,2,2,0,0
hybrid_road_roadscity,baseline,86,1,21261172,0,3,100,8,1,1,3,0,0
hybrid_road_roadscity,lookahead,86,1,21261172,0,6,89,5,3,1,2,0,0
hybrid_road_roadscity,baseline,86,2,21261173,0,4,112,13,0,2,5,0,0
hybrid_road_roadscity,lookahead,86,2,21261173,0,9,129,5,0,4,2,0,0
hybrid_road_roadscity,baseline,86,3,21261174,1,11,124,13,1,3,8,1,0
hybrid_road_roadscity,lookahead,86,3,21261174,0,8,139,9,5,1,1,0,0
hybrid_road_roadscity,baseline,87,0,21261175,1,10,109,12,2,4,4,0,0
hybrid_road_roadscity,lookahead,87,0,21261175,1,10,89,7,0,4,2,0,0
hybrid_road_roadscity,baseline,87,1,21261176,0,7,171,14,5,0,4,0,0
hybrid_road_roadscity,lookahead,87,1,21261176,0,7,153,7,4,1,1,0,0
hybrid_road_roadscity,baseline,87,2,21261177,0,5,108,14,4,0,3,0,0
hybrid_road_roadscity,lookahead,87,2,21261177,1,10,87,10,3,2,1,1,0
hybrid_road_roadscity,baseline,87,3,21261178,0,6,85,9,2,1,5,0,0
hybrid_road_roadscity,lookahead,87,3,21261178,0,9,85,3,1,2,6,0,0
hybrid_road_roadscity,baseline,88,0,21261179,0,5,78,10,3,0,2,1,0
hybrid_road_roadscity,lookahead,88,0,21261179,1,11,73,10,1,3,3,1,0
hybrid_road_roadscity,baseline,88,1,21261180,0,7,112,9,1,3,5,0,0
hybrid_road_roadscity,lookahead,88,1,21261180,0,5,104,3,0,2,3,0,0
hybrid_road_roadscity,baseline,88,2,21261181,0,4,89,3,2,0,6,0,0
hybrid_road_roadscity,lookahead,88,2,21261181,0,3,69,2,2,0,1,0,0
hybrid_road_roadscity,baseline,88,3,21261182,0,8,102,15,0,4,1,0,0
hybrid_road_roadscity,lookahead,88,3,21261182,1,10,76,5,0,3,5,0,0
hybrid_road_roadscity,baseline,89,0,21261183,0,6,110,15,3,1,5,0,0
hybrid_road_roadscity,lookahead,89,0,21261183,1,10,97,4,1,3,4,0,0
hybrid_road_roadscity,baseline,89,1,21261184,0,6,73,5,1,2,1,0,0
hybrid_road_roadscity,lookahead,89,1,21261184,0,4,61,3,3,0,1,0,0
hybrid_road_roadscity,baseline,89,2,21261185,1,10,103,11,2,2,6,0,0
hybrid_road_roadscity,lookahead,89,2,21261185,1,10,123,8,1,4,1,0,0
hybrid_road_roadscity,baseline,89,3,21261186,0,3,65,6,3,0,6,0,0
hybrid_road_roadscity,lookahead,89,3,21261186,0,9,129,8,1,4,0,0,0
hybrid_road_roadscity,baseline,90,0,21261187,1,10,121,11,1,4,3,0,0
hybrid_road_roadscity,lookahead,90,0,21261187,1,10,153,9,2,3,2,0,0
hybrid_road_roadscity,baseline,90,1,21261188,0,7,141,15,3,2,4,0,0
hybrid_road_roadscity,lookahead,90,1,21261188,1,10,118,10,5,1,4,0,0
hybrid_road_roadscity,baseline,90,2,21261189,1,10,127,11,0,4,7,0,0
hybrid_road_roadscity,lookahead,90,2,21261189,1,10,107,7,1,4,1,0,0
hybrid_road_roadscity,baseline,90,3,21261190,0,7,121,9,3,2,3,0,0
hybrid_road_roadscity,lookahead,90,3,21261190,0,5,101,7,3,0,2,0,0
hybrid_road_roadscity,baseline,91,0,21261191,0,5,86,13,3,0,4,1,0
hybrid_road_roadscity,lookahead,91,0,21261191,0,7,70,9,2,2,1,0,0
hybrid_road_roadscity,baseline,91,1,21261192,0,4,104,13,2,0,5,0,0
hybrid_road_roadscity,lookahead,91,1,21261192,0,9,140,5,4,0,6,0,0
hybrid_road_roadscity,baseline,91,2,21261193,0,5,120,15,4,0,4,0,0
hybrid_road_roadscity,lookahead,91,2,21261193,0,6,100,7,5,0,1,0,0
hybrid_road_roadscity,baseline,91,3,21261194,0,3,97,5,3,0,5,0,0
hybrid_road_roadscity,lookahead,91,3,21261194,0,5,121,3,3,0,3,0,0
hybrid_road_roadscity,baseline,92,0,21261195,1,10,113,15,1,4,4,0,0
hybrid_road_roadscity,lookahead,92,0,21261195,1,10,113,11,4,2,2,0,0
hybrid_road_roadscity,baseline,92,1,21261196,0,5,113,4,0,2,4,0,0
hybrid_road_roadscity,lookahead,92,1,21261196,0,6,133,2,0,2,2,0,0
hybrid_road_roadscity,baseline,92,2,21261197,0,5,129,15,5,0,2,0,0
hybrid_road_roadscity,lookahead,92,2,21261197,1,10,143,12,4,1,2,1,0
hybrid_road_roadscity,baseline,92,3,21261198,0,4,129,10,1,1,7,0,0
hybrid_road_roadscity,lookahead,92,3,21261198,0,5,205,4,0,2,1,0,0
hybrid_road_roadscity,baseline,93,0,21261199,1,10,105,7,1,4,4,0,0
hybrid_road_roadscity,lookahead,93,0,21261199,0,8,115,3,0,3,4,0,0
hybrid_road_roadscity,baseline,93,1,21261200,0,6,124,15,0,2,5,0,0
hybrid_road_roadscity,lookahead,93,1,21261200,1,10,86,7,1,4,1,0,0
hybrid_road_roadscity,baseline,93,2,21261201,0,5,100,10,4,0,5,0,0
hybrid_road_roadscity,lookahead,93,2,21261201,1,10,75,9,5,1,3,0,0
hybrid_road_roadscity,baseline,93,3,21261202,0,2,113,2,2,0,10,0,0
hybrid_road_roadscity,lookahead,93,3,21261202,0,5,137,6,0,2,4,0,0
hybrid_road_roadscity,baseline,94,0,21261203,0,7,148,15,5,0,1,1,0
hybrid_road_roadscity,lookahead,94,0,21261203,1,10,97,7,2,3,3,0,0
hybrid_road_roadscity,baseline,94,1,21261204,0,8,149,10,0,4,5,0,0
hybrid_road_roadscity,lookahead,94,1,21261204,1,10,146,6,1,3,3,0,0
hybrid_road_roadscity,baseline,94,2,21261205,0,4,89,5,2,1,5,0,0
hybrid_road_roadscity,lookahead,94,2,21261205,1,10,75,4,0,4,3,0,0
hybrid_road_roadscity,baseline,94,3,21261206,0,3,122,15,1,1,1,0,0
hybrid_road_roadscity,lookahead,94,3,21261206,0,6,114,6,3,1,1,0,0
hybrid_road_roadscity,baseline,95,0,21261207,0,6,98,14,2,1,3,1,0
hybrid_road_roadscity,lookahead,95,0,21261207,1,10,69,9,2,2,2,1,0
hybrid_road_roadscity,baseline,95,1,21261208,0,7,128,12,3,1,6,0,0
hybrid_road_roadscity,lookahead,95,1,21261208,1,10,110,7,2,3,3,0,0
hybrid_road_roadscity,baseline,95,2,21261209,0,3,117,5,2,0,4,0,0
hybrid_road_roadscity,lookahead,95,2,21261209,0,2,85,3,2,0,0,0,0
hybrid_road_roadscity,baseline,95,3,21261210,0,4,101,8,2,0,7,0,0
hybrid_road_roadscity,lookahead,95,3,21261210,0,4,57,3,1,1,1,0,0
hybrid_road_roadscity,baseline,96,0,21261211,0,8,134,15,4,1,6,0,0
hybrid_road_roadscity,lookahead,96,0,21261211,0,8,147,10,4,1,3,0,0
hybrid_road_roadscity,baseline,96,1,21261212,0,6,149,10,4,0,6,0,0
hybrid_road_roadscity,lookahead,96,1,21261212,0,9,157,12,5,0,2,1,0
hybrid_road_roadscity,baseline,96,2,21261213,0,9,157,15,4,2,4,0,0
hybrid_road_roadscity,lookahead,96,2,21261213,0,6,129,8,2,2,0,0,0
hybrid_road_roadscity,baseline,96,3,21261214,0,6,142,15,2,1,3,0,0
hybrid_road_roadscity,lookahead,96,3,21261214,0,7,121,7,5,0,2,0,0
hybrid_road_roadscity,baseline,97,0,21261215,0,7,154,7,2,1,6,0,0
hybrid_road_roadscity,lookahead,97,0,21261215,0,8,102,8,4,1,2,0,0
hybrid_road_roadscity,baseline,97,1,21261216,0,4,149,12,3,0,7,0,0
hybrid_road_roadscity,lookahead,97,1,21261216,0,7,153,4,3,1,3,0,0
hybrid_road_roadscity,baseline,97,2,21261217,0,8,133,15,4,1,1,1,0
hybrid_road_roadscity,lookahead,97,2,21261217,0,7,162,8,2,1,3,0,0
hybrid_road_roadscity,baseline,97,3,21261218,0,3,115,8,2,0,5,0,0
hybrid_road_roadscity,lookahead,97,3,21261218,0,7,113,5,2,2,1,0,0
hybrid_road_roadscity,baseline,98,0,21261219,0,6,118,11,0,3,2,0,0
hybrid_road_roadscity,lookahead,98,0,21261219,0,6,84,4,1,2,1,0,0
hybrid_road_roadscity,baseline,98,1,21261220,0,5,101,10,4,0,2,0,0
hybrid_road_roadscity,lookahead,98,1,21261220,0,7,141,4,3,0,5,0,0
hybrid_road_roadscity,baseline,98,2,21261221,0,3,61,7,2,0,4,0,0
hybrid_road_roadscity,lookahead,98,2,21261221,0,8,137,10,5,0,3,0,0
hybrid_road_roadscity,baseline,98,3,21261222,0,6,107,5,3,0,6,0,0
hybrid_road_roadscity,lookahead,98,3,21261222,0,2,93,2,2,0,0,0,0
hybrid_road_roadscity,baseline,99,0,21261223,0,7,130,14,4,0,2,1,0
hybrid_road_roadscity,lookahead,99,0,21261223,0,7,159,7,5,0,2,0,0
hybrid_road_roadscity,baseline,99,1,21261224,0,8,93,7,1,3,4,0,0
hybrid_road_roadscity,lookahead,99,1,21261224,0,8,133,3,0,3,4,0,0
hybrid_road_roadscity,baseline,99,2,21261225,1,10,103,14,1,3,6,1,0
hybrid_road_roadscity,lookahead,99,2,21261225,1,10,123,9,5,1,3,0,0
hybrid_road_roadscity,baseline,99,3,21261226,1,10,116,15,4,2,6,0,0
hybrid_road_roadscity,lookahead,99,3,21261226,1,10,104,7,2,3,2,0,0
full_road_port,baseline,0,0,22260827,0,3,58,9,2,0,5,0,0
full_road_port,lookahead,0,0,22260827,1,10,97,6,1,4,1,0,0
full_road_port,baseline,0,1,22260828,0,5,93,7,1,2,3,0,0
full_road_port,lookahead,0,1,22260828,0,6,53,3,0,3,0,0,0
full_road_port,baseline,0,2,22260829,0,5,124,12,1,1,6,0,0
full_road_port,lookahead,0,2,22260829,1,10,123,11,5,2,1,0,0
full_road_port,baseline,0,3,22260830,0,3,69,8,3,0,2,0,0
full_road_port,lookahead,0,3,22260830,0,5,141,11,5,0,0,0,0
full_road_port,baseline,1,0,22260831,0,8,102,9,1,3,3,0,0
full_road_port,lookahead,1,0,22260831,1,10,65,6,0,4,2,0,0
full_road_port,baseline,1,1,22260832,0,7,149,14,4,0,3,1,0
full_road_port,lookahead,1,1,22260832,1,10,142,14,5,0,4,1,0
full_road_port,baseline,1,2,22260833,1,10,119,12,5,1,6,0,0
full_road_port,lookahead,1,2,22260833,0,9,128,10,5,1,3,0,0
full_road_port,baseline,1,3,22260834,0,2,97,6,2,0,4,0,0
full_road_port,lookahead,1,3,22260834,0,5,137,5,2,1,1,0,0
full_road_port,baseline,2,0,22260835,0,9,154,14,4,1,6,0,0
full_road_port,lookahead,2,0,22260835,1,10,97,10,3,2,4,0,0
full_road_port,baseline,2,1,22260836,0,3,87,5,3,0,5,0,0
full_road_port,lookahead,2,1,22260836,0,7,112,4,0,3,2,0,0
full_road_port,baseline,2,2,22260837,0,6,134,8,0,3,1,0,0
full_road_port,lookahead,2,2,22260837,0,8,209,15,0,3,0,1,0
full_road_port,baseline,2,3,22260838,0,4,145,3,0,2,5,0,0
full_road_port,lookahead,2,3,22260838,0,6,187,3,2,1,2,0,0
full_road_port,baseline,3,0,22260839,0,4,94,11,4,0,4,0,0
full_road_port,lookahead,3,0,22260839,1,10,105,7,0,3,4,0,0
full_road_port,baseline,3,1,22260840,0,5,125,10,4,0,5,0,0
full_road_port,lookahead,3,1,22260840,0,3,135,10,1,1,0,0,0
full_road_port,baseline,3,2,22260841,1,10,107,15,4,2,2,1,0
full_road_port,lookahead,3,2,22260841,1,10,131,9,1,4,1,0,0
full_road_port,baseline,3,3,22260842,0,4,153,7,2,0,4,0,0
full_road_port,lookahead,3,3,22260842,0,5,109,5,1,1,2,0,0
full_road_port,baseline,4,0,22260843,0,5,100,15,3,1,3,0,0
full_road_port,lookahead,4,0,22260843,1,10,77,8,2,3,2,0,0
full_road_port,baseline,4,1,22260844,0,7,141,14,4,1,7,0,0
full_road_port,lookahead,4,1,22260844,1,10,86,13,5,1,2,1,0
full_road_port,baseline,4,2,22260845,0,4,93,12,3,0,1,0,0
full_road_port,lookahead,4,2,22260845,0,7,65,7,3,1,3,0,0
full_road_port,baseline,4,3,22260846,0,4,57,4,3,0,2,0,0
full_road_port,lookahead,4,3,22260846,0,6,86,3,0,3,3,0,0
full_road_port,baseline,5,0,22260847,1,10,113,10,1,4,4,0,0
full_road_port,lookahead,5,0,22260847,1,10,73,4,0,4,2,0,0
full_road_port,baseline,5,1,22260848,1,10,118,15,1,3,8,1,0
full_road_port,lookahead,5,1,22260848,1,10,110,7,1,4,2,0,0
full_road_port,baseline,5,2,22260849,1,10,171,13,0,4,6,0,0
full_road_port,lookahead,5,2,22260849,0,7,145,3,0,3,4,0,0
full_road_port,baseline,5,3,22260850,0,6,157,15,5,0,6,0,0
full_road_port,lookahead,5,3,22260850,1,10,152,9,4,1,4,0,0
full_road_port,baseline,6,0,22260851,0,4,114,10,3,0,6,0,0
full_road_port,lookahead,6,0,22260851,1,10,101,6,1,3,3,0,0
full_road_port,baseline,6,1,22260852,0,4,85,7,3,0,3,0,0
full_road_port,lookahead,6,1,22260852,0,5,89,3,3,0,2,0,0
full_road_port,baseline,6,2,22260853,0,3,61,7,1,1,3,0,0
full_road_port,lookahead,6,2,22260853,0,6,49,5,2,2,0,0,0
full_road_port,baseline,6,3,22260854,1,10,92,10,3,2,4,1,0
full_road_port,lookahead,6,3,22260854,1,10,84,11,3,1,3,1,0
full_road_port,baseline,7,0,22260855,0,4,74,6,0,2,1,0,0
full_road_port,lookahead,7,0,22260855,1,10,121,5,0,4,2,0,0
full_road_port,baseline,7,1,22260856,0,6,137,5,1,2,8,0,0
full_road_port,lookahead,7,1,22260856,1,10,142,4,1,3,4,0,0
full_road_port,baseline,7,2,22260857,0,5,153,6,1,2,5,0,0
full_road_port,lookahead,7,2,22260857,0,7,157,8,5,0,2,0,0
full_road_port,baseline,7,3,22260858,0,3,65,5,3,0,9,0,0
full_road_port,lookahead,7,3,22260858,0,8,97,5,2,2,3,0,0
full_road_port,baseline,8,0,22260859,0,6,86,12,3,0,4,1,0
full_road_port,lookahead,8,0,22260859,1,11,77,10,3,2,2,1,0
full_road_port,baseline,8,1,22260860,0,3,160,6,2,0,7,0,0
full_road_port,lookahead,8,1,22260860,0,7,161,3,0,3,3,0,0
full_road_port,baseline,8,2,22260861,0,8,69,9,1,2,2,1,0
full_road_port,lookahead,8,2,22260861,0,9,178,6,0,3,4,0,0
full_road_port,baseline,8,3,22260862,0,8,143,15,4,1,3,0,0
full_road_port,lookahead,8,3,22260862,0,6,105,8,5,0,1,0,0
full_road_port,baseline,9,0,22260863,0,6,86,8,1,2,6,0,0
full_road_port,lookahead,9,0,22260863,0,9,78,4,0,4,2,0,0
full_road_port,baseline,9,1,22260864,0,6,85,7,2,1,6,0,0
full_road_port,lookahead,9,1,22260864,1,10,102,8,0,4,3,0,0
full_road_port,baseline,9,2,22260865,0,5,129,11,1,1,4,0,0
full_road_port,lookahead,9,2,22260865,0,8,144,7,3,1,3,0,0
full_road_port,baseline,9,3,22260866,1,10,148,15,0,4,3,1,0
full_road_port,lookahead,9,3,22260866,1,10,116,13,2,3,0,1,0
full_road_port,baseline,10,0,22260867,1,10,109,15,0,4,6,1,0
full_road_port,lookahead,10,0,22260867,1,10,77,11,2,3,2,0,0
full_road_port,baseline,10,1,22260868,1,10,106,14,2,3,4,0,0
full_road_port,lookahead,10,1,22260868,1,10,106,6,0,4,5,0,0
full_road_port,baseline,10,2,22260869,0,7,126,15,1,3,4,0,0
full_road_port,lookahead,10,2,22260869,0,8,162,9,2,2,2,0,0
full_road_port,baseline,10,3,22260870,0,4,105,6,1,1,3,0,0
full_road_port,lookahead,10,3,22260870,0,8,85,4,2,2,2,0,0
full_road_port,baseline,11,0,22260871,0,7,122,15,4,0,4,1,0
full_road_port,lookahead,11,0,22260871,0,8,122,8,3,2,1,0,0
full_road_port,baseline,11,1,22260872,0,6,127,11,4,0,5,0,0
full_road_port,lookahead,11,1,22260872,0,7,104,6,0,3,1,0,0
full_road_port,baseline,11,2,22260873,1,10,135,13,5,1,5,1,0
full_road_port,lookahead,11,2,22260873,1,10,115,8,2,3,2,0,0
full_road_port,baseline,11,3,22260874,0,7,125,7,0,2,6,0,0
full_road_port,lookahead,11,3,22260874,0,8,139,3,0,3,3,0,0
full_road_port,baseline,12,0,22260875,0,3,108,9,3,0,4,0,0
full_road_port,lookahead,12,0,22260875,0,7,106,7,0,3,2,0,0
full_road_port,baseline,12,1,22260876,1,10,114,12,0,4,1,1,0
full_road_port,lookahead,12,1,22260876,1,10,118,11,4,2,2,0,0
full_road_port,baseline,12,2,22260877,0,9,168,15,1,3,8,0,0
full_road_port,lookahead,12,2,22260877,0,6,156,7,4,0,2,0,0
full_road_port,baseline,12,3,22260878,0,3,123,8,2,0,5,0,0
full_road_port,lookahead,12,3,22260878,0,7,137,8,3,1,3,0,0
full_road_port,baseline,13,0,22260879,0,9,186,15,3,2,6,0,0
full_road_port,lookahead,13,0,22260879,1,10,129,6,2,3,2,0,0
full_road_port,baseline,13,1,22260880,0,3,89,9,3,0,1,0,0
full_road_port,lookahead,13,1,22260880,1,10,150,7,2,3,2,0,0
full_road_port,baseline,13,2,22260881,0,9,117,9,3,2,6,0,0
full_road_port,lookahead,13,2,22260881,0,9,129,6,0,4,1,0,0
full_road_port,baseline,13,3,22260882,1,10,128,15,3,2,4,1,0
full_road_port,lookahead,13,3,22260882,1,10,116,8,5,1,4,0,0
full_road_port,baseline,14,0,22260883,0,6,118,3,0,2,7,0,0
full_road_port,lookahead,14,0,22260883,0,7,198,2,0,2,5,0,0
full_road_port,baseline,14,1,22260884,0,4,84,4,0,2,5,0,0
full_road_port,lookahead,14,1,22260884,0,3,69,3,2,0,1,0,0
full_road_port,baseline,14,2,22260885,0,7,129,15,4,1,4,0,0
full_road_port,lookahead,14,2,22260885,0,5,69,3,1,2,1,0,0
full_road_port,baseline,14,3,22260886,0,5,89,6,3,1,1,0,0
full_road_port,lookahead,14,3,22260886,0,7,101,6,4,1,1,0,0
full_road_port,baseline,15,0,22260887,0,3,79,6,2,0,2,0,0
full_road_port,lookahead,15,0,22260887,0,8,124,9,5,0,1,1,0
full_road_port,baseline,15,1,22260888,0,8,175,10,3,1,7,0,0
full_road_port,lookahead,15,1,22260888,1,10,114,9,3,3,2,0,0
full_road_port,baseline,15,2,22260889,0,7,116,5,0,2,10,0,0
full_road_port,lookahead,15,2,22260889,0,7,124,4,4,0,3,0,0
full_road_port,baseline,15,3,22260890,0,7,143,12,4,1,4,0,0
full_road_port,lookahead,15,3,22260890,0,9,157,9,2,3,1,0,0
full_road_port,baseline,16,0,22260891,0,6,110,7,1,2,2,0,0
full_road_port,lookahead,16,0,22260891,0,4,147,3,3,0,1,0,0
full_road_port,baseline,16,1,22260892,0,5,97,7,0,2,4,0,0
full_road_port,lookahead,16,1,22260892,0,5,115,3,0,2,1,0,0
full_road_port,baseline,16,2,22260893,1,10,127,15,4,3,3,0,0
full_road_port,lookahead,16,2,22260893,0,9,165,15,3,2,2,0,0
full_road_port,baseline,16,3,22260894,0,8,130,7,1,3,9,0,0
full_road_port,lookahead,16,3,22260894,0,9,170,4,0,3,3,0,0
full_road_port,baseline,17,0,22260895,0,6,176,15,1,2,7,0,0
full_road_port,lookahead,17,0,22260895,0,7,144,4,0,3,2,0,0
full_road_port,baseline,17,1,22260896,1,10,94,7,1,3,6,0,0
full_road_port,lookahead,17,1,22260896,0,8,97,6,0,4,2,0,0
full_road_port,baseline,17,2,22260897,0,7,133,9,3,1,5,0,0
full_road_port,lookahead,17,2,22260897,0,7,81,3,0,3,1,0,0
full_road_port,baseline,17,3,22260898,0,5,111,9,4,0,7,0,0
full_road_port,lookahead,17,3,22260898,0,5,123,4,4,0,1,0,0
full_road_port,baseline,18,0,22260899,0,6,138,10,1,2,10,0,0
full_road_port,lookahead,18,0,22260899,1,10,133,8,1,4,1,0,0
full_road_port,baseline,18,1,22260900,1,10,110,14,1,3,3,1,0
full_road_port,lookahead,18,1,22260900,1,10,98,12,1,4,2,0,0
full_road_port,baseline,18,2,22260901,0,3,69,7,1,1,3,0,0
full_road_port,lookahead,18,2,22260901,0,8,101,6,0,4,0,0,0
full_road_port,baseline,18,3,22260902,0,6,117,8,2,2,3,0,0
full_road_port,lookahead,18,3,22260902,0,6,142,2,0,2,4,0,0
full_road_port,baseline,19,0,22260903,0,6,110,11,2,2,5,0,0
full_road_port,lookahead,19,0,22260903,1,10,53,9,2,2,2,1,0
full_road_port,baseline,19,1,22260904,1,10,134,15,0,4,5,0,0
full_road_port,lookahead,19,1,22260904,1,10,74,6,2,3,2,0,0
full_road_port,baseline,19,2,22260905,1,10,115,15,3,3,4,0,0
full_road_port,lookahead,19,2,22260905,1,10,91,4,0,3,4,0,0
full_road_port,baseline,19,3,22260906,0,5,105,11,3,0,7,0,0
full_road_port,lookahead,19,3,22260906,1,10,168,9,5,1,3,0,0
full_road_port,baseline,20,0,22260907,0,4,123,7,2,0,8,0,0
full_road_port,lookahead,20,0,22260907,1,10,137,6,3,2,3,0,0
full_road_port,baseline,20,1,22260908,0,7,99,9,3,1,5,0,0
full_road_port,lookahead,20,1,22260908,0,6,113,3,0,2,2,0,0
full_road_port,baseline,20,2,22260909,0,5,116,12,4,0,7,0,0
full_road_port,lookahead,20,2,22260909,1,10,83,12,4,1,2,1,0
full_road_port,baseline,20,3,22260910,1,10,144,10,0,4,6,0,0
full_road_port,lookahead,20,3,22260910,1,10,136,5,1,3,4,0,0
full_road_port,baseline,21,0,22260911,1,10,129,8,0,4,7,0,0
full_road_port,lookahead,21,0,22260911,1,10,125,9,1,4,1,0,0
full_road_port,baseline,21,1,22260912,1,10,154,13,3,2,4,0,0
full_road_port,lookahead,21,1,22260912,0,5,81,5,4,0,1,0,0
full_road_port,baseline,21,2,22260913,0,8,162,13,4,1,6,0,0
full_road_port,lookahead,21,2,22260913,0,9,164,8,5,0,4,0,0
full_road_port,baseline,21,3,22260914,1,10,168,13,2,3,7,0,0
full_road_port,lookahead,21,3,22260914,0,7,133,5,3,1,3,0,0
full_road_port,baseline,22,0,22260915,0,6,164,8,1,2,8,0,0
full_road_port,lookahead,22,0,22260915,0,6,216,3,1,2,1,0,0
full_road_port,baseline,22,1,22260916,0,4,89,7,3,0,3,0,0
full_road_port,lookahead,22,1,22260916,0,6,144,3,2,1,2,0,0
full_road_port,baseline,22,2,22260917,0,6,101,15,2,2,0,0,0
full_road_port,lookahead,22,2,22260917,1,10,87,7,1,4,1,0,0
full_road_port,baseline,22,3,22260918,0,6,119,13,1,2,9,0,0
full_road_port,lookahead,22,3,22260918,0,6,103,5,0,2,2,0,0
full_road_port,baseline,23,0,22260919,1,10,137,11,1,3,7,1,0
full_road_port,lookahead,23,0,22260919,1,10,129,7,0,4,2,0,0
full_road_port,baseline,23,1,22260920,0,8,109,12,2,1,5,1,0
full_road_port,lookahead,23,1,22260920,1,10,78,10,1,3,1,1,0
full_road_port,baseline,23,2,22260921,0,6,148,13,5,0,4,0,0
full_road_port,lookahead,23,2,22260921,0,6,120,6,5,0,1,0,0
full_road_port,baseline,23,3,22260922,0,9,99,10,2,3,4,0,0
full_road_port,lookahead,23,3,22260922,1,10,84,6,3,2,4,0,0
full_road_port,baseline,24,0,22260923,0,9,127,15,1,4,2,0,0
full_road_port,lookahead,24,0,22260923,0,9,106,5,0,4,2,0,0
full_road_port,baseline,24,1,22260924,0,5,117,9,0,2,4,0,0
full_road_port,lookahead,24,1,22260924,0,7,101,2,0,2,3,0,0
full_road_port,baseline,24,2,22260925,0,4,69,9,3,0,5,0,0
full_road_port,lookahead,24,2,22260925,0,7,109,4,1,2,2,0,0
full_road_port,baseline,24,3,22260926,0,8,130,15,3,1,3,1,0
full_road_port,lookahead,24,3,22260926,0,9,121,15,4,1,1,1,0
full_road_port,baseline,25,0,22260927,0,7,66,9,3,0,2,1,0
full_road_port,lookahead,25,0,22260927,0,8,98,5,4,1,3,0,0
full_road_port,baseline,25,1,22260928,0,8,149,15,1,3,7,0,0
full_road_port,lookahead,25,1,22260928,1,10,90,10,3,3,1,0,0
full_road_port,baseline,25,2,22260929,0,6,105,13,2,2,3,0,0
full_road_port,lookahead,25,2,22260929,1,10,87,8,4,2,3,0,0
full_road_port,baseline,25,3,22260930,0,5,105,9,4,0,6,0,0
full_road_port,lookahead,25,3,22260930,0,5,151,6,4,0,1,0,0
full_road_port,baseline,26,0,22260931,0,5,126,7,4,0,5,0,0
full_road_port,lookahead,26,0,22260931,1,10,121,7,2,2,4,0,0
full_road_port,baseline,26,1,22260932,0,7,117,15,5,0,2,1,0
full_road_port,lookahead,26,1,22260932,0,9,139,8,0,4,1,0,0
full_road_port,baseline,26,2,22260933,0,3,130,15,2,0,2,0,0
full_road_port,lookahead,26,2,22260933,0,7,173,11,5,0,2,0,0
full_road_port,baseline,26,3,22260934,0,4,89,10,3,0,3,0,0
full_road_port,lookahead,26,3,22260934,0,5,97,5,3,0,4,0,0
full_road_port,baseline,27,0,22260935,0,7,138,14,1,2,4,0,0
full_road_port,lookahead,27,0,22260935,0,7,130,5,2,1,3,0,0
full_road_port,baseline,27,1,22260936,0,3,104,11,2,0,4,0,0
full_road_port,lookahead,27,1,22260936,0,4,65,3,0,2,0,0,0
full_road_port,baseline,27,2,22260937,0,4,133,13,0,2,3,0,0
full_road_port,lookahead,27,2,22260937,0,5,77,6,4,0,1,0,0
full_road_port,baseline,27,3,22260938,1,10,96,15,1,3,2,1,0
full_road_port,lookahead,27,3,22260938,0,8,117,10,2,1,2,1,0
full_road_port,baseline,28,0,22260939,0,6,124,13,5,0,6,0,0
full_road_port,lookahead,28,0,22260939,1,10,85,7,1,4,1,0,0
full_road_port,baseline,28,1,22260940,0,7,128,12,4,1,4,0,0
full_road_port,lookahead,28,1,22260940,1,10,114,5,1,3,5,0,0
full_road_port,baseline,28,2,22260941,1,10,143,15,2,4,3,0,0
full_road_port,lookahead,28,2,22260941,0,9,120,7,3,2,4,0,0
full_road_port,baseline,28,3,22260942,0,6,117,15,1,1,2,1,0
full_road_port,lookahead,28,3,22260942,0,6,115,10,4,1,0,0,0
full_road_port,baseline,29,0,22260943,0,2,124,11,2,0,3,0,0
full_road_port,lookahead,29,0,22260943,0,4,96,6,2,1,0,0,0
full_road_port,baseline,29,1,22260944,0,4,121,9,2,1,4,0,0
full_road_port,lookahead,29,1,22260944,1,10,146,10,3,3,2,0,0
full_road_port,baseline,29,2,22260945,0,8,105,12,1,1,5,1,0
full_road_port,lookahead,29,2,22260945,0,6,162,6,0,2,3,0,0
full_road_port,baseline,29,3,22260946,0,9,129,11,0,4,7,0,0
full_road_port,lookahead,29,3,22260946,0,8,145,4,0,3,3,0,0
full_road_port,baseline,30,0,22260947,1,11,129,15,4,1,6,1,0
full_road_port,lookahead,30,0,22260947,1,10,89,6,2,3,2,0,0
full_road_port,baseline,30,1,22260948,0,5,109,11,4,0,4,0,0
full_road_port,lookahead,30,1,22260948,1,10,126,7,0,4,3,0,0
full_road_port,baseline,30,2,22260949,1,10,147,15,3,2,4,1,0
full_road_port,lookahead,30,2,22260949,1,10,123,9,5,1,3,0,0
full_road_port,baseline,30,3,22260950,1,10,100,11,1,4,3,0,0
full_road_port,lookahead,30,3,22260950,0,6,90,7,4,1,0,0,0
full_road_port,baseline,31,0,22260951,1,10,141,13,2,3,3,1,0
full_road_port,lookahead,31,0,22260951,1,10,121,8,1,3,3,0,0
full_road_port,baseline,31,1,22260952,0,6,155,15,4,0,5,0,0
full_road_port,lookahead,31,1,22260952,0,9,128,11,4,1,4,0,0
full_road_port,baseline,31,2,22260953,0,5,136,9,2,1,6,0,0
full_road_port,lookahead,31,2,22260953,0,8,156,8,4,1,2,0,0
full_road_port,baseline,31,3,22260954,1,10,120,15,1,3,3,1,0
full_road_port,lookahead,31,3,22260954,1,10,104,5,1,4,1,0,0
full_road_port,baseline,32,0,22260955,0,6,104,15,0,3,2,0,0
full_road_port,lookahead,32,0,22260955,1,10,89,8,1,4,3,0,0
full_road_port,baseline,32,1,22260956,0,7,133,12,5,0,5,0,0
full_road_port,lookahead,32,1,22260956,0,6,133,8,3,1,1,0,0
full_road_port,baseline,32,2,22260957,1,10,119,8,1,3,5,0,0
full_road_port,lookahead,32,2,22260957,0,7,140,12,5,0,3,0,0
full_road_port,baseline,32,3,22260958,1,10,152,13,1,3,12,1,0
full_road_port,lookahead,32,3,22260958,1,11,88,11,2,3,1,1,0
full_road_port,baseline,33,0,22260959,0,4,66,8,2,0,1,1,0
full_road_port,lookahead,33,0,22260959,0,8,112,6,2,2,2,0,0
full_road_port,baseline,33,1,22260960,1,10,102,14,0,4,7,0,0
full_road_port,lookahead,33,1,22260960,1,10,58,6,0,4,2,0,0
full_road_port,baseline,33,2,22260961,0,7,121,15,3,1,6,1,0
full_road_port,lookahead,33,2,22260961,0,7,113,8,5,0,3,0,0
full_road_port,baseline,33,3,22260962,1,10,164,15,4,2,5,1,0
full_road_port,lookahead,33,3,22260962,0,5,179,5,3,0,3,0,0
full_road_port,baseline,34,0,22260963,1,10,153,12,5,1,4,1,0
full_road_port,lookahead,34,0,22260963,1,10,129,8,3,3,1,0,0
full_road_port,baseline,34,1,22260964,0,9,123,15,1,4,2,0,0
full_road_port,lookahead,34,1,22260964,1,10,118,14,4,2,0,1,0
full_road_port,baseline,34,2,22260965,0,3,121,14,3,0,3,0,0
full_road_port,lookahead,34,2,22260965,0,5,89,6,2,1,1,0,0
full_road_port,baseline,34,3,22260966,1,10,96,11,1,3,4,1,0
full_road_port,lookahead,34,3,22260966,0,6,139,7,0,2,3,0,0
full_road_port,baseline,35,0,22260967,0,7,114,12,3,1,8,0,0
full_road_port,lookahead,35,0,22260967,1,10,85,6,1,3,4,0,0
full_road_port,baseline,35,1,22260968,1,10,134,13,3,2,3,1,0
full_road_port,lookahead,35,1,22260968,0,8,128,6,4,1,2,0,0
full_road_port,baseline,35,2,22260969,0,5,116,12,2,1,6,0,0
full_road_port,lookahead,35,2,22260969,0,5,74,3,0,2,3,0,0
full_road_port,baseline,35,3,22260970,0,9,143,13,1,4,3,0,0
full_road_port,lookahead,35,3,22260970,0,7,117,9,2,2,1,0,0
full_road_port,baseline,36,0,22260971,1,10,149,12,1,4,5,0,0
full_road_port,lookahead,36,0,22260971,1,10,153,5,0,3,4,0,0
full_road_port,baseline,36,1,22260972,0,4,113,8,1,1,6,0,0
full_road_port,lookahead,36,1,22260972,0,8,148,3,0,3,2,0,0
full_road_port,baseline,36,2,22260973,0,3,121,14,3,0,0,0,0
full_road_port,lookahead,36,2,22260973,0,7,209,6,1,2,2,0,0
full_road_port,baseline,36,3,22260974,0,3,87,11,2,0,2,0,0
full_road_port,lookahead,36,3,22260974,0,4,93,2,0,2,0,0,0
full_road_port,baseline,37,0,22260975,0,5,123,15,2,1,3,0,0
full_road_port,lookahead,37,0,22260975,0,4,78,3,0,2,1,0,0
full_road_port,baseline,37,1,22260976,0,4,117,12,0,2,3,0,0
full_road_port,lookahead,37,1,22260976,0,8,109,13,3,1,1,1,0
full_road_port,baseline,37,2,22260977,0,9,125,9,0,3,6,0,0
full_road_port,lookahead,37,2,22260977,0,8,125,3,0,3,3,0,0
full_road_port,baseline,37,3,22260978,1,10,172,13,1,4,4,0,0
full_road_port,lookahead,37,3,22260978,0,7,169,3,0,2,7,0,0
full_road_port,baseline,38,0,22260979,0,7,108,9,1,3,4,0,0
full_road_port,lookahead,38,0,22260979,0,9,156,3,0,3,4,0,0
full_road_port,baseline,38,1,22260980,0,9,133,11,0,4,2,0,0
full_road_port,lookahead,38,1,22260980,0,7,132,6,0,2,3,0,0
full_road_port,baseline,38,2,22260981,1,10,119,15,1,3,5,0,0
full_road_port,lookahead,38,2,22260981,1,10,103,10,0,4,4,0,0
full_road_port,baseline,38,3,22260982,0,8,147,12,0,4,4,0,0
full_road_port,lookahead,38,3,22260982,0,5,147,5,4,0,2,0,0
full_road_port,baseline,39,0,22260983,0,6,116,10,0,3,3,0,0
full_road_port,lookahead,39,0,22260983,0,7,152,2,0,2,3,0,0
full_road_port,baseline,39,1,22260984,1,10,134,15,1,3,7,0,0
full_road_port,lookahead,39,1,22260984,1,10,122,6,3,2,3,0,0
full_road_port,baseline,39,2,22260985,0,7,109,15,2,2,3,0,0
full_road_port,lookahead,39,2,22260985,0,9,117,9,3,2,3,0,0
full_road_port,baseline,39,3,22260986,0,5,139,4,1,1,7,0,0
full_road_port,lookahead,39,3,22260986,0,7,153,2,0,2,4,0,0
full_road_port,baseline,40,0,22260987,0,4,94,13,0,2,6,0,0
full_road_port,lookahead,40,0,22260987,1,10,65,5,0,4,2,0,0
full_road_port,baseline,40,1,22260988,0,5,139,9,1,1,5,0,0
full_road_port,lookahead,40,1,22260988,0,5,136,4,0,2,1,0,0
full_road_port,baseline,40,2,22260989,0,7,164,14,3,1,6,1,0
full_road_port,lookahead,40,2,22260989,0,5,116,5,1,1,3,0,0
full_road_port,baseline,40,3,22260990,1,10,140,15,0,4,2,1,0
full_road_port,lookahead,40,3,22260990,0,7,154,10,1,3,0,0,0
full_road_port,baseline,41,0,22260991,0,8,134,15,0,4,3,0,0
full_road_port,lookahead,41,0,22260991,1,10,149,5,0,4,2,0,0
full_road_port,baseline,41,1,22260992,0,6,97,15,4,0,3,1,0
full_road_port,lookahead,41,1,22260992,1,10,82,10,5,1,1,1,0
full_road_port,baseline,41,2,22260993,0,7,141,12,4,1,4,0,0
full_road_port,lookahead,41,2,22260993,0,6,209,7,3,0,3,0,0
full_road_port,baseline,41,3,22260994,1,10,128,15,2,3,4,0,0
full_road_port,lookahead,41,3,22260994,0,8,121,5,1,3,1,0,0
full_road_port,baseline,42,0,22260995,1,10,93,15,4,1,6,0,0
full_road_port,lookahead,42,0,22260995,1,10,89,8,4,1,4,0,0
full_road_port,baseline,42,1,22260996,0,4,127,7,3,0,3,0,0
full_road_port,lookahead,42,1,22260996,0,6,137,4,2,1,2,0,0
full_road_port,baseline,42,2,22260997,1,10,167,8,0,4,9,0,0
full_road_port,lookahead,42,2,22260997,0,6,173,2,2,0,5,0,0
full_road_port,baseline,42,3,22260998,0,9,166,15,3,2,5,0,0
full_road_port,lookahead,42,3,22260998,0,7,174,12,4,1,1,0,0
full_road_port,baseline,43,0,22260999,0,5,138,14,1,2,5,0,0
full_road_port,lookahead,43,0,22260999,0,4,88,7,4,0,0,0,0
full_road_port,baseline,43,1,22261000,0,6,133,14,4,0,7,0,0
full_road_port,lookahead,43,1,22261000,1,10,86,9,0,4,4,0,0
full_road_port,baseline,43,2,22261001,0,3,116,7,3,0,5,0,0
full_road_port,lookahead,43,2,22261001,0,8,128,9,3,2,1,0,0
full_road_port,baseline,43,3,22261002,0,8,161,15,2,2,5,0,0
full_road_port,lookahead,43,3,22261002,0,6,154,9,5,0,1,0,0
full_road_port,baseline,44,0,22261003,1,10,97,9,0,4,3,0,0
full_road_port,lookahead,44,0,22261003,1,10,81,7,0,4,2,0,0
full_road_port,baseline,44,1,22261004,0,5,129,4,2,0,5,0,0
full_road_port,lookahead,44,1,22261004,0,7,152,2,0,2,4,0,0
full_road_port,baseline,44,2,22261005,0,8,137,15,4,1,5,0,0
full_road_port,lookahead,44,2,22261005,0,7,108,8,3,1,3,0,0
full_road_port,baseline,44,3,22261006,0,5,169,10,0,2,4,0,0
full_road_port,lookahead,44,3,22261006,0,4,155,7,1,1,1,0,0
full_road_port,baseline,45,0,22261007,0,5,114,9,5,0,5,0,0
full_road_port,lookahead,45,0,22261007,0,9,155,7,0,4,1,0,0
full_road_port,baseline,45,1,22261008,0,5,65,5,2,1,2,0,0
full_road_port,lookahead,45,1,22261008,0,9,127,6,3,2,2,0,0
full_road_port,baseline,45,2,22261009,0,8,129,10,1,3,7,0,0
full_road_port,lookahead,45,2,22261009,0,7,148,3,0,2,8,0,0
full_road_port,baseline,45,3,22261010,1,10,112,8,1,4,5,0,0
full_road_port,lookahead,45,3,22261010,1,10,112,7,1,3,5,0,0
full_road_port,baseline,46,0,22261011,0,8,175,15,0,3,4,1,0
full_road_port,lookahead,46,0,22261011,1,10,113,10,4,2,2,0,0
full_road_port,baseline,46,1,22261012,0,5,140,8,3,0,4,0,0
full_road_port,lookahead,46,1,22261012,0,7,152,4,0,3,1,0,0
full_road_port,baseline,46,2,22261013,0,7,173,5,0,3,2,0,0
full_road_port,lookahead,46,2,22261013,0,3,141,2,2,0,3,0,0
full_road_port,baseline,46,3,22261014,0,8,130,7,0,3,8,0,0
full_road_port,lookahead,46,3,22261014,0,5,130,3,2,1,1,0,0
full_road_port,baseline,47,0,22261015,1,10,129,15,3,2,7,0,0
full_road_port,lookahead,47,0,22261015,1,10,61,7,2,3,3,0,0
full_road_port,baseline,47,1,22261016,0,9,156,15,2,3,6,0,0
full_road_port,lookahead,47,1,22261016,0,6,145,10,5,0,1,0,0
full_road_port,baseline,47,2,22261017,0,6,85,6,2,1,4,0,0
full_road_port,lookahead,47,2,22261017,1,10,107,9,2,3,2,0,0
full_road_port,baseline,47,3,22261018,0,5,169,14,5,0,4,0,0
full_road_port,lookahead,47,3,22261018,0,7,161,11,5,0,0,1,0
full_road_port,baseline,48,0,22261019,0,8,131,15,0,4,6,0,0
full_road_port,lookahead,48,0,22261019,0,9,170,4,0,3,7,0,0
full_road_port,baseline,48,1,22261020,1,10,102,15,2,3,0,1,0
full_road_port,lookahead,48,1,22261020,0,8,135,5,0,3,8,0,0
full_road_port,baseline,48,2,22261021,0,3,89,6,2,0,3,0,0
full_road_port,lookahead,48,2,22261021,1,10,99,7,5,1,4,0,0
full_road_port,baseline,48,3,22261022,0,9,130,15,0,4,5,0,0
full_road_port,lookahead,48,3,22261022,1,10,96,8,0,4,2,0,0
full_road_port,baseline,49,0,22261023,0,7,140,13,4,1,2,0,0
full_road_port,lookahead,49,0,22261023,0,8,132,5,0,4,4,0,0
full_road_port,baseline,49,1,22261024,0,6,93,14,3,0,1,1,0
full_road_port,lookahead,49,1,22261024,0,5,77,6,3,1,0,0,0
full_road_port,baseline,49,2,22261025,1,10,111,7,1,3,7,0,0
full_road_port,lookahead,49,2,22261025,1,10,111,8,5,1,3,0,0
full_road_port,baseline,49,3,22261026,0,7,109,13,4,1,2,0,0
full_road_port,lookahead,49,3,22261026,1,10,96,4,1,3,4,0,0
full_road_port,baseline,50,0,22261027,0,7,158,15,5,0,4,1,0
full_road_port,lookahead,50,0,22261027,0,7,124,7,4,1,3,0,0
full_road_port,baseline,50,1,22261028,1,10,162,15,2,2,6,1,0
full_road_port,lookahead,50,1,22261028,0,8,157,9,3,1,3,0,0
full_road_port,baseline,50,2,22261029,0,7,148,15,5,0,4,0,0
full_road_port,lookahead,50,2,22261029,0,8,152,11,5,0,3,0,0
full_road_port,baseline,50,3,22261030,0,9,183,12,1,2,6,0,0
full_road_port,lookahead,50,3,22261030,0,5,161,2,1,1,4,0,0
full_road_port,baseline,51,0,22261031,0,6,128,6,2,1,9,0,0
full_road_port,lookahead,51,0,22261031,0,8,171,7,0,3,3,0,0
full_road_port,baseline,51,1,22261032,0,7,129,5,0,2,9,0,0
full_road_port,lookahead,51,1,22261032,0,6,93,2,0,2,3,0,0
full_road_port,baseline,51,2,22261033,1,10,127,11,1,3,5,1,0
full_road_port,lookahead,51,2,22261033,0,8,121,3,0,3,4,0,0
full_road_port,baseline,51,3,22261034,0,7,119,14,3,2,4,0,0
full_road_port,lookahead,51,3,22261034,0,4,74,3,3,0,1,0,0
full_road_port,baseline,52,0,22261035,1,10,121,13,4,2,2,0,0
full_road_port,lookahead,52,0,22261035,1,10,65,7,3,2,3,0,0
full_road_port,baseline,52,1,22261036,0,4,105,4,3,0,5,0,0
full_road_port,lookahead,52,1,22261036,0,5,37,4,3,1,0,0,0
full_road_port,baseline,52,2,22261037,0,8,100,11,3,1,2,1,0
full_road_port,lookahead,52,2,22261037,0,5,80,7,4,0,1,0,0
full_road_port,baseline,52,3,22261038,0,6,137,15,5,0,5,0,0
full_road_port,lookahead,52,3,22261038,1,10,84,9,4,2,2,0,0
full_road_port,baseline,53,0,22261039,0,8,108,8,3,1,6,0,0
full_road_port,lookahead,53,0,22261039,1,10,73,3,0,3,4,0,0
full_road_port,baseline,53,1,22261040,0,8,129,9,1,3,5,0,0
full_road_port,lookahead,53,1,22261040,0,9,116,6,2,3,1,0,0
full_road_port,baseline,53,2,22261041,0,3,85,9,3,0,3,0,0
full_road_port,lookahead,53,2,22261041,0,5,93,6,3,0,3,0,0
full_road_port,baseline,53,3,22261042,1,10,108,11,1,3,6,1,0
full_road_port,lookahead,53,3,22261042,1,10,76,10,4,1,2,1,0
full_road_port,baseline,54,0,22261043,0,6,142,14,4,0,3,1,0
full_road_port,lookahead,54,0,22261043,0,6,106,4,0,3,0,0,0
full_road_port,baseline,54,1,22261044,0,8,133,15,5,0,3,1,0
full_road_port,lookahead,54,1,22261044,1,10,110,7,2,3,2,0,0
full_road_port,baseline,54,2,22261045,1,10,111,13,0,4,2,1,0
full_road_port,lookahead,54,2,22261045,1,10,91,6,0,4,3,0,0
full_road_port,baseline,54,3,22261046,0,6,115,11,4,0,5,0,0
full_road_port,lookahead,54,3,22261046,1,11,128,11,3,2,2,1,0
full_road_port,baseline,55,0,22261047,1,10,141,15,2,2,6,1,0
full_road_port,lookahead,55,0,22261047,1,10,129,13,4,2,0,1,0
full_road_port,baseline,55,1,22261048,0,3,95,9,3,0,5,0,0
full_road_port,lookahead,55,1,22261048,1,10,114,7,4,2,2,0,0
full_road_port,baseline,55,2,22261049,0,5,101,5,0,2,4,0,0
full_road_port,lookahead,55,2,22261049,0,8,141,4,2,2,3,0,0
full_road_port,baseline,55,3,22261050,0,8,151,10,0,3,5,0,0
full_road_port,lookahead,55,3,22261050,0,4,135,2,0,2,1,0,0
full_road_port,baseline,56,0,22261051,1,10,113,15,0,4,8,0,0
full_road_port,lookahead,56,0,22261051,1,10,73,6,0,4,2,0,0
full_road_port,baseline,56,1,22261052,0,9,117,14,1,4,3,0,0
full_road_port,lookahead,56,1,22261052,0,7,109,7,5,0,2,0,0
full_road_port,baseline,56,2,22261053,0,9,105,9,3,2,5,0,0
full_road_port,lookahead,56,2,22261053,0,5,105,5,3,0,2,0,0
full_road_port,baseline,56,3,22261054,0,8,151,15,1,3,7,0,0
full_road_port,lookahead,56,3,22261054,0,9,97,10,3,1,4,1,0
full_road_port,baseline,57,0,22261055,1,10,157,15,4,1,5,1,0
full_road_port,lookahead,57,0,22261055,0,9,158,4,1,3,3,0,0
full_road_port,baseline,57,1,22261056,0,9,141,14,1,3,6,0,0
full_road_port,lookahead,57,1,22261056,1,10,134,10,2,3,2,0,0
full_road_port,baseline,57,2,22261057,0,3,81,9,3,0,0,0,0
full_road_port,lookahead,57,2,22261057,0,5,121,4,2,1,1,0,0
full_road_port,baseline,57,3,22261058,1,10,112,11,2,4,2,0,0
full_road_port,lookahead,57,3,22261058,0,4,85,8,0,2,0,0,0
full_road_port,baseline,58,0,22261059,1,10,165,13,2,3,5,0,0
full_road_port,lookahead,58,0,22261059,1,10,121,6,3,2,4,0,0
full_road_port,baseline,58,1,22261060,0,4,127,11,3,0,5,0,0
full_road_port,lookahead,58,1,22261060,0,5,81,2,0,2,1,0,0
full_road_port,baseline,58,2,22261061,0,6,85,8,3,0,4,1,0
full_road_port,lookahead,58,2,22261061,1,10,107,13,5,1,1,1,0
full_road_port,baseline,58,3,22261062,0,6,107,11,0,3,1,0,0
full_road_port,lookahead,58,3,22261062,0,8,119,6,0,3,4,0,0
full_road_port,baseline,59,0,22261063,0,3,78,10,1,1,2,0,0
full_road_port,lookahead,59,0,22261063,0,8,74,3,0,3,3,0,0
full_road_port,baseline,59,1,22261064,0,9,139,6,1,2,7,0,0
full_road_port,lookahead,59,1,22261064,1,10,110,7,5,1,3,0,0
full_road_port,baseline,59,2,22261065,0,4,93,11,1,1,3,0,0
full_road_port,lookahead,59,2,22261065,0,8,112,6,1,3,1,0,0
full_road_port,baseline,59,3,22261066,0,6,117,15,0,2,5,1,0
full_road_port,lookahead,59,3,22261066,1,10,100,4,0,3,8,0,0
full_road_port,baseline,60,0,22261067,1,10,109,12,1,3,6,1,0
full_road_port,lookahead,60,0,22261067,0,8,74,4,0,4,0,0,0
full_road_port,baseline,60,1,22261068,0,3,101,7,3,0,4,0,0
full_road_port,lookahead,60,1,22261068,1,10,138,8,2,3,3,0,0
full_road_port,baseline,60,2,22261069,0,5,146,6,0,2,4,0,0
full_road_port,lookahead,60,2,22261069,0,6,117,2,0,2,3,0,0
full_road_port,baseline,60,3,22261070,0,2,81,7,2,0,0,0,0
full_road_port,lookahead,60,3,22261070,0,6,118,5,3,0,4,0,0
full_road_port,baseline,61,0,22261071,0,7,115,10,3,1,3,0,0
full_road_port,lookahead,61,0,22261071,0,8,152,4,0,3,4,0,0
full_road_port,baseline,61,1,22261072,0,9,165,15,3,2,7,1,0
full_road_port,lookahead,61,1,22261072,0,6,97,4,1,2,1,0,0
full_road_port,baseline,61,2,22261073,1,10,111,9,1,3,7,0,0
full_road_port,lookahead,61,2,22261073,0,6,101,3,0,2,3,0,0
full_road_port,baseline,61,3,22261074,0,3,113,12,1,1,2,0,0
full_road_port,lookahead,61,3,22261074,0,5,101,2,1,1,2,0,0
full_road_port,baseline,62,0,22261075,0,4,54,6,1,1,5,0,0
full_road_port,lookahead,62,0,22261075,1,10,69,7,3,2,3,0,0
full_road_port,baseline,62,1,22261076,0,7,133,6,1,2,6,0,0
full_road_port,lookahead,62,1,22261076,0,6,137,3,0,2,2,0,0
full_road_port,baseline,62,2,22261077,0,5,100,11,0,2,4,0,0
full_road_port,lookahead,62,2,22261077,0,7,120,5,0,3,1,0,0
full_road_port,baseline,62,3,22261078,0,7,175,2,0,2,9,0,0
full_road_port,lookahead,62,3,22261078,0,9,163,3,0,2,7,0,0
full_road_port,baseline,63,0,22261079,0,7,191,15,3,1,8,0,0
full_road_port,lookahead,63,0,22261079,1,10,149,10,4,2,5,0,0
full_road_port,baseline,63,1,22261080,0,4,145,4,1,1,7,0,0
full_road_port,lookahead,63,1,22261080,0,3,117,3,2,0,1,0,0
full_road_port,baseline,63,2,22261081,1,10,143,13,0,4,8,0,0
full_road_port,lookahead,63,2,22261081,1,10,103,9,4,2,2,0,0
full_road_port,baseline,63,3,22261082,1,10,136,10,2,2,9,0,0
full_road_port,lookahead,63,3,22261082,0,6,97,7,2,2,2,0,0
full_road_port,baseline,64,0,22261083,0,6,127,5,2,1,7,0,0
full_road_port,lookahead,64,0,22261083,0,7,108,6,1,2,2,0,0
full_road_port,baseline,64,1,22261084,1,10,106,15,5,2,1,0,0
full_road_port,lookahead,64,1,22261084,1,10,118,7,0,4,2,0,0
full_road_port,baseline,64,2,22261085,0,6,132,5,1,2,5,0,0
full_road_port,lookahead,64,2,22261085,0,6,132,2,1,1,3,0,0
full_road_port,baseline,64,3,22261086,0,9,147,11,1,3,7,0,0
full_road_port,lookahead,64,3,22261086,0,8,146,4,0,2,4,0,0
full_road_port,baseline,65,0,22261087,1,10,133,14,0,4,3,0,0
full_road_port,lookahead,65,0,22261087,0,9,98,8,5,1,3,0,0
full_road_port,baseline,65,1,22261088,0,6,101,11,4,0,4,0,0
full_road_port,lookahead,65,1,22261088,1,10,82,8,1,4,2,0,0
full_road_port,baseline,65,2,22261089,0,9,112,15,0,4,5,0,0
full_road_port,lookahead,65,2,22261089,1,10,91,7,2,3,2,0,0
full_road_port,baseline,65,3,22261090,0,2,97,13,2,0,6,0,0
full_road_port,lookahead,65,3,22261090,0,6,153,4,4,0,4,0,0
full_road_port,baseline,66,0,22261091,0,7,108,13,3,1,4,0,0
full_road_port,lookahead,66,0,22261091,1,10,105,11,5,0,3,1,0
full_road_port,baseline,66,1,22261092,1,10,110,11,1,4,6,0,0
full_road_port,lookahead,66,1,22261092,1,11,102,12,4,2,2,1,0
full_road_port,baseline,66,2,22261093,0,4,121,13,2,1,3,0,0
full_road_port,lookahead,66,2,22261093,0,6,153,2,0,2,3,0,0
full_road_port,baseline,66,3,22261094,0,6,117,15,1,1,5,0,0
full_road_port,lookahead,66,3,22261094,1,10,84,5,1,3,4,0,0
full_road_port,baseline,67,0,22261095,0,9,126,15,3,2,3,1,0
full_road_port,lookahead,67,0,22261095,1,10,89,8,2,3,2,0,0
full_road_port,baseline,67,1,22261096,1,10,138,15,2,4,3,0,0
full_road_port,lookahead,67,1,22261096,1,10,94,6,1,4,1,0,0
full_road_port,baseline,67,2,22261097,0,8,156,15,3,1,5,1,0
full_road_port,lookahead,67,2,22261097,1,10,111,11,2,2,2,1,0
full_road_port,baseline,67,3,22261098,0,6,105,8,2,2,3,0,0
full_road_port,lookahead,67,3,22261098,0,4,81,5,3,0,1,0,0
full_road_port,baseline,68,0,22261099,0,3,110,9,1,1,6,0,0
full_road_port,lookahead,68,0,22261099,0,9,142,3,0,3,4,0,0
full_road_port,baseline,68,1,22261100,0,4,105,2,1,1,5,0,0
full_road_port,lookahead,68,1,22261100,0,9,145,7,2,2,3,0,0
full_road_port,baseline,68,2,22261101,0,7,169,10,0,3,5,0,0
full_road_port,lookahead,68,2,22261101,0,8,126,5,0,2,5,0,0
full_road_port,baseline,68,3,22261102,0,4,107,6,3,0,6,0,0
full_road_port,lookahead,68,3,22261102,1,10,112,8,1,4,1,0,0
full_road_port,baseline,69,0,22261103,0,6,118,15,4,1,0,0,0
full_road_port,lookahead,69,0,22261103,1,10,85,7,0,4,2,0,0
full_road_port,baseline,69,1,22261104,0,6,107,11,1,2,1,0,0
full_road_port,lookahead,69,1,22261104,0,4,119,3,2,0,2,0,0
full_road_port,baseline,69,2,22261105,0,9,144,12,3,2,7,0,0
full_road_port,lookahead,69,2,22261105,0,5,125,10,5,0,1,0,0
full_road_port,baseline,69,3,22261106,0,6,165,9,0,3,2,0,0
full_road_port,lookahead,69,3,22261106,0,6,142,2,1,1,3,0,0
full_road_port,baseline,70,0,22261107,1,10,165,12,0,4,6,0,0
full_road_port,lookahead,70,0,22261107,1,10,125,11,1,4,1,0,0
full_road_port,baseline,70,1,22261108,0,7,109,14,3,1,8,0,0
full_road_port,lookahead,70,1,22261108,1,10,54,5,0,4,3,0,0
full_road_port,baseline,70,2,22261109,0,9,137,10,2,2,3,1,0
full_road_port,lookahead,70,2,22261109,0,3,154,2,2,0,1,0,0
full_road_port,baseline,70,3,22261110,1,10,144,11,2,4,5,0,0
full_road_port,lookahead,70,3,22261110,0,9,123,5,0,3,3,0,0
full_road_port,baseline,71,0,22261111,0,4,90,14,2,1,3,0,0
full_road_port,lookahead,71,0,22261111,1,10,89,7,2,3,2,0,0
full_road_port,baseline,71,1,22261112,0,4,77,9,1,1,2,0,0
full_road_port,lookahead,71,1,22261112,1,10,86,8,3,1,3,1,0
full_road_port,baseline,71,2,22261113,0,3,77,5,2,0,7,0,0
full_road_port,lookahead,71,2,22261113,1,10,107,4,0,4,3,0,0
full_road_port,baseline,71,3,22261114,0,6,113,15,5,0,3,0,0
full_road_port,lookahead,71,3,22261114,1,10,92,11,5,1,3,0,0
full_road_port,baseline,72,0,22261115,0,7,103,10,0,3,5,0,0
full_road_port,lookahead,72,0,22261115,0,7,119,4,0,3,1,0,0
full_road_port,baseline,72,1,22261116,0,5,140,9,2,1,6,0,0
full_road_port,lookahead,72,1,22261116,1,10,78,12,5,1,1,1,0
full_road_port,baseline,72,2,22261117,0,7,124,11,4,0,3,1,0
full_road_port,lookahead,72,2,22261117,0,9,122,7,0,3,4,0,0
full_road_port,baseline,72,3,22261118,0,6,147,10,5,0,4,0,0
full_road_port,lookahead,72,3,22261118,0,8,138,5,2,2,2,0,0
full_road_port,baseline,73,0,22261119,0,9,110,11,1,3,6,0,0
full_road_port,lookahead,73,0,22261119,0,6,62,5,2,1,2,0,0
full_road_port,baseline,73,1,22261120,0,6,113,15,0,2,8,0,0
full_road_port,lookahead,73,1,22261120,1,10,106,8,2,3,2,0,0
full_road_port,baseline,73,2,22261121,0,5,109,12,2,0,6,0,0
full_road_port,lookahead,73,2,22261121,1,10,95,7,2,3,3,0,0
full_road_port,baseline,73,3,22261122,0,8,167,12,3,2,4,0,0
full_road_port,lookahead,73,3,22261122,0,8,126,5,4,1,3,0,0
full_road_port,baseline,74,0,22261123,0,8,148,9,2,2,6,0,0
full_road_port,lookahead,74,0,22261123,1,10,133,9,2,4,0,0,0
full_road_port,baseline,74,1,22261124,1,10,150,12,1,3,4,1,0
full_road_port,lookahead,74,1,22261124,0,6,183,9,2,2,0,0,0
full_road_port,baseline,74,2,22261125,1,10,131,10,1,4,6,0,0
full_road_port,lookahead,74,2,22261125,0,9,93,6,1,3,4,0,0
full_road_port,baseline,74,3,22261126,0,8,162,15,3,2,4,0,0
full_road_port,lookahead,74,3,22261126,0,9,146,9,5,1,2,0,0
full_road_port,baseline,75,0,22261127,0,5,66,10,3,0,5,1,0
full_road_port,lookahead,75,0,22261127,0,9,82,4,1,3,3,0,0
full_road_port,baseline,75,1,22261128,0,8,152,9,0,3,9,0,0
full_road_port,lookahead,75,1,22261128,0,9,160,3,0,3,6,0,0
full_road_port,baseline,75,2,22261129,0,3,120,12,3,0,4,0,0
full_road_port,lookahead,75,2,22261129,1,10,95,8,5,2,1,0,0
full_road_port,baseline,75,3,22261130,0,9,130,15,0,4,4,0,0
full_road_port,lookahead,75,3,22261130,0,9,157,12,1,4,0,0,0
full_road_port,baseline,76,0,22261131,0,4,78,4,0,2,0,0,0
full_road_port,lookahead,76,0,22261131,0,8,114,3,0,3,5,0,0
full_road_port,baseline,76,1,22261132,0,5,96,11,2,0,5,0,0
full_road_port,lookahead,76,1,22261132,0,5,88,8,4,0,1,0,0
full_road_port,baseline,76,2,22261133,1,10,135,15,1,3,4,1,0
full_road_port,lookahead,76,2,22261133,1,10,111,12,4,2,2,0,0
full_road_port,baseline,76,3,22261134,0,2,93,11,2,0,4,0,0
full_road_port,lookahead,76,3,22261134,0,8,162,5,0,3,4,0,0
full_road_port,baseline,77,0,22261135,1,11,113,13,0,3,6,1,0
full_road_port,lookahead,77,0,22261135,1,10,97,6,2,3,3,0,0
full_road_port,baseline,77,1,22261136,0,3,101,7,3,0,3,0,0
full_road_port,lookahead,77,1,22261136,0,5,133,4,2,0,3,0,0
full_road_port,baseline,77,2,22261137,0,6,148,14,4,0,8,0,0
full_road_port,lookahead,77,2,22261137,1,10,67,5,0,4,6,0,0
full_road_port,baseline,77,3,22261138,1,10,88,10,2,3,3,0,0
full_road_port,lookahead,77,3,22261138,1,10,84,7,0,4,2,0,0
full_road_port,baseline,78,0,22261139,0,5,118,9,1,2,5,0,0
full_road_port,lookahead,78,0,22261139,0,7,112,3,2,1,4,0,0
full_road_port,baseline,78,1,22261140,1,10,74,12,2,3,0,1,0
full_road_port,lookahead,78,1,22261140,0,9,111,9,4,2,1,0,0
full_road_port,baseline,78,2,22261141,0,6,105,10,3,1,4,0,0
full_road_port,lookahead,78,2,22261141,0,7,89,6,4,1,1,0,0
full_road_port,baseline,78,3,22261142,0,9,149,15,3,1,4,1,0
full_road_port,lookahead,78,3,22261142,0,6,127,3,2,1,2,0,0
full_road_port,baseline,79,0,22261143,1,10,157,15,1,4,4,0,0
full_road_port,lookahead,79,0,22261143,0,8,98,3,0,3,5,0,0
full_road_port,baseline,79,1,22261144,1,10,86,10,1,4,4,0,0
full_road_port,lookahead,79,1,22261144,1,10,82,5,2,2,5,0,0
full_road_port,baseline,79,2,22261145,0,6,90,8,4,0,5,0,0
full_road_port,lookahead,79,2,22261145,0,9,81,12,3,2,0,1,0
full_road_port,baseline,79,3,22261146,0,7,138,13,0,3,6,0,0
full_road_port,lookahead,79,3,22261146,0,8,134,6,0,3,3,0,0
full_road_port,baseline,80,0,22261147,1,10,117,13,1,4,5,0,0
full_road_port,lookahead,80,0,22261147,1,10,113,6,0,4,4,0,0
full_road_port,baseline,80,1,22261148,1,10,78,10,2,2,4,1,0
full_road_port,lookahead,80,1,22261148,1,10,74,11,4,2,0,1,0
full_road_port,baseline,80,2,22261149,1,10,127,15,5,1,2,1,0
full_road_port,lookahead,80,2,22261149,0,3,141,9,3,0,0,0,0
full_road_port,baseline,80,3,22261150,0,4,105,14,0,2,3,0,0
full_road_port,lookahead,80,3,22261150,1,10,84,5,0,4,2,0,0
full_road_port,baseline,81,0,22261151,1,10,101,9,0,4,4,0,0
full_road_port,lookahead,81,0,22261151,1,10,109,7,5,1,4,0,0
full_road_port,baseline,81,1,22261152,1,10,126,10,1,4,4,0,0
full_road_port,lookahead,81,1,22261152,1,10,118,8,3,3,1,0,0
full_road_port,baseline,81,2,22261153,0,5,121,7,1,2,6,0,0
full_road_port,lookahead,81,2,22261153,0,5,128,3,1,1,2,0,0
full_road_port,baseline,81,3,22261154,1,10,116,10,1,4,2,0,0
full_road_port,lookahead,81,3,22261154,1,10,68,4,0,4,2,0,0
full_road_port,baseline,82,0,22261155,0,5,102,7,4,0,5,0,0
full_road_port,lookahead,82,0,22261155,0,9,195,6,1,3,3,0,0
full_road_port,baseline,82,1,22261156,0,7,132,14,5,0,8,0,0
full_road_port,lookahead,82,1,22261156,1,10,94,5,0,3,6,0,0
full_road_port,baseline,82,2,22261157,1,10,75,13,4,1,3,1,0
full_road_port,lookahead,82,2,22261157,1,10,123,13,4,2,0,1,0
full_road_port,baseline,82,3,22261158,0,5,109,12,2,0,5,1,0
full_road_port,lookahead,82,3,22261158,0,8,125,6,3,2,1,0,0
full_road_port,baseline,83,0,22261159,1,10,153,15,1,4,4,0,0
full_road_port,lookahead,83,0,22261159,1,10,117,7,3,3,1,0,0
full_road_port,baseline,83,1,22261160,0,3,105,11,3,0,3,0,0
full_road_port,lookahead,83,1,22261160,0,5,173,4,4,0,1,0,0
full_road_port,baseline,83,2,22261161,0,7,152,10,2,2,4,0,0
full_road_port,lookahead,83,2,22261161,0,6,152,3,0,2,2,0,0
full_road_port,baseline,83,3,22261162,0,9,149,7,0,4,8,0,0
full_road_port,lookahead,83,3,22261162,0,7,195,2,0,2,3,0,0
full_road_port,baseline,84,0,22261163,0,9,142,12,2,3,3,0,0
full_road_port,lookahead,84,0,22261163,1,10,117,9,1,4,3,0,0
full_road_port,baseline,84,1,22261164,0,5,79,11,3,0,4,0,0
full_road_port,lookahead,84,1,22261164,0,7,87,11,2,2,1,0,0
full_road_port,baseline,84,2,22261165,1,10,115,9,1,3,5,1,0
full_road_port,lookahead,84,2,22261165,0,6,97,3,2,1,2,0,0
full_road_port,baseline,84,3,22261166,0,4,121,15,4,0,5,0,0
full_road_port,lookahead,84,3,22261166,1,10,64,9,4,1,4,1,0
full_road_port,baseline,85,0,22261167,0,9,178,15,1,4,4,0,0
full_road_port,lookahead,85,0,22261167,0,9,128,7,2,2,4,0,0
full_road_port,baseline,85,1,22261168,1,10,78,11,1,3,3,1,0
full_road_port,lookahead,85,1,22261168,0,8,88,6,1,3,2,0,0
full_road_port,baseline,85,2,22261169,1,10,103,9,0,4,7,0,0
full_road_port,lookahead,85,2,22261169,0,5,157,4,2,0,3,0,0
full_road_port,baseline,85,3,22261170,0,7,123,10,4,1,3,0,0
full_road_port,lookahead,85,3,22261170,0,7,130,6,3,1,3,0,0
full_road_port,baseline,86,0,22261171,0,8,106,7,2,2,5,0,0
full_road_port,lookahead,86,0,22261171,1,10,81,7,0,4,2,0,0
full_road_port,baseline,86,1,22261172,0,7,187,15,0,3,4,0,0
full_road_port,lookahead,86,1,22261172,1,10,90,8,1,4,1,0,0
full_road_port,baseline,86,2,22261173,0,4,148,15,4,0,4,0,0
full_road_port,lookahead,86,2,22261173,1,11,131,12,1,4,0,1,0
full_road_port,baseline,86,3,22261174,0,7,182,14,3,1,7,0,0
full_road_port,lookahead,86,3,22261174,0,9,166,6,1,3,2,0,0
full_road_port,baseline,87,0,22261175,0,9,131,15,1,4,4,0,0
full_road_port,lookahead,87,0,22261175,0,9,155,3,0,3,4,0,0
full_road_port,baseline,87,1,22261176,0,7,137,14,5,0,0,1,0
full_road_port,lookahead,87,1,22261176,1,10,98,11,2,3,0,1,0
full_road_port,baseline,87,2,22261177,0,9,133,9,0,4,7,0,0
full_road_port,lookahead,87,2,22261177,0,4,116,5,0,2,0,0,0
full_road_port,baseline,87,3,22261178,0,7,134,14,0,3,3,0,0
full_road_port,lookahead,87,3,22261178,0,9,134,10,0,4,1,0,0
full_road_port,baseline,88,0,22261179,0,7,98,10,0,3,9,0,0
full_road_port,lookahead,88,0,22261179,1,10,65,6,2,3,2,0,0
full_road_port,baseline,88,1,22261180,0,6,141,14,4,1,0,0,0
full_road_port,lookahead,88,1,22261180,0,3,77,2,2,0,1,0,0
full_road_port,baseline,88,2,22261181,0,6,137,15,4,0,5,1,0
full_road_port,lookahead,88,2,22261181,0,7,149,7,4,1,2,0,0
full_road_port,baseline,88,3,22261182,1,10,92,13,0,3,5,1,0
full_road_port,lookahead,88,3,22261182,1,10,88,9,1,4,1,0,0
full_road_port,baseline,89,0,22261183,0,5,126,15,5,0,5,0,0
full_road_port,lookahead,89,0,22261183,0,9,132,7,2,2,4,0,0
full_road_port,baseline,89,1,22261184,1,10,122,11,0,4,2,1,0
full_road_port,lookahead,89,1,22261184,1,10,150,12,4,2,2,1,0
full_road_port,baseline,89,2,22261185,0,7,89,11,5,0,2,1,0
full_road_port,lookahead,89,2,22261185,1,10,71,14,5,1,1,1,0
full_road_port,baseline,89,3,22261186,0,6,126,15,4,0,6,0,0
full_road_port,lookahead,89,3,22261186,0,9,121,12,1,3,2,0,0
full_road_port,baseline,90,0,22261187,1,10,77,8,3,2,4,0,0
full_road_port,lookahead,90,0,22261187,1,10,77,6,1,3,3,0,0
full_road_port,baseline,90,1,22261188,0,8,144,15,3,1,7,0,0
full_road_port,lookahead,90,1,22261188,1,10,98,5,1,3,4,0,0
full_road_port,baseline,90,2,22261189,0,8,97,10,3,1,2,1,0
full_road_port,lookahead,90,2,22261189,1,10,91,10,1,4,1,0,0
full_road_port,baseline,90,3,22261190,1,10,120,14,1,4,4,0,0
full_road_port,lookahead,90,3,22261190,0,7,141,6,3,1,5,0,0
full_road_port,baseline,91,0,22261191,0,4,140,10,2,1,3,0,0
full_road_port,lookahead,91,0,22261191,0,6,112,4,0,3,0,0,0
full_road_port,baseline,91,1,22261192,0,6,115,10,2,1,6,0,0
full_road_port,lookahead,91,1,22261192,0,5,132,8,3,1,1,0,0
full_road_port,baseline,91,2,22261193,0,6,125,8,1,2,6,0,0
full_road_port,lookahead,91,2,22261193,0,4,109,6,2,1,0,0,0
full_road_port,baseline,91,3,22261194,0,7,121,15,5,0,5,0,0
full_road_port,lookahead,91,3,22261194,0,6,101,10,2,2,0,0,0
full_road_port,baseline,92,0,22261195,0,4,90,10,2,1,5,0,0
full_road_port,lookahead,92,0,22261195,1,10,113,8,2,3,2,0,0
full_road_port,baseline,92,1,22261196,0,7,136,13,5,0,3,0,0
full_road_port,lookahead,92,1,22261196,0,7,89,4,2,2,2,0,0
full_road_port,baseline,92,2,22261197,0,4,86,5,3,0,6,0,0
full_road_port,lookahead,92,2,22261197,0,8,124,5,0,3,4,0,0
full_road_port,baseline,92,3,22261198,0,6,73,13,1,2,4,0,0
full_road_port,lookahead,92,3,22261198,0,5,97,8,4,0,2,0,0
full_road_port,baseline,93,0,22261199,0,9,152,15,3,2,3,1,0
full_road_port,lookahead,93,0,22261199,1,10,137,6,0,4,2,0,0
full_road_port,baseline,93,1,22261200,0,4,113,8,2,1,3,0,0
full_road_port,lookahead,93,1,22261200,0,7,125,2,0,2,3,0,0
full_road_port,baseline,93,2,22261201,0,9,137,9,1,3,6,0,0
full_road_port,lookahead,93,2,22261201,1,10,135,5,2,2,4,0,0
full_road_port,baseline,93,3,22261202,0,6,134,6,1,2,6,0,0
full_road_port,lookahead,93,3,22261202,0,4,109,2,0,2,0,0,0
full_road_port,baseline,94,0,22261203,0,9,126,15,0,4,5,0,0
full_road_port,lookahead,94,0,22261203,1,10,117,8,0,3,8,0,0
full_road_port,baseline,94,1,22261204,1,10,86,10,1,4,1,0,0
full_road_port,lookahead,94,1,22261204,0,9,89,10,2,3,1,0,0
full_road_port,baseline,94,2,22261205,0,8,129,12,1,3,6,0,0
full_road_port,lookahead,94,2,22261205,0,9,104,5,0,4,3,0,0
full_road_port,baseline,94,3,22261206,0,6,135,15,4,0,5,1,0
full_road_port,lookahead,94,3,22261206,0,9,81,4,0,4,1,0,0
full_road_port,baseline,95,0,22261207,0,6,142,8,2,1,5,0,0
full_road_port,lookahead,95,0,22261207,1,10,117,9,1,4,1,0,0
full_road_port,baseline,95,1,22261208,0,9,147,14,3,2,7,0,0
full_road_port,lookahead,95,1,22261208,0,6,175,3,0,2,6,0,0
full_road_port,baseline,95,2,22261209,0,4,140,10,0,2,7,0,0
full_road_port,lookahead,95,2,22261209,0,8,164,5,0,2,4,0,0
full_road_port,baseline,95,3,22261210,0,8,129,7,2,2,6,0,0
full_road_port,lookahead,95,3,22261210,0,8,151,6,5,0,3,0,0
full_road_port,baseline,96,0,22261211,0,7,94,8,0,3,4,0,0
full_road_port,lookahead,96,0,22261211,0,9,94,6,1,3,3,0,0
full_road_port,baseline,96,1,22261212,0,6,137,12,2,1,4,0,0
full_road_port,lookahead,96,1,22261212,0,2,57,2,2,0,0,0,0
full_road_port,baseline,96,2,22261213,1,11,147,13,4,1,7,1,0
full_road_port,lookahead,96,2,22261213,1,10,123,9,3,3,1,0,0
full_road_port,baseline,96,3,22261214,1,10,176,15,5,1,5,0,0
full_road_port,lookahead,96,3,22261214,1,10,196,15,5,0,3,1,0
full_road_port,baseline,97,0,22261215,0,6,94,10,3,0,7,1,0
full_road_port,lookahead,97,0,22261215,1,10,101,5,2,3,5,0,0
full_road_port,baseline,97,1,22261216,0,8,139,15,2,3,2,0,0
full_road_port,lookahead,97,1,22261216,0,7,109,10,4,1,1,0,0
full_road_port,baseline,97,2,22261217,0,8,105,12,1,3,2,0,0
full_road_port,lookahead,97,2,22261217,0,8,136,8,1,3,1,0,0
full_road_port,baseline,97,3,22261218,0,8,129,11,3,1,5,0,0
full_road_port,lookahead,97,3,22261218,0,6,143,9,5,0,1,0,0
full_road_port,baseline,98,0,22261219,0,5,82,8,1,2,2,0,0
full_road_port,lookahead,98,0,22261219,0,7,98,7,5,1,0,0,0
full_road_port,baseline,98,1,22261220,0,6,141,11,2,1,7,0,0
full_road_port,lookahead,98,1,22261220,0,6,88,5,2,2,1,0,0
full_road_port,baseline,98,2,22261221,0,5,116,15,3,1,3,0,0
full_road_port,lookahead,98,2,22261221,0,8,156,6,3,2,2,0,0
full_road_port,baseline,98,3,22261222,0,8,123,9,4,1,4,0,0
full_road_port,lookahead,98,3,22261222,0,9,141,10,4,1,3,0,0
full_road_port,baseline,99,0,22261223,0,3,82,8,3,0,3,0,0
full_road_port,lookahead,99,0,22261223,0,6,90,5,2,2,0,0,0
full_road_port,baseline,99,1,22261224,1,10,90,11,1,3,4,1,0
full_road_port,lookahead,99,1,22261224,1,10,98,7,0,4,2,0,0
full_road_port,baseline,99,2,22261225,0,7,130,10,0,3,4,0,0
full_road_port,lookahead,99,2,22261225,0,6,140,7,5,0,1,0,0
full_road_port,baseline,99,3,22261226,0,5,101,7,2,1,4,0,0
full_road_port,lookahead,99,3,22261226,0,5,137,4,0,2,1,0,0
roadscity_port_hybrid,baseline,0,0,23260827,0,9,132,15,4,1,3,1,0
roadscity_port_hybrid,lookahead,0,0,23260827,0,8,120,10,5,0,1,1,0
roadscity_port_hybrid,baseline,0,1,23260828,0,7,153,7,4,0,6,0,0
roadscity_port_hybrid,lookahead,0,1,23260828,0,2,112,2,2,0,0,0,0
roadscity_port_hybrid,baseline,0,2,23260829,0,4,73,7,3,0,6,0,0
roadscity_port_hybrid,lookahead,0,2,23260829,0,7,117,5,3,1,3,0,0
roadscity_port_hybrid,baseline,0,3,23260830,1,10,164,15,4,2,5,1,0
roadscity_port_hybrid,lookahead,0,3,23260830,0,8,133,15,5,0,1,1,0
roadscity_port_hybrid,baseline,1,0,23260831,1,10,113,15,2,4,1,0,0
roadscity_port_hybrid,lookahead,1,0,23260831,1,10,77,5,0,4,2,0,0
roadscity_port_hybrid,baseline,1,1,23260832,0,4,96,10,2,1,1,0,0
roadscity_port_hybrid,lookahead,1,1,23260832,0,7,137,7,1,3,0,0,0
roadscity_port_hybrid,baseline,1,2,23260833,1,10,107,15,2,3,4,0,0
roadscity_port_hybrid,lookahead,1,2,23260833,1,11,75,12,0,4,1,1,0
roadscity_port_hybrid,baseline,1,3,23260834,1,10,116,15,3,2,2,1,0
roadscity_port_hybrid,lookahead,1,3,23260834,1,10,136,10,3,2,3,0,0
roadscity_port_hybrid,baseline,2,0,23260835,0,8,115,15,3,1,4,1,0
roadscity_port_hybrid,lookahead,2,0,23260835,0,8,94,11,4,2,0,0,0
roadscity_port_hybrid,baseline,2,1,23260836,0,5,117,15,5,0,2,0,0
roadscity_port_hybrid,lookahead,2,1,23260836,0,6,97,7,2,2,0,0,0
roadscity_port_hybrid,baseline,2,2,23260837,0,9,138,15,3,2,2,1,0
roadscity_port_hybrid,lookahead,2,2,23260837,0,5,108,8,4,0,1,0,0
roadscity_port_hybrid,baseline,2,3,23260838,0,9,147,15,3,2,5,0,0
roadscity_port_hybrid,lookahead,2,3,23260838,1,10,96,8,3,3,2,0,0
roadscity_port_hybrid,baseline,3,0,23260839,0,6,108,6,3,1,6,0,0
roadscity_port_hybrid,lookahead,3,0,23260839,0,8,156,6,2,2,3,0,0
roadscity_port_hybrid,baseline,3,1,23260840,0,4,73,8,2,1,4,0,0
roadscity_port_hybrid,lookahead,3,1,23260840,1,10,94,8,1,4,1,0,0
roadscity_port_hybrid,baseline,3,2,23260841,0,5,150,14,4,0,6,0,0
roadscity_port_hybrid,lookahead,3,2,23260841,0,4,108,2,2,0,2,0,0
roadscity_port_hybrid,baseline,3,3,23260842,0,6,99,11,2,1,3,1,0
roadscity_port_hybrid,lookahead,3,3,23260842,0,6,91,9,5,0,1,0,0
roadscity_port_hybrid,baseline,4,0,23260843,0,7,108,14,4,0,6,1,0
roadscity_port_hybrid,lookahead,4,0,23260843,1,11,97,11,3,2,2,1,0
roadscity_port_hybrid,baseline,4,1,23260844,0,5,112,8,0,2,3,0,0
roadscity_port_hybrid,lookahead,4,1,23260844,0,4,119,4,1,1,2,0,0
roadscity_port_hybrid,baseline,4,2,23260845,0,9,134,10,2,3,3,0,0
roadscity_port_hybrid,lookahead,4,2,23260845,1,10,151,8,1,3,3,0,0
roadscity_port_hybrid,baseline,4,3,23260846,0,6,109,14,0,2,6,0,0
roadscity_port_hybrid,lookahead,4,3,23260846,0,8,117,9,3,2,1,0,0
roadscity_port_hybrid,baseline,5,0,23260847,0,8,80,10,0,4,2,0,0
roadscity_port_hybrid,lookahead,5,0,23260847,0,9,115,7,0,4,1,0,0
roadscity_port_hybrid,baseline,5,1,23260848,0,6,144,15,2,2,3,0,0
roadscity_port_hybrid,lookahead,5,1,23260848,1,10,110,7,1,4,1,0,0
roadscity_port_hybrid,baseline,5,2,23260849,0,7,104,8,2,2,4,0,0
roadscity_port_hybrid,lookahead,5,2,23260849,1,10,143,3,0,3,4,0,0
roadscity_port_hybrid,baseline,5,3,23260850,1,10,96,15,4,1,7,1,0
roadscity_port_hybrid,lookahead,5,3,23260850,1,10,132,11,3,3,1,0,0
roadscity_port_hybrid,baseline,6,0,23260851,0,5,112,9,2,1,3,0,0
roadscity_port_hybrid,lookahead,6,0,23260851,0,6,72,4,0,2,3,0,0
roadscity_port_hybrid,baseline,6,1,23260852,1,10,118,15,3,1,4,1,0
roadscity_port_hybrid,lookahead,6,1,23260852,0,7,69,8,3,2,0,0,0
roadscity_port_hybrid,baseline,6,2,23260853,1,10,123,15,3,2,6,1,0
roadscity_port_hybrid,lookahead,6,2,23260853,0,8,122,15,5,0,1,1,0
roadscity_port_hybrid,baseline,6,3,23260854,0,9,129,13,2,3,5,0,0
roadscity_port_hybrid,lookahead,6,3,23260854,0,8,102,10,5,1,1,0,0
roadscity_port_hybrid,baseline,7,0,23260855,0,8,100,11,1,3,2,0,0
roadscity_port_hybrid,lookahead,7,0,23260855,0,5,120,5,0,2,1,0,0
roadscity_port_hybrid,baseline,7,1,23260856,0,6,140,15,5,0,5,0,0
roadscity_port_hybrid,lookahead,7,1,23260856,1,10,94,5,0,4,3,0,0
roadscity_port_hybrid,baseline,7,2,23260857,0,8,140,15,2,3,3,0,0
roadscity_port_hybrid,lookahead,7,2,23260857,0,8,161,9,5,0,4,0,0
roadscity_port_hybrid,baseline,7,3,23260858,0,8,135,12,4,1,2,1,0
roadscity_port_hybrid,lookahead,7,3,23260858,0,9,183,9,3,2,2,0,0
roadscity_port_hybrid,baseline,8,0,23260859,0,7,123,11,2,2,6,0,0
roadscity_port_hybrid,lookahead,8,0,23260859,0,9,92,6,1,4,1,0,0
roadscity_port_hybrid,baseline,8,1,23260860,0,8,127,13,4,1,4,1,0
roadscity_port_hybrid,lookahead,8,1,23260860,0,6,108,6,1,2,1,0,0
roadscity_port_hybrid,baseline,8,2,23260861,0,6,109,15,3,0,4,1,0
roadscity_port_hybrid,lookahead,8,2,23260861,0,9,141,10,5,1,3,0,0
roadscity_port_hybrid,baseline,8,3,23260862,0,6,89,14,4,0,3,1,0
roadscity_port_hybrid,lookahead,8,3,23260862,0,9,110,13,5,0,2,1,0
roadscity_port_hybrid,baseline,9,0,23260863,0,3,75,7,3,0,2,0,0
roadscity_port_hybrid,lookahead,9,0,23260863,0,4,87,5,2,0,3,0,0
roadscity_port_hybrid,baseline,9,1,23260864,0,9,121,14,1,3,7,1,0
roadscity_port_hybrid,lookahead,9,1,23260864,1,10,106,11,2,4,2,0,0
roadscity_port_hybrid,baseline,9,2,23260865,0,7,100,11,5,0,5,1,0
roadscity_port_hybrid,lookahead,9,2,23260865,0,7,97,5,4,0,3,0,0
roadscity_port_hybrid,baseline,9,3,23260866,0,2,113,11,2,0,3,0,0
roadscity_port_hybrid,lookahead,9,3,23260866,0,6,141,9,5,0,2,0,0
roadscity_port_hybrid,baseline,10,0,23260867,0,6,104,7,3,0,6,0,0
roadscity_port_hybrid,lookahead,10,0,23260867,0,8,126,7,4,1,2,0,0
roadscity_port_hybrid,baseline,10,1,23260868,1,10,110,14,0,4,6,0,0
roadscity_port_hybrid,lookahead,10,1,23260868,1,10,114,3,0,3,5,0,0
roadscity_port_hybrid,baseline,10,2,23260869,1,10,115,13,2,4,1,0,0
roadscity_port_hybrid,lookahead,10,2,23260869,0,6,97,11,4,1,0,0,0
roadscity_port_hybrid,baseline,10,3,23260870,0,6,137,11,2,1,8,0,0
roadscity_port_hybrid,lookahead,10,3,23260870,0,8,181,6,0,3,2,0,0
roadscity_port_hybrid,baseline,11,0,23260871,0,5,106,6,3,0,6,0,0
roadscity_port_hybrid,lookahead,11,0,23260871,0,8,134,3,0,3,2,0,0
roadscity_port_hybrid,baseline,11,1,23260872,1,10,86,15,1,3,2,1,0
roadscity_port_hybrid,lookahead,11,1,23260872,1,10,94,7,3,2,4,0,0
roadscity_port_hybrid,baseline,11,2,23260873,0,5,64,9,2,0,2,1,0
roadscity_port_hybrid,lookahead,11,2,23260873,0,4,88,6,3,0,1,0,0
roadscity_port_hybrid,baseline,11,3,23260874,1,10,124,15,3,1,7,1,0
roadscity_port_hybrid,lookahead,11,3,23260874,1,10,104,8,2,3,2,0,0
roadscity_port_hybrid,baseline,12,0,23260875,0,8,130,15,1,3,4,0,0
roadscity_port_hybrid,lookahead,12,0,23260875,0,8,138,5,0,3,4,0,0
roadscity_port_hybrid,baseline,12,1,23260876,0,7,92,13,0,2,3,1,0
roadscity_port_hybrid,lookahead,12,1,23260876,0,7,113,8,1,2,3,0,0
roadscity_port_hybrid,baseline,12,2,23260877,1,10,119,15,3,2,3,1,0
roadscity_port_hybrid,lookahead,12,2,23260877,1,10,131,11,5,0,3,1,0
roadscity_port_hybrid,baseline,12,3,23260878,0,4,145,8,0,2,4,0,0
roadscity_port_hybrid,lookahead,12,3,23260878,1,10,144,7,3,2,4,0,0
roadscity_port_hybrid,baseline,13,0,23260879,1,10,89,15,1,4,5,0,0
roadscity_port_hybrid,lookahead,13,0,23260879,1,10,69,7,1,4,1,0,0
roadscity_port_hybrid,baseline,13,1,23260880,0,8,144,15,4,1,4,1,0
roadscity_port_hybrid,lookahead,13,1,23260880,1,10,90,6,1,4,2,0,0
roadscity_port_hybrid,baseline,13,2,23260881,1,10,135,14,3,2,3,1,0
roadscity_port_hybrid,lookahead,13,2,23260881,1,10,75,8,1,3,1,1,0
roadscity_port_hybrid,baseline,13,3,23260882,0,3,123,15,2,0,5,0,0
roadscity_port_hybrid,lookahead,13,3,23260882,0,8,139,5,0,3,2,0,0
roadscity_port_hybrid,baseline,14,0,23260883,0,4,64,8,3,0,5,0,0
roadscity_port_hybrid,lookahead,14,0,23260883,0,5,64,4,3,1,0,0,0
roadscity_port_hybrid,baseline,14,1,23260884,0,3,93,10,3,0,2,0,0
roadscity_port_hybrid,lookahead,14,1,23260884,0,5,101,4,3,0,2,0,0
roadscity_port_hybrid,baseline,14,2,23260885,0,8,120,10,0,3,7,0,0
roadscity_port_hybrid,lookahead,14,2,23260885,1,10,71,7,1,3,3,0,0
roadscity_port_hybrid,baseline,14,3,23260886,0,5,103,14,3,1,3,0,0
roadscity_port_hybrid,lookahead,14,3,23260886,1,10,116,9,2,3,3,0,0
roadscity_port_hybrid,baseline,15,0,23260887,0,3,96,3,2,0,7,0,0
roadscity_port_hybrid,lookahead,15,0,23260887,0,8,170,4,1,3,2,0,0
roadscity_port_hybrid,baseline,15,1,23260888,0,4,148,8,0,2,4,0,0
roadscity_port_hybrid,lookahead,15,1,23260888,0,7,152,3,0,2,5,0,0
roadscity_port_hybrid,baseline,15,2,23260889,0,5,113,12,1,2,5,0,0
roadscity_port_hybrid,lookahead,15,2,23260889,0,9,137,6,0,4,1,0,0
roadscity_port_hybrid,baseline,15,3,23260890,0,7,147,14,4,1,2,0,0
roadscity_port_hybrid,lookahead,15,3,23260890,0,4,143,8,2,1,0,0,0
roadscity_port_hybrid,baseline,16,0,23260891,1,10,57,9,2,2,3,1,0
roadscity_port_hybrid,lookahead,16,0,23260891,1,10,97,8,1,4,1,0,0
roadscity_port_hybrid,baseline,16,1,23260892,0,4,125,7,1,1,7,0,0
roadscity_port_hybrid,lookahead,16,1,23260892,0,5,116,4,0,2,2,0,0
roadscity_port_hybrid,baseline,16,2,23260893,1,10,123,13,0,4,3,1,0
roadscity_port_hybrid,lookahead,16,2,23260893,0,7,152,8,3,2,0,0,0
roadscity_port_hybrid,baseline,16,3,23260894,0,6,105,13,3,0,5,0,0
roadscity_port_hybrid,lookahead,16,3,23260894,0,8,105,9,4,1,2,0,0
roadscity_port_hybrid,baseline,17,0,23260895,0,5,68,8,3,0,2,1,0
roadscity_port_hybrid,lookahead,17,0,23260895,0,8,68,8,2,2,0,1,0
roadscity_port_hybrid,baseline,17,1,23260896,1,10,138,15,2,3,7,0,0
roadscity_port_hybrid,lookahead,17,1,23260896,1,10,110,11,1,4,1,0,0
roadscity_port_hybrid,baseline,17,2,23260897,0,9,142,15,3,2,2,1,0
roadscity_port_hybrid,lookahead,17,2,23260897,0,5,142,14,5,0,0,0,0
roadscity_port_hybrid,baseline,17,3,23260898,0,6,99,10,1,2,6,0,0
roadscity_port_hybrid,lookahead,17,3,23260898,0,7,117,3,2,1,3,0,0
roadscity_port_hybrid,baseline,18,0,23260899,1,10,185,13,5,1,7,0,0
roadscity_port_hybrid,lookahead,18,0,23260899,0,9,143,11,5,1,2,0,0
roadscity_port_hybrid,baseline,18,1,23260900,0,5,109,11,2,1,4,0,0
roadscity_port_hybrid,lookahead,18,1,23260900,0,5,65,2,2,0,5,0,0
roadscity_port_hybrid,baseline,18,2,23260901,1,10,143,15,4,1,4,1,0
roadscity_port_hybrid,lookahead,18,2,23260901,0,9,181,2,0,2,5,0,0
roadscity_port_hybrid,baseline,18,3,23260902,0,7,166,15,3,2,0,0,0
roadscity_port_hybrid,lookahead,18,3,23260902,0,9,205,15,5,1,0,1,0
roadscity_port_hybrid,baseline,19,0,23260903,0,5,90,10,3,1,2,0,0
roadscity_port_hybrid,lookahead,19,0,23260903,1,10,89,7,1,4,1,0,0
roadscity_port_hybrid,baseline,19,1,23260904,0,8,84,8,4,1,2,1,0
roadscity_port_hybrid,lookahead,19,1,23260904,0,8,140,6,0,3,4,0,0
roadscity_port_hybrid,baseline,19,2,23260905,1,10,167,15,2,3,0,1,0
roadscity_port_hybrid,lookahead,19,2,23260905,0,4,150,3,2,0,2,0,0
roadscity_port_hybrid,baseline,19,3,23260906,0,5,163,11,2,1,2,0,0
roadscity_port_hybrid,lookahead,19,3,23260906,0,7,101,7,5,0,2,0,0
roadscity_port_hybrid,baseline,20,0,23260907,0,6,104,13,4,1,3,0,0
roadscity_port_hybrid,lookahead,20,0,23260907,0,5,96,7,5,0,2,0,0
roadscity_port_hybrid,baseline,20,1,23260908,0,3,117,14,3,0,3,0,0
roadscity_port_hybrid,lookahead,20,1,23260908,0,9,108,13,5,0,2,1,0
roadscity_port_hybrid,baseline,20,2,23260909,1,10,115,15,3,2,3,0,0
roadscity_port_hybrid,lookahead,20,2,23260909,1,10,59,12,5,1,1,1,0
roadscity_port_hybrid,baseline,20,3,23260910,0,7,130,15,2,1,6,0,0
roadscity_port_hybrid,lookahead,20,3,23260910,1,10,100,7,1,4,2,0,0
roadscity_port_hybrid,baseline,21,0,23260911,0,5,144,15,0,2,4,0,0
roadscity_port_hybrid,lookahead,21,0,23260911,1,10,97,7,2,3,2,0,0
roadscity_port_hybrid,baseline,21,1,23260912,0,6,133,13,2,0,4,1,0
roadscity_port_hybrid,lookahead,21,1,23260912,0,6,149,4,3,0,3,0,0
roadscity_port_hybrid,baseline,21,2,23260913,0,6,98,15,4,0,3,0,0
roadscity_port_hybrid,lookahead,21,2,23260913,0,6,106,8,5,0,1,0,0
roadscity_port_hybrid,baseline,21,3,23260914,0,4,123,15,1,1,6,0,0
roadscity_port_hybrid,lookahead,21,3,23260914,0,6,127,6,3,0,3,0,0
roadscity_port_hybrid,baseline,22,0,23260915,0,7,100,12,2,1,2,1,0
roadscity_port_hybrid,lookahead,22,0,23260915,0,8,116,5,1,3,1,0,0
roadscity_port_hybrid,baseline,22,1,23260916,1,10,58,12,0,4,0,1,0
roadscity_port_hybrid,lookahead,22,1,23260916,1,10,82,4,0,4,3,0,0
roadscity_port_hybrid,baseline,22,2,23260917,0,4,61,7,3,0,2,0,0
roadscity_port_hybrid,lookahead,22,2,23260917,0,5,93,5,3,1,0,0,0
roadscity_port_hybrid,baseline,22,3,23260918,0,3,118,11,2,0,5,0,0
roadscity_port_hybrid,lookahead,22,3,23260918,0,7,154,11,5,0,2,0,0
roadscity_port_hybrid,baseline,23,0,23260919,0,3,62,9,2,0,1,0,0
roadscity_port_hybrid,lookahead,23,0,23260919,0,5,82,7,1,2,0,0,0
roadscity_port_hybrid,baseline,23,1,23260920,0,5,115,12,3,0,6,0,0
roadscity_port_hybrid,lookahead,23,1,23260920,0,7,165,4,1,2,2,0,0
roadscity_port_hybrid,baseline,23,2,23260921,0,5,125,15,5,0,2,0,0
roadscity_port_hybrid,lookahead,23,2,23260921,0,8,125,13,5,0,1,1,0
roadscity_port_hybrid,baseline,23,3,23260922,1,10,180,15,5,1,5,1,0
roadscity_port_hybrid,lookahead,23,3,23260922,0,9,111,9,4,2,1,0,0
roadscity_port_hybrid,baseline,24,0,23260923,0,6,100,15,5,0,3,0,0
roadscity_port_hybrid,lookahead,24,0,23260923,0,5,80,5,3,1,0,0,0
roadscity_port_hybrid,baseline,24,1,23260924,0,9,120,10,0,4,7,0,0
roadscity_port_hybrid,lookahead,24,1,23260924,0,8,141,6,0,3,2,0,0
roadscity_port_hybrid,baseline,24,2,23260925,0,8,116,14,4,2,1,0,0
roadscity_port_hybrid,lookahead,24,2,23260925,0,9,112,7,3,2,2,0,0
roadscity_port_hybrid,baseline,24,3,23260926,0,6,170,13,4,1,3,0,0
roadscity_port_hybrid,lookahead,24,3,23260926,1,10,140,8,2,3,2,0,0
roadscity_port_hybrid,baseline,25,0,23260927,0,7,148,7,0,3,4,0,0
roadscity_port_hybrid,lookahead,25,0,23260927,1,10,101,6,1,3,3,0,0
roadscity_port_hybrid,baseline,25,1,23260928,0,6,139,14,4,1,0,0,0
roadscity_port_hybrid,lookahead,25,1,23260928,0,7,147,7,3,1,2,0,0
roadscity_port_hybrid,baseline,25,2,23260929,0,7,148,9,2,2,4,0,0
roadscity_port_hybrid,lookahead,25,2,23260929,0,6,132,5,3,1,1,0,0
roadscity_port_hybrid,baseline,25,3,23260930,0,7,129,15,5,0,5,1,0
roadscity_port_hybrid,lookahead,25,3,23260930,0,8,109,7,5,0,4,0,0
roadscity_port_hybrid,baseline,26,0,23260931,0,7,103,13,1,3,3,0,0
roadscity_port_hybrid,lookahead,26,0,23260931,1,10,121,10,2,3,2,0,0
roadscity_port_hybrid,baseline,26,1,23260932,0,6,127,5,1,1,7,0,0
roadscity_port_hybrid,lookahead,26,1,23260932,0,8,136,3,3,0,7,0,0
roadscity_port_hybrid,baseline,26,2,23260933,0,9,124,9,1,4,1,0,0
roadscity_port_hybrid,lookahead,26,2,23260933,0,6,108,6,3,1,1,0,0
roadscity_port_hybrid,baseline,26,3,23260934,1,10,96,11,1,3,4,1,0
roadscity_port_hybrid,lookahead,26,3,23260934,1,10,72,7,4,2,2,0,0
roadscity_port_hybrid,baseline,27,0,23260935,0,6,110,10,4,0,7,0,0
roadscity_port_hybrid,lookahead,27,0,23260935,1,10,69,4,0,4,4,0,0
roadscity_port_hybrid,baseline,27,1,23260936,0,5,96,9,3,1,0,0,0
roadscity_port_hybrid,lookahead,27,1,23260936,0,3,111,3,2,0,2,0,0
roadscity_port_hybrid,baseline,27,2,23260937,0,7,113,13,1,3,2,0,0
roadscity_port_hybrid,lookahead,27,2,23260937,0,7,138,11,2,2,1,0,0
roadscity_port_hybrid,baseline,27,3,23260938,0,7,98,8,1,1,10,0,0
roadscity_port_hybrid,lookahead,27,3,23260938,0,7,131,4,2,1,4,0,0
roadscity_port_hybrid,baseline,28,0,23260939,0,3,76,14,3,0,2,0,0
roadscity_port_hybrid,lookahead,28,0,23260939,1,10,81,11,4,2,0,1,0
roadscity_port_hybrid,baseline,28,1,23260940,0,2,85,13,2,0,1,0,0
roadscity_port_hybrid,lookahead,28,1,23260940,0,8,124,9,1,3,1,0,0
roadscity_port_hybrid,baseline,28,2,23260941,0,4,122,15,0,2,2,0,0
roadscity_port_hybrid,lookahead,28,2,23260941,0,5,120,11,5,0,0,0,0
roadscity_port_hybrid,baseline,28,3,23260942,0,8,154,15,4,1,3,0,0
roadscity_port_hybrid,lookahead,28,3,23260942,0,6,131,8,5,0,1,0,0
roadscity_port_hybrid,baseline,29,0,23260943,0,5,112,15,5,0,1,0,0
roadscity_port_hybrid,lookahead,29,0,23260943,0,9,175,5,1,3,2,0,0
roadscity_port_hybrid,baseline,29,1,23260944,0,7,132,13,0,3,5,0,0
roadscity_port_hybrid,lookahead,29,1,23260944,1,10,82,8,3,3,1,0,0
roadscity_port_hybrid,baseline,29,2,23260945,1,10,131,15,2,3,4,1,0
roadscity_port_hybrid,lookahead,29,2,23260945,1,10,135,13,4,2,0,1,0
roadscity_port_hybrid,baseline,29,3,23260946,1,10,120,11,1,3,4,1,0
roadscity_port_hybrid,lookahead,29,3,23260946,0,7,145,9,5,0,0,1,0
roadscity_port_hybrid,baseline,30,0,23260947,0,6,111,14,4,1,2,0,0
roadscity_port_hybrid,lookahead,30,0,23260947,0,7,135,6,4,1,1,0,0
roadscity_port_hybrid,baseline,30,1,23260948,0,8,121,12,1,3,5,0,0
roadscity_port_hybrid,lookahead,30,1,23260948,1,10,82,5,0,4,3,0,0
roadscity_port_hybrid,baseline,30,2,23260949,0,7,100,8,0,3,4,0,0
roadscity_port_hybrid,lookahead,30,2,23260949,1,10,139,10,4,2,3,0,0
roadscity_port_hybrid,baseline,30,3,23260950,0,3,118,15,2,0,4,0,0
roadscity_port_hybrid,lookahead,30,3,23260950,0,5,83,7,4,0,2,0,0
roadscity_port_hybrid,baseline,31,0,23260951,1,10,125,15,0,3,5,0,0
roadscity_port_hybrid,lookahead,31,0,23260951,1,10,61,3,0,3,4,0,0
roadscity_port_hybrid,baseline,31,1,23260952,0,3,128,7,2,0,6,0,0
roadscity_port_hybrid,lookahead,31,1,23260952,0,3,95,3,2,0,2,0,0
roadscity_port_hybrid,baseline,31,2,23260953,1,10,103,15,4,2,3,0,0
roadscity_port_hybrid,lookahead,31,2,23260953,0,6,145,15,5,0,2,0,0
roadscity_port_hybrid,baseline,31,3,23260954,0,6,149,11,4,1,5,0,0
roadscity_port_hybrid,lookahead,31,3,23260954,0,8,142,14,5,0,3,1,0
roadscity_port_hybrid,baseline,32,0,23260955,1,10,101,15,1,2,9,1,0
roadscity_port_hybrid,lookahead,32,0,23260955,1,10,77,8,0,3,6,0,0
roadscity_port_hybrid,baseline,32,1,23260956,0,4,148,15,4,0,5,0,0
roadscity_port_hybrid,lookahead,32,1,23260956,0,6,140,8,5,0,1,0,0
roadscity_port_hybrid,baseline,32,2,23260957,0,6,89,12,1,2,4,0,0
roadscity_port_hybrid,lookahead,32,2,23260957,0,7,72,11,1,3,0,0,0
roadscity_port_hybrid,baseline,32,3,23260958,0,6,125,15,3,1,3,0,0
roadscity_port_hybrid,lookahead,32,3,23260958,0,9,105,9,5,1,2,0,0
roadscity_port_hybrid,baseline,33,0,23260959,0,4,98,15,2,1,3,0,0
roadscity_port_hybrid,lookahead,33,0,23260959,1,10,105,9,4,2,2,0,0
roadscity_port_hybrid,baseline,33,1,23260960,0,7,116,15,5,0,2,1,0
roadscity_port_hybrid,lookahead,33,1,23260960,0,9,136,7,5,0,4,0,0
roadscity_port_hybrid,baseline,33,2,23260961,0,6,132,15,3,0,4,1,0
roadscity_port_hybrid,lookahead,33,2,23260961,0,7,170,13,5,0,0,1,0
roadscity_port_hybrid,baseline,33,3,23260962,0,5,105,15,4,0,4,0,0
roadscity_port_hybrid,lookahead,33,3,23260962,0,8,87,9,3,2,1,0,0
roadscity_port_hybrid,baseline,34,0,23260963,0,3,110,12,2,0,6,0,0
roadscity_port_hybrid,lookahead,34,0,23260963,0,7,152,6,3,1,2,0,0
roadscity_port_hybrid,baseline,34,1,23260964,0,9,123,15,1,4,4,0,0
roadscity_port_hybrid,lookahead,34,1,23260964,1,10,78,7,0,4,2,0,0
roadscity_port_hybrid,baseline,34,2,23260965,0,4,80,15,3,0,2,0,0
roadscity_port_hybrid,lookahead,34,2,23260965,0,5,120,6,4,0,1,0,0
roadscity_port_hybrid,baseline,34,3,23260966,0,7,83,11,4,0,1,1,0
roadscity_port_hybrid,lookahead,34,3,23260966,0,4,87,6,3,0,1,0,0
roadscity_port_hybrid,baseline,35,0,23260967,0,6,150,12,5,0,6,0,0
roadscity_port_hybrid,lookahead,35,0,23260967,0,9,130,10,3,2,2,0,0
roadscity_port_hybrid,baseline,35,1,23260968,0,9,168,12,4,2,6,0,0
roadscity_port_hybrid,lookahead,35,1,23260968,0,8,197,3,0,3,2,0,0
roadscity_port_hybrid,baseline,35,2,23260969,0,4,104,12,2,0,8,0,0
roadscity_port_hybrid,lookahead,35,2,23260969,0,9,104,10,5,1,3,0,0
roadscity_port_hybrid,baseline,35,3,23260970,0,5,95,10,1,2,3,0,0
roadscity_port_hybrid,lookahead,35,3,23260970,1,10,88,12,4,1,2,1,0
roadscity_port_hybrid,baseline,36,0,23260971,1,10,121,15,4,1,6,1,0
roadscity_port_hybrid,lookahead,36,0,23260971,1,10,109,12,3,2,1,1,0
roadscity_port_hybrid,baseline,36,1,23260972,0,6,100,6,0,3,1,0,0
roadscity_port_hybrid,lookahead,36,1,23260972,0,4,88,4,0,2,0,0,0
roadscity_port_hybrid,baseline,36,2,23260973,0,6,149,15,2,2,2,0,0
roadscity_port_hybrid,lookahead,36,2,23260973,0,6,96,8,5,0,2,0,0
roadscity_port_hybrid,baseline,36,3,23260974,0,6,149,15,5,0,6,0,0
roadscity_port_hybrid,lookahead,36,3,23260974,1,10,140,7,2,3,2,0,0
roadscity_port_hybrid,baseline,37,0,23260975,0,8,154,15,3,2,8,0,0
roadscity_port_hybrid,lookahead,37,0,23260975,0,9,126,3,0,3,8,0,0
roadscity_port_hybrid,baseline,37,1,23260976,0,7,145,13,0,3,4,0,0
roadscity_port_hybrid,lookahead,37,1,23260976,0,6,112,6,1,2,2,0,0
roadscity_port_hybrid,baseline,37,2,23260977,0,9,136,9,1,3,5,0,0
roadscity_port_hybrid,lookahead,37,2,23260977,1,10,119,7,2,3,2,0,0
roadscity_port_hybrid,baseline,37,3,23260978,1,10,152,10,3,2,4,0,0
roadscity_port_hybrid,lookahead,37,3,23260978,0,7,153,7,3,1,2,0,0
roadscity_port_hybrid,baseline,38,0,23260979,1,10,113,12,4,0,7,1,0
roadscity_port_hybrid,lookahead,38,0,23260979,0,9,111,5,2,2,3,0,0
roadscity_port_hybrid,baseline,38,1,23260980,0,7,128,15,4,1,4,0,0
roadscity_port_hybrid,lookahead,38,1,23260980,0,7,117,6,4,1,1,0,0
roadscity_port_hybrid,baseline,38,2,23260981,1,10,83,12,3,2,2,1,0
roadscity_port_hybrid,lookahead,38,2,23260981,1,10,75,6,1,4,1,0,0
roadscity_port_hybrid,baseline,38,3,23260982,0,9,138,15,5,1,3,0,0
roadscity_port_hybrid,lookahead,38,3,23260982,0,3,67,8,3,0,0,0,0
roadscity_port_hybrid,baseline,39,0,23260983,0,9,108,12,2,1,6,1,0
roadscity_port_hybrid,lookahead,39,0,23260983,1,10,85,7,2,3,2,0,0
roadscity_port_hybrid,baseline,39,1,23260984,0,9,136,15,5,1,3,1,0
roadscity_port_hybrid,lookahead,39,1,23260984,1,10,114,12,0,3,3,1,0
roadscity_port_hybrid,baseline,39,2,23260985,1,10,143,15,5,1,3,1,0
roadscity_port_hybrid,lookahead,39,2,23260985,1,10,135,15,5,1,1,1,0
roadscity_port_hybrid,baseline,39,3,23260986,0,6,87,6,0,3,1,0,0
roadscity_port_hybrid,lookahead,39,3,23260986,0,6,110,3,0,2,2,0,0
roadscity_port_hybrid,baseline,40,0,23260987,0,9,106,12,1,2,5,1,0
roadscity_port_hybrid,lookahead,40,0,23260987,1,10,97,6,3,2,3,0,0
roadscity_port_hybrid,baseline,40,1,23260988,0,2,69,3,2,0,2,0,0
roadscity_port_hybrid,lookahead,40,1,23260988,0,4,69,3,3,0,1,0,0
roadscity_port_hybrid,baseline,40,2,23260989,0,7,125,10,1,3,4,0,0
roadscity_port_hybrid,lookahead,40,2,23260989,0,9,112,7,3,2,3,0,0
roadscity_port_hybrid,baseline,40,3,23260990,0,2,63,7,2,0,4,0,0
roadscity_port_hybrid,lookahead,40,3,23260990,1,11,120,14,1,4,0,1,0
roadscity_port_hybrid,baseline,41,0,23260991,0,4,94,12,1,1,3,0,0
roadscity_port_hybrid,lookahead,41,0,23260991,1,10,89,7,4,2,2,0,0
roadscity_port_hybrid,baseline,41,1,23260992,1,10,106,15,0,3,4,0,0
roadscity_port_hybrid,lookahead,41,1,23260992,1,10,82,6,0,4,2,0,0
roadscity_port_hybrid,baseline,41,2,23260993,0,7,124,10,3,2,5,0,0
roadscity_port_hybrid,lookahead,41,2,23260993,0,4,136,8,3,0,1,0,0
roadscity_port_hybrid,baseline,41,3,23260994,0,5,101,15,3,0,5,0,0
roadscity_port_hybrid,lookahead,41,3,23260994,1,10,88,13,4,1,2,1,0
roadscity_port_hybrid,baseline,42,0,23260995,0,3,72,7,3,0,4,0,0
roadscity_port_hybrid,lookahead,42,0,23260995,1,10,109,7,0,4,2,0,0
roadscity_port_hybrid,baseline,42,1,23260996,0,6,131,15,3,1,6,0,0
roadscity_port_hybrid,lookahead,42,1,23260996,1,11,86,12,2,3,1,1,0
roadscity_port_hybrid,baseline,42,2,23260997,0,5,117,13,3,1,6,0,0
roadscity_port_hybrid,lookahead,42,2,23260997,1,10,115,10,3,2,2,1,0
roadscity_port_hybrid,baseline,42,3,23260998,0,5,117,9,5,0,2,0,0
roadscity_port_hybrid,lookahead,42,3,23260998,0,2,106,4,2,0,0,0,0
roadscity_port_hybrid,baseline,43,0,23260999,0,7,156,15,5,0,5,0,0
roadscity_port_hybrid,lookahead,43,0,23260999,0,7,150,5,4,0,4,0,0
roadscity_port_hybrid,baseline,43,1,23261000,0,5,91,13,2,1,6,0,0
roadscity_port_hybrid,lookahead,43,1,23261000,0,6,49,5,3,1,1,0,0
roadscity_port_hybrid,baseline,43,2,23261001,1,10,131,12,0,4,5,0,0
roadscity_port_hybrid,lookahead,43,2,23261001,1,10,111,15,5,1,1,1,0
roadscity_port_hybrid,baseline,43,3,23261002,0,3,47,3,1,1,3,0,0
roadscity_port_hybrid,lookahead,43,3,23261002,0,6,67,3,1,2,2,0,0
roadscity_port_hybrid,baseline,44,0,23261003,0,7,110,15,5,0,8,0,0
roadscity_port_hybrid,lookahead,44,0,23261003,1,10,89,7,4,1,5,0,0
roadscity_port_hybrid,baseline,44,1,23261004,0,6,115,7,1,2,6,0,0
roadscity_port_hybrid,lookahead,44,1,23261004,0,8,111,3,1,2,3,0,0
roadscity_port_hybrid,baseline,44,2,23261005,0,7,118,15,3,1,2,0,0
roadscity_port_hybrid,lookahead,44,2,23261005,1,10,103,12,4,1,3,1,0
roadscity_port_hybrid,baseline,44,3,23261006,0,6,115,14,4,0,7,1,0
roadscity_port_hybrid,lookahead,44,3,23261006,0,5,87,9,3,1,0,0,0
roadscity_port_hybrid,baseline,45,0,23261007,0,9,188,15,3,2,2,1,0
roadscity_port_hybrid,lookahead,45,0,23261007,1,10,125,7,2,3,2,0,0
roadscity_port_hybrid,baseline,45,1,23261008,0,7,80,10,0,2,4,1,0
roadscity_port_hybrid,lookahead,45,1,23261008,0,6,76,4,2,1,4,0,0
roadscity_port_hybrid,baseline,45,2,23261009,0,5,117,9,0,2,5,0,0
roadscity_port_hybrid,lookahead,45,2,23261009,1,10,135,12,3,2,3,1,0
roadscity_port_hybrid,baseline,45,3,23261010,0,4,103,8,3,0,5,0,0
roadscity_port_hybrid,lookahead,45,3,23261010,0,5,127,4,2,1,2,0,0
roadscity_port_hybrid,baseline,46,0,23261011,0,7,108,13,1,2,4,1,0
roadscity_port_hybrid,lookahead,46,0,23261011,1,11,121,12,5,1,2,1,0
roadscity_port_hybrid,baseline,46,1,23261012,1,10,114,14,0,3,3,1,0
roadscity_port_hybrid,lookahead,46,1,23261012,0,6,148,6,0,2,3,0,0
roadscity_port_hybrid,baseline,46,2,23261013,0,6,109,9,2,1,2,0,0
roadscity_port_hybrid,lookahead,46,2,23261013,0,5,126,10,4,0,2,0,0
roadscity_port_hybrid,baseline,46,3,23261014,1,10,100,14,3,2,1,1,0
roadscity_port_hybrid,lookahead,46,3,23261014,0,7,133,6,0,3,1,0,0
roadscity_port_hybrid,baseline,47,0,23261015,1,10,117,15,0,4,1,1,0
roadscity_port_hybrid,lookahead,47,0,23261015,0,9,164,11,5,1,2,0,0
roadscity_port_hybrid,baseline,47,1,23261016,0,7,100,10,3,1,1,1,0
roadscity_port_hybrid,lookahead,47,1,23261016,0,7,144,7,4,0,3,0,0
roadscity_port_hybrid,baseline,47,2,23261017,0,6,158,15,4,1,3,0,0
roadscity_port_hybrid,lookahead,47,2,23261017,0,7,132,6,4,0,3,0,0
roadscity_port_hybrid,baseline,47,3,23261018,1,10,148,15,1,3,1,1,0
roadscity_port_hybrid,lookahead,47,3,23261018,0,4,131,8,0,2,0,0,0
roadscity_port_hybrid,baseline,48,0,23261019,1,10,145,12,1,3,9,0,0
roadscity_port_hybrid,lookahead,48,0,23261019,1,10,97,6,1,4,1,0,0
roadscity_port_hybrid,baseline,48,1,23261020,0,8,120,15,4,0,3,1,0
roadscity_port_hybrid,lookahead,48,1,23261020,0,3,167,5,2,0,1,0,0
roadscity_port_hybrid,baseline,48,2,23261021,1,10,95,15,3,2,4,1,0
roadscity_port_hybrid,lookahead,48,2,23261021,0,6,89,5,3,1,2,0,0
roadscity_port_hybrid,baseline,48,3,23261022,0,2,79,11,2,0,1,0,0
roadscity_port_hybrid,lookahead,48,3,23261022,0,5,103,6,5,0,0,0,0
roadscity_port_hybrid,baseline,49,0,23261023,1,10,101,14,2,2,2,1,0
roadscity_port_hybrid,lookahead,49,0,23261023,0,8,90,8,1,3,1,0,0
roadscity_port_hybrid,baseline,49,1,23261024,1,10,126,13,2,3,1,1,0
roadscity_port_hybrid,lookahead,49,1,23261024,1,10,106,11,4,0,4,1,0
roadscity_port_hybrid,baseline,49,2,23261025,0,9,148,11,0,4,3,0,0
roadscity_port_hybrid,lookahead,49,2,23261025,0,8,164,15,5,0,4,0,0
roadscity_port_hybrid,baseline,49,3,23261026,0,6,138,11,4,0,7,0,0
roadscity_port_hybrid,lookahead,49,3,23261026,0,7,129,6,4,0,3,0,0
roadscity_port_hybrid,baseline,50,0,23261027,0,8,154,15,5,0,3,1,0
roadscity_port_hybrid,lookahead,50,0,23261027,1,10,85,5,0,4,2,0,0
roadscity_port_hybrid,baseline,50,1,23261028,0,9,164,15,4,1,6,1,0
roadscity_port_hybrid,lookahead,50,1,23261028,0,5,144,8,5,0,0,0,0
roadscity_port_hybrid,baseline,50,2,23261029,0,9,161,15,2,2,6,0,0
roadscity_port_hybrid,lookahead,50,2,23261029,1,10,147,15,5,1,2,1,0
roadscity_port_hybrid,baseline,50,3,23261030,0,3,119,6,2,0,5,0,0
roadscity_port_hybrid,lookahead,50,3,23261030,0,7,146,8,5,0,2,0,0
roadscity_port_hybrid,baseline,51,0,23261031,0,6,164,12,3,1,4,0,0
roadscity_port_hybrid,lookahead,51,0,23261031,0,9,171,8,2,3,1,0,0
roadscity_port_hybrid,baseline,51,1,23261032,0,5,131,15,1,2,4,0,0
roadscity_port_hybrid,lookahead,51,1,23261032,1,10,86,5,1,3,4,0,0
roadscity_port_hybrid,baseline,51,2,23261033,0,3,64,15,3,0,1,0,0
roadscity_port_hybrid,lookahead,51,2,23261033,0,4,60,8,4,0,0,0,0
roadscity_port_hybrid,baseline,51,3,23261034,0,8,129,9,1,3,3,0,0
roadscity_port_hybrid,lookahead,51,3,23261034,0,9,129,9,5,0,5,0,0
roadscity_port_hybrid,baseline,52,0,23261035,0,4,98,9,3,0,5,0,0
roadscity_port_hybrid,lookahead,52,0,23261035,1,10,89,9,4,1,2,1,0
roadscity_port_hybrid,baseline,52,1,23261036,0,6,140,13,3,1,3,0,0
roadscity_port_hybrid,lookahead,52,1,23261036,0,9,136,9,4,1,3,0,0
roadscity_port_hybrid,baseline,52,2,23261037,0,9,156,15,3,1,4,1,0
roadscity_port_hybrid,lookahead,52,2,23261037,0,7,190,11,5,0,2,0,0
roadscity_port_hybrid,baseline,52,3,23261038,0,6,115,14,5,0,3,0,0
roadscity_port_hybrid,lookahead,52,3,23261038,1,10,88,7,2,3,2,0,0
roadscity_port_hybrid,baseline,53,0,23261039,1,10,173,15,1,4,7,0,0
roadscity_port_hybrid,lookahead,53,0,23261039,1,10,141,10,2,4,0,0,0
roadscity_port_hybrid,baseline,53,1,23261040,0,6,100,6,0,3,1,0,0
roadscity_port_hybrid,lookahead,53,1,23261040,0,7,113,5,1,2,2,0,0
roadscity_port_hybrid,baseline,53,2,23261041,0,4,72,8,0,2,1,0,0
roadscity_port_hybrid,lookahead,53,2,23261041,0,7,85,5,3,2,1,0,0
roadscity_port_hybrid,baseline,53,3,23261042,0,3,67,5,3,0,3,0,0
roadscity_port_hybrid,lookahead,53,3,23261042,0,5,111,7,5,0,0,0,0
roadscity_port_hybrid,baseline,54,0,23261043,0,6,114,15,4,0,2,1,0
roadscity_port_hybrid,lookahead,54,0,23261043,0,9,130,9,2,2,3,0,0
roadscity_port_hybrid,baseline,54,1,23261044,0,4,133,6,3,0,6,0,0
roadscity_port_hybrid,lookahead,54,1,23261044,0,6,145,7,3,0,3,0,0
roadscity_port_hybrid,baseline,54,2,23261045,1,10,111,15,0,4,3,1,0
roadscity_port_hybrid,lookahead,54,2,23261045,1,10,111,13,2,3,0,1,0
roadscity_port_hybrid,baseline,54,3,23261046,0,8,129,15,5,0,6,0,0
roadscity_port_hybrid,lookahead,54,3,23261046,1,10,144,9,4,2,3,0,0
roadscity_port_hybrid,baseline,55,0,23261047,0,5,80,8,3,1,4,0,0
roadscity_port_hybrid,lookahead,55,0,23261047,0,7,87,7,3,1,5,0,0
roadscity_port_hybrid,baseline,55,1,23261048,0,9,137,15,4,1,4,1,0
roadscity_port_hybrid,lookahead,55,1,23261048,1,10,118,9,5,1,3,0,0
roadscity_port_hybrid,baseline,55,2,23261049,1,10,147,11,1,4,6,0,0
roadscity_port_hybrid,lookahead,55,2,23261049,1,10,115,8,5,1,4,0,0
roadscity_port_hybrid,baseline,55,3,23261050,0,6,147,8,0,2,7,0,0
roadscity_port_hybrid,lookahead,55,3,23261050,0,4,149,2,2,0,2,0,0
roadscity_port_hybrid,baseline,56,0,23261051,0,3,100,6,3,0,4,0,0
roadscity_port_hybrid,lookahead,56,0,23261051,1,10,173,5,1,3,3,0,0
roadscity_port_hybrid,baseline,56,1,23261052,0,7,159,15,1,2,6,0,0
roadscity_port_hybrid,lookahead,56,1,23261052,0,5,68,2,1,1,2,0,0
roadscity_port_hybrid,baseline,56,2,23261053,0,7,134,15,2,2,3,0,0
roadscity_port_hybrid,lookahead,56,2,23261053,1,10,131,7,2,3,2,0,0
roadscity_port_hybrid,baseline,56,3,23261054,0,5,118,15,5,0,3,0,0
roadscity_port_hybrid,lookahead,56,3,23261054,0,5,102,8,5,0,0,0,0
roadscity_port_hybrid,baseline,57,0,23261055,1,10,145,12,2,3,5,0,0
roadscity_port_hybrid,lookahead,57,0,23261055,0,7,88,5,1,3,0,0,0
roadscity_port_hybrid,baseline,57,1,23261056,0,9,133,8,0,4,4,0,0
roadscity_port_hybrid,lookahead,57,1,23261056,0,7,80,8,1,3,0,0,0
roadscity_port_hybrid,baseline,57,2,23261057,0,7,132,10,4,1,3,0,0
roadscity_port_hybrid,lookahead,57,2,23261057,1,10,151,15,5,1,1,1,0
roadscity_port_hybrid,baseline,57,3,23261058,0,8,94,15,4,1,0,1,0
roadscity_port_hybrid,lookahead,57,3,23261058,1,10,88,10,3,2,3,0,0
roadscity_port_hybrid,baseline,58,0,23261059,1,10,117,7,0,3,8,0,0
roadscity_port_hybrid,lookahead,58,0,23261059,1,10,89,5,1,3,5,0,0
roadscity_port_hybrid,baseline,58,1,23261060,1,10,162,11,0,4,4,0,0
roadscity_port_hybrid,lookahead,58,1,23261060,0,6,133,3,2,1,2,0,0
roadscity_port_hybrid,baseline,58,2,23261061,0,3,80,7,2,0,3,0,0
roadscity_port_hybrid,lookahead,58,2,23261061,0,5,92,8,4,0,1,0,0
roadscity_port_hybrid,baseline,58,3,23261062,0,6,94,12,5,0,2,0,0
roadscity_port_hybrid,lookahead,58,3,23261062,1,10,84,6,0,4,2,0,0
roadscity_port_hybrid,baseline,59,0,23261063,0,5,88,10,4,0,4,0,0
roadscity_port_hybrid,lookahead,59,0,23261063,1,10,61,6,1,4,2,0,0
roadscity_port_hybrid,baseline,59,1,23261064,1,10,70,10,1,2,3,1,0
roadscity_port_hybrid,lookahead,59,1,23261064,1,10,126,7,2,2,4,0,0
roadscity_port_hybrid,baseline,59,2,23261065,0,4,120,15,4,0,1,0,0
roadscity_port_hybrid,lookahead,59,2,23261065,1,10,99,13,5,1,1,1,0
roadscity_port_hybrid,baseline,59,3,23261066,0,5,107,15,3,0,3,1,0
roadscity_port_hybrid,lookahead,59,3,23261066,0,8,119,10,5,1,1,0,0
roadscity_port_hybrid,baseline,60,0,23261067,0,7,108,15,5,0,4,1,0
roadscity_port_hybrid,lookahead,60,0,23261067,0,8,114,9,5,0,3,0,0
roadscity_port_hybrid,baseline,60,1,23261068,0,7,157,15,2,2,5,0,0
roadscity_port_hybrid,lookahead,60,1,23261068,0,7,109,7,4,1,1,0,0
roadscity_port_hybrid,baseline,60,2,23261069,0,7,141,15,5,1,3,0,0
roadscity_port_hybrid,lookahead,60,2,23261069,1,10,131,5,2,2,5,0,0
roadscity_port_hybrid,baseline,60,3,23261070,0,9,129,13,5,1,9,0,0
roadscity_port_hybrid,lookahead,60,3,23261070,0,6,93,4,1,2,2,0,0
roadscity_port_hybrid,baseline,61,0,23261071,0,8,114,15,4,2,2,0,0
roadscity_port_hybrid,lookahead,61,0,23261071,1,10,113,15,4,2,0,1,0
roadscity_port_hybrid,baseline,61,1,23261072,0,5,76,10,4,0,4,0,0
roadscity_port_hybrid,lookahead,61,1,23261072,0,9,96,9,4,2,1,0,0
roadscity_port_hybrid,baseline,61,2,23261073,0,6,133,15,2,1,3,0,0
roadscity_port_hybrid,lookahead,61,2,23261073,0,9,124,14,0,3,1,1,0
roadscity_port_hybrid,baseline,61,3,23261074,0,3,87,8,3,0,4,0,0
roadscity_port_hybrid,lookahead,61,3,23261074,0,7,119,6,4,1,1,0,0
roadscity_port_hybrid,baseline,62,0,23261075,0,8,148,15,4,0,5,1,0
roadscity_port_hybrid,lookahead,62,0,23261075,1,10,69,6,1,4,1,0,0
roadscity_port_hybrid,baseline,62,1,23261076,0,4,127,8,0,2,6,0,0
roadscity_port_hybrid,lookahead,62,1,23261076,0,6,104,3,1,1,3,0,0
roadscity_port_hybrid,baseline,62,2,23261077,0,5,134,13,5,0,2,0,0
roadscity_port_hybrid,lookahead,62,2,23261077,0,8,154,15,5,0,1,1,0
roadscity_port_hybrid,baseline,62,3,23261078,0,7,93,13,2,2,3,0,0
roadscity_port_hybrid,lookahead,62,3,23261078,0,6,145,5,2,1,2,0,0
roadscity_port_hybrid,baseline,63,0,23261079,0,8,135,7,1,3,6,0,0
roadscity_port_hybrid,lookahead,63,0,23261079,0,7,95,3,0,2,6,0,0
roadscity_port_hybrid,baseline,63,1,23261080,0,6,156,15,2,2,2,0,0
roadscity_port_hybrid,lookahead,63,1,23261080,0,9,124,7,3,2,2,0,0
roadscity_port_hybrid,baseline,63,2,23261081,0,5,104,8,2,1,4,0,0
roadscity_port_hybrid,lookahead,63,2,23261081,0,5,96,3,3,0,2,0,0
roadscity_port_hybrid,baseline,63,3,23261082,0,7,123,15,5,0,2,1,0
roadscity_port_hybrid,lookahead,63,3,23261082,0,9,107,8,0,3,4,0,0
roadscity_port_hybrid,baseline,64,0,23261083,0,8,135,12,5,0,7,0,0
roadscity_port_hybrid,lookahead,64,0,23261083,1,10,129,8,2,3,2,0,0
roadscity_port_hybrid,baseline,64,1,23261084,1,10,114,10,5,1,3,1,0
roadscity_port_hybrid,lookahead,64,1,23261084,1,10,110,9,4,2,2,0,0
roadscity_port_hybrid,baseline,64,2,23261085,0,3,76,10,3,0,2,0,0
roadscity_port_hybrid,lookahead,64,2,23261085,0,6,104,6,3,0,4,0,0
roadscity_port_hybrid,baseline,64,3,23261086,0,8,142,14,2,1,4,1,0
roadscity_port_hybrid,lookahead,64,3,23261086,1,10,128,10,5,1,3,0,0
roadscity_port_hybrid,baseline,65,0,23261087,0,6,120,12,0,2,7,0,0
roadscity_port_hybrid,lookahead,65,0,23261087,1,10,105,7,1,4,1,0,0
roadscity_port_hybrid,baseline,65,1,23261088,0,6,108,15,2,2,2,0,0
roadscity_port_hybrid,lookahead,65,1,23261088,0,8,135,15,5,1,1,0,0
roadscity_port_hybrid,baseline,65,2,23261089,0,3,132,13,2,0,6,0,0
roadscity_port_hybrid,lookahead,65,2,23261089,0,4,72,3,3,0,1,0,0
roadscity_port_hybrid,baseline,65,3,23261090,0,5,95,10,1,2,4,0,0
roadscity_port_hybrid,lookahead,65,3,23261090,0,8,133,9,5,0,3,0,0
roadscity_port_hybrid,baseline,66,0,23261091,0,7,139,15,5,0,2,1,0
roadscity_port_hybrid,lookahead,66,0,23261091,0,5,132,6,3,1,0,0,0
roadscity_port_hybrid,baseline,66,1,23261092,0,5,139,9,2,0,6,0,0
roadscity_port_hybrid,lookahead,66,1,23261092,0,6,135,3,2,0,4,0,0
roadscity_port_hybrid,baseline,66,2,23261093,1,10,123,14,1,4,5,0,0
roadscity_port_hybrid,lookahead,66,2,23261093,1,10,111,11,5,1,2,1,0
roadscity_port_hybrid,baseline,66,3,23261094,0,8,119,12,2,3,3,0,0
roadscity_port_hybrid,lookahead,66,3,23261094,0,5,117,11,5,0,0,0,0
roadscity_port_hybrid,baseline,67,0,23261095,0,5,96,7,2,1,4,0,0
roadscity_port_hybrid,lookahead,67,0,23261095,1,10,133,9,2,3,2,0,0
roadscity_port_hybrid,baseline,67,1,23261096,0,8,97,4,0,2,6,0,0
roadscity_port_hybrid,lookahead,67,1,23261096,0,6,104,3,0,2,4,0,0
roadscity_port_hybrid,baseline,67,2,23261097,0,5,61,4,0,2,2,0,0
roadscity_port_hybrid,lookahead,67,2,23261097,0,9,81,4,2,2,3,0,0
roadscity_port_hybrid,baseline,67,3,23261098,0,3,109,13,2,0,3,0,0
roadscity_port_hybrid,lookahead,67,3,23261098,0,5,135,9,4,0,1,0,0
roadscity_port_hybrid,baseline,68,0,23261099,0,9,128,14,0,4,5,0,0
roadscity_port_hybrid,lookahead,68,0,23261099,1,10,121,7,0,4,2,0,0
roadscity_port_hybrid,baseline,68,1,23261100,0,4,100,11,2,0,5,1,0
roadscity_port_hybrid,lookahead,68,1,23261100,0,4,44,3,3,0,1,0,0
roadscity_port_hybrid,baseline,68,2,23261101,0,8,128,14,5,0,3,1,0
roadscity_port_hybrid,lookahead,68,2,23261101,0,5,100,8,5,0,0,0,0
roadscity_port_hybrid,baseline,68,3,23261102,0,6,101,15,3,1,3,0,0
roadscity_port_hybrid,lookahead,68,3,23261102,1,10,76,9,3,2,1,1,0
roadscity_port_hybrid,baseline,69,0,23261103,0,9,124,7,0,4,6,0,0
roadscity_port_hybrid,lookahead,69,0,23261103,0,8,140,3,0,2,7,0,0
roadscity_port_hybrid,baseline,69,1,23261104,0,6,104,15,3,0,4,1,0
roadscity_port_hybrid,lookahead,69,1,23261104,0,8,104,9,3,2,1,0,0
roadscity_port_hybrid,baseline,69,2,23261105,0,9,153,10,1,3,7,0,0
roadscity_port_hybrid,lookahead,69,2,23261105,1,10,75,7,3,3,1,0,0
roadscity_port_hybrid,baseline,69,3,23261106,0,5,103,14,3,0,2,1,0
roadscity_port_hybrid,lookahead,69,3,23261106,0,9,123,15,5,0,2,1,0
roadscity_port_hybrid,baseline,70,0,23261107,1,10,129,10,0,4,5,0,0
roadscity_port_hybrid,lookahead,70,0,23261107,1,10,109,8,1,4,1,0,0
roadscity_port_hybrid,baseline,70,1,23261108,1,10,162,15,0,4,1,1,0
roadscity_port_hybrid,lookahead,70,1,23261108,0,8,120,5,0,3,2,0,0
roadscity_port_hybrid,baseline,70,2,23261109,0,9,101,13,4,1,1,1,0
roadscity_port_hybrid,lookahead,70,2,23261109,0,6,149,7,4,0,3,0,0
roadscity_port_hybrid,baseline,70,3,23261110,0,2,85,9,2,0,2,0,0
roadscity_port_hybrid,lookahead,70,3,23261110,0,4,71,3,2,0,2,0,0
roadscity_port_hybrid,baseline,71,0,23261111,0,4,106,12,3,0,5,0,0
roadscity_port_hybrid,lookahead,71,0,23261111,0,8,106,6,1,3,1,0,0
roadscity_port_hybrid,baseline,71,1,23261112,0,7,144,15,2,1,7,1,0
roadscity_port_hybrid,lookahead,71,1,23261112,0,9,133,7,3,2,2,0,0
roadscity_port_hybrid,baseline,71,2,23261113,0,5,105,15,2,1,1,0,0
roadscity_port_hybrid,lookahead,71,2,23261113,1,10,119,9,1,4,1,0,0
roadscity_port_hybrid,baseline,71,3,23261114,1,10,88,13,3,2,3,1,0
roadscity_port_hybrid,lookahead,71,3,23261114,1,10,112,9,5,1,3,0,0
roadscity_port_hybrid,baseline,72,0,23261115,0,4,86,12,1,1,1,0,0
roadscity_port_hybrid,lookahead,72,0,23261115,1,10,97,5,1,4,4,0,0
roadscity_port_hybrid,baseline,72,1,23261116,0,8,95,12,3,2,4,0,0
roadscity_port_hybrid,lookahead,72,1,23261116,0,8,105,11,4,1,2,0,0
roadscity_port_hybrid,baseline,72,2,23261117,0,6,125,10,1,1,4,0,0
roadscity_port_hybrid,lookahead,72,2,23261117,1,10,151,6,2,3,3,0,0
roadscity_port_hybrid,baseline,72,3,23261118,0,7,149,14,5,1,5,0,0
roadscity_port_hybrid,lookahead,72,3,23261118,0,9,167,5,0,3,5,0,0
roadscity_port_hybrid,baseline,73,0,23261119,0,8,152,12,2,3,6,0,0
roadscity_port_hybrid,lookahead,73,0,23261119,1,10,129,4,0,4,2,0,0
roadscity_port_hybrid,baseline,73,1,23261120,0,7,116,11,3,2,3,0,0
roadscity_port_hybrid,lookahead,73,1,23261120,1,10,90,7,3,2,3,0,0
roadscity_port_hybrid,baseline,73,2,23261121,1,10,135,15,4,2,3,0,0
roadscity_port_hybrid,lookahead,73,2,23261121,0,6,149,4,0,2,2,0,0
roadscity_port_hybrid,baseline,73,3,23261122,1,10,128,15,1,3,5,0,0
roadscity_port_hybrid,lookahead,73,3,23261122,1,10,136,12,4,1,3,1,0
roadscity_port_hybrid,baseline,74,0,23261123,1,10,77,10,3,2,2,1,0
roadscity_port_hybrid,lookahead,74,0,23261123,1,10,113,10,5,1,3,1,0
roadscity_port_hybrid,baseline,74,1,23261124,1,10,146,15,2,3,6,0,0
roadscity_port_hybrid,lookahead,74,1,23261124,0,4,135,4,1,1,2,0,0
roadscity_port_hybrid,baseline,74,2,23261125,0,5,104,11,5,0,4,0,0
roadscity_port_hybrid,lookahead,74,2,23261125,1,10,127,12,5,0,5,1,0
roadscity_port_hybrid,baseline,74,3,23261126,0,5,122,13,5,0,5,0,0
roadscity_port_hybrid,lookahead,74,3,23261126,1,10,88,10,2,3,2,0,0
roadscity_port_hybrid,baseline,75,0,23261127,0,3,112,8,3,0,6,0,0
roadscity_port_hybrid,lookahead,75,0,23261127,0,9,158,9,5,1,2,0,0
roadscity_port_hybrid,baseline,75,1,23261128,0,4,133,15,4,0,4,0,0
roadscity_port_hybrid,lookahead,75,1,23261128,1,10,126,14,5,1,1,1,0
roadscity_port_hybrid,baseline,75,2,23261129,0,5,100,15,5,0,2,0,0
roadscity_port_hybrid,lookahead,75,2,23261129,0,8,134,7,5,0,3,0,0
roadscity_port_hybrid,baseline,75,3,23261130,0,9,162,15,4,1,3,1,0
roadscity_port_hybrid,lookahead,75,3,23261130,0,5,113,10,3,0,2,0,0
roadscity_port_hybrid,baseline,76,0,23261131,0,7,100,10,1,3,1,0,0
roadscity_port_hybrid,lookahead,76,0,23261131,0,5,100,3,1,1,2,0,0
roadscity_port_hybrid,baseline,76,1,23261132,0,8,133,6,3,1,3,0,0
roadscity_port_hybrid,lookahead,76,1,23261132,1,10,174,6,1,3,3,0,0
roadscity_port_hybrid,baseline,76,2,23261133,0,6,84,8,4,0,4,0,0
roadscity_port_hybrid,lookahead,76,2,23261133,0,8,121,5,3,1,3,0,0
roadscity_port_hybrid,baseline,76,3,23261134,0,5,111,15,5,0,3,0,0
roadscity_port_hybrid,lookahead,76,3,23261134,0,6,109,7,5,0,2,0,0
roadscity_port_hybrid,baseline,77,0,23261135,0,4,120,12,2,1,0,0,0
roadscity_port_hybrid,lookahead,77,0,23261135,0,8,100,8,2,3,0,0,0
roadscity_port_hybrid,baseline,77,1,23261136,0,9,140,7,1,3,5,0,0
roadscity_port_hybrid,lookahead,77,1,23261136,0,6,155,4,1,1,3,0,0
roadscity_port_hybrid,baseline,77,2,23261137,0,3,88,7,3,0,2,0,0
roadscity_port_hybrid,lookahead,77,2,23261137,0,6,116,10,5,0,1,0,0
roadscity_port_hybrid,baseline,77,3,23261138,0,3,77,8,3,0,1,0,0
roadscity_port_hybrid,lookahead,77,3,23261138,0,4,49,5,4,0,0,0,0
roadscity_port_hybrid,baseline,78,0,23261139,0,7,126,15,1,3,2,0,0
roadscity_port_hybrid,lookahead,78,0,23261139,0,7,115,7,3,2,0,0,0
roadscity_port_hybrid,baseline,78,1,23261140,0,5,116,14,4,0,4,0,0
roadscity_port_hybrid,lookahead,78,1,23261140,1,10,98,11,1,4,1,0,0
roadscity_port_hybrid,baseline,78,2,23261141,0,6,136,13,3,1,2,0,0
roadscity_port_hybrid,lookahead,78,2,23261141,0,7,148,5,3,1,3,0,0
roadscity_port_hybrid,baseline,78,3,23261142,0,7,99,8,1,2,4,0,0
roadscity_port_hybrid,lookahead,78,3,23261142,0,5,99,7,2,1,1,0,0
roadscity_port_hybrid,baseline,79,0,23261143,1,10,97,6,0,4,6,0,0
roadscity_port_hybrid,lookahead,79,0,23261143,0,6,106,2,0,2,2,0,0
roadscity_port_hybrid,baseline,79,1,23261144,0,7,173,13,3,2,3,0,0
roadscity_port_hybrid,lookahead,79,1,23261144,0,9,136,9,2,3,1,0,0
roadscity_port_hybrid,baseline,79,2,23261145,1,10,127,14,4,3,3,0,0
roadscity_port_hybrid,lookahead,79,2,23261145,0,6,113,7,3,1,1,0,0
roadscity_port_hybrid,baseline,79,3,23261146,0,4,146,15,4,0,3,0,0
roadscity_port_hybrid,lookahead,79,3,23261146,0,7,134,8,5,0,2,0,0
roadscity_port_hybrid,baseline,80,0,23261147,0,7,154,11,3,1,8,0,0
roadscity_port_hybrid,lookahead,80,0,23261147,0,9,139,5,2,2,3,0,0
roadscity_port_hybrid,baseline,80,1,23261148,0,5,89,10,1,2,1,0,0
roadscity_port_hybrid,lookahead,80,1,23261148,0,8,117,11,4,0,2,1,0
roadscity_port_hybrid,baseline,80,2,23261149,0,3,72,3,1,1,1,0,0
roadscity_port_hybrid,lookahead,80,2,23261149,0,3,76,2,1,1,0,0,0
roadscity_port_hybrid,baseline,80,3,23261150,1,10,92,12,3,2,3,1,0
roadscity_port_hybrid,lookahead,80,3,23261150,0,7,99,9,4,1,2,0,0
roadscity_port_hybrid,baseline,81,0,23261151,0,5,124,15,5,0,3,0,0
roadscity_port_hybrid,lookahead,81,0,23261151,0,8,183,3,0,3,3,0,0
roadscity_port_hybrid,baseline,81,1,23261152,0,3,112,15,3,0,2,0,0
roadscity_port_hybrid,lookahead,81,1,23261152,1,10,114,11,0,4,2,0,0
roadscity_port_hybrid,baseline,81,2,23261153,0,6,102,3,1,1,6,0,0
roadscity_port_hybrid,lookahead,81,2,23261153,0,5,121,3,0,2,2,0,0
roadscity_port_hybrid,baseline,81,3,23261154,0,5,79,15,3,0,3,1,0
roadscity_port_hybrid,lookahead,81,3,23261154,0,3,75,11,2,0,1,0,0
roadscity_port_hybrid,baseline,82,0,23261155,1,10,129,15,3,3,4,0,0
roadscity_port_hybrid,lookahead,82,0,23261155,0,9,148,5,0,3,5,0,0
roadscity_port_hybrid,baseline,82,1,23261156,0,7,71,7,5,0,3,0,0
roadscity_port_hybrid,lookahead,82,1,23261156,0,3,137,6,3,0,0,0,0
roadscity_port_hybrid,baseline,82,2,23261157,0,8,112,11,3,1,4,1,0
roadscity_port_hybrid,lookahead,82,2,23261157,0,8,108,12,4,1,0,1,0
roadscity_port_hybrid,baseline,82,3,23261158,0,8,163,13,4,0,6,1,0
roadscity_port_hybrid,lookahead,82,3,23261158,0,6,163,10,5,0,1,0,0
roadscity_port_hybrid,baseline,83,0,23261159,0,3,78,10,3,0,1,0,0
roadscity_port_hybrid,lookahead,83,0,23261159,0,8,162,6,1,3,1,0,0
roadscity_port_hybrid,baseline,83,1,23261160,0,7,165,15,0,2,8,0,0
roadscity_port_hybrid,lookahead,83,1,23261160,0,6,140,10,3,1,1,0,0
roadscity_port_hybrid,baseline,83,2,23261161,0,5,92,15,1,1,1,1,0
roadscity_port_hybrid,lookahead,83,2,23261161,0,8,130,9,5,1,1,0,0
roadscity_port_hybrid,baseline,83,3,23261162,0,6,87,12,0,2,1,1,0
roadscity_port_hybrid,lookahead,83,3,23261162,1,10,80,10,4,2,0,1,0
roadscity_port_hybrid,baseline,84,0,23261163,0,2,92,5,2,0,4,0,0
roadscity_port_hybrid,lookahead,84,0,23261163,0,7,112,5,1,2,2,0,0
roadscity_port_hybrid,baseline,84,1,23261164,0,6,113,14,2,2,2,0,0
roadscity_port_hybrid,lookahead,84,1,23261164,1,10,70,10,3,2,1,1,0
roadscity_port_hybrid,baseline,84,2,23261165,0,9,140,15,1,3,7,1,0
roadscity_port_hybrid,lookahead,84,2,23261165,0,7,105,3,0,3,2,0,0
roadscity_port_hybrid,baseline,84,3,23261166,0,7,163,15,3,0,5,1,0
roadscity_port_hybrid,lookahead,84,3,23261166,0,5,125,10,3,1,0,0,0
roadscity_port_hybrid,baseline,85,0,23261167,0,5,135,14,0,2,5,0,0
roadscity_port_hybrid,lookahead,85,0,23261167,1,10,141,8,4,2,2,0,0
roadscity_port_hybrid,baseline,85,1,23261168,1,10,138,11,2,2,5,1,0
roadscity_port_hybrid,lookahead,85,1,23261168,0,8,123,3,2,1,5,0,0
roadscity_port_hybrid,baseline,85,2,23261169,0,8,129,10,3,1,5,0,0
roadscity_port_hybrid,lookahead,85,2,23261169,0,7,120,13,5,1,0,0,0
roadscity_port_hybrid,baseline,85,3,23261170,0,6,97,15,3,0,1,1,0
roadscity_port_hybrid,lookahead,85,3,23261170,0,8,109,15,5,0,1,1,0
roadscity_port_hybrid,baseline,86,0,23261171,0,5,92,9,4,0,5,0,0
roadscity_port_hybrid,lookahead,86,0,23261171,1,10,85,13,4,1,2,1,0
roadscity_port_hybrid,baseline,86,1,23261172,0,4,96,15,3,0,3,0,0
roadscity_port_hybrid,lookahead,86,1,23261172,1,10,114,12,4,1,2,1,0
roadscity_port_hybrid,baseline,86,2,23261173,0,3,114,11,2,0,5,0,0
roadscity_port_hybrid,lookahead,86,2,23261173,0,5,102,7,0,2,1,0,0
roadscity_port_hybrid,baseline,86,3,23261174,1,10,72,10,0,4,1,1,0
roadscity_port_hybrid,lookahead,86,3,23261174,1,10,88,11,5,2,1,0,0
roadscity_port_hybrid,baseline,87,0,23261175,0,8,134,15,4,2,2,0,0
roadscity_port_hybrid,lookahead,87,0,23261175,0,6,143,6,4,0,3,0,0
roadscity_port_hybrid,baseline,87,1,23261176,1,10,122,11,2,2,6,1,0
roadscity_port_hybrid,lookahead,87,1,23261176,1,10,154,9,4,2,2,0,0
roadscity_port_hybrid,baseline,87,2,23261177,1,10,143,15,4,2,6,0,0
roadscity_port_hybrid,lookahead,87,2,23261177,1,10,83,7,2,3,3,0,0
roadscity_port_hybrid,baseline,87,3,23261178,1,10,144,13,5,0,6,1,0
roadscity_port_hybrid,lookahead,87,3,23261178,0,7,103,6,5,0,2,0,0
roadscity_port_hybrid,baseline,88,0,23261179,1,10,125,13,5,1,1,1,0
roadscity_port_hybrid,lookahead,88,0,23261179,0,6,116,9,5,0,1,0,0
roadscity_port_hybrid,baseline,88,1,23261180,0,3,92,3,1,1,5,0,0
roadscity_port_hybrid,lookahead,88,1,23261180,0,4,100,2,1,1,2,0,0
roadscity_port_hybrid,baseline,88,2,23261181,0,3,64,7,3,0,4,0,0
roadscity_port_hybrid,lookahead,88,2,23261181,1,10,95,10,2,3,2,0,0
roadscity_port_hybrid,baseline,88,3,23261182,0,6,103,15,4,1,3,0,0
roadscity_port_hybrid,lookahead,88,3,23261182,0,7,107,11,4,1,1,0,0
roadscity_port_hybrid,baseline,89,0,23261183,0,3,76,9,2,0,2,0,0
roadscity_port_hybrid,lookahead,89,0,23261183,1,10,81,8,1,4,1,0,0
roadscity_port_hybrid,baseline,89,1,23261184,1,10,130,15,3,3,5,0,0
roadscity_port_hybrid,lookahead,89,1,23261184,1,10,66,8,3,2,1,1,0
roadscity_port_hybrid,baseline,89,2,23261185,0,8,120,10,0,4,2,0,0
roadscity_port_hybrid,lookahead,89,2,23261185,1,10,95,7,2,3,2,0,0
roadscity_port_hybrid,baseline,89,3,23261186,0,5,95,15,1,2,1,0,0
roadscity_port_hybrid,lookahead,89,3,23261186,0,4,131,6,0,2,0,0,0
roadscity_port_hybrid,baseline,90,0,23261187,0,5,103,15,5,0,4,0,0
roadscity_port_hybrid,lookahead,90,0,23261187,1,10,77,10,4,1,2,1,0
roadscity_port_hybrid,baseline,90,1,23261188,1,10,78,10,2,2,3,1,0
roadscity_port_hybrid,lookahead,90,1,23261188,1,10,78,12,5,1,1,1,0
roadscity_port_hybrid,baseline,90,2,23261189,1,10,107,15,0,4,1,1,0
roadscity_port_hybrid,lookahead,90,2,23261189,0,9,140,14,1,3,0,1,0
roadscity_port_hybrid,baseline,90,3,23261190,0,6,131,13,5,0,6,0,0
roadscity_port_hybrid,lookahead,90,3,23261190,0,7,129,8,5,0,2,0,0
roadscity_port_hybrid,baseline,91,0,23261191,0,6,78,11,4,0,2,1,0
roadscity_port_hybrid,lookahead,91,0,23261191,0,7,100,6,3,1,2,0,0
roadscity_port_hybrid,baseline,91,1,23261192,0,4,128,4,2,0,6,0,0
roadscity_port_hybrid,lookahead,91,1,23261192,0,5,76,2,1,1,3,0,0
roadscity_port_hybrid,baseline,91,2,23261193,0,8,117,10,2,2,4,0,0
roadscity_port_hybrid,lookahead,91,2,23261193,1,10,111,8,2,3,2,0,0
roadscity_port_hybrid,baseline,91,3,23261194,1,10,128,15,1,3,2,1,0
roadscity_port_hybrid,lookahead,91,3,23261194,1,10,60,10,4,2,0,1,0
roadscity_port_hybrid,baseline,92,0,23261195,0,7,131,15,4,0,9,0,0
roadscity_port_hybrid,lookahead,92,0,23261195,1,10,89,6,0,4,2,0,0
roadscity_port_hybrid,baseline,92,1,23261196,0,5,88,8,2,1,4,0,0
roadscity_port_hybrid,lookahead,92,1,23261196,1,10,86,10,4,2,0,1,0
roadscity_port_hybrid,baseline,92,2,23261197,0,5,124,13,2,1,4,0,0
roadscity_port_hybrid,lookahead,92,2,23261197,0,3,120,5,3,0,0,0,0
roadscity_port_hybrid,baseline,92,3,23261198,0,3,103,15,1,1,1,0,0
roadscity_port_hybrid,lookahead,92,3,23261198,0,8,151,12,2,2,0,1,0
roadscity_port_hybrid,baseline,93,0,23261199,0,6,154,15,4,1,2,0,0
roadscity_port_hybrid,lookahead,93,0,23261199,1,10,69,13,3,2,1,1,0
roadscity_port_hybrid,baseline,93,1,23261200,1,10,102,14,3,1,8,1,0
roadscity_port_hybrid,lookahead,93,1,23261200,1,10,90,10,5,0,4,1,0
roadscity_port_hybrid,baseline,93,2,23261201,0,4,93,15,0,2,1,0,0
roadscity_port_hybrid,lookahead,93,2,23261201,0,6,81,9,4,1,0,0,0
roadscity_port_hybrid,baseline,93,3,23261202,0,5,121,15,4,0,2,0,0
roadscity_port_hybrid,lookahead,93,3,23261202,0,6,125,6,2,1,4,0,0
roadscity_port_hybrid,baseline,94,0,23261203,1,10,129,15,5,2,3,0,0
roadscity_port_hybrid,lookahead,94,0,23261203,1,10,97,6,2,3,2,0,0
roadscity_port_hybrid,baseline,94,1,23261204,0,7,133,13,4,0,7,0,0
roadscity_port_hybrid,lookahead,94,1,23261204,1,10,98,9,5,1,3,0,0
roadscity_port_hybrid,baseline,94,2,23261205,0,5,104,11,4,0,2,0,0
roadscity_port_hybrid,lookahead,94,2,23261205,0,4,112,3,3,0,1,0,0
roadscity_port_hybrid,baseline,94,3,23261206,0,9,135,15,1,4,5,0,0
roadscity_port_hybrid,lookahead,94,3,23261206,0,7,162,14,5,1,0,0,0
roadscity_port_hybrid,baseline,95,0,23261207,0,5,146,15,4,0,5,0,0
roadscity_port_hybrid,lookahead,95,0,23261207,1,10,105,8,1,4,1,0,0
roadscity_port_hybrid,baseline,95,1,23261208,0,6,92,8,4,0,2,0,0
roadscity_port_hybrid,lookahead,95,1,23261208,1,10,106,6,1,3,4,0,0
roadscity_port_hybrid,baseline,95,2,23261209,0,9,170,14,3,2,3,1,0
roadscity_port_hybrid,lookahead,95,2,23261209,0,5,110,7,5,0,1,0,0
roadscity_port_hybrid,baseline,95,3,23261210,0,3,51,7,2,0,3,0,0
roadscity_port_hybrid,lookahead,95,3,23261210,0,5,65,2,1,1,3,0,0
roadscity_port_hybrid,baseline,96,0,23261211,0,5,92,15,1,2,2,0,0
roadscity_port_hybrid,lookahead,96,0,23261211,1,10,85,6,1,4,1,0,0
roadscity_port_hybrid,baseline,96,1,23261212,0,9,148,8,0,4,10,0,0
roadscity_port_hybrid,lookahead,96,1,23261212,0,7,128,3,0,2,5,0,0
roadscity_port_hybrid,baseline,96,2,23261213,1,10,83,14,2,3,1,1,0
roadscity_port_hybrid,lookahead,96,2,23261213,1,10,87,8,0,4,3,0,0
roadscity_port_hybrid,baseline,96,3,23261214,1,10,104,8,1,3,5,0,0
roadscity_port_hybrid,lookahead,96,3,23261214,0,7,122,9,3,1,2,0,0
roadscity_port_hybrid,baseline,97,0,23261215,0,5,108,12,5,0,2,0,0
roadscity_port_hybrid,lookahead,97,0,23261215,1,10,121,4,0,4,3,0,0
roadscity_port_hybrid,baseline,97,1,23261216,0,7,104,10,1,3,4,0,0
roadscity_port_hybrid,lookahead,97,1,23261216,0,8,108,8,0,3,2,0,0
roadscity_port_hybrid,baseline,97,2,23261217,0,8,124,15,5,0,4,1,0
roadscity_port_hybrid,lookahead,97,2,23261217,0,6,146,9,5,0,1,0,0
roadscity_port_hybrid,baseline,97,3,23261218,0,9,134,12,1,4,3,0,0
roadscity_port_hybrid,lookahead,97,3,23261218,0,6,161,3,3,0,5,0,0
roadscity_port_hybrid,baseline,98,0,23261219,0,3,100,8,3,0,2,0,0
roadscity_port_hybrid,lookahead,98,0,23261219,1,10,109,8,3,2,3,0,0
roadscity_port_hybrid,baseline,98,1,23261220,0,4,125,12,2,1,2,0,0
roadscity_port_hybrid,lookahead,98,1,23261220,0,5,113,4,1,2,0,0,0
roadscity_port_hybrid,baseline,98,2,23261221,0,6,116,14,5,0,1,0,0
roadscity_port_hybrid,lookahead,98,2,23261221,1,10,87,12,5,1,1,1,0
roadscity_port_hybrid,baseline,98,3,23261222,1,10,116,15,2,4,3,0,0
roadscity_port_hybrid,lookahead,98,3,23261222,1,10,64,9,3,2,1,1,0
roadscity_port_hybrid,baseline,99,0,23261223,0,6,98,13,4,1,4,0,0
roadscity_port_hybrid,lookahead,99,0,23261223,0,7,126,7,0,3,1,0,0
roadscity_port_hybrid,baseline,99,1,23261224,0,6,139,9,0,3,0,0,0
roadscity_port_hybrid,lookahead,99,1,23261224,0,5,163,6,1,2,0,0,0
roadscity_port_hybrid,baseline,99,2,23261225,0,7,141,14,2,1,4,1,0
roadscity_port_hybrid,lookahead,99,2,23261225,0,7,121,8,3,2,0,0,0
roadscity_port_hybrid,baseline,99,3,23261226,0,6,111,15,2,2,2,0,0
roadscity_port_hybrid,lookahead,99,3,23261226,0,5,111,8,5,0,0,0,0
road_roadscity_port,baseline,0,0,24260827,0,4,103,9,3,0,5,0,0
road_roadscity_port,lookahead,0,0,24260827,0,8,124,5,0,3,3,0,0
road_roadscity_port,baseline,0,1,24260828,1,10,110,13,3,2,5,1,0
road_roadscity_port,lookahead,0,1,24260828,1,10,130,8,4,2,2,0,0
road_roadscity_port,baseline,0,2,24260829,0,7,173,11,1,3,8,0,0
road_roadscity_port,lookahead,0,2,24260829,1,10,83,11,5,1,2,1,0
road_roadscity_port,baseline,0,3,24260830,1,10,124,15,0,4,8,0,0
road_roadscity_port,lookahead,0,3,24260830,0,8,110,10,0,4,0,0,0
road_roadscity_port,baseline,1,0,24260831,0,6,146,15,2,1,8,0,0
road_roadscity_port,lookahead,1,0,24260831,1,10,65,4,0,4,2,0,0
road_roadscity_port,baseline,1,1,24260832,0,6,104,4,1,2,3,0,0
road_roadscity_port,lookahead,1,1,24260832,0,8,107,9,5,1,2,0,0
road_roadscity_port,baseline,1,2,24260833,0,7,116,10,1,2,8,0,0
road_roadscity_port,lookahead,1,2,24260833,0,6,126,11,4,1,0,0,0
road_roadscity_port,baseline,1,3,24260834,1,10,128,7,0,4,6,0,0
road_roadscity_port,lookahead,1,3,24260834,0,8,171,5,0,3,2,0,0
road_roadscity_port,baseline,2,0,24260835,1,10,157,15,2,3,5,0,0
road_roadscity_port,lookahead,2,0,24260835,1,10,105,9,4,2,3,0,0
road_roadscity_port,baseline,2,1,24260836,0,4,127,13,3,0,5,0,0
road_roadscity_port,lookahead,2,1,24260836,1,10,134,6,1,3,3,0,0
road_roadscity_port,baseline,2,2,24260837,0,6,136,6,1,2,8,0,0
road_roadscity_port,lookahead,2,2,24260837,0,5,84,3,0,2,3,0,0
road_roadscity_port,baseline,2,3,24260838,0,7,139,7,0,2,7,0,0
road_roadscity_port,lookahead,2,3,24260838,0,6,150,3,0,2,4,0,0
road_roadscity_port,baseline,3,0,24260839,1,10,97,11,3,2,6,1,0
road_roadscity_port,lookahead,3,0,24260839,1,10,85,7,2,3,2,0,0
road_roadscity_port,baseline,3,1,24260840,1,10,126,15,0,3,5,1,0
road_roadscity_port,lookahead,3,1,24260840,0,8,95,7,2,3,1,0,0
road_roadscity_port,baseline,3,2,24260841,0,9,174,15,1,4,6,0,0
road_roadscity_port,lookahead,3,2,24260841,0,7,130,5,3,1,2,0,0
road_roadscity_port,baseline,3,3,24260842,0,6,133,15,0,3,6,0,0
road_roadscity_port,lookahead,3,3,24260842,0,9,169,6,0,4,2,0,0
road_roadscity_port,baseline,4,0,24260843,0,7,156,12,3,1,5,0,0
road_roadscity_port,lookahead,4,0,24260843,0,7,135,4,1,2,3,0,0
road_roadscity_port,baseline,4,1,24260844,0,6,107,6,2,0,10,0,0
road_roadscity_port,lookahead,4,1,24260844,0,8,93,3,1,2,5,0,0
road_roadscity_port,baseline,4,2,24260845,0,6,94,8,4,0,5,0,0
road_roadscity_port,lookahead,4,2,24260845,0,8,193,3,0,2,4,0,0
road_roadscity_port,baseline,4,3,24260846,0,9,145,15,1,3,6,0,0
road_roadscity_port,lookahead,4,3,24260846,0,8,147,6,2,2,2,0,0
road_roadscity_port,baseline,5,0,24260847,0,9,123,15,1,4,3,0,0
road_roadscity_port,lookahead,5,0,24260847,1,10,105,8,0,4,3,0,0
road_roadscity_port,baseline,5,1,24260848,0,8,143,14,0,4,1,0,0
road_roadscity_port,lookahead,5,1,24260848,0,8,137,3,0,3,3,0,0
road_roadscity_port,baseline,5,2,24260849,1,10,131,12,2,3,9,0,0
road_roadscity_port,lookahead,5,2,24260849,1,11,111,15,5,2,0,1,0
road_roadscity_port,baseline,5,3,24260850,0,3,163,14,2,0,4,0,0
road_roadscity_port,lookahead,5,3,24260850,0,4,150,5,3,0,1,0,0
road_roadscity_port,baseline,6,0,24260851,1,11,109,15,2,2,5,1,0
road_roadscity_port,lookahead,6,0,24260851,1,10,89,7,1,4,1,0,0
road_roadscity_port,baseline,6,1,24260852,0,8,136,7,2,2,7,0,0
road_roadscity_port,lookahead,6,1,24260852,0,6,113,2,0,2,2,0,0
road_roadscity_port,baseline,6,2,24260853,1,10,127,8,1,4,3,0,0
road_roadscity_port,lookahead,6,2,24260853,1,10,163,6,0,4,3,0,0
road_roadscity_port,baseline,6,3,24260854,0,5,133,8,4,0,8,0,0
road_roadscity_port,lookahead,6,3,24260854,0,5,111,2,0,2,9,0,0
road_roadscity_port,baseline,7,0,24260855,0,5,87,7,4,0,6,0,0
road_roadscity_port,lookahead,7,0,24260855,0,7,87,4,0,3,3,0,0
road_roadscity_port,baseline,7,1,24260856,0,5,79,8,0,2,1,0,0
road_roadscity_port,lookahead,7,1,24260856,0,7,107,10,1,2,2,0,0
road_roadscity_port,baseline,7,2,24260857,0,7,118,15,1,3,5,0,0
road_roadscity_port,lookahead,7,2,24260857,0,9,110,3,0,3,3,0,0
road_roadscity_port,baseline,7,3,24260858,0,3,105,10,2,0,5,0,0
road_roadscity_port,lookahead,7,3,24260858,0,6,106,3,0,3,1,0,0
road_roadscity_port,baseline,8,0,24260859,0,3,71,5,3,0,3,0,0
road_roadscity_port,lookahead,8,0,24260859,0,7,111,5,0,2,5,0,0
road_roadscity_port,baseline,8,1,24260860,0,8,164,15,2,2,8,0,0
road_roadscity_port,lookahead,8,1,24260860,1,10,134,15,5,1,2,1,0
road_roadscity_port,baseline,8,2,24260861,1,10,167,15,3,1,6,1,0
road_roadscity_port,lookahead,8,2,24260861,0,8,169,9,5,0,6,0,0
road_roadscity_port,baseline,8,3,24260862,1,10,88,10,0,4,1,1,0
road_roadscity_port,lookahead,8,3,24260862,1,10,84,10,1,4,1,0,0
road_roadscity_port,baseline,9,0,24260863,0,5,119,15,2,1,3,0,0
road_roadscity_port,lookahead,9,0,24260863,0,5,111,4,2,1,1,0,0
road_roadscity_port,baseline,9,1,24260864,0,3,75,6,1,1,1,0,0
road_roadscity_port,lookahead,9,1,24260864,0,8,137,3,1,2,4,0,0
road_roadscity_port,baseline,9,2,24260865,1,10,71,11,0,4,1,1,0
road_roadscity_port,lookahead,9,2,24260865,1,10,99,4,0,3,6,0,0
road_roadscity_port,baseline,9,3,24260866,1,10,148,8,0,4,9,0,0
road_roadscity_port,lookahead,9,3,24260866,1,10,132,6,2,3,3,0,0
road_roadscity_port,baseline,10,0,24260867,1,10,149,7,0,4,5,0,0
road_roadscity_port,lookahead,10,0,24260867,0,9,174,7,0,4,2,0,0
road_roadscity_port,baseline,10,1,24260868,0,3,117,15,2,0,5,0,0
road_roadscity_port,lookahead,10,1,24260868,0,7,153,12,5,0,1,1,0
road_roadscity_port,baseline,10,2,24260869,0,4,73,5,2,0,5,0,0
road_roadscity_port,lookahead,10,2,24260869,0,9,137,6,2,3,1,0,0
road_roadscity_port,baseline,10,3,24260870,0,7,130,15,1,2,3,1,0
road_roadscity_port,lookahead,10,3,24260870,0,6,147,8,1,2,2,0,0
road_roadscity_port,baseline,11,0,24260871,0,8,131,7,0,3,5,0,0
road_roadscity_port,lookahead,11,0,24260871,0,6,122,2,0,2,3,0,0
road_roadscity_port,baseline,11,1,24260872,0,7,145,11,0,3,9,0,0
road_roadscity_port,lookahead,11,1,24260872,1,10,122,7,3,2,3,0,0
road_roadscity_port,baseline,11,2,24260873,0,4,96,12,0,2,0,0,0
road_roadscity_port,lookahead,11,2,24260873,0,6,96,5,0,3,0,0,0
road_roadscity_port,baseline,11,3,24260874,1,10,116,9,0,4,8,0,0
road_roadscity_port,lookahead,11,3,24260874,0,4,110,4,2,1,2,0,0
road_roadscity_port,baseline,12,0,24260875,0,8,156,13,2,1,9,0,0
road_roadscity_port,lookahead,12,0,24260875,1,10,117,6,1,4,1,0,0
road_roadscity_port,baseline,12,1,24260876,0,9,120,10,1,3,10,0,0
road_roadscity_port,lookahead,12,1,24260876,0,8,92,9,0,4,0,0,0
road_roadscity_port,baseline,12,2,24260877,1,10,151,15,0,3,10,1,0
road_roadscity_port,lookahead,12,2,24260877,1,10,95,7,5,1,5,0,0
road_roadscity_port,baseline,12,3,24260878,0,7,137,15,4,1,5,0,0
road_roadscity_port,lookahead,12,3,24260878,0,8,195,9,5,0,3,0,0
road_roadscity_port,baseline,13,0,24260879,0,6,107,11,0,3,6,0,0
road_roadscity_port,lookahead,13,0,24260879,1,10,97,7,0,4,2,0,0
road_roadscity_port,baseline,13,1,24260880,0,6,164,14,0,3,4,0,0
road_roadscity_port,lookahead,13,1,24260880,1,10,90,5,0,4,2,0,0
road_roadscity_port,baseline,13,2,24260881,0,8,120,7,0,3,5,0,0
road_roadscity_port,lookahead,13,2,24260881,1,10,107,8,1,3,4,0,0
road_roadscity_port,baseline,13,3,24260882,0,9,159,15,0,3,7,1,0
road_roadscity_port,lookahead,13,3,24260882,0,9,161,9,0,3,6,0,0
road_roadscity_port,baseline,14,0,24260883,0,9,111,15,1,3,10,0,0
road_roadscity_port,lookahead,14,0,24260883,1,10,77,5,0,4,6,0,0
road_roadscity_port,baseline,14,1,24260884,1,10,126,9,1,4,5,0,0
road_roadscity_port,lookahead,14,1,24260884,1,10,102,4,0,4,3,0,0
road_roadscity_port,baseline,14,2,24260885,0,9,138,14,5,1,4,1,0
road_roadscity_port,lookahead,14,2,24260885,1,11,111,10,1,3,2,1,0
road_roadscity_port,baseline,14,3,24260886,1,10,160,15,2,4,3,0,0
road_roadscity_port,lookahead,14,3,24260886,1,10,104,6,0,4,2,0,0
road_roadscity_port,baseline,15,0,24260887,1,10,149,11,1,2,14,0,0
road_roadscity_port,lookahead,15,0,24260887,1,10,125,4,1,3,3,0,0
road_roadscity_port,baseline,15,1,24260888,0,8,133,15,5,0,6,1,0
road_roadscity_port,lookahead,15,1,24260888,0,6,155,11,5,0,1,0,0
road_roadscity_port,baseline,15,2,24260889,1,10,131,11,0,4,7,0,0
road_roadscity_port,lookahead,15,2,24260889,0,9,126,6,0,3,6,0,0
road_roadscity_port,baseline,15,3,24260890,1,10,144,15,2,3,7,0,0
road_roadscity_port,lookahead,15,3,24260890,0,7,138,7,4,1,2,0,0
road_roadscity_port,baseline,16,0,24260891,0,8,114,15,2,2,4,0,0
road_roadscity_port,lookahead,16,0,24260891,1,10,73,3,0,3,5,0,0
road_roadscity_port,baseline,16,1,24260892,0,4,75,5,0,2,4,0,0
road_roadscity_port,lookahead,16,1,24260892,0,6,112,3,1,2,1,0,0
road_roadscity_port,baseline,16,2,24260893,1,10,119,15,4,2,6,0,0
road_roadscity_port,lookahead,16,2,24260893,0,7,130,5,0,2,3,0,0
road_roadscity_port,baseline,16,3,24260894,0,9,143,15,3,2,5,0,0
road_roadscity_port,lookahead,16,3,24260894,0,9,153,12,3,3,0,0,0
road_roadscity_port,baseline,17,0,24260895,0,6,99,10,4,0,8,0,0
road_roadscity_port,lookahead,17,0,24260895,1,10,93,11,4,2,0,1,0
road_roadscity_port,baseline,17,1,24260896,0,8,96,14,0,4,4,0,0
road_roadscity_port,lookahead,17,1,24260896,1,10,106,8,0,4,2,0,0
road_roadscity_port,baseline,17,2,24260897,0,2,122,12,2,0,6,0,0
road_roadscity_port,lookahead,17,2,24260897,0,8,160,4,0,3,5,0,0
road_roadscity_port,baseline,17,3,24260898,0,7,129,10,1,3,2,0,0
road_roadscity_port,lookahead,17,3,24260898,1,10,128,7,1,3,3,0,0
road_roadscity_port,baseline,18,0,24260899,0,8,116,8,0,4,7,0,0
road_roadscity_port,lookahead,18,0,24260899,1,10,89,9,1,4,1,0,0
road_roadscity_port,baseline,18,1,24260900,0,7,155,7,0,3,4,0,0
road_roadscity_port,lookahead,18,1,24260900,1,10,142,7,1,2,6,0,0
road_roadscity_port,baseline,18,2,24260901,1,10,107,15,2,2,9,0,0
road_roadscity_port,lookahead,18,2,24260901,0,6,70,7,3,1,2,0,0
road_roadscity_port,baseline,18,3,24260902,0,4,122,12,3,0,9,0,0
road_roadscity_port,lookahead,18,3,24260902,0,3,118,3,3,0,2,0,0
road_roadscity_port,baseline,19,0,24260903,0,5,115,12,4,0,4,0,0
road_roadscity_port,lookahead,19,0,24260903,0,8,131,8,0,3,4,0,0
road_roadscity_port,baseline,19,1,24260904,1,10,114,9,1,4,6,0,0
road_roadscity_port,lookahead,19,1,24260904,0,9,167,3,1,2,4,0,0
road_roadscity_port,baseline,19,2,24260905,0,6,130,14,4,0,5,1,0
road_roadscity_port,lookahead,19,2,24260905,0,9,178,3,0,3,6,0,0
road_roadscity_port,baseline,19,3,24260906,0,5,110,12,0,2,4,0,0
road_roadscity_port,lookahead,19,3,24260906,0,8,130,6,1,2,5,0,0
road_roadscity_port,baseline,20,0,24260907,1,10,89,11,3,1,6,1,0
road_roadscity_port,lookahead,20,0,24260907,1,10,65,10,2,3,0,1,0
road_roadscity_port,baseline,20,1,24260908,1,10,98,11,5,1,5,0,0
road_roadscity_port,lookahead,20,1,24260908,1,10,94,10,2,4,0,0,0
road_roadscity_port,baseline,20,2,24260909,0,6,101,12,4,1,2,0,0
road_roadscity_port,lookahead,20,2,24260909,1,10,115,7,0,3,8,0,0
road_roadscity_port,baseline,20,3,24260910,0,8,90,11,0,3,0,1,0
road_roadscity_port,lookahead,20,3,24260910,0,6,95,10,2,2,0,0,0
road_roadscity_port,baseline,21,0,24260911,0,8,119,12,1,3,5,0,0
road_roadscity_port,lookahead,21,0,24260911,1,11,73,9,1,4,0,1,0
road_roadscity_port,baseline,21,1,24260912,1,10,118,10,1,4,7,0,0
road_roadscity_port,lookahead,21,1,24260912,1,10,102,8,1,4,1,0,0
road_roadscity_port,baseline,21,2,24260913,0,7,149,15,5,0,5,0,0
road_roadscity_port,lookahead,21,2,24260913,0,6,133,12,5,0,1,0,0
road_roadscity_port,baseline,21,3,24260914,0,6,113,12,3,1,3,0,0
road_roadscity_port,lookahead,21,3,24260914,0,6,123,6,2,1,2,0,0
road_roadscity_port,baseline,22,0,24260915,1,10,129,12,2,3,7,0,0
road_roadscity_port,lookahead,22,0,24260915,1,10,109,5,0,4,3,0,0
road_roadscity_port,baseline,22,1,24260916,1,10,98,14,5,0,5,1,0
road_roadscity_port,lookahead,22,1,24260916,1,10,98,12,3,1,3,1,0
road_roadscity_port,baseline,22,2,24260917,0,3,116,15,1,1,3,0,0
road_roadscity_port,lookahead,22,2,24260917,1,10,135,6,0,3,4,0,0
road_roadscity_port,baseline,22,3,24260918,1,10,104,15,1,3,3,1,0
road_roadscity_port,lookahead,22,3,24260918,1,10,108,9,3,2,4,0,0
road_roadscity_port,baseline,23,0,24260919,1,10,89,13,1,3,5,1,0
road_roadscity_port,lookahead,23,0,24260919,1,10,89,8,0,4,5,0,0
road_roadscity_port,baseline,23,1,24260920,0,9,137,15,1,4,8,0,0
road_roadscity_port,lookahead,23,1,24260920,0,8,141,7,0,3,3,0,0
road_roadscity_port,baseline,23,2,24260921,0,7,120,13,1,2,7,0,0
road_roadscity_port,lookahead,23,2,24260921,0,7,106,11,3,1,3,0,0
road_roadscity_port,baseline,23,3,24260922,0,5,134,14,1,2,1,0,0
road_roadscity_port,lookahead,23,3,24260922,0,7,130,8,3,1,2,0,0
road_roadscity_port,baseline,24,0,24260923,0,4,95,15,2,0,6,0,0
road_roadscity_port,lookahead,24,0,24260923,1,10,101,15,3,2,1,1,0
road_roadscity_port,baseline,24,1,24260924,1,10,186,15,0,4,12,0,0
road_roadscity_port,lookahead,24,1,24260924,1,10,74,4,0,4,3,0,0
road_roadscity_port,baseline,24,2,24260925,0,8,177,9,4,0,9,0,0
road_roadscity_port,lookahead,24,2,24260925,0,8,192,7,5,0,4,0,0
road_roadscity_port,baseline,24,3,24260926,0,9,105,11,4,1,6,0,0
road_roadscity_port,lookahead,24,3,24260926,1,10,108,6,3,2,4,0,0
road_roadscity_port,baseline,25,0,24260927,0,4,106,11,1,1,5,0,0
road_roadscity_port,lookahead,25,0,24260927,1,10,105,8,1,3,3,0,0
road_roadscity_port,baseline,25,1,24260928,0,3,75,9,2,0,2,0,0
road_roadscity_port,lookahead,25,1,24260928,1,10,110,12,4,2,2,0,0
road_roadscity_port,baseline,25,2,24260929,1,10,163,15,2,2,9,1,0
road_roadscity_port,lookahead,25,2,24260929,1,10,115,13,2,2,2,1,0
road_roadscity_port,baseline,25,3,24260930,0,5,122,6,1,1,6,0,0
road_roadscity_port,lookahead,25,3,24260930,0,5,109,5,0,2,3,0,0
road_roadscity_port,baseline,26,0,24260931,0,6,76,9,0,3,2,0,0
road_roadscity_port,lookahead,26,0,24260931,1,10,69,9,1,4,2,0,0
road_roadscity_port,baseline,26,1,24260932,0,9,168,8,1,3,10,0,0
road_roadscity_port,lookahead,26,1,24260932,0,5,107,4,1,2,0,0,0
road_roadscity_port,baseline,26,2,24260933,1,10,115,13,4,2,2,1,0
road_roadscity_port,lookahead,26,2,24260933,0,7,132,8,4,1,1,0,0
road_roadscity_port,baseline,26,3,24260934,0,4,123,10,3,0,4,0,0
road_roadscity_port,lookahead,26,3,24260934,0,2,123,2,2,0,0,0,0
road_roadscity_port,baseline,27,0,24260935,0,4,107,10,1,1,7,0,0
road_roadscity_port,lookahead,27,0,24260935,0,6,86,6,2,1,2,0,0
road_roadscity_port,baseline,27,1,24260936,0,5,100,9,0,2,6,0,0
road_roadscity_port,lookahead,27,1,24260936,1,10,110,6,1,4,1,0,0
road_roadscity_port,baseline,27,2,24260937,0,8,130,10,2,2,5,0,0
road_roadscity_port,lookahead,27,2,24260937,0,6,118,4,2,0,6,0,0
road_roadscity_port,baseline,27,3,24260938,0,4,107,12,2,0,5,0,0
road_roadscity_port,lookahead,27,3,24260938,0,7,162,8,5,0,3,0,0
road_roadscity_port,baseline,28,0,24260939,1,10,121,15,1,3,6,0,0
road_roadscity_port,lookahead,28,0,24260939,1,10,133,7,1,3,3,0,0
road_roadscity_port,baseline,28,1,24260940,0,6,107,6,3,0,7,0,0
road_roadscity_port,lookahead,28,1,24260940,1,10,98,8,2,3,3,0,0
road_roadscity_port,baseline,28,2,24260941,0,6,121,7,1,1,10,0,0
road_roadscity_port,lookahead,28,2,24260941,0,7,122,4,0,2,7,0,0
road_roadscity_port,baseline,28,3,24260942,0,7,127,14,0,3,9,0,0
road_roadscity_port,lookahead,28,3,24260942,1,10,116,13,3,2,1,1,0
road_roadscity_port,baseline,29,0,24260943,0,7,124,11,3,2,3,0,0
road_roadscity_port,lookahead,29,0,24260943,1,10,89,5,0,4,8,0,0
road_roadscity_port,baseline,29,1,24260944,0,5,99,15,4,0,2,0,0
road_roadscity_port,lookahead,29,1,24260944,0,8,135,15,4,1,0,1,0
road_roadscity_port,baseline,29,2,24260945,1,10,119,15,4,1,11,0,0
road_roadscity_port,lookahead,29,2,24260945,1,10,83,9,4,2,2,0,0
road_roadscity_port,baseline,29,3,24260946,0,6,110,8,3,1,6,0,0
road_roadscity_port,lookahead,29,3,24260946,0,7,122,5,1,2,2,0,0
road_roadscity_port,baseline,30,0,24260947,1,10,69,7,1,3,6,0,0
road_roadscity_port,lookahead,30,0,24260947,0,9,75,4,1,3,2,0,0
road_roadscity_port,baseline,30,1,24260948,0,5,107,7,1,1,7,0,0
road_roadscity_port,lookahead,30,1,24260948,0,7,123,7,2,1,3,0,0
road_roadscity_port,baseline,30,2,24260949,1,10,107,15,2,3,2,1,0
road_roadscity_port,lookahead,30,2,24260949,1,10,87,9,1,3,1,1,0
road_roadscity_port,baseline,30,3,24260950,1,10,148,11,0,4,8,0,0
road_roadscity_port,lookahead,30,3,24260950,1,10,76,10,2,3,3,0,0
road_roadscity_port,baseline,31,0,24260951,1,10,129,15,2,4,2,0,0
road_roadscity_port,lookahead,31,0,24260951,1,10,89,3,0,3,7,0,0
road_roadscity_port,baseline,31,1,24260952,0,3,79,13,3,0,1,0,0
road_roadscity_port,lookahead,31,1,24260952,1,11,134,15,1,4,0,1,0
road_roadscity_port,baseline,31,2,24260953,0,5,136,11,1,2,4,0,0
road_roadscity_port,lookahead,31,2,24260953,0,9,148,7,0,3,4,0,0
road_roadscity_port,baseline,31,3,24260954,0,5,79,9,2,0,5,0,0
road_roadscity_port,lookahead,31,3,24260954,0,6,123,9,2,2,0,0,0
road_roadscity_port,baseline,32,0,24260955,1,10,129,11,3,1,10,1,0
road_roadscity_port,lookahead,32,0,24260955,1,10,113,6,0,3,6,0,0
road_roadscity_port,baseline,32,1,24260956,0,6,143,13,5,0,5,0,0
road_roadscity_port,lookahead,32,1,24260956,1,10,110,6,0,4,4,0,0
road_roadscity_port,baseline,32,2,24260957,1,10,119,11,2,3,2,1,0
road_roadscity_port,lookahead,32,2,24260957,0,8,166,15,2,2,0,1,0
road_roadscity_port,baseline,32,3,24260958,0,9,134,13,2,3,7,0,0
road_roadscity_port,lookahead,32,3,24260958,0,9,127,7,0,4,2,0,0
road_roadscity_port,baseline,33,0,24260959,1,10,125,15,0,4,6,0,0
road_roadscity_port,lookahead,33,0,24260959,1,11,113,14,3,3,0,1,0
road_roadscity_port,baseline,33,1,24260960,1,10,122,15,3,2,6,1,0
road_roadscity_port,lookahead,33,1,24260960,1,10,90,11,4,2,2,1,0
road_roadscity_port,baseline,33,2,24260961,0,6,162,15,4,0,6,0,0
road_roadscity_port,lookahead,33,2,24260961,0,4,108,6,3,0,1,0,0
road_roadscity_port,baseline,33,3,24260962,0,9,145,15,5,1,9,0,0
road_roadscity_port,lookahead,33,3,24260962,0,3,102,3,3,0,0,0,0
road_roadscity_port,baseline,34,0,24260963,0,7,159,15,3,1,4,1,0
road_roadscity_port,lookahead,34,0,24260963,1,10,137,10,3,3,2,0,0
road_roadscity_port,baseline,34,1,24260964,0,8,169,15,2,2,3,0,0
road_roadscity_port,lookahead,34,1,24260964,0,9,159,12,5,0,2,1,0
road_roadscity_port,baseline,34,2,24260965,0,6,158,15,5,0,7,0,0
road_roadscity_port,lookahead,34,2,24260965,1,10,103,11,4,1,2,1,0
road_roadscity_port,baseline,34,3,24260966,0,5,138,15,3,0,6,0,0
road_roadscity_port,lookahead,34,3,24260966,0,8,155,15,5,0,1,1,0
road_roadscity_port,baseline,35,0,24260967,0,4,91,14,2,0,4,1,0
road_roadscity_port,lookahead,35,0,24260967,1,10,93,9,2,4,1,0,0
road_roadscity_port,baseline,35,1,24260968,0,7,139,13,3,1,9,0,0
road_roadscity_port,lookahead,35,1,24260968,1,10,118,8,2,3,5,0,0
road_roadscity_port,baseline,35,2,24260969,0,2,84,7,2,0,5,0,0
road_roadscity_port,lookahead,35,2,24260969,0,7,120,6,1,2,2,0,0
road_roadscity_port,baseline,35,3,24260970,0,8,135,15,4,1,3,1,0
road_roadscity_port,lookahead,35,3,24260970,0,7,142,7,5,0,3,0,0
road_roadscity_port,baseline,36,0,24260971,0,4,132,11,2,1,6,0,0
road_roadscity_port,lookahead,36,0,24260971,1,10,125,10,1,4,2,0,0
road_roadscity_port,baseline,36,1,24260972,1,10,146,15,5,1,4,1,0
road_roadscity_port,lookahead,36,1,24260972,0,8,133,9,3,2,1,0,0
road_roadscity_port,baseline,36,2,24260973,0,7,130,15,1,2,5,0,0
road_roadscity_port,lookahead,36,2,24260973,1,10,123,11,3,3,2,0,0
road_roadscity_port,baseline,36,3,24260974,1,10,112,15,4,1,6,1,0
road_roadscity_port,lookahead,36,3,24260974,0,8,159,4,0,3,4,0,0
road_roadscity_port,baseline,37,0,24260975,0,5,110,15,4,0,4,0,0
road_roadscity_port,lookahead,37,0,24260975,0,7,108,5,1,3,0,0,0
road_roadscity_port,baseline,37,1,24260976,0,6,107,8,1,2,5,0,0
road_roadscity_port,lookahead,37,1,24260976,1,10,118,15,2,3,0,1,0
road_roadscity_port,baseline,37,2,24260977,0,5,166,15,3,0,6,1,0
road_roadscity_port,lookahead,37,2,24260977,0,4,144,3,2,0,2,0,0
road_roadscity_port,baseline,37,3,24260978,0,8,113,15,3,2,1,0,0
road_roadscity_port,lookahead,37,3,24260978,0,8,145,11,4,1,2,0,0
road_roadscity_port,baseline,38,0,24260979,0,6,136,11,4,0,6,0,0
road_roadscity_port,lookahead,38,0,24260979,1,10,129,8,0,4,2,0,0
road_roadscity_port,baseline,38,1,24260980,0,3,92,8,1,1,3,0,0
road_roadscity_port,lookahead,38,1,24260980,0,4,80,5,2,1,0,0,0
road_roadscity_port,baseline,38,2,24260981,1,10,127,14,1,3,5,1,0
road_roadscity_port,lookahead,38,2,24260981,1,10,135,11,5,2,1,0,0
road_roadscity_port,baseline,38,3,24260982,1,10,132,11,4,2,6,0,0
road_roadscity_port,lookahead,38,3,24260982,1,10,108,8,2,3,2,0,0
road_roadscity_port,baseline,39,0,24260983,1,10,145,15,4,2,4,0,0
road_roadscity_port,lookahead,39,0,24260983,1,10,125,12,4,3,1,0,0
road_roadscity_port,baseline,39,1,24260984,1,10,94,15,2,3,7,0,0
road_roadscity_port,lookahead,39,1,24260984,1,10,74,10,3,2,3,0,0
road_roadscity_port,baseline,39,2,24260985,0,7,136,8,0,3,4,0,0
road_roadscity_port,lookahead,39,2,24260985,0,6,156,3,3,0,5,0,0
road_roadscity_port,baseline,39,3,24260986,1,10,152,14,2,3,4,1,0
road_roadscity_port,lookahead,39,3,24260986,1,10,88,5,0,4,2,0,0
road_roadscity_port,baseline,40,0,24260987,1,11,113,15,2,2,7,1,0
road_roadscity_port,lookahead,40,0,24260987,1,10,81,8,1,4,2,0,0
road_roadscity_port,baseline,40,1,24260988,0,4,129,14,3,0,4,0,0
road_roadscity_port,lookahead,40,1,24260988,0,9,149,15,5,0,2,1,0
road_roadscity_port,baseline,40,2,24260989,0,4,102,10,1,1,3,0,0
road_roadscity_port,lookahead,40,2,24260989,0,8,130,5,0,4,0,0,0
road_roadscity_port,baseline,40,3,24260990,0,5,97,8,1,2,6,0,0
road_roadscity_port,lookahead,40,3,24260990,0,7,125,2,0,2,6,0,0
road_roadscity_port,baseline,41,0,24260991,0,9,160,15,3,2,10,0,0
road_roadscity_port,lookahead,41,0,24260991,1,10,121,7,0,4,4,0,0
road_roadscity_port,baseline,41,1,24260992,0,5,87,9,2,0,8,0,0
road_roadscity_port,lookahead,41,1,24260992,1,10,78,3,0,3,5,0,0
road_roadscity_port,baseline,41,2,24260993,0,7,134,13,4,1,3,0,0
road_roadscity_port,lookahead,41,2,24260993,0,6,152,12,5,0,1,0,0
road_roadscity_port,baseline,41,3,24260994,0,4,70,4,2,0,7,0,0
road_roadscity_port,lookahead,41,3,24260994,0,6,126,3,2,1,2,0,0
road_roadscity_port,baseline,42,0,24260995,1,10,129,15,3,1,6,1,0
road_roadscity_port,lookahead,42,0,24260995,0,8,108,11,5,0,3,0,0
road_roadscity_port,baseline,42,1,24260996,0,7,131,15,5,0,7,1,0
road_roadscity_port,lookahead,42,1,24260996,1,10,70,10,2,4,0,0,0
road_roadscity_port,baseline,42,2,24260997,1,10,115,11,0,3,5,1,0
road_roadscity_port,lookahead,42,2,24260997,0,6,124,2,0,2,5,0,0
road_roadscity_port,baseline,42,3,24260998,0,5,130,15,4,0,7,0,0
road_roadscity_port,lookahead,42,3,24260998,0,7,174,10,0,3,1,0,0
road_roadscity_port,baseline,43,0,24260999,0,8,150,11,4,0,5,1,0
road_roadscity_port,lookahead,43,0,24260999,1,10,129,7,0,4,2,0,0
road_roadscity_port,baseline,43,1,24261000,0,4,103,8,2,0,6,0,0
road_roadscity_port,lookahead,43,1,24261000,0,7,95,5,2,2,1,0,0
road_roadscity_port,baseline,43,2,24261001,1,10,67,9,2,2,3,1,0
road_roadscity_port,lookahead,43,2,24261001,1,10,91,10,3,3,1,0,0
road_roadscity_port,baseline,43,3,24261002,0,3,102,9,2,0,5,0,0
road_roadscity_port,lookahead,43,3,24261002,0,8,122,11,5,1,1,0,0
road_roadscity_port,baseline,44,0,24261003,0,2,80,6,2,0,4,0,0
road_roadscity_port,lookahead,44,0,24261003,0,9,140,4,0,4,1,0,0
road_roadscity_port,baseline,44,1,24261004,0,9,168,15,0,4,5,0,0
road_roadscity_port,lookahead,44,1,24261004,0,6,179,9,5,0,1,0,0
road_roadscity_port,baseline,44,2,24261005,0,9,89,9,0,4,6,0,0
road_roadscity_port,lookahead,44,2,24261005,1,10,103,12,4,2,0,1,0
road_roadscity_port,baseline,44,3,24261006,0,8,106,15,3,2,1,0,0
road_roadscity_port,lookahead,44,3,24261006,1,11,116,13,1,4,0,1,0
road_roadscity_port,baseline,45,0,24261007,0,8,171,15,2,2,7,0,0
road_roadscity_port,lookahead,45,0,24261007,1,10,77,7,3,2,4,0,0
road_roadscity_port,baseline,45,1,24261008,1,10,102,15,2,4,1,0,0
road_roadscity_port,lookahead,45,1,24261008,1,10,82,10,3,2,2,1,0
road_roadscity_port,baseline,45,2,24261009,0,8,86,11,0,3,5,0,0
road_roadscity_port,lookahead,45,2,24261009,1,10,91,14,1,3,1,1,0
road_roadscity_port,baseline,45,3,24261010,0,6,181,10,2,1,5,0,0
road_roadscity_port,lookahead,45,3,24261010,0,6,139,2,2,0,4,0,0
road_roadscity_port,baseline,46,0,24261011,1,10,93,7,1,4,2,0,0
road_roadscity_port,lookahead,46,0,24261011,0,8,103,3,0,3,5,0,0
road_roadscity_port,baseline,46,1,24261012,1,10,82,13,2,2,3,1,0
road_roadscity_port,lookahead,46,1,24261012,0,9,131,7,1,4,0,0,0
road_roadscity_port,baseline,46,2,24261013,0,5,101,7,4,0,4,0,0
road_roadscity_port,lookahead,46,2,24261013,0,8,112,5,0,3,6,0,0
road_roadscity_port,baseline,46,3,24261014,0,3,114,15,2,0,4,0,0
road_roadscity_port,lookahead,46,3,24261014,1,10,72,4,0,4,4,0,0
road_roadscity_port,baseline,47,0,24261015,1,10,117,8,0,4,4,0,0
road_roadscity_port,lookahead,47,0,24261015,1,10,109,7,5,1,3,0,0
road_roadscity_port,baseline,47,1,24261016,0,9,128,12,5,1,7,0,0
road_roadscity_port,lookahead,47,1,24261016,0,4,128,3,0,2,3,0,0
road_roadscity_port,baseline,47,2,24261017,0,6,126,12,1,1,8,0,0
road_roadscity_port,lookahead,47,2,24261017,0,6,126,4,0,2,4,0,0
road_roadscity_port,baseline,47,3,24261018,0,4,107,8,3,0,4,0,0
road_roadscity_port,lookahead,47,3,24261018,0,6,151,3,3,0,4,0,0
road_roadscity_port,baseline,48,0,24261019,0,5,120,14,3,1,3,0,0
road_roadscity_port,lookahead,48,0,24261019,0,6,123,4,0,2,3,0,0
road_roadscity_port,baseline,48,1,24261020,0,5,161,11,4,0,4,0,0
road_roadscity_port,lookahead,48,1,24261020,0,6,169,11,5,0,1,0,0
road_roadscity_port,baseline,48,2,24261021,0,8,126,11,3,1,9,0,0
road_roadscity_port,lookahead,48,2,24261021,0,7,137,4,0,2,5,0,0
road_roadscity_port,baseline,48,3,24261022,1,10,148,11,0,4,6,0,0
road_roadscity_port,lookahead,48,3,24261022,1,10,148,5,0,4,2,0,0
road_roadscity_port,baseline,49,0,24261023,0,7,107,12,3,1,3,0,0
road_roadscity_port,lookahead,49,0,24261023,1,10,85,6,0,4,2,0,0
road_roadscity_port,baseline,49,1,24261024,0,6,144,14,0,2,8,0,0
road_roadscity_port,lookahead,49,1,24261024,0,7,100,9,5,0,3,0,0
road_roadscity_port,baseline,49,2,24261025,0,6,105,9,1,2,5,0,0
road_roadscity_port,lookahead,49,2,24261025,1,10,115,9,1,3,5,0,0
road_roadscity_port,baseline,49,3,24261026,1,10,104,13,0,4,1,1,0
road_roadscity_port,lookahead,49,3,24261026,0,9,147,7,0,4,1,0,0
road_roadscity_port,baseline,50,0,24261027,1,10,65,13,0,3,3,1,0
road_roadscity_port,lookahead,50,0,24261027,0,9,102,7,0,4,2,0,0
road_roadscity_port,baseline,50,1,24261028,1,10,106,9,1,3,10,0,0
road_roadscity_port,lookahead,50,1,24261028,1,10,110,9,1,4,1,0,0
road_roadscity_port,baseline,50,2,24261029,0,6,92,13,1,2,5,0,0
road_roadscity_port,lookahead,50,2,24261029,0,8,110,8,4,1,2,0,0
road_roadscity_port,baseline,50,3,24261030,0,6,135,11,0,3,3,0,0
road_roadscity_port,lookahead,50,3,24261030,0,7,126,4,0,3,2,0,0
road_roadscity_port,baseline,51,0,24261031,0,6,116,13,4,0,5,0,0
road_roadscity_port,lookahead,51,0,24261031,1,10,105,5,2,3,3,0,0
road_roadscity_port,baseline,51,1,24261032,0,4,83,8,3,0,4,0,0
road_roadscity_port,lookahead,51,1,24261032,0,7,84,5,0,3,3,0,0
road_roadscity_port,baseline,51,2,24261033,0,3,120,5,2,0,6,0,0
road_roadscity_port,lookahead,51,2,24261033,0,5,98,3,2,1,1,0,0
road_roadscity_port,baseline,51,3,24261034,1,10,128,15,1,4,6,0,0
road_roadscity_port,lookahead,51,3,24261034,1,10,124,8,3,3,1,0,0
road_roadscity_port,baseline,52,0,24261035,1,10,129,15,1,4,4,0,0
road_roadscity_port,lookahead,52,0,24261035,0,8,128,5,2,2,4,0,0
road_roadscity_port,baseline,52,1,24261036,0,5,153,12,2,1,5,0,0
road_roadscity_port,lookahead,52,1,24261036,0,5,109,3,0,2,3,0,0
road_roadscity_port,baseline,52,2,24261037,0,5,86,7,1,2,1,0,0
road_roadscity_port,lookahead,52,2,24261037,0,6,114,6,3,1,2,0,0
road_roadscity_port,baseline,52,3,24261038,1,10,116,14,3,1,5,1,0
road_roadscity_port,lookahead,52,3,24261038,0,9,154,10,5,0,4,0,0
road_roadscity_port,baseline,53,0,24261039,0,9,119,9,0,4,5,0,0
road_roadscity_port,lookahead,53,0,24261039,1,10,97,4,0,4,4,0,0
road_roadscity_port,baseline,53,1,24261040,0,5,143,8,3,0,9,0,0
road_roadscity_port,lookahead,53,1,24261040,0,7,157,9,5,0,2,0,0
road_roadscity_port,baseline,53,2,24261041,0,5,112,7,0,2,7,0,0
road_roadscity_port,lookahead,53,2,24261041,0,8,214,3,0,2,5,0,0
road_roadscity_port,baseline,53,3,24261042,0,3,107,4,2,0,5,0,0
road_roadscity_port,lookahead,53,3,24261042,0,3,114,2,2,0,1,0,0
road_roadscity_port,baseline,54,0,24261043,1,10,109,12,0,4,4,0,0
road_roadscity_port,lookahead,54,0,24261043,0,8,186,10,4,1,2,0,0
road_roadscity_port,baseline,54,1,24261044,0,8,144,15,3,2,4,0,0
road_roadscity_port,lookahead,54,1,24261044,0,9,109,9,4,1,4,0,0
road_roadscity_port,baseline,54,2,24261045,0,6,148,15,4,1,3,0,0
road_roadscity_port,lookahead,54,2,24261045,0,6,136,8,3,1,1,0,0
road_roadscity_port,baseline,54,3,24261046,0,8,174,15,1,3,7,0,0
road_roadscity_port,lookahead,54,3,24261046,1,10,108,14,5,1,1,1,0
road_roadscity_port,baseline,55,0,24261047,0,9,151,9,0,4,6,0,0
road_roadscity_port,lookahead,55,0,24261047,0,7,143,5,3,1,2,0,0
road_roadscity_port,baseline,55,1,24261048,0,8,125,15,4,1,5,0,0
road_roadscity_port,lookahead,55,1,24261048,0,6,91,4,0,3,0,0,0
road_roadscity_port,baseline,55,2,24261049,1,10,119,12,1,3,6,0,0
road_roadscity_port,lookahead,55,2,24261049,0,5,92,9,4,0,1,0,0
road_roadscity_port,baseline,55,3,24261050,0,8,154,12,1,2,8,0,0
road_roadscity_port,lookahead,55,3,24261050,1,10,132,10,4,2,2,0,0
road_roadscity_port,baseline,56,0,24261051,0,6,75,10,2,1,5,0,0
road_roadscity_port,lookahead,56,0,24261051,0,8,75,4,2,2,3,0,0
road_roadscity_port,baseline,56,1,24261052,0,7,127,15,4,1,2,0,0
road_roadscity_port,lookahead,56,1,24261052,0,4,123,9,4,0,0,0,0
road_roadscity_port,baseline,56,2,24261053,1,10,119,15,3,2,4,1,0
road_roadscity_port,lookahead,56,2,24261053,1,10,59,9,2,3,0,1,0
road_roadscity_port,baseline,56,3,24261054,1,10,192,15,3,2,9,0,0
road_roadscity_port,lookahead,56,3,24261054,1,10,152,7,0,3,4,0,0
road_roadscity_port,baseline,57,0,24261055,0,9,130,15,1,3,5,0,0
road_roadscity_port,lookahead,57,0,24261055,1,10,137,10,3,2,4,0,0
road_roadscity_port,baseline,57,1,24261056,0,8,116,15,4,1,4,0,0
road_roadscity_port,lookahead,57,1,24261056,0,6,81,6,3,0,3,0,0
road_roadscity_port,baseline,57,2,24261057,0,6,114,13,2,1,6,0,0
road_roadscity_port,lookahead,57,2,24261057,0,7,110,12,0,3,1,0,0
road_roadscity_port,baseline,57,3,24261058,1,10,72,12,3,2,2,1,0
road_roadscity_port,lookahead,57,3,24261058,1,10,108,10,4,1,3,1,0
road_roadscity_port,baseline,58,0,24261059,1,10,181,15,1,3,4,1,0
road_roadscity_port,lookahead,58,0,24261059,0,6,151,3,1,1,6,0,0
road_roadscity_port,baseline,58,1,24261060,1,10,90,15,5,0,8,1,0
road_roadscity_port,lookahead,58,1,24261060,1,10,86,6,1,3,3,0,0
road_roadscity_port,baseline,58,2,24261061,1,10,111,8,1,4,4,0,0
road_roadscity_port,lookahead,58,2,24261061,0,7,142,2,0,2,5,0,0
road_roadscity_port,baseline,58,3,24261062,1,10,96,15,1,4,1,0,0
road_roadscity_port,lookahead,58,3,24261062,0,8,90,7,1,3,2,0,0
road_roadscity_port,baseline,59,0,24261063,1,10,69,10,2,3,0,1,0
road_roadscity_port,lookahead,59,0,24261063,0,9,135,8,2,3,3,0,0
road_roadscity_port,baseline,59,1,24261064,0,7,136,15,3,1,7,0,0
road_roadscity_port,lookahead,59,1,24261064,0,7,136,10,4,1,1,0,0
road_roadscity_port,baseline,59,2,24261065,0,3,126,12,2,0,6,0,0
road_roadscity_port,lookahead,59,2,24261065,1,10,199,15,4,2,0,1,0
road_roadscity_port,baseline,59,3,24261066,0,8,135,12,0,4,2,0,0
road_roadscity_port,lookahead,59,3,24261066,1,10,112,7,1,4,4,0,0
road_roadscity_port,baseline,60,0,24261067,1,10,113,15,2,2,6,1,0
road_roadscity_port,lookahead,60,0,24261067,1,10,85,8,1,4,1,0,0
road_roadscity_port,baseline,60,1,24261068,0,8,149,15,1,2,7,0,0
road_roadscity_port,lookahead,60,1,24261068,0,8,115,3,0,3,2,0,0
road_roadscity_port,baseline,60,2,24261069,1,10,191,15,3,3,3,0,0
road_roadscity_port,lookahead,60,2,24261069,1,10,119,7,1,3,3,0,0
road_roadscity_port,baseline,60,3,24261070,1,10,192,14,1,3,6,1,0
road_roadscity_port,lookahead,60,3,24261070,0,6,167,4,2,0,4,0,0
road_roadscity_port,baseline,61,0,24261071,0,5,132,14,3,0,7,0,0
road_roadscity_port,lookahead,61,0,24261071,1,10,89,12,5,1,1,1,0
road_roadscity_port,baseline,61,1,24261072,1,10,146,9,0,4,7,0,0
road_roadscity_port,lookahead,61,1,24261072,1,10,118,4,1,3,4,0,0
road_roadscity_port,baseline,61,2,24261073,0,7,174,13,1,2,10,0,0
road_roadscity_port,lookahead,61,2,24261073,0,9,180,4,0,3,6,0,0
road_roadscity_port,baseline,61,3,24261074,0,5,89,9,1,1,5,0,0
road_roadscity_port,lookahead,61,3,24261074,0,5,106,6,0,2,2,0,0
road_roadscity_port,baseline,62,0,24261075,0,4,112,8,1,1,9,0,0
road_roadscity_port,lookahead,62,0,24261075,0,8,176,3,0,2,11,0,0
road_roadscity_port,baseline,62,1,24261076,0,7,168,11,2,1,6,1,0
road_roadscity_port,lookahead,62,1,24261076,0,9,139,3,1,2,4,0,0
road_roadscity_port,baseline,62,2,24261077,1,10,155,13,1,3,4,1,0
road_roadscity_port,lookahead,62,2,24261077,0,8,128,6,4,0,6,0,0
road_roadscity_port,baseline,62,3,24261078,0,6,162,11,3,1,6,0,0
road_roadscity_port,lookahead,62,3,24261078,1,10,108,8,4,2,2,0,0
road_roadscity_port,baseline,63,0,24261079,0,5,139,9,3,0,4,0,0
road_roadscity_port,lookahead,63,0,24261079,1,10,117,10,4,2,2,0,0
road_roadscity_port,baseline,63,1,24261080,0,3,137,9,3,0,7,0,0
road_roadscity_port,lookahead,63,1,24261080,0,3,123,4,3,0,0,0,0
road_roadscity_port,baseline,63,2,24261081,0,9,180,12,3,2,9,0,0
road_roadscity_port,lookahead,63,2,24261081,0,7,188,5,3,0,5,0,0
road_roadscity_port,baseline,63,3,24261082,0,5,135,11,2,0,7,0,0
road_roadscity_port,lookahead,63,3,24261082,1,10,88,9,4,2,2,0,0
road_roadscity_port,baseline,64,0,24261083,0,6,140,15,2,0,7,1,0
road_roadscity_port,lookahead,64,0,24261083,0,8,139,3,0,3,3,0,0
road_roadscity_port,baseline,64,1,24261084,1,10,138,13,1,3,7,0,0
road_roadscity_port,lookahead,64,1,24261084,0,7,145,5,0,3,1,0,0
road_roadscity_port,baseline,64,2,24261085,0,6,110,12,1,2,7,0,0
road_roadscity_port,lookahead,64,2,24261085,1,10,67,4,0,4,4,0,0
road_roadscity_port,baseline,64,3,24261086,0,9,154,15,1,3,8,0,0
road_roadscity_port,lookahead,64,3,24261086,0,5,191,3,1,1,3,0,0
road_roadscity_port,baseline,65,0,24261087,1,10,141,15,2,3,3,0,0
road_roadscity_port,lookahead,65,0,24261087,1,10,49,8,3,2,3,0,0
road_roadscity_port,baseline,65,1,24261088,0,4,88,11,0,2,2,0,0
road_roadscity_port,lookahead,65,1,24261088,0,5,108,6,0,2,1,0,0
road_roadscity_port,baseline,65,2,24261089,0,5,106,7,0,2,6,0,0
road_roadscity_port,lookahead,65,2,24261089,1,10,91,3,0,3,8,0,0
road_roadscity_port,baseline,65,3,24261090,1,10,100,13,0,4,3,1,0
road_roadscity_port,lookahead,65,3,24261090,0,5,118,2,0,2,7,0,0
road_roadscity_port,baseline,66,0,24261091,0,9,118,14,0,3,2,1,0
road_roadscity_port,lookahead,66,0,24261091,0,9,78,8,1,4,3,0,0
road_roadscity_port,baseline,66,1,24261092,0,5,128,15,1,2,5,0,0
road_roadscity_port,lookahead,66,1,24261092,0,9,140,9,3,2,4,0,0
road_roadscity_port,baseline,66,2,24261093,0,9,138,13,5,0,6,1,0
road_roadscity_port,lookahead,66,2,24261093,0,9,142,5,0,4,3,0,0
road_roadscity_port,baseline,66,3,24261094,0,9,137,8,1,3,6,0,0
road_roadscity_port,lookahead,66,3,24261094,1,10,104,5,1,3,3,0,0
road_roadscity_port,baseline,67,0,24261095,1,10,141,15,1,4,4,0,0
road_roadscity_port,lookahead,67,0,24261095,1,10,89,6,0,4,2,0,0
road_roadscity_port,baseline,67,1,24261096,0,6,107,15,3,1,11,0,0
road_roadscity_port,lookahead,67,1,24261096,1,10,106,11,5,0,4,1,0
road_roadscity_port,baseline,67,2,24261097,0,9,122,14,5,1,8,1,0
road_roadscity_port,lookahead,67,2,24261097,1,10,119,6,0,4,2,0,0
road_roadscity_port,baseline,67,3,24261098,0,4,131,11,1,1,5,0,0
road_roadscity_port,lookahead,67,3,24261098,0,5,127,3,3,0,2,0,0
road_roadscity_port,baseline,68,0,24261099,0,9,130,15,2,3,5,0,0
road_roadscity_port,lookahead,68,0,24261099,1,10,85,6,0,4,2,0,0
road_roadscity_port,baseline,68,1,24261100,0,8,147,13,2,3,7,0,0
road_roadscity_port,lookahead,68,1,24261100,1,10,118,3,0,3,9,0,0
road_roadscity_port,baseline,68,2,24261101,1,10,159,14,3,2,5,1,0
road_roadscity_port,lookahead,68,2,24261101,0,9,142,4,0,4,2,0,0
road_roadscity_port,baseline,68,3,24261102,0,5,126,8,3,0,8,0,0
road_roadscity_port,lookahead,68,3,24261102,0,5,169,5,4,0,2,0,0
road_roadscity_port,baseline,69,0,24261103,0,7,159,9,1,2,5,0,0
road_roadscity_port,lookahead,69,0,24261103,1,10,97,4,0,4,3,0,0
road_roadscity_port,baseline,69,1,24261104,0,9,179,15,3,1,9,1,0
road_roadscity_port,lookahead,69,1,24261104,1,10,130,10,4,2,2,0,0
road_roadscity_port,baseline,69,2,24261105,1,10,99,13,2,4,4,0,0
road_roadscity_port,lookahead,69,2,24261105,1,10,79,11,2,3,3,0,0
road_roadscity_port,baseline,69,3,24261106,0,7,127,14,2,1,7,0,0
road_roadscity_port,lookahead,69,3,24261106,0,7,142,13,0,3,1,0,0
road_roadscity_port,baseline,70,0,24261107,0,5,84,11,3,1,2,0,0
road_roadscity_port,lookahead,70,0,24261107,0,8,103,8,2,3,0,0,0
road_roadscity_port,baseline,70,1,24261108,0,7,136,6,0,3,8,0,0
road_roadscity_port,lookahead,70,1,24261108,1,10,150,7,1,4,1,0,0
road_roadscity_port,baseline,70,2,24261109,0,8,152,15,0,3,5,0,0
road_roadscity_port,lookahead,70,2,24261109,0,8,154,9,0,3,3,0,0
road_roadscity_port,baseline,70,3,24261110,0,7,155,15,0,3,9,0,0
road_roadscity_port,lookahead,70,3,24261110,0,6,138,2,0,2,4,0,0
road_roadscity_port,baseline,71,0,24261111,1,10,153,15,2,3,3,1,0
road_roadscity_port,lookahead,71,0,24261111,1,10,129,7,0,4,2,0,0
road_roadscity_port,baseline,71,1,24261112,0,9,92,11,1,4,0,0,0
road_roadscity_port,lookahead,71,1,24261112,0,4,92,7,0,2,0,0,0
road_roadscity_port,baseline,71,2,24261113,0,7,116,10,3,1,4,0,0
road_roadscity_port,lookahead,71,2,24261113,0,5,148,5,0,2,1,0,0
road_roadscity_port,baseline,71,3,24261114,0,4,141,11,4,0,4,0,0
road_roadscity_port,lookahead,71,3,24261114,1,10,200,9,4,2,2,0,0
road_roadscity_port,baseline,72,0,24261115,1,10,141,14,1,4,4,0,0
road_roadscity_port,lookahead,72,0,24261115,0,9,122,8,0,4,1,0,0
road_roadscity_port,baseline,72,1,24261116,0,5,112,7,1,1,5,0,0
road_roadscity_port,lookahead,72,1,24261116,0,4,135,6,4,0,0,0,0
road_roadscity_port,baseline,72,2,24261117,1,10,147,15,4,1,8,1,0
road_roadscity_port,lookahead,72,2,24261117,1,10,99,8,0,4,2,0,0
road_roadscity_port,baseline,72,3,24261118,1,10,116,14,5,0,8,1,0
road_roadscity_port,lookahead,72,3,24261118,1,10,128,5,2,2,4,0,0
road_roadscity_port,baseline,73,0,24261119,1,10,101,12,3,1,9,1,0
road_roadscity_port,lookahead,73,0,24261119,1,10,117,5,0,4,7,0,0
road_roadscity_port,baseline,73,1,24261120,0,5,99,11,1,1,4,0,0
road_roadscity_port,lookahead,73,1,24261120,0,8,127,9,2,2,2,0,0
road_roadscity_port,baseline,73,2,24261121,0,6,149,15,5,0,5,0,0
road_roadscity_port,lookahead,73,2,24261121,0,9,145,14,5,1,0,1,0
road_roadscity_port,baseline,73,3,24261122,0,5,93,6,0,2,6,0,0
road_roadscity_port,lookahead,73,3,24261122,1,10,108,5,0,3,5,0,0
road_roadscity_port,baseline,74,0,24261123,0,7,130,11,0,3,4,0,0
road_roadscity_port,lookahead,74,0,24261123,0,6,154,8,4,0,2,0,0
road_roadscity_port,baseline,74,1,24261124,0,6,156,15,5,0,5,0,0
road_roadscity_port,lookahead,74,1,24261124,1,10,118,9,5,1,4,0,0
road_roadscity_port,baseline,74,2,24261125,0,5,132,9,3,0,8,0,0
road_roadscity_port,lookahead,74,2,24261125,0,7,157,4,0,2,3,0,0
road_roadscity_port,baseline,74,3,24261126,0,8,167,8,3,2,6,0,0
road_roadscity_port,lookahead,74,3,24261126,1,10,156,6,1,3,4,0,0
road_roadscity_port,baseline,75,0,24261127,0,7,119,13,4,1,4,0,0
road_roadscity_port,lookahead,75,0,24261127,1,10,125,8,4,1,4,0,0
road_roadscity_port,baseline,75,1,24261128,1,10,134,15,5,0,7,1,0
road_roadscity_port,lookahead,75,1,24261128,1,10,106,6,3,3,2,0,0
road_roadscity_port,baseline,75,2,24261129,0,6,129,13,3,1,3,0,0
road_roadscity_port,lookahead,75,2,24261129,0,7,109,5,3,1,2,0,0
road_roadscity_port,baseline,75,3,24261130,0,8,146,10,1,3,7,0,0
road_roadscity_port,lookahead,75,3,24261130,1,10,116,6,2,3,4,0,0
road_roadscity_port,baseline,76,0,24261131,0,5,116,6,2,1,7,0,0
road_roadscity_port,lookahead,76,0,24261131,0,4,88,3,0,2,1,0,0
road_roadscity_port,baseline,76,1,24261132,0,9,116,10,0,4,6,0,0
road_roadscity_port,lookahead,76,1,24261132,0,6,160,2,0,2,2,0,0
road_roadscity_port,baseline,76,2,24261133,0,8,160,14,2,1,4,1,0
road_roadscity_port,lookahead,76,2,24261133,0,4,188,4,2,0,3,0,0
road_roadscity_port,baseline,76,3,24261134,0,8,134,12,3,2,4,0,0
road_roadscity_port,lookahead,76,3,24261134,0,8,130,5,1,2,4,0,0
road_roadscity_port,baseline,77,0,24261135,0,9,124,12,1,3,5,0,0
road_roadscity_port,lookahead,77,0,24261135,1,10,125,13,5,1,1,1,0
road_roadscity_port,baseline,77,1,24261136,0,5,105,11,1,1,5,0,0
road_roadscity_port,lookahead,77,1,24261136,0,8,136,6,2,2,2,0,0
road_roadscity_port,baseline,77,2,24261137,0,9,148,15,1,3,7,0,0
road_roadscity_port,lookahead,77,2,24261137,1,10,83,5,0,3,5,0,0
road_roadscity_port,baseline,77,3,24261138,1,10,60,11,3,2,1,1,0
road_roadscity_port,lookahead,77,3,24261138,1,10,72,6,1,4,1,0,0
road_roadscity_port,baseline,78,0,24261139,1,10,153,15,0,4,8,0,0
road_roadscity_port,lookahead,78,0,24261139,0,9,204,6,1,3,2,0,0
road_roadscity_port,baseline,78,1,24261140,0,8,109,6,1,3,2,0,0
road_roadscity_port,lookahead,78,1,24261140,1,10,130,5,2,3,3,0,0
road_roadscity_port,baseline,78,2,24261141,0,3,62,6,3,0,1,0,0
road_roadscity_port,lookahead,78,2,24261141,0,7,106,6,4,1,1,0,0
road_roadscity_port,baseline,78,3,24261142,1,10,56,9,3,1,3,1,0
road_roadscity_port,lookahead,78,3,24261142,1,10,96,9,2,4,0,0,0
road_roadscity_port,baseline,79,0,24261143,0,3,124,11,3,0,4,0,0
road_roadscity_port,lookahead,79,0,24261143,1,10,81,8,3,2,3,0,0
road_roadscity_port,baseline,79,1,24261144,0,7,115,7,0,3,4,0,0
road_roadscity_port,lookahead,79,1,24261144,0,6,111,2,0,2,2,0,0
road_roadscity_port,baseline,79,2,24261145,0,8,150,15,0,3,3,0,0
road_roadscity_port,lookahead,79,2,24261145,0,7,118,4,0,3,1,0,0
road_roadscity_port,baseline,79,3,24261146,1,10,76,11,0,3,4,1,0
road_roadscity_port,lookahead,79,3,24261146,0,8,162,4,0,2,7,0,0
road_roadscity_port,baseline,80,0,24261147,1,10,133,15,4,2,7,0,0
road_roadscity_port,lookahead,80,0,24261147,1,10,101,9,5,1,3,0,0
road_roadscity_port,baseline,80,1,24261148,0,9,153,15,3,1,6,0,0
road_roadscity_port,lookahead,80,1,24261148,0,6,99,3,0,2,2,0,0
road_roadscity_port,baseline,80,2,24261149,0,4,121,13,4,0,8,0,0
road_roadscity_port,lookahead,80,2,24261149,1,10,87,6,1,4,2,0,0
road_roadscity_port,baseline,80,3,24261150,0,8,143,15,4,2,3,0,0
road_roadscity_port,lookahead,80,3,24261150,0,5,135,4,1,1,3,0,0
road_roadscity_port,baseline,81,0,24261151,0,9,107,15,0,3,6,1,0
road_roadscity_port,lookahead,81,0,24261151,0,3,86,6,2,0,2,0,0
road_roadscity_port,baseline,81,1,24261152,1,10,122,13,0,4,7,0,0
road_roadscity_port,lookahead,81,1,24261152,0,7,128,4,1,1,7,0,0
road_roadscity_port,baseline,81,2,24261153,0,2,104,13,2,0,1,0,0
road_roadscity_port,lookahead,81,2,24261153,0,7,132,7,5,0,2,0,0
road_roadscity_port,baseline,81,3,24261154,0,4,102,9,3,0,4,0,0
road_roadscity_port,lookahead,81,3,24261154,0,8,114,7,5,0,5,0,0
road_roadscity_port,baseline,82,0,24261155,1,10,173,15,1,3,6,1,0
road_roadscity_port,lookahead,82,0,24261155,0,8,132,4,0,3,5,0,0
road_roadscity_port,baseline,82,1,24261156,0,8,139,9,1,3,5,0,0
road_roadscity_port,lookahead,82,1,24261156,0,6,128,6,0,2,6,0,0
road_roadscity_port,baseline,82,2,24261157,0,7,149,10,3,2,7,0,0
road_roadscity_port,lookahead,82,2,24261157,1,10,143,10,3,3,1,0,0
road_roadscity_port,baseline,82,3,24261158,0,7,147,11,3,0,7,0,0
road_roadscity_port,lookahead,82,3,24261158,1,10,148,7,1,3,3,0,0
road_roadscity_port,baseline,83,0,24261159,0,7,111,12,4,1,5,0,0
road_roadscity_port,lookahead,83,0,24261159,0,8,127,9,4,2,0,0,0
road_roadscity_port,baseline,83,1,24261160,0,2,75,15,2,0,4,0,0
road_roadscity_port,lookahead,83,1,24261160,0,5,67,7,3,1,0,0,0
road_roadscity_port,baseline,83,2,24261161,1,10,127,15,3,2,3,1,0
road_roadscity_port,lookahead,83,2,24261161,0,8,170,13,5,0,1,1,0
road_roadscity_port,baseline,83,3,24261162,0,4,90,9,3,0,5,0,0
road_roadscity_port,lookahead,83,3,24261162,0,5,90,5,4,0,2,0,0
road_roadscity_port,baseline,84,0,24261163,0,9,128,15,2,3,10,0,0
road_roadscity_port,lookahead,84,0,24261163,1,10,105,7,0,4,3,0,0
road_roadscity_port,baseline,84,1,24261164,1,10,122,12,0,4,2,1,0
road_roadscity_port,lookahead,84,1,24261164,0,8,131,9,5,1,1,0,0
road_roadscity_port,baseline,84,2,24261165,1,10,143,15,3,2,5,1,0
road_roadscity_port,lookahead,84,2,24261165,1,10,159,12,4,2,2,0,0
road_roadscity_port,baseline,84,3,24261166,0,6,114,8,2,1,8,0,0
road_roadscity_port,lookahead,84,3,24261166,0,7,123,4,1,2,3,0,0
road_roadscity_port,baseline,85,0,24261167,0,5,132,15,5,0,6,0,0
road_roadscity_port,lookahead,85,0,24261167,1,10,141,8,3,2,3,0,0
road_roadscity_port,baseline,85,1,24261168,1,10,138,15,4,1,4,1,0
road_roadscity_port,lookahead,85,1,24261168,1,10,142,7,0,4,4,0,0
road_roadscity_port,baseline,85,2,24261169,0,8,148,15,0,3,4,1,0
road_roadscity_port,lookahead,85,2,24261169,1,10,107,15,1,3,1,1,0
road_roadscity_port,baseline,85,3,24261170,0,9,130,7,0,4,7,0,0
road_roadscity_port,lookahead,85,3,24261170,0,8,139,2,0,2,8,0,0
road_roadscity_port,baseline,86,0,24261171,0,8,136,10,2,3,3,0,0
road_roadscity_port,lookahead,86,0,24261171,0,7,116,6,3,1,3,0,0
road_roadscity_port,baseline,86,1,24261172,0,8,108,7,2,2,8,0,0
road_roadscity_port,lookahead,86,1,24261172,1,10,110,3,0,3,11,0,0
road_roadscity_port,baseline,86,2,24261173,0,4,137,8,2,0,10,0,0
road_roadscity_port,lookahead,86,2,24261173,0,9,93,8,0,4,1,0,0
road_roadscity_port,baseline,86,3,24261174,1,10,152,15,2,3,4,1,0
road_roadscity_port,lookahead,86,3,24261174,1,10,172,12,5,0,3,1,0
road_roadscity_port,baseline,87,0,24261175,1,10,93,12,0,3,3,1,0
road_roadscity_port,lookahead,87,0,24261175,1,10,105,4,1,3,3,0,0
road_roadscity_port,baseline,87,1,24261176,0,8,149,15,0,4,5,0,0
road_roadscity_port,lookahead,87,1,24261176,1,10,114,9,4,2,2,0,0
road_roadscity_port,baseline,87,2,24261177,0,9,98,10,0,4,5,0,0
road_roadscity_port,lookahead,87,2,24261177,0,6,78,9,0,3,0,0,0
road_roadscity_port,baseline,87,3,24261178,1,10,140,15,3,2,7,0,0
road_roadscity_port,lookahead,87,3,24261178,0,8,167,5,0,2,7,0,0
road_roadscity_port,baseline,88,0,24261179,0,7,135,13,1,2,8,0,0
road_roadscity_port,lookahead,88,0,24261179,1,10,121,6,0,4,2,0,0
road_roadscity_port,baseline,88,1,24261180,1,10,130,15,2,3,6,0,0
road_roadscity_port,lookahead,88,1,24261180,1,10,106,13,3,3,1,0,0
road_roadscity_port,baseline,88,2,24261181,1,10,143,15,1,4,4,0,0
road_roadscity_port,lookahead,88,2,24261181,1,10,139,4,0,4,7,0,0
road_roadscity_port,baseline,88,3,24261182,0,4,110,15,3,0,3,0,0
road_roadscity_port,lookahead,88,3,24261182,0,4,90,7,4,0,0,0,0
road_roadscity_port,baseline,89,0,24261183,0,5,83,7,0,2,6,0,0
road_roadscity_port,lookahead,89,0,24261183,0,9,103,6,2,3,2,0,0
road_roadscity_port,baseline,89,1,24261184,0,5,91,6,1,1,4,0,0
road_roadscity_port,lookahead,89,1,24261184,0,6,119,3,1,2,1,0,0
road_roadscity_port,baseline,89,2,24261185,0,5,122,12,2,1,7,0,0
road_roadscity_port,lookahead,89,2,24261185,1,10,111,7,2,2,5,0,0
road_roadscity_port,baseline,89,3,24261186,0,3,77,10,2,0,4,0,0
road_roadscity_port,lookahead,89,3,24261186,0,9,111,8,2,3,2,0,0
road_roadscity_port,baseline,90,0,24261187,0,8,143,15,4,0,7,1,0
road_roadscity_port,lookahead,90,0,24261187,1,10,93,7,3,3,1,0,0
road_roadscity_port,baseline,90,1,24261188,1,10,150,15,3,3,3,0,0
road_roadscity_port,lookahead,90,1,24261188,1,10,86,7,2,4,0,0,0
road_roadscity_port,baseline,90,2,24261189,0,5,134,9,3,0,11,0,0
road_roadscity_port,lookahead,90,2,24261189,0,9,118,10,4,2,1,0,0
road_roadscity_port,baseline,90,3,24261190,0,5,125,5,2,1,9,0,0
road_roadscity_port,lookahead,90,3,24261190,0,5,157,5,1,1,2,0,0
road_roadscity_port,baseline,91,0,24261191,1,10,129,15,4,1,6,1,0
road_roadscity_port,lookahead,91,0,24261191,1,10,129,10,4,2,2,0,0
road_roadscity_port,baseline,91,1,24261192,0,5,93,5,3,0,7,0,0
road_roadscity_port,lookahead,91,1,24261192,0,9,109,6,0,3,5,0,0
road_roadscity_port,baseline,91,2,24261193,0,9,121,9,1,3,7,0,0
road_roadscity_port,lookahead,91,2,24261193,0,9,132,6,1,4,0,0,0
road_roadscity_port,baseline,91,3,24261194,0,7,118,5,0,2,11,0,0
road_roadscity_port,lookahead,91,3,24261194,0,8,99,3,0,3,3,0,0
road_roadscity_port,baseline,92,0,24261195,0,9,144,15,3,2,5,1,0
road_roadscity_port,lookahead,92,0,24261195,0,7,119,7,1,3,0,0,0
road_roadscity_port,baseline,92,1,24261196,0,4,81,6,2,1,1,0,0
road_roadscity_port,lookahead,92,1,24261196,0,5,104,8,1,2,0,0,0
road_roadscity_port,baseline,92,2,24261197,0,5,118,3,0,2,8,0,0
road_roadscity_port,lookahead,92,2,24261197,0,8,112,2,0,2,4,0,0
road_roadscity_port,baseline,92,3,24261198,0,6,151,15,0,2,6,0,0
road_roadscity_port,lookahead,92,3,24261198,1,10,148,12,2,4,0,0,0
road_roadscity_port,baseline,93,0,24261199,0,7,135,11,2,1,9,0,0
road_roadscity_port,lookahead,93,0,24261199,0,6,119,4,0,2,4,0,0
road_roadscity_port,baseline,93,1,24261200,0,5,107,14,1,2,3,0,0
road_roadscity_port,lookahead,93,1,24261200,0,9,107,5,0,3,3,0,0
road_roadscity_port,baseline,93,2,24261201,0,8,140,14,4,0,6,1,0
road_roadscity_port,lookahead,93,2,24261201,0,5,106,6,2,1,2,0,0
road_roadscity_port,baseline,93,3,24261202,1,10,96,7,1,4,2,0,0
road_roadscity_port,lookahead,93,3,24261202,1,10,64,9,5,2,1,0,0
road_roadscity_port,baseline,94,0,24261203,1,10,113,14,1,3,8,1,0
road_roadscity_port,lookahead,94,0,24261203,1,10,93,9,3,3,2,0,0
road_roadscity_port,baseline,94,1,24261204,1,10,86,10,0,3,5,1,0
road_roadscity_port,lookahead,94,1,24261204,1,10,74,7,1,4,1,0,0
road_roadscity_port,baseline,94,2,24261205,0,6,120,15,3,0,6,0,0
road_roadscity_port,lookahead,94,2,24261205,0,4,122,7,3,0,2,0,0
road_roadscity_port,baseline,94,3,24261206,0,6,115,12,3,1,9,0,0
road_roadscity_port,lookahead,94,3,24261206,0,7,131,10,3,2,0,0,0
road_roadscity_port,baseline,95,0,24261207,1,10,93,10,4,1,6,1,0
road_roadscity_port,lookahead,95,0,24261207,1,10,101,5,1,3,5,0,0
road_roadscity_port,baseline,95,1,24261208,0,7,139,15,1,2,8,0,0
road_roadscity_port,lookahead,95,1,24261208,0,4,131,5,1,1,1,0,0
road_roadscity_port,baseline,95,2,24261209,0,7,106,10,1,2,5,0,0
road_roadscity_port,lookahead,95,2,24261209,1,10,87,8,1,3,4,0,0
road_roadscity_port,baseline,95,3,24261210,0,8,150,12,2,2,9,0,0
road_roadscity_port,lookahead,95,3,24261210,1,10,112,6,3,2,4,0,0
road_roadscity_port,baseline,96,0,24261211,0,8,174,14,5,0,4,1,0
road_roadscity_port,lookahead,96,0,24261211,1,10,113,6,3,2,3,0,0
road_roadscity_port,baseline,96,1,24261212,0,5,131,8,2,0,5,0,0
road_roadscity_port,lookahead,96,1,24261212,0,4,131,3,3,0,1,0,0
road_roadscity_port,baseline,96,2,24261213,1,10,179,15,0,4,9,0,0
road_roadscity_port,lookahead,96,2,24261213,1,10,99,9,1,4,1,0,0
road_roadscity_port,baseline,96,3,24261214,0,6,122,5,1,1,10,0,0
road_roadscity_port,lookahead,96,3,24261214,0,9,99,7,0,4,3,0,0
road_roadscity_port,baseline,97,0,24261215,0,9,127,9,1,3,9,0,0
road_roadscity_port,lookahead,97,0,24261215,1,10,81,3,0,3,11,0,0
road_roadscity_port,baseline,97,1,24261216,0,5,120,3,1,1,8,0,0
road_roadscity_port,lookahead,97,1,24261216,0,6,152,2,0,2,5,0,0
road_roadscity_port,baseline,97,2,24261217,0,6,124,10,4,1,5,0,0
road_roadscity_port,lookahead,97,2,24261217,1,10,111,6,1,4,2,0,0
road_roadscity_port,baseline,97,3,24261218,1,10,116,11,1,4,4,0,0
road_roadscity_port,lookahead,97,3,24261218,1,10,72,6,1,4,1,0,0
road_roadscity_port,baseline,98,0,24261219,1,10,125,15,4,2,3,1,0
road_roadscity_port,lookahead,98,0,24261219,1,10,77,8,0,4,2,0,0
road_roadscity_port,baseline,98,1,24261220,0,5,93,9,1,2,1,0,0
road_roadscity_port,lookahead,98,1,24261220,0,9,137,7,2,2,4,0,0
road_roadscity_port,baseline,98,2,24261221,0,4,117,12,3,0,4,0,0
road_roadscity_port,lookahead,98,2,24261221,0,7,189,7,2,1,3,0,0
road_roadscity_port,baseline,98,3,24261222,0,9,143,12,2,3,3,0,0
road_roadscity_port,lookahead,98,3,24261222,0,4,111,4,4,0,0,0,0
road_roadscity_port,baseline,99,0,24261223,1,10,137,15,3,3,2,0,0
road_roadscity_port,lookahead,99,0,24261223,0,9,190,12,3,2,2,0,0
road_roadscity_port,baseline,99,1,24261224,0,8,148,14,1,3,6,0,0
road_roadscity_port,lookahead,99,1,24261224,0,5,160,7,4,0,1,0,0
road_roadscity_port,baseline,99,2,24261225,0,7,129,13,1,2,7,0,0
road_roadscity_port,lookahead,99,2,24261225,0,7,141,3,0,2,6,0,0
road_roadscity_port,baseline,99,3,24261226,0,4,126,15,0,2,7,0,0
road_roadscity_port,lookahead,99,3,24261226,1,10,120,3,0,3,5,0,0
