seed_block,game_seed,lineup_index,lineup,rotation,seat,player_id,strategy,winner,game_finished,turns,victory_points,roads,settlements,cities,knights,largest_army,longest_road,dev_vp
0,0,0,full_ows|hybrid_ows|road_building|roads_and_cities,0,1,0,full_ows,0,1,126,5,6,2,0,5,1,0,1
0,0,0,full_ows|hybrid_ows|road_building|roads_and_cities,0,2,1,hybrid_ows,1,1,126,10,15,1,3,0,0,1,1
0,0,0,full_ows|hybrid_ows|road_building|roads_and_cities,0,3,2,road_building,0,1,126,3,12,3,0,0,0,0,0
0,0,0,full_ows|hybrid_ows|road_building|roads_and_cities,0,4,3,roads_and_cities,0,1,126,7,12,3,1,0,0,0,2
0,0,0,full_ows|hybrid_ows|road_building|roads_and_cities,1,1,0,hybrid_ows,0,1,207,9,13,0,3,1,0,0,3
0,0,0,full_ows|hybrid_ows|road_building|roads_and_cities,1,2,1,road_building,0,1,207,9,15,1,4,0,0,0,0
0,0,0,full_ows|hybrid_ows|road_building|roads_and_cities,1,3,2,roads_and_cities,1,1,207,10,15,2,3,0,0,1,0
0,0,0,full_ows|hybrid_ows|road_building|roads_and_cities,1,4,3,full_ows,0,1,207,9,9,1,2,6,1,0,2
0,0,0,full_ows|hybrid_ows|road_building|roads_and_cities,2,1,0,road_building,1,1,85,10,9,1,3,0,0,1,1
0,0,0,full_ows|hybrid_ows|road_building|roads_and_cities,2,2,1,roads_and_cities,0,1,85,4,10,4,0,0,0,0,0
0,0,0,full_ows|hybrid_ows|road_building|roads_and_cities,2,3,2,full_ows,0,1,85,2,3,2,0,0,0,0,0
0,0,0,full_ows|hybrid_ows|road_building|roads_and_cities,2,4,3,hybrid_ows,0,1,85,8,3,1,1,5,1,0,3
0,0,0,full_ows|hybrid_ows|road_building|roads_and_cities,3,1,0,roads_and_cities,1,1,85,10,15,3,2,0,0,1,1
0,0,0,full_ows|hybrid_ows|road_building|roads_and_cities,3,2,1,full_ows,0,1,85,5,10,1,1,3,0,0,2
0,0,0,full_ows|hybrid_ows|road_building|roads_and_cities,3,3,2,hybrid_ows,0,1,85,5,7,1,1,4,1,0,0
0,0,0,full_ows|hybrid_ows|road_building|roads_and_cities,3,4,3,road_building,0,1,85,3,10,2,0,0,0,0,1
0,0,1,full_ows|hybrid_ows|road_building|five_resource,0,1,0,full_ows,0,1,58,3,2,2,0,1,0,0,1
0,0,1,full_ows|hybrid_ows|road_building|five_resource,0,2,1,hybrid_ows,1,1,58,10,12,0,3,0,0,1,2
0,0,1,full_ows|hybrid_ows|road_building|five_resource,0,3,2,road_building,0,1,58,2,6,2,0,0,0,0,0
0,0,1,full_ows|hybrid_ows|road_building|five_resource,0,4,3,five_resource,0,1,58,4,5,3,0,0,0,0,1
0,0,1,full_ows|hybrid_ows|road_building|five_resource,1,1,0,hybrid_ows,0,1,108,5,15,0,2,1,0,0,1
0,0,1,full_ows|hybrid_ows|road_building|five_resource,1,2,1,road_building,0,1,108,4,15,4,0,0,0,0,0
0,0,1,full_ows|hybrid_ows|road_building|five_resource,1,3,2,five_resource,0,1,108,7,13,2,1,0,0,1,1
0,0,1,full_ows|hybrid_ows|road_building|five_resource,1,4,3,full_ows,1,1,108,10,6,1,2,3,1,0,3
0,0,1,full_ows|hybrid_ows|road_building|five_resource,2,1,0,road_building,1,1,81,10,15,4,2,0,0,1,0
0,0,1,full_ows|hybrid_ows|road_building|five_resource,2,2,1,five_resource,0,1,81,4,7,2,0,0,0,0,2
0,0,1,full_ows|hybrid_ows|road_building|five_resource,2,3,2,full_ows,0,1,81,3,5,2,0,3,0,0,1
0,0,1,full_ows|hybrid_ows|road_building|five_resource,2,4,3,hybrid_ows,0,1,81,7,12,0,2,3,1,0,1
0,0,1,full_ows|hybrid_ows|road_building|five_resource,3,1,0,five_resource,0,1,111,8,15,1,3,0,0,0,1
0,0,1,full_ows|hybrid_ows|road_building|five_resource,3,2,1,full_ows,0,1,111,8,9,0,2,4,0,0,4
0,0,1,full_ows|hybrid_ows|road_building|five_resource,3,3,2,hybrid_ows,1,1,111,10,15,0,3,4,1,1,0
0,0,1,full_ows|hybrid_ows|road_building|five_resource,3,4,3,road_building,0,1,111,6,15,4,1,0,0,0,0
0,0,2,full_ows|hybrid_ows|road_building|port,0,1,0,full_ows,0,1,58,3,2,2,0,1,0,0,1
0,0,2,full_ows|hybrid_ows|road_building|port,0,2,1,hybrid_ows,1,1,58,10,12,0,3,0,0,1,2
0,0,2,full_ows|hybrid_ows|road_building|port,0,3,2,road_building,0,1,58,2,6,2,0,0,0,0,0
0,0,2,full_ows|hybrid_ows|road_building|port,0,4,3,port,0,1,58,4,5,3,0,0,0,0,1
0,0,2,full_ows|hybrid_ows|road_building|port,1,1,0,hybrid_ows,0,1,171,8,15,0,3,5,1,0,0
0,0,2,full_ows|hybrid_ows|road_building|port,1,2,1,road_building,0,1,171,8,15,4,2,0,0,0,0
0,0,2,full_ows|hybrid_ows|road_building|port,1,3,2,port,1,1,171,10,15,1,3,0,0,1,1
0,0,2,full_ows|hybrid_ows|road_building|port,1,4,3,full_ows,0,1,171,8,9,0,2,3,0,0,4
0,0,2,full_ows|hybrid_ows|road_building|port,2,1,0,road_building,0,1,136,8,15,0,4,0,0,0,0
0,0,2,full_ows|hybrid_ows|road_building|port,2,2,1,port,0,1,136,8,15,3,2,0,0,0,1
0,0,2,full_ows|hybrid_ows|road_building|port,2,3,2,full_ows,0,1,136,6,7,1,1,5,1,0,1
0,0,2,full_ows|hybrid_ows|road_building|port,2,4,3,hybrid_ows,1,1,136,10,14,1,2,3,0,1,3
0,0,2,full_ows|hybrid_ows|road_building|port,3,1,0,port,1,1,113,10,15,4,1,0,0,1,2
0,0,2,full_ows|hybrid_ows|road_building|port,3,2,1,full_ows,0,1,113,8,4,0,2,6,1,0,2
0,0,2,full_ows|hybrid_ows|road_building|port,3,3,2,hybrid_ows,0,1,113,3,14,1,1,4,0,0,0
0,0,2,full_ows|hybrid_ows|road_building|port,3,4,3,road_building,0,1,113,6,15,5,0,0,0,0,1
0,0,3,full_ows|hybrid_ows|roads_and_cities|five_resource,0,1,0,full_ows,0,1,123,5,5,2,0,3,0,0,3
0,0,3,full_ows|hybrid_ows|roads_and_cities|five_resource,0,2,1,hybrid_ows,0,1,123,8,15,0,2,7,1,1,0
0,0,3,full_ows|hybrid_ows|roads_and_cities|five_resource,0,3,2,roads_and_cities,1,1,123,10,15,2,4,0,0,0,0
0,0,3,full_ows|hybrid_ows|roads_and_cities|five_resource,0,4,3,five_resource,0,1,123,7,15,5,0,0,0,0,2
0,0,3,full_ows|hybrid_ows|roads_and_cities|five_resource,1,1,0,hybrid_ows,0,1,123,9,15,0,2,2,0,1,3
0,0,3,full_ows|hybrid_ows|roads_and_cities|five_resource,1,2,1,roads_and_cities,0,1,123,7,15,1,3,0,0,0,0
0,0,3,full_ows|hybrid_ows|roads_and_cities|five_resource,1,3,2,five_resource,1,1,123,10,15,2,4,0,0,0,0
0,0,3,full_ows|hybrid_ows|roads_and_cities|five_resource,1,4,3,full_ows,0,1,123,8,9,0,2,7,1,0,2
0,0,3,full_ows|hybrid_ows|roads_and_cities|five_resource,2,1,0,roads_and_cities,0,1,126,8,15,0,4,0,0,0,0
0,0,3,full_ows|hybrid_ows|roads_and_cities|five_resource,2,2,1,five_resource,1,1,126,10,15,3,3,0,0,0,1
0,0,3,full_ows|hybrid_ows|roads_and_cities|five_resource,2,3,2,full_ows,0,1,126,7,5,2,0,7,1,0,3
0,0,3,full_ows|hybrid_ows|roads_and_cities|five_resource,2,4,3,hybrid_ows,0,1,126,9,15,0,3,1,0,1,1
0,0,3,full_ows|hybrid_ows|roads_and_cities|five_resource,3,1,0,five_resource,0,1,79,6,15,3,0,0,0,1,1
0,0,3,full_ows|hybrid_ows|roads_and_cities|five_resource,3,2,1,full_ows,0,1,79,2,3,2,0,2,0,0,0
0,0,3,full_ows|hybrid_ows|roads_and_cities|five_resource,3,3,2,hybrid_ows,1,1,79,10,9,1,2,3,1,0,3
0,0,3,full_ows|hybrid_ows|roads_and_cities|five_resource,3,4,3,roads_and_cities,0,1,79,3,10,3,0,0,0,0,0
0,0,4,full_ows|hybrid_ows|roads_and_cities|port,0,1,0,full_ows,0,1,102,5,4,2,0,4,0,0,3
0,0,4,full_ows|hybrid_ows|roads_and_cities|port,0,2,1,hybrid_ows,1,1,102,10,13,1,2,4,1,1,1
0,0,4,full_ows|hybrid_ows|roads_and_cities|port,0,3,2,roads_and_cities,0,1,102,5,12,1,2,0,0,0,0
0,0,4,full_ows|hybrid_ows|roads_and_cities|port,0,4,3,port,0,1,102,4,15,4,0,0,0,0,0
0,0,4,full_ows|hybrid_ows|roads_and_cities|port,1,1,0,hybrid_ows,0,1,151,9,15,0,3,5,0,1,1
0,0,4,full_ows|hybrid_ows|roads_and_cities|port,1,2,1,roads_and_cities,0,1,151,7,15,1,3,0,0,0,0
0,0,4,full_ows|hybrid_ows|roads_and_cities|port,1,3,2,port,1,1,151,10,15,4,2,0,0,0,2
0,0,4,full_ows|hybrid_ows|roads_and_cities|port,1,4,3,full_ows,0,1,151,8,8,0,2,8,1,0,2
0,0,4,full_ows|hybrid_ows|roads_and_cities|port,2,1,0,roads_and_cities,0,1,164,8,15,0,4,0,0,0,0
0,0,4,full_ows|hybrid_ows|roads_and_cities|port,2,2,1,port,0,1,164,7,15,5,1,0,0,0,0
0,0,4,full_ows|hybrid_ows|roads_and_cities|port,2,3,2,full_ows,0,1,164,7,6,2,0,6,1,0,3
0,0,4,full_ows|hybrid_ows|roads_and_cities|port,2,4,3,hybrid_ows,1,1,164,10,15,0,3,3,0,1,2
0,0,4,full_ows|hybrid_ows|roads_and_cities|port,3,1,0,port,1,1,97,10,13,2,3,0,0,1,0
0,0,4,full_ows|hybrid_ows|roads_and_cities|port,3,2,1,full_ows,0,1,97,2,2,2,0,1,0,0,0
0,0,4,full_ows|hybrid_ows|roads_and_cities|port,3,3,2,hybrid_ows,0,1,97,8,6,2,0,4,1,0,4
0,0,4,full_ows|hybrid_ows|roads_and_cities|port,3,4,3,roads_and_cities,0,1,97,6,12,0,3,0,0,0,0
0,0,5,full_ows|hybrid_ows|five_resource|port,0,1,0,full_ows,0,1,110,3,5,2,0,0,0,0,1
0,0,5,full_ows|hybrid_ows|five_resource|port,0,2,1,hybrid_ows,1,1,110,10,11,1,2,4,1,1,1
0,0,5,full_ows|hybrid_ows|five_resource|port,0,3,2,five_resource,0,1,110,5,12,3,0,0,0,0,2
0,0,5,full_ows|hybrid_ows|five_resource|port,0,4,3,port,0,1,110,4,13,2,1,0,0,0,0
0,0,5,full_ows|hybrid_ows|five_resource|port,1,1,0,hybrid_ows,0,1,135,8,15,0,3,5,1,0,0
0,0,5,full_ows|hybrid_ows|five_resource|port,1,2,1,five_resource,0,1,135,6,10,2,2,0,0,0,0
0,0,5,full_ows|hybrid_ows|five_resource|port,1,3,2,port,1,1,135,10,15,2,3,0,0,1,0
0,0,5,full_ows|hybrid_ows|five_resource|port,1,4,3,full_ows,0,1,135,8,9,3,0,4,0,0,5
0,0,5,full_ows|hybrid_ows|five_resource|port,2,1,0,five_resource,0,1,124,8,13,2,3,0,0,0,0
0,0,5,full_ows|hybrid_ows|five_resource|port,2,2,1,port,0,1,124,7,15,5,1,0,0,0,0
0,0,5,full_ows|hybrid_ows|five_resource|port,2,3,2,full_ows,0,1,124,5,7,2,0,3,0,0,3
0,0,5,full_ows|hybrid_ows|five_resource|port,2,4,3,hybrid_ows,1,1,124,10,13,0,2,5,1,1,2
0,0,5,full_ows|hybrid_ows|five_resource|port,3,1,0,port,1,1,109,10,15,4,2,0,0,1,0
0,0,5,full_ows|hybrid_ows|five_resource|port,3,2,1,full_ows,0,1,109,3,4,2,0,3,0,0,1
0,0,5,full_ows|hybrid_ows|five_resource|port,3,3,2,hybrid_ows,0,1,109,7,8,2,0,3,1,0,3
0,0,5,full_ows|hybrid_ows|five_resource|port,3,4,3,five_resource,0,1,109,5,9,2,1,0,0,0,1
0,0,6,full_ows|road_building|roads_and_cities|five_resource,0,1,0,full_ows,0,1,99,5,8,2,0,5,1,0,1
0,0,6,full_ows|road_building|roads_and_cities|five_resource,0,2,1,road_building,0,1,99,9,12,3,1,0,0,1,2
0,0,6,full_ows|road_building|roads_and_cities|five_resource,0,3,2,roads_and_cities,1,1,99,10,15,2,4,0,0,0,0
0,0,6,full_ows|road_building|roads_and_cities|five_resource,0,4,3,five_resource,0,1,99,4,6,1,1,0,0,0,1
0,0,6,full_ows|road_building|roads_and_cities|five_resource,1,1,0,road_building,0,1,130,7,15,3,2,0,0,0,0
0,0,6,full_ows|road_building|roads_and_cities|five_resource,1,2,1,roads_and_cities,1,1,130,10,15,1,3,0,0,1,1
0,0,6,full_ows|road_building|roads_and_cities|five_resource,1,3,2,five_resource,0,1,130,6,15,5,0,0,0,0,1
0,0,6,full_ows|road_building|roads_and_cities|five_resource,1,4,3,full_ows,0,1,130,9,5,0,2,11,1,0,3
0,0,6,full_ows|road_building|roads_and_cities|five_resource,2,1,0,roads_and_cities,0,1,98,5,15,0,2,0,0,0,1
0,0,6,full_ows|road_building|roads_and_cities|five_resource,2,2,1,five_resource,1,1,98,10,15,0,4,0,0,1,0
0,0,6,full_ows|road_building|roads_and_cities|five_resource,2,3,2,full_ows,0,1,98,5,3,2,0,0,0,0,3
0,0,6,full_ows|road_building|roads_and_cities|five_resource,2,4,3,road_building,0,1,98,3,13,3,0,0,0,0,0
0,0,6,full_ows|road_building|roads_and_cities|five_resource,3,1,0,five_resource,1,1,113,10,14,0,4,0,0,1,0
0,0,6,full_ows|road_building|roads_and_cities|five_resource,3,2,1,full_ows,0,1,113,9,3,1,1,5,1,0,4
0,0,6,full_ows|road_building|roads_and_cities|five_resource,3,3,2,road_building,0,1,113,3,11,3,0,0,0,0,0
0,0,6,full_ows|road_building|roads_and_cities|five_resource,3,4,3,roads_and_cities,0,1,113,3,11,2,0,0,0,0,1
0,0,7,full_ows|road_building|roads_and_cities|port,0,1,0,full_ows,0,1,103,7,7,1,1,4,1,0,2
0,0,7,full_ows|road_building|roads_and_cities|port,0,2,1,road_building,0,1,103,6,12,2,0,0,0,1,2
0,0,7,full_ows|road_building|roads_and_cities|port,0,3,2,roads_and_cities,1,1,103,10,15,2,4,0,0,0,0
0,0,7,full_ows|road_building|roads_and_cities|port,0,4,3,port,0,1,103,3,9,1,1,0,0,0,0
0,0,7,full_ows|road_building|roads_and_cities|port,1,1,0,road_building,1,1,121,10,12,0,4,0,0,1,0
0,0,7,full_ows|road_building|roads_and_cities|port,1,2,1,roads_and_cities,0,1,121,4,13,0,2,0,0,0,0
0,0,7,full_ows|road_building|roads_and_cities|port,1,3,2,port,0,1,121,6,15,5,0,0,0,0,1
0,0,7,full_ows|road_building|roads_and_cities|port,1,4,3,full_ows,0,1,121,8,6,1,1,5,1,0,3
0,0,7,full_ows|road_building|roads_and_cities|port,2,1,0,roads_and_cities,0,1,106,6,15,0,3,0,0,0,0
0,0,7,full_ows|road_building|roads_and_cities|port,2,2,1,port,1,1,106,11,15,3,2,0,0,1,2
0,0,7,full_ows|road_building|roads_and_cities|port,2,3,2,full_ows,0,1,106,9,2,0,2,4,1,0,3
0,0,7,full_ows|road_building|roads_and_cities|port,2,4,3,road_building,0,1,106,5,12,5,0,0,0,0,0
0,0,7,full_ows|road_building|roads_and_cities|port,3,1,0,port,1,1,85,10,15,0,4,0,0,1,0
0,0,7,full_ows|road_building|roads_and_cities|port,3,2,1,full_ows,0,1,85,6,3,2,0,3,1,0,2
0,0,7,full_ows|road_building|roads_and_cities|port,3,3,2,road_building,0,1,85,2,12,2,0,0,0,0,0
0,0,7,full_ows|road_building|roads_and_cities|port,3,4,3,roads_and_cities,0,1,85,4,12,2,0,0,0,0,2
0,0,8,full_ows|road_building|five_resource|port,0,1,0,full_ows,0,1,136,7,8,2,0,8,1,0,3
0,0,8,full_ows|road_building|five_resource|port,0,2,1,road_building,0,1,136,8,15,3,2,0,0,0,1
0,0,8,full_ows|road_building|five_resource|port,0,3,2,five_resource,0,1,136,5,15,4,0,0,0,0,1
0,0,8,full_ows|road_building|five_resource|port,0,4,3,port,1,1,136,10,15,2,3,0,0,1,0
0,0,8,full_ows|road_building|five_resource|port,1,1,0,road_building,0,1,123,3,15,2,0,0,0,0,1
0,0,8,full_ows|road_building|five_resource|port,1,2,1,five_resource,0,1,123,4,14,3,0,0,0,0,1
0,0,8,full_ows|road_building|five_resource|port,1,3,2,port,1,1,123,10,15,0,3,0,0,1,2
0,0,8,full_ows|road_building|five_resource|port,1,4,3,full_ows,0,1,123,7,7,0,2,7,1,0,1
0,0,8,full_ows|road_building|five_resource|port,2,1,0,five_resource,1,1,81,10,14,0,4,0,0,1,0
0,0,8,full_ows|road_building|five_resource|port,2,2,1,port,0,1,81,5,11,2,1,0,0,0,1
0,0,8,full_ows|road_building|five_resource|port,2,3,2,full_ows,0,1,81,5,3,2,0,1,0,0,3
0,0,8,full_ows|road_building|five_resource|port,2,4,3,road_building,0,1,81,2,10,2,0,0,0,0,0
0,0,8,full_ows|road_building|five_resource|port,3,1,0,port,0,1,134,8,15,4,1,0,0,1,0
0,0,8,full_ows|road_building|five_resource|port,3,2,1,full_ows,1,1,134,10,6,1,1,7,1,0,5
0,0,8,full_ows|road_building|five_resource|port,3,3,2,road_building,0,1,134,7,15,1,3,0,0,0,0
0,0,8,full_ows|road_building|five_resource|port,3,4,3,five_resource,0,1,134,7,13,1,3,0,0,0,0
0,0,9,full_ows|roads_and_cities|five_resource|port,0,1,0,full_ows,0,1,126,5,7,3,0,6,1,0,0
0,0,9,full_ows|roads_and_cities|five_resource|port,0,2,1,roads_and_cities,1,1,126,10,9,0,4,0,0,0,2
0,0,9,full_ows|roads_and_cities|five_resource|port,0,3,2,five_resource,0,1,126,5,12,3,0,0,0,0,2
0,0,9,full_ows|roads_and_cities|five_resource|port,0,4,3,port,0,1,126,6,15,2,1,0,0,1,0
0,0,9,full_ows|roads_and_cities|five_resource|port,1,1,0,roads_and_cities,0,1,127,9,15,0,4,0,0,0,1
0,0,9,full_ows|roads_and_cities|five_resource|port,1,2,1,five_resource,0,1,127,3,14,2,0,0,0,0,1
0,0,9,full_ows|roads_and_cities|five_resource|port,1,3,2,port,1,1,127,10,15,0,4,0,0,1,0
0,0,9,full_ows|roads_and_cities|five_resource|port,1,4,3,full_ows,0,1,127,7,4,2,0,5,1,0,3
0,0,9,full_ows|roads_and_cities|five_resource|port,2,1,0,five_resource,1,1,161,10,15,1,4,0,0,0,1
0,0,9,full_ows|roads_and_cities|five_resource|port,2,2,1,port,0,1,161,9,15,5,0,0,0,1,2
0,0,9,full_ows|roads_and_cities|five_resource|port,2,3,2,full_ows,0,1,161,7,12,3,0,7,1,0,2
0,0,9,full_ows|roads_and_cities|five_resource|port,2,4,3,roads_and_cities,0,1,161,3,15,3,0,0,0,0,0
0,0,9,full_ows|roads_and_cities|five_resource|port,3,1,0,port,1,1,93,10,15,2,3,0,0,1,0
0,0,9,full_ows|roads_and_cities|five_resource|port,3,2,1,full_ows,0,1,93,7,5,1,1,3,1,0,2
0,0,9,full_ows|roads_and_cities|five_resource|port,3,3,2,roads_and_cities,0,1,93,5,11,0,2,0,0,0,1
0,0,9,full_ows|roads_and_cities|five_resource|port,3,4,3,five_resource,0,1,93,3,11,2,0,0,0,0,1
0,0,10,hybrid_ows|road_building|roads_and_cities|five_resource,0,1,0,hybrid_ows,0,1,59,2,12,2,0,1,0,0,0
0,0,10,hybrid_ows|road_building|roads_and_cities|five_resource,0,2,1,road_building,0,1,59,6,6,2,1,0,0,0,2
0,0,10,hybrid_ows|road_building|roads_and_cities|five_resource,0,3,2,roads_and_cities,1,1,59,10,11,0,4,0,0,1,0
0,0,10,hybrid_ows|road_building|roads_and_cities|five_resource,0,4,3,five_resource,0,1,59,3,6,2,0,0,0,0,1
0,0,10,hybrid_ows|road_building|roads_and_cities|five_resource,1,1,0,road_building,0,1,130,7,15,3,2,0,0,0,0
0,0,10,hybrid_ows|road_building|roads_and_cities|five_resource,1,2,1,roads_and_cities,1,1,130,10,15,1,3,0,0,1,1
0,0,10,hybrid_ows|road_building|roads_and_cities|five_resource,1,3,2,five_resource,0,1,130,6,15,5,0,0,0,0,1
0,0,10,hybrid_ows|road_building|roads_and_cities|five_resource,1,4,3,hybrid_ows,0,1,130,9,5,0,2,11,1,0,3
0,0,10,hybrid_ows|road_building|roads_and_cities|five_resource,2,1,0,roads_and_cities,0,1,115,7,14,3,1,0,0,1,0
0,0,10,hybrid_ows|road_building|roads_and_cities|five_resource,2,2,1,five_resource,0,1,115,4,6,1,1,0,0,0,1
0,0,10,hybrid_ows|road_building|roads_and_cities|five_resource,2,3,2,hybrid_ows,1,1,115,10,9,2,1,3,1,0,4
0,0,10,hybrid_ows|road_building|roads_and_cities|five_resource,2,4,3,road_building,0,1,115,5,13,5,0,0,0,0,0
0,0,10,hybrid_ows|road_building|roads_and_cities|five_resource,3,1,0,five_resource,0,1,148,3,15,2,0,0,0,0,1
0,0,10,hybrid_ows|road_building|roads_and_cities|five_resource,3,2,1,hybrid_ows,0,1,148,6,11,2,0,7,1,0,2
0,0,10,hybrid_ows|road_building|roads_and_cities|five_resource,3,3,2,road_building,0,1,148,8,15,2,2,0,0,1,0
0,0,10,hybrid_ows|road_building|roads_and_cities|five_resource,3,4,3,roads_and_cities,1,1,148,10,14,0,4,0,0,0,2
0,0,11,hybrid_ows|road_building|roads_and_cities|port,0,1,0,hybrid_ows,0,1,59,2,11,2,0,1,0,0,0
0,0,11,hybrid_ows|road_building|roads_and_cities|port,0,2,1,road_building,0,1,59,7,6,2,1,0,0,0,3
0,0,11,hybrid_ows|road_building|roads_and_cities|port,0,3,2,roads_and_cities,1,1,59,10,12,0,4,0,0,1,0
0,0,11,hybrid_ows|road_building|roads_and_cities|port,0,4,3,port,0,1,59,2,7,2,0,0,0,0,0
0,0,11,hybrid_ows|road_building|roads_and_cities|port,1,1,0,road_building,1,1,121,10,12,0,4,0,0,1,0
0,0,11,hybrid_ows|road_building|roads_and_cities|port,1,2,1,roads_and_cities,0,1,121,4,13,0,2,0,0,0,0
0,0,11,hybrid_ows|road_building|roads_and_cities|port,1,3,2,port,0,1,121,6,15,5,0,0,0,0,1
0,0,11,hybrid_ows|road_building|roads_and_cities|port,1,4,3,hybrid_ows,0,1,121,8,6,1,1,5,1,0,3
0,0,11,hybrid_ows|road_building|roads_and_cities|port,2,1,0,roads_and_cities,1,1,93,10,12,0,4,0,0,1,0
0,0,11,hybrid_ows|road_building|roads_and_cities|port,2,2,1,port,0,1,93,5,8,3,0,0,0,0,2
0,0,11,hybrid_ows|road_building|roads_and_cities|port,2,3,2,hybrid_ows,0,1,93,8,6,0,2,5,1,0,2
0,0,11,hybrid_ows|road_building|roads_and_cities|port,2,4,3,road_building,0,1,93,3,8,3,0,0,0,0,0
0,0,11,hybrid_ows|road_building|roads_and_cities|port,3,1,0,port,1,1,173,10,13,2,3,0,0,0,2
0,0,11,hybrid_ows|road_building|roads_and_cities|port,3,2,1,hybrid_ows,0,1,173,6,12,2,0,7,1,0,2
0,0,11,hybrid_ows|road_building|roads_and_cities|port,3,3,2,road_building,0,1,173,7,15,3,1,0,0,1,0
0,0,11,hybrid_ows|road_building|roads_and_cities|port,3,4,3,roads_and_cities,0,1,173,9,15,0,4,0,0,0,1
0,0,12,hybrid_ows|road_building|five_resource|port,0,1,0,hybrid_ows,1,1,121,10,15,1,2,6,1,1,1
0,0,12,hybrid_ows|road_building|five_resource|port,0,2,1,road_building,0,1,121,2,13,2,0,0,0,0,0
0,0,12,hybrid_ows|road_building|five_resource|port,0,3,2,five_resource,0,1,121,7,11,0,2,0,0,0,3
0,0,12,hybrid_ows|road_building|five_resource|port,0,4,3,port,0,1,121,8,15,4,2,0,0,0,0
0,0,12,hybrid_ows|road_building|five_resource|port,1,1,0,road_building,0,1,111,6,15,4,0,0,0,1,0
0,0,12,hybrid_ows|road_building|five_resource|port,1,2,1,five_resource,0,1,111,4,3,0,2,0,0,0,0
0,0,12,hybrid_ows|road_building|five_resource|port,1,3,2,port,1,1,111,10,15,4,2,0,0,0,2
0,0,12,hybrid_ows|road_building|five_resource|port,1,4,3,hybrid_ows,0,1,111,8,12,0,2,4,1,0,2
0,0,12,hybrid_ows|road_building|five_resource|port,2,1,0,five_resource,1,1,65,10,13,0,4,0,0,1,0
0,0,12,hybrid_ows|road_building|five_resource|port,2,2,1,port,0,1,65,3,7,2,0,0,0,0,1
0,0,12,hybrid_ows|road_building|five_resource|port,2,3,2,hybrid_ows,0,1,65,6,3,0,2,1,0,0,2
0,0,12,hybrid_ows|road_building|five_resource|port,2,4,3,road_building,0,1,65,3,7,3,0,0,0,0,0
0,0,12,hybrid_ows|road_building|five_resource|port,3,1,0,port,0,1,144,5,12,4,0,0,0,0,1
0,0,12,hybrid_ows|road_building|five_resource|port,3,2,1,hybrid_ows,0,1,144,6,10,2,0,7,1,0,2
0,0,12,hybrid_ows|road_building|five_resource|port,3,3,2,road_building,0,1,144,6,15,2,1,0,0,1,0
0,0,12,hybrid_ows|road_building|five_resource|port,3,4,3,five_resource,1,1,144,10,13,0,4,0,0,0,2
0,0,13,hybrid_ows|roads_and_cities|five_resource|port,0,1,0,hybrid_ows,1,1,113,10,15,2,2,3,1,0,2
0,0,13,hybrid_ows|roads_and_cities|five_resource|port,0,2,1,roads_and_cities,0,1,113,7,15,1,2,0,0,1,0
0,0,13,hybrid_ows|roads_and_cities|five_resource|port,0,3,2,five_resource,0,1,113,8,8,0,3,0,0,0,2
0,0,13,hybrid_ows|roads_and_cities|five_resource|port,0,4,3,port,0,1,113,5,15,5,0,0,0,0,0
0,0,13,hybrid_ows|roads_and_cities|five_resource|port,1,1,0,roads_and_cities,0,1,132,6,15,3,0,0,0,1,1
0,0,13,hybrid_ows|roads_and_cities|five_resource|port,1,2,1,five_resource,0,1,132,4,4,1,1,0,0,0,1
0,0,13,hybrid_ows|roads_and_cities|five_resource|port,1,3,2,port,0,1,132,8,15,3,2,0,0,0,1
0,0,13,hybrid_ows|roads_and_cities|five_resource|port,1,4,3,hybrid_ows,1,1,132,10,11,2,2,3,1,0,2
0,0,13,hybrid_ows|roads_and_cities|five_resource|port,2,1,0,five_resource,1,1,161,10,15,1,4,0,0,0,1
0,0,13,hybrid_ows|roads_and_cities|five_resource|port,2,2,1,port,0,1,161,9,15,5,0,0,0,1,2
0,0,13,hybrid_ows|roads_and_cities|five_resource|port,2,3,2,hybrid_ows,0,1,161,7,12,3,0,7,1,0,2
0,0,13,hybrid_ows|roads_and_cities|five_resource|port,2,4,3,roads_and_cities,0,1,161,3,15,3,0,0,0,0,0
0,0,13,hybrid_ows|roads_and_cities|five_resource|port,3,1,0,port,0,1,150,9,15,1,4,0,0,0,0
0,0,13,hybrid_ows|roads_and_cities|five_resource|port,3,2,1,hybrid_ows,1,1,150,10,13,2,1,7,1,1,2
0,0,13,hybrid_ows|roads_and_cities|five_resource|port,3,3,2,roads_and_cities,0,1,150,5,15,1,2,0,0,0,0
0,0,13,hybrid_ows|roads_and_cities|five_resource|port,3,4,3,five_resource,0,1,150,8,10,1,2,0,0,0,3
0,0,14,road_building|roads_and_cities|five_resource|port,0,1,0,road_building,0,1,152,4,15,3,0,0,0,0,1
0,0,14,road_building|roads_and_cities|five_resource|port,0,2,1,roads_and_cities,0,1,152,9,14,0,3,0,0,1,1
0,0,14,road_building|roads_and_cities|five_resource|port,0,3,2,five_resource,0,1,152,6,11,0,2,0,0,0,2
0,0,14,road_building|roads_and_cities|five_resource|port,0,4,3,port,1,1,152,10,15,1,4,0,0,0,1
0,0,14,road_building|roads_and_cities|five_resource|port,1,1,0,roads_and_cities,1,1,77,10,13,0,4,0,0,1,0
0,0,14,road_building|roads_and_cities|five_resource|port,1,2,1,five_resource,0,1,77,6,4,1,1,0,0,0,3
0,0,14,road_building|roads_and_cities|five_resource|port,1,3,2,port,0,1,77,2,7,2,0,0,0,0,0
0,0,14,road_building|roads_and_cities|five_resource|port,1,4,3,road_building,0,1,77,3,10,2,0,0,0,0,1
0,0,14,road_building|roads_and_cities|five_resource|port,2,1,0,five_resource,1,1,89,10,11,1,3,0,0,0,3
0,0,14,road_building|roads_and_cities|five_resource|port,2,2,1,port,0,1,89,3,8,3,0,0,0,0,0
0,0,14,road_building|roads_and_cities|five_resource|port,2,3,2,road_building,0,1,89,5,12,3,1,0,0,0,0
0,0,14,road_building|roads_and_cities|five_resource|port,2,4,3,roads_and_cities,0,1,89,8,12,1,2,0,0,1,1
0,0,14,road_building|roads_and_cities|five_resource|port,3,1,0,port,1,1,81,10,10,4,1,0,0,1,2
0,0,14,road_building|roads_and_cities|five_resource|port,3,2,1,road_building,0,1,81,2,8,2,0,0,0,0,0
0,0,14,road_building|roads_and_cities|five_resource|port,3,3,2,roads_and_cities,0,1,81,6,10,0,3,0,0,0,0
0,0,14,road_building|roads_and_cities|five_resource|port,3,4,3,five_resource,0,1,81,4,7,2,0,0,0,0,2
1,1,0,full_ows|hybrid_ows|road_building|roads_and_cities,0,1,0,full_ows,0,1,124,9,6,0,2,6,1,0,3
1,1,0,full_ows|hybrid_ows|road_building|roads_and_cities,0,2,1,hybrid_ows,0,1,124,6,14,0,2,6,0,0,2
1,1,0,full_ows|hybrid_ows|road_building|roads_and_cities,0,3,2,road_building,0,1,124,7,10,5,0,0,0,1,0
1,1,0,full_ows|hybrid_ows|road_building|roads_and_cities,0,4,3,roads_and_cities,1,1,124,10,15,2,4,0,0,0,0
1,1,0,full_ows|hybrid_ows|road_building|roads_and_cities,1,1,0,hybrid_ows,0,1,106,7,9,0,2,5,0,0,3
1,1,0,full_ows|hybrid_ows|road_building|roads_and_cities,1,2,1,road_building,1,1,106,10,10,2,3,0,0,1,0
1,1,0,full_ows|hybrid_ows|road_building|roads_and_cities,1,3,2,roads_and_cities,0,1,106,9,10,1,4,0,0,0,0
1,1,0,full_ows|hybrid_ows|road_building|roads_and_cities,1,4,3,full_ows,0,1,106,8,3,0,2,6,1,0,2
1,1,0,full_ows|hybrid_ows|road_building|roads_and_cities,2,1,0,road_building,0,1,114,8,13,5,0,0,0,1,1
1,1,0,full_ows|hybrid_ows|road_building|roads_and_cities,2,2,1,roads_and_cities,1,1,114,10,15,1,4,0,0,0,1
1,1,0,full_ows|hybrid_ows|road_building|roads_and_cities,2,3,2,full_ows,0,1,114,9,8,0,3,4,1,0,1
1,1,0,full_ows|hybrid_ows|road_building|roads_and_cities,2,4,3,hybrid_ows,0,1,114,4,5,2,0,3,0,0,2
1,1,0,full_ows|hybrid_ows|road_building|roads_and_cities,3,1,0,roads_and_cities,0,1,126,5,12,1,2,0,0,0,0
1,1,0,full_ows|hybrid_ows|road_building|roads_and_cities,3,2,1,full_ows,1,1,126,10,7,0,3,5,0,0,4
1,1,0,full_ows|hybrid_ows|road_building|roads_and_cities,3,3,2,hybrid_ows,0,1,126,7,12,2,0,6,1,1,1
1,1,0,full_ows|hybrid_ows|road_building|roads_and_cities,3,4,3,road_building,0,1,126,3,12,3,0,0,0,0,0
1,1,1,full_ows|hybrid_ows|road_building|five_resource,0,1,0,full_ows,1,1,121,10,5,0,3,6,1,0,2
1,1,1,full_ows|hybrid_ows|road_building|five_resource,0,2,1,hybrid_ows,0,1,121,2,9,2,0,4,0,0,0
1,1,1,full_ows|hybrid_ows|road_building|five_resource,0,3,2,road_building,0,1,121,4,13,3,0,0,0,0,1
1,1,1,full_ows|hybrid_ows|road_building|five_resource,0,4,3,five_resource,0,1,121,9,12,3,2,0,0,1,0
1,1,1,full_ows|hybrid_ows|road_building|five_resource,1,1,0,hybrid_ows,0,1,163,9,9,1,3,9,1,0,0
1,1,1,full_ows|hybrid_ows|road_building|five_resource,1,2,1,road_building,0,1,163,5,15,3,0,0,0,0,2
1,1,1,full_ows|hybrid_ows|road_building|five_resource,1,3,2,five_resource,1,1,163,11,15,2,3,0,0,1,1
1,1,1,full_ows|hybrid_ows|road_building|five_resource,1,4,3,full_ows,0,1,163,8,9,0,3,2,0,0,2
1,1,1,full_ows|hybrid_ows|road_building|five_resource,2,1,0,road_building,1,1,101,10,9,4,1,0,0,1,2
1,1,1,full_ows|hybrid_ows|road_building|five_resource,2,2,1,five_resource,0,1,101,4,10,1,1,0,0,0,1
1,1,1,full_ows|hybrid_ows|road_building|five_resource,2,3,2,full_ows,0,1,101,7,4,0,2,5,1,0,1
1,1,1,full_ows|hybrid_ows|road_building|five_resource,2,4,3,hybrid_ows,0,1,101,4,6,1,1,3,0,0,1
1,1,1,full_ows|hybrid_ows|road_building|five_resource,3,1,0,five_resource,0,1,122,3,12,1,1,0,0,0,0
1,1,1,full_ows|hybrid_ows|road_building|five_resource,3,2,1,full_ows,1,1,122,10,7,1,2,5,0,0,5
1,1,1,full_ows|hybrid_ows|road_building|five_resource,3,3,2,hybrid_ows,0,1,122,5,11,1,1,6,1,0,0
1,1,1,full_ows|hybrid_ows|road_building|five_resource,3,4,3,road_building,0,1,122,7,12,5,0,0,0,1,0
1,1,2,full_ows|hybrid_ows|road_building|port,0,1,0,full_ows,0,1,146,6,9,1,2,2,0,0,1
1,1,2,full_ows|hybrid_ows|road_building|port,0,2,1,hybrid_ows,1,1,146,10,11,1,2,7,1,0,3
1,1,2,full_ows|hybrid_ows|road_building|port,0,3,2,road_building,0,1,146,8,10,4,1,0,0,1,0
1,1,2,full_ows|hybrid_ows|road_building|port,0,4,3,port,0,1,146,6,12,5,0,0,0,0,1
1,1,2,full_ows|hybrid_ows|road_building|port,1,1,0,hybrid_ows,0,1,163,9,9,1,3,9,1,0,0
1,1,2,full_ows|hybrid_ows|road_building|port,1,2,1,road_building,0,1,163,5,15,3,0,0,0,0,2
1,1,2,full_ows|hybrid_ows|road_building|port,1,3,2,port,1,1,163,11,15,2,3,0,0,1,1
1,1,2,full_ows|hybrid_ows|road_building|port,1,4,3,full_ows,0,1,163,8,9,0,3,2,0,0,2
1,1,2,full_ows|hybrid_ows|road_building|port,2,1,0,road_building,0,1,94,4,13,4,0,0,0,0,0
1,1,2,full_ows|hybrid_ows|road_building|port,2,2,1,port,1,1,94,10,15,4,2,0,0,1,0
1,1,2,full_ows|hybrid_ows|road_building|port,2,3,2,full_ows,0,1,94,8,5,0,2,5,1,0,2
1,1,2,full_ows|hybrid_ows|road_building|port,2,4,3,hybrid_ows,0,1,94,4,2,1,1,4,0,0,1
1,1,2,full_ows|hybrid_ows|road_building|port,3,1,0,port,0,1,126,4,12,1,1,0,0,0,1
1,1,2,full_ows|hybrid_ows|road_building|port,3,2,1,full_ows,1,1,126,10,8,0,3,5,0,0,4
1,1,2,full_ows|hybrid_ows|road_building|port,3,3,2,hybrid_ows,0,1,126,5,10,1,1,6,1,0,0
1,1,2,full_ows|hybrid_ows|road_building|port,3,4,3,road_building,0,1,126,6,12,4,0,0,0,1,0
1,1,3,full_ows|hybrid_ows|roads_and_cities|five_resource,0,1,0,full_ows,0,1,104,7,3,3,0,6,1,0,2
1,1,3,full_ows|hybrid_ows|roads_and_cities|five_resource,0,2,1,hybrid_ows,0,1,104,5,4,1,1,2,0,0,2
1,1,3,full_ows|hybrid_ows|roads_and_cities|five_resource,0,3,2,roads_and_cities,0,1,104,4,15,0,2,0,0,0,0
1,1,3,full_ows|hybrid_ows|roads_and_cities|five_resource,0,4,3,five_resource,1,1,104,10,14,1,3,0,0,1,1
1,1,3,full_ows|hybrid_ows|roads_and_cities|five_resource,1,1,0,hybrid_ows,0,1,118,5,5,2,0,8,1,0,1
1,1,3,full_ows|hybrid_ows|roads_and_cities|five_resource,1,2,1,roads_and_cities,1,1,118,10,15,0,4,0,0,0,2
1,1,3,full_ows|hybrid_ows|roads_and_cities|five_resource,1,3,2,five_resource,0,1,118,7,10,2,1,0,0,1,1
1,1,3,full_ows|hybrid_ows|roads_and_cities|five_resource,1,4,3,full_ows,0,1,118,5,10,0,2,3,0,0,1
1,1,3,full_ows|hybrid_ows|roads_and_cities|five_resource,2,1,0,roads_and_cities,1,1,73,10,10,0,4,0,0,1,0
1,1,3,full_ows|hybrid_ows|roads_and_cities|five_resource,2,2,1,five_resource,0,1,73,3,7,1,1,0,0,0,0
1,1,3,full_ows|hybrid_ows|roads_and_cities|five_resource,2,3,2,full_ows,0,1,73,3,4,2,0,2,0,0,1
1,1,3,full_ows|hybrid_ows|roads_and_cities|five_resource,2,4,3,hybrid_ows,0,1,73,4,6,2,0,3,1,0,0
1,1,3,full_ows|hybrid_ows|roads_and_cities|five_resource,3,1,0,five_resource,0,1,80,9,11,2,3,0,0,0,1
1,1,3,full_ows|hybrid_ows|roads_and_cities|five_resource,3,2,1,full_ows,0,1,80,5,5,1,1,5,1,0,0
1,1,3,full_ows|hybrid_ows|roads_and_cities|five_resource,3,3,2,hybrid_ows,0,1,80,4,7,0,2,1,0,0,0
1,1,3,full_ows|hybrid_ows|roads_and_cities|five_resource,3,4,3,roads_and_cities,1,1,80,10,11,0,3,0,0,1,2
1,1,4,full_ows|hybrid_ows|roads_and_cities|port,0,1,0,full_ows,0,1,108,7,3,3,0,6,1,0,2
1,1,4,full_ows|hybrid_ows|roads_and_cities|port,0,2,1,hybrid_ows,0,1,108,5,6,1,1,2,0,0,2
1,1,4,full_ows|hybrid_ows|roads_and_cities|port,0,3,2,roads_and_cities,0,1,108,6,15,0,3,0,0,0,0
1,1,4,full_ows|hybrid_ows|roads_and_cities|port,0,4,3,port,1,1,108,11,15,0,4,0,0,1,1
1,1,4,full_ows|hybrid_ows|roads_and_cities|port,1,1,0,hybrid_ows,0,1,118,5,5,2,0,6,1,0,1
1,1,4,full_ows|hybrid_ows|roads_and_cities|port,1,2,1,roads_and_cities,1,1,118,10,15,0,4,0,0,1,0
1,1,4,full_ows|hybrid_ows|roads_and_cities|port,1,3,2,port,0,1,118,3,9,2,0,0,0,0,1
1,1,4,full_ows|hybrid_ows|roads_and_cities|port,1,4,3,full_ows,0,1,118,9,13,0,3,5,0,0,3
1,1,4,full_ows|hybrid_ows|roads_and_cities|port,2,1,0,roads_and_cities,1,1,77,10,9,0,4,0,0,1,0
1,1,4,full_ows|hybrid_ows|roads_and_cities|port,2,2,1,port,0,1,77,4,6,1,1,0,0,0,1
1,1,4,full_ows|hybrid_ows|roads_and_cities|port,2,3,2,full_ows,0,1,77,2,5,2,0,3,0,0,0
1,1,4,full_ows|hybrid_ows|roads_and_cities|port,2,4,3,hybrid_ows,0,1,77,4,7,2,0,3,1,0,0
1,1,4,full_ows|hybrid_ows|roads_and_cities|port,3,1,0,port,1,1,125,10,15,1,3,0,0,1,1
1,1,4,full_ows|hybrid_ows|roads_and_cities|port,3,2,1,full_ows,0,1,125,8,8,0,2,7,1,0,2
1,1,4,full_ows|hybrid_ows|roads_and_cities|port,3,3,2,hybrid_ows,0,1,125,7,8,1,2,2,0,0,2
1,1,4,full_ows|hybrid_ows|roads_and_cities|port,3,4,3,roads_and_cities,0,1,125,3,14,1,1,0,0,0,0
1,1,5,full_ows|hybrid_ows|five_resource|port,0,1,0,full_ows,0,1,102,5,4,1,1,5,0,0,2
1,1,5,full_ows|hybrid_ows|five_resource|port,0,2,1,hybrid_ows,1,1,102,10,3,1,2,7,1,0,3
1,1,5,full_ows|hybrid_ows|five_resource|port,0,3,2,five_resource,0,1,102,2,9,2,0,0,0,0,0
1,1,5,full_ows|hybrid_ows|five_resource|port,0,4,3,port,0,1,102,6,11,4,0,0,0,1,0
1,1,5,full_ows|hybrid_ows|five_resource|port,1,1,0,hybrid_ows,1,1,125,10,15,1,4,2,0,0,1
1,1,5,full_ows|hybrid_ows|five_resource|port,1,2,1,five_resource,0,1,125,4,14,3,0,0,0,0,1
1,1,5,full_ows|hybrid_ows|five_resource|port,1,3,2,port,0,1,125,9,12,3,2,0,0,1,0
1,1,5,full_ows|hybrid_ows|five_resource|port,1,4,3,full_ows,0,1,125,9,12,0,2,8,1,0,3
1,1,5,full_ows|hybrid_ows|five_resource|port,2,1,0,five_resource,0,1,98,6,14,3,1,0,0,0,1
1,1,5,full_ows|hybrid_ows|five_resource|port,2,2,1,port,1,1,98,10,9,1,4,0,0,0,1
1,1,5,full_ows|hybrid_ows|five_resource|port,2,3,2,full_ows,0,1,98,8,4,0,2,6,1,0,2
1,1,5,full_ows|hybrid_ows|five_resource|port,2,4,3,hybrid_ows,0,1,98,6,9,0,2,4,0,1,0
1,1,5,full_ows|hybrid_ows|five_resource|port,3,1,0,port,0,1,64,3,8,3,0,0,0,0,0
1,1,5,full_ows|hybrid_ows|five_resource|port,3,2,1,full_ows,0,1,64,6,5,1,1,3,1,0,1
1,1,5,full_ows|hybrid_ows|five_resource|port,3,3,2,hybrid_ows,0,1,64,4,5,0,2,1,0,0,0
1,1,5,full_ows|hybrid_ows|five_resource|port,3,4,3,five_resource,1,1,64,10,14,0,4,0,0,1,0
1,1,6,full_ows|road_building|roads_and_cities|five_resource,0,1,0,full_ows,0,1,115,8,8,0,2,5,1,0,2
1,1,6,full_ows|road_building|roads_and_cities|five_resource,0,2,1,road_building,0,1,115,4,15,4,0,0,0,0,0
1,1,6,full_ows|road_building|roads_and_cities|five_resource,0,3,2,roads_and_cities,1,1,115,10,15,1,4,0,0,0,1
1,1,6,full_ows|road_building|roads_and_cities|five_resource,0,4,3,five_resource,0,1,115,6,11,2,1,0,0,1,0
1,1,6,full_ows|road_building|roads_and_cities|five_resource,1,1,0,road_building,0,1,115,3,12,3,0,0,0,0,0
1,1,6,full_ows|road_building|roads_and_cities|five_resource,1,2,1,roads_and_cities,0,1,115,9,15,1,3,0,0,1,0
1,1,6,full_ows|road_building|roads_and_cities|five_resource,1,3,2,five_resource,1,1,115,10,13,2,3,0,0,0,2
1,1,6,full_ows|road_building|roads_and_cities|five_resource,1,4,3,full_ows,0,1,115,7,8,0,2,5,1,0,1
1,1,6,full_ows|road_building|roads_and_cities|five_resource,2,1,0,roads_and_cities,0,1,90,4,13,0,2,0,0,0,0
1,1,6,full_ows|road_building|roads_and_cities|five_resource,2,2,1,five_resource,1,1,90,10,15,2,3,0,0,1,0
1,1,6,full_ows|road_building|roads_and_cities|five_resource,2,3,2,full_ows,0,1,90,4,6,1,1,2,0,0,1
1,1,6,full_ows|road_building|roads_and_cities|five_resource,2,4,3,road_building,0,1,90,2,13,2,0,0,0,0,0
1,1,6,full_ows|road_building|roads_and_cities|five_resource,3,1,0,five_resource,0,1,140,8,8,0,3,0,0,0,2
1,1,6,full_ows|road_building|roads_and_cities|five_resource,3,2,1,full_ows,0,1,140,8,7,0,2,7,1,0,2
1,1,6,full_ows|road_building|roads_and_cities|five_resource,3,3,2,road_building,0,1,140,6,9,4,1,0,0,0,0
1,1,6,full_ows|road_building|roads_and_cities|five_resource,3,4,3,roads_and_cities,1,1,140,11,13,0,4,0,0,1,1
1,1,7,full_ows|road_building|roads_and_cities|port,0,1,0,full_ows,0,1,134,7,8,0,2,6,1,0,1
1,1,7,full_ows|road_building|roads_and_cities|port,0,2,1,road_building,1,1,134,10,11,4,1,0,0,1,2
1,1,7,full_ows|road_building|roads_and_cities|port,0,3,2,roads_and_cities,0,1,134,7,15,0,3,0,0,0,1
1,1,7,full_ows|road_building|roads_and_cities|port,0,4,3,port,0,1,134,5,11,4,0,0,0,0,1
1,1,7,full_ows|road_building|roads_and_cities|port,1,1,0,road_building,0,1,82,2,12,2,0,0,0,0,0
1,1,7,full_ows|road_building|roads_and_cities|port,1,2,1,roads_and_cities,1,1,82,10,10,1,3,0,0,1,1
1,1,7,full_ows|road_building|roads_and_cities|port,1,3,2,port,0,1,82,3,9,3,0,0,0,0,0
1,1,7,full_ows|road_building|roads_and_cities|port,1,4,3,full_ows,0,1,82,5,3,1,1,4,1,0,0
1,1,7,full_ows|road_building|roads_and_cities|port,2,1,0,roads_and_cities,0,1,110,8,12,0,4,0,0,0,0
1,1,7,full_ows|road_building|roads_and_cities|port,2,2,1,port,1,1,110,10,15,1,4,0,0,0,1
1,1,7,full_ows|road_building|roads_and_cities|port,2,3,2,full_ows,0,1,110,7,7,0,2,4,1,0,1
1,1,7,full_ows|road_building|roads_and_cities|port,2,4,3,road_building,0,1,110,8,14,4,0,0,0,1,2
1,1,7,full_ows|road_building|roads_and_cities|port,3,1,0,port,0,1,140,8,8,0,3,0,0,0,2
1,1,7,full_ows|road_building|roads_and_cities|port,3,2,1,full_ows,0,1,140,8,7,0,2,7,1,0,2
1,1,7,full_ows|road_building|roads_and_cities|port,3,3,2,road_building,0,1,140,6,9,4,1,0,0,0,0
1,1,7,full_ows|road_building|roads_and_cities|port,3,4,3,roads_and_cities,1,1,140,11,13,0,4,0,0,1,1
1,1,8,full_ows|road_building|five_resource|port,0,1,0,full_ows,1,1,141,10,10,1,2,7,1,0,3
1,1,8,full_ows|road_building|five_resource|port,0,2,1,road_building,0,1,141,4,15,2,0,0,0,1,0
1,1,8,full_ows|road_building|five_resource|port,0,3,2,five_resource,0,1,141,6,14,4,0,0,0,0,2
1,1,8,full_ows|road_building|five_resource|port,0,4,3,port,0,1,141,5,15,5,0,0,0,0,0
1,1,8,full_ows|road_building|five_resource|port,1,1,0,road_building,0,1,82,2,12,2,0,0,0,0,0
1,1,8,full_ows|road_building|five_resource|port,1,2,1,five_resource,1,1,82,10,10,1,3,0,0,1,1
1,1,8,full_ows|road_building|five_resource|port,1,3,2,port,0,1,82,3,9,3,0,0,0,0,0
1,1,8,full_ows|road_building|five_resource|port,1,4,3,full_ows,0,1,82,5,3,1,1,4,1,0,0
1,1,8,full_ows|road_building|five_resource|port,2,1,0,five_resource,0,1,98,5,7,1,1,0,0,0,2
1,1,8,full_ows|road_building|five_resource|port,2,2,1,port,1,1,98,10,15,0,4,0,0,1,0
1,1,8,full_ows|road_building|five_resource|port,2,3,2,full_ows,0,1,98,6,5,0,2,3,1,0,0
1,1,8,full_ows|road_building|five_resource|port,2,4,3,road_building,0,1,98,2,12,2,0,0,0,0,0
1,1,8,full_ows|road_building|five_resource|port,3,1,0,port,0,1,94,7,13,1,3,0,0,0,0
1,1,8,full_ows|road_building|five_resource|port,3,2,1,full_ows,1,1,94,10,6,0,3,5,1,0,2
1,1,8,full_ows|road_building|five_resource|port,3,3,2,road_building,0,1,94,7,13,5,0,0,0,1,0
1,1,8,full_ows|road_building|five_resource|port,3,4,3,five_resource,0,1,94,6,13,2,2,0,0,0,0
1,1,9,full_ows|roads_and_cities|five_resource|port,0,1,0,full_ows,0,1,78,5,7,0,2,2,0,0,1
1,1,9,full_ows|roads_and_cities|five_resource|port,0,2,1,roads_and_cities,1,1,78,10,13,0,4,0,0,1,0
1,1,9,full_ows|roads_and_cities|five_resource|port,0,3,2,five_resource,0,1,78,2,4,2,0,0,0,0,0
1,1,9,full_ows|roads_and_cities|five_resource|port,0,4,3,port,0,1,78,4,10,4,0,0,0,0,0
1,1,9,full_ows|roads_and_cities|five_resource|port,1,1,0,roads_and_cities,0,1,106,3,10,1,1,0,0,0,0
1,1,9,full_ows|roads_and_cities|five_resource|port,1,2,1,five_resource,1,1,106,10,15,3,2,0,0,1,1
1,1,9,full_ows|roads_and_cities|five_resource|port,1,3,2,port,0,1,106,5,10,4,0,0,0,0,1
1,1,9,full_ows|roads_and_cities|five_resource|port,1,4,3,full_ows,0,1,106,7,8,0,2,7,1,0,1
1,1,9,full_ows|roads_and_cities|five_resource|port,2,1,0,five_resource,0,1,86,5,15,3,1,0,0,0,0
1,1,9,full_ows|roads_and_cities|five_resource|port,2,2,1,port,1,1,86,10,15,5,1,0,0,0,3
1,1,9,full_ows|roads_and_cities|five_resource|port,2,3,2,full_ows,0,1,86,6,6,0,2,5,1,0,0
1,1,9,full_ows|roads_and_cities|five_resource|port,2,4,3,roads_and_cities,0,1,86,2,13,2,0,0,0,0,0
1,1,9,full_ows|roads_and_cities|five_resource|port,3,1,0,port,0,1,91,8,15,4,1,0,0,1,0
1,1,9,full_ows|roads_and_cities|five_resource|port,3,2,1,full_ows,0,1,91,7,7,1,1,3,1,0,2
1,1,9,full_ows|roads_and_cities|five_resource|port,3,3,2,roads_and_cities,1,1,91,10,15,1,4,0,0,0,1
1,1,9,full_ows|roads_and_cities|five_resource|port,3,4,3,five_resource,0,1,91,5,9,1,2,0,0,0,0
1,1,10,hybrid_ows|road_building|roads_and_cities|five_resource,0,1,0,hybrid_ows,0,1,88,8,7,1,2,5,1,0,1
1,1,10,hybrid_ows|road_building|roads_and_cities|five_resource,0,2,1,road_building,0,1,88,5,15,5,0,0,0,0,0
1,1,10,hybrid_ows|road_building|roads_and_cities|five_resource,0,3,2,roads_and_cities,0,1,88,6,13,0,3,0,0,0,0
1,1,10,hybrid_ows|road_building|roads_and_cities|five_resource,0,4,3,five_resource,1,1,88,11,15,1,4,0,0,1,0
1,1,10,hybrid_ows|road_building|roads_and_cities|five_resource,1,1,0,road_building,0,1,99,2,15,2,0,0,0,0,0
1,1,10,hybrid_ows|road_building|roads_and_cities|five_resource,1,2,1,roads_and_cities,0,1,99,7,8,0,3,0,0,0,1
1,1,10,hybrid_ows|road_building|roads_and_cities|five_resource,1,3,2,five_resource,1,1,99,10,15,2,4,0,0,0,0
1,1,10,hybrid_ows|road_building|roads_and_cities|five_resource,1,4,3,hybrid_ows,0,1,99,7,10,2,0,4,1,1,1
1,1,10,hybrid_ows|road_building|roads_and_cities|five_resource,2,1,0,roads_and_cities,1,1,121,13,13,2,4,0,0,1,1
1,1,10,hybrid_ows|road_building|roads_and_cities|five_resource,2,2,1,five_resource,0,1,121,6,14,0,3,0,0,0,0
1,1,10,hybrid_ows|road_building|roads_and_cities|five_resource,2,3,2,hybrid_ows,0,1,121,7,9,2,1,5,1,0,1
1,1,10,hybrid_ows|road_building|roads_and_cities|five_resource,2,4,3,road_building,0,1,121,2,14,2,0,0,0,0,0
1,1,10,hybrid_ows|road_building|roads_and_cities|five_resource,3,1,0,five_resource,0,1,82,8,6,0,4,0,0,0,0
1,1,10,hybrid_ows|road_building|roads_and_cities|five_resource,3,2,1,hybrid_ows,1,1,82,10,8,0,2,3,1,1,2
1,1,10,hybrid_ows|road_building|roads_and_cities|five_resource,3,3,2,road_building,0,1,82,2,6,2,0,0,0,0,0
1,1,10,hybrid_ows|road_building|roads_and_cities|five_resource,3,4,3,roads_and_cities,0,1,82,4,9,0,2,0,0,0,0
1,1,11,hybrid_ows|road_building|roads_and_cities|port,0,1,0,hybrid_ows,1,1,117,10,8,0,3,7,1,0,2
1,1,11,hybrid_ows|road_building|roads_and_cities|port,0,2,1,road_building,0,1,117,8,10,5,0,0,0,1,1
1,1,11,hybrid_ows|road_building|roads_and_cities|port,0,3,2,roads_and_cities,0,1,117,7,15,1,3,0,0,0,0
1,1,11,hybrid_ows|road_building|roads_and_cities|port,0,4,3,port,0,1,117,5,11,5,0,0,0,0,0
1,1,11,hybrid_ows|road_building|roads_and_cities|port,1,1,0,road_building,0,1,127,6,15,4,0,0,0,1,0
1,1,11,hybrid_ows|road_building|roads_and_cities|port,1,2,1,roads_and_cities,0,1,127,9,7,0,3,0,0,0,3
1,1,11,hybrid_ows|road_building|roads_and_cities|port,1,3,2,port,1,1,127,11,15,3,4,0,0,0,0
1,1,11,hybrid_ows|road_building|roads_and_cities|port,1,4,3,hybrid_ows,0,1,127,7,9,1,1,4,1,0,2
1,1,11,hybrid_ows|road_building|roads_and_cities|port,2,1,0,roads_and_cities,1,1,133,10,12,1,4,0,0,0,1
1,1,11,hybrid_ows|road_building|roads_and_cities|port,2,2,1,port,0,1,133,5,15,1,2,0,0,0,0
1,1,11,hybrid_ows|road_building|roads_and_cities|port,2,3,2,hybrid_ows,0,1,133,9,11,0,2,6,1,0,3
1,1,11,hybrid_ows|road_building|roads_and_cities|port,2,4,3,road_building,0,1,133,8,14,5,0,0,0,1,1
1,1,11,hybrid_ows|road_building|roads_and_cities|port,3,1,0,port,0,1,128,3,9,3,0,0,0,0,0
1,1,11,hybrid_ows|road_building|roads_and_cities|port,3,2,1,hybrid_ows,0,1,128,9,10,0,2,6,1,0,3
1,1,11,hybrid_ows|road_building|roads_and_cities|port,3,3,2,road_building,0,1,128,7,11,5,0,0,0,1,0
1,1,11,hybrid_ows|road_building|roads_and_cities|port,3,4,3,roads_and_cities,1,1,128,10,15,1,4,0,0,0,1
1,1,12,hybrid_ows|road_building|five_resource|port,0,1,0,hybrid_ows,0,1,87,7,8,0,2,7,1,0,1
1,1,12,hybrid_ows|road_building|five_resource|port,0,2,1,road_building,0,1,87,4,10,3,0,0,0,0,1
1,1,12,hybrid_ows|road_building|five_resource|port,0,3,2,five_resource,1,1,87,10,13,3,2,0,0,1,1
1,1,12,hybrid_ows|road_building|five_resource|port,0,4,3,port,0,1,87,2,12,2,0,0,0,0,0
1,1,12,hybrid_ows|road_building|five_resource|port,1,1,0,road_building,0,1,127,6,15,4,0,0,0,1,0
1,1,12,hybrid_ows|road_building|five_resource|port,1,2,1,five_resource,0,1,127,9,7,0,3,0,0,0,3
1,1,12,hybrid_ows|road_building|five_resource|port,1,3,2,port,1,1,127,11,15,3,4,0,0,0,0
1,1,12,hybrid_ows|road_building|five_resource|port,1,4,3,hybrid_ows,0,1,127,7,9,1,1,4,1,0,2
1,1,12,hybrid_ows|road_building|five_resource|port,2,1,0,five_resource,0,1,128,4,7,2,1,0,0,0,0
1,1,12,hybrid_ows|road_building|five_resource|port,2,2,1,port,0,1,128,9,15,0,4,0,0,0,1
1,1,12,hybrid_ows|road_building|five_resource|port,2,3,2,hybrid_ows,0,1,128,8,9,0,2,4,1,0,2
1,1,12,hybrid_ows|road_building|five_resource|port,2,4,3,road_building,1,1,128,10,12,4,1,0,0,1,2
1,1,12,hybrid_ows|road_building|five_resource|port,3,1,0,port,1,1,121,10,10,0,4,0,0,0,2
1,1,12,hybrid_ows|road_building|five_resource|port,3,2,1,hybrid_ows,0,1,121,7,10,0,2,3,1,0,1
1,1,12,hybrid_ows|road_building|five_resource|port,3,3,2,road_building,0,1,121,8,12,5,0,0,0,1,1
1,1,12,hybrid_ows|road_building|five_resource|port,3,4,3,five_resource,0,1,121,6,15,4,1,0,0,0,0
1,1,13,hybrid_ows|roads_and_cities|five_resource|port,0,1,0,hybrid_ows,0,1,78,5,7,0,2,2,0,0,1
1,1,13,hybrid_ows|roads_and_cities|five_resource|port,0,2,1,roads_and_cities,1,1,78,10,13,0,4,0,0,1,0
1,1,13,hybrid_ows|roads_and_cities|five_resource|port,0,3,2,five_resource,0,1,78,2,4,2,0,0,0,0,0
1,1,13,hybrid_ows|roads_and_cities|five_resource|port,0,4,3,port,0,1,78,4,10,4,0,0,0,0,0
1,1,13,hybrid_ows|roads_and_cities|five_resource|port,1,1,0,roads_and_cities,1,1,69,10,13,0,4,0,0,1,0
1,1,13,hybrid_ows|roads_and_cities|five_resource|port,1,2,1,five_resource,0,1,69,3,8,1,1,0,0,0,0
1,1,13,hybrid_ows|roads_and_cities|five_resource|port,1,3,2,port,0,1,69,2,11,2,0,0,0,0,0
1,1,13,hybrid_ows|roads_and_cities|five_resource|port,1,4,3,hybrid_ows,0,1,69,6,3,0,2,3,1,0,0
1,1,13,hybrid_ows|roads_and_cities|five_resource|port,2,1,0,five_resource,0,1,84,4,6,1,1,0,0,0,1
1,1,13,hybrid_ows|roads_and_cities|five_resource|port,2,2,1,port,0,1,84,6,15,5,0,0,0,0,1
1,1,13,hybrid_ows|roads_and_cities|five_resource|port,2,3,2,hybrid_ows,0,1,84,5,3,2,0,3,1,0,1
1,1,13,hybrid_ows|roads_and_cities|five_resource|port,2,4,3,roads_and_cities,1,1,84,10,10,0,4,0,0,1,0
1,1,13,hybrid_ows|roads_and_cities|five_resource|port,3,1,0,port,0,1,91,8,15,4,1,0,0,1,0
1,1,13,hybrid_ows|roads_and_cities|five_resource|port,3,2,1,hybrid_ows,0,1,91,7,7,1,1,3,1,0,2
1,1,13,hybrid_ows|roads_and_cities|five_resource|port,3,3,2,roads_and_cities,1,1,91,10,15,1,4,0,0,0,1
1,1,13,hybrid_ows|roads_and_cities|five_resource|port,3,4,3,five_resource,0,1,91,5,9,1,2,0,0,0,0
1,1,14,road_building|roads_and_cities|five_resource|port,0,1,0,road_building,0,1,106,5,11,5,0,0,0,0,0
1,1,14,road_building|roads_and_cities|five_resource|port,0,2,1,roads_and_cities,1,1,106,10,15,0,4,0,0,1,0
1,1,14,road_building|roads_and_cities|five_resource|port,0,3,2,five_resource,0,1,106,8,12,0,4,0,0,0,0
1,1,14,road_building|roads_and_cities|five_resource|port,0,4,3,port,0,1,106,2,14,2,0,0,0,0,0
1,1,14,road_building|roads_and_cities|five_resource|port,1,1,0,roads_and_cities,0,1,120,9,13,0,4,0,0,0,1
1,1,14,road_building|roads_and_cities|five_resource|port,1,2,1,five_resource,0,1,120,9,15,1,4,0,0,0,0
1,1,14,road_building|roads_and_cities|five_resource|port,1,3,2,port,0,1,120,4,9,4,0,0,0,0,0
1,1,14,road_building|roads_and_cities|five_resource|port,1,4,3,road_building,1,1,120,10,13,2,3,0,0,1,0
1,1,14,road_building|roads_and_cities|five_resource|port,2,1,0,five_resource,0,1,123,4,9,2,0,0,0,0,2
1,1,14,road_building|roads_and_cities|five_resource|port,2,2,1,port,0,1,123,4,8,0,2,0,0,0,0
1,1,14,road_building|roads_and_cities|five_resource|port,2,3,2,road_building,1,1,123,10,11,2,3,0,0,1,0
1,1,14,road_building|roads_and_cities|five_resource|port,2,4,3,roads_and_cities,0,1,123,8,15,1,3,0,0,0,1
1,1,14,road_building|roads_and_cities|five_resource|port,3,1,0,port,0,1,114,9,12,1,4,0,0,0,0
1,1,14,road_building|roads_and_cities|five_resource|port,3,2,1,road_building,1,1,114,11,15,4,2,0,0,1,1
1,1,14,road_building|roads_and_cities|five_resource|port,3,3,2,roads_and_cities,0,1,114,9,15,0,4,0,0,0,1
1,1,14,road_building|roads_and_cities|five_resource|port,3,4,3,five_resource,0,1,114,4,14,3,0,0,0,0,1
2,2,0,full_ows|hybrid_ows|road_building|roads_and_cities,0,1,0,full_ows,1,1,81,10,4,0,2,6,1,0,4
2,2,0,full_ows|hybrid_ows|road_building|roads_and_cities,0,2,1,hybrid_ows,0,1,81,4,11,2,0,1,0,1,0
2,2,0,full_ows|hybrid_ows|road_building|roads_and_cities,0,3,2,road_building,0,1,81,3,15,3,0,0,0,0,0
2,2,0,full_ows|hybrid_ows|road_building|roads_and_cities,0,4,3,roads_and_cities,0,1,81,4,10,0,2,0,0,0,0
2,2,0,full_ows|hybrid_ows|road_building|roads_and_cities,1,1,0,hybrid_ows,1,1,117,10,13,1,2,4,1,0,3
2,2,0,full_ows|hybrid_ows|road_building|roads_and_cities,1,2,1,road_building,0,1,117,7,12,5,0,0,0,1,0
2,2,0,full_ows|hybrid_ows|road_building|roads_and_cities,1,3,2,roads_and_cities,0,1,117,3,12,1,1,0,0,0,0
2,2,0,full_ows|hybrid_ows|road_building|roads_and_cities,1,4,3,full_ows,0,1,117,3,3,2,0,1,0,0,1
2,2,0,full_ows|hybrid_ows|road_building|roads_and_cities,2,1,0,road_building,0,1,94,5,13,4,0,0,0,0,1
2,2,0,full_ows|hybrid_ows|road_building|roads_and_cities,2,2,1,roads_and_cities,1,1,94,10,12,0,4,0,0,1,0
2,2,0,full_ows|hybrid_ows|road_building|roads_and_cities,2,3,2,full_ows,0,1,94,4,7,2,0,7,1,0,0
2,2,0,full_ows|hybrid_ows|road_building|roads_and_cities,2,4,3,hybrid_ows,0,1,94,7,11,0,2,0,0,0,3
2,2,0,full_ows|hybrid_ows|road_building|roads_and_cities,3,1,0,roads_and_cities,1,1,125,10,13,0,4,0,0,0,2
2,2,0,full_ows|hybrid_ows|road_building|roads_and_cities,3,2,1,full_ows,0,1,125,5,6,2,0,6,1,0,1
2,2,0,full_ows|hybrid_ows|road_building|roads_and_cities,3,3,2,hybrid_ows,0,1,125,8,15,4,0,2,0,1,2
2,2,0,full_ows|hybrid_ows|road_building|roads_and_cities,3,4,3,road_building,0,1,125,5,12,5,0,0,0,0,0
2,2,1,full_ows|hybrid_ows|road_building|five_resource,0,1,0,full_ows,0,1,152,6,10,2,0,7,1,0,2
2,2,1,full_ows|hybrid_ows|road_building|five_resource,0,2,1,hybrid_ows,0,1,152,3,12,2,0,4,0,0,1
2,2,1,full_ows|hybrid_ows|road_building|five_resource,0,3,2,road_building,0,1,152,5,15,5,0,0,0,0,0
2,2,1,full_ows|hybrid_ows|road_building|five_resource,0,4,3,five_resource,1,1,152,10,15,2,2,0,0,1,2
2,2,1,full_ows|hybrid_ows|road_building|five_resource,1,1,0,hybrid_ows,0,1,98,6,10,2,0,9,1,0,2
2,2,1,full_ows|hybrid_ows|road_building|five_resource,1,2,1,road_building,1,1,98,10,9,0,4,0,0,1,0
2,2,1,full_ows|hybrid_ows|road_building|five_resource,1,3,2,five_resource,0,1,98,3,9,3,0,0,0,0,0
2,2,1,full_ows|hybrid_ows|road_building|five_resource,1,4,3,full_ows,0,1,98,5,4,2,0,4,0,0,3
2,2,1,full_ows|hybrid_ows|road_building|five_resource,2,1,0,road_building,0,1,100,2,9,2,0,0,0,0,0
2,2,1,full_ows|hybrid_ows|road_building|five_resource,2,2,1,five_resource,0,1,100,4,3,2,0,0,0,0,2
2,2,1,full_ows|hybrid_ows|road_building|five_resource,2,3,2,full_ows,0,1,100,6,7,0,2,4,0,0,2
2,2,1,full_ows|hybrid_ows|road_building|five_resource,2,4,3,hybrid_ows,1,1,100,10,13,1,2,4,1,1,1
2,2,1,full_ows|hybrid_ows|road_building|five_resource,3,1,0,five_resource,0,1,180,7,15,4,0,0,0,1,1
2,2,1,full_ows|hybrid_ows|road_building|five_resource,3,2,1,full_ows,0,1,180,9,11,0,2,10,1,0,3
2,2,1,full_ows|hybrid_ows|road_building|five_resource,3,3,2,hybrid_ows,0,1,180,9,15,1,4,0,0,0,0
2,2,1,full_ows|hybrid_ows|road_building|five_resource,3,4,3,road_building,1,1,180,10,15,3,3,0,0,0,1
2,2,2,full_ows|hybrid_ows|road_building|port,0,1,0,full_ows,0,1,116,8,12,3,0,5,1,1,1
2,2,2,full_ows|hybrid_ows|road_building|port,0,2,1,hybrid_ows,0,1,116,3,9,2,0,4,0,0,1
2,2,2,full_ows|hybrid_ows|road_building|port,0,3,2,road_building,0,1,116,5,15,5,0,0,0,0,0
2,2,2,full_ows|hybrid_ows|road_building|port,0,4,3,port,1,1,116,10,12,1,3,0,0,0,3
2,2,2,full_ows|hybrid_ows|road_building|port,1,1,0,hybrid_ows,0,1,139,4,13,3,0,3,0,0,1
2,2,2,full_ows|hybrid_ows|road_building|port,1,2,1,road_building,0,1,139,9,15,5,1,0,0,1,0
2,2,2,full_ows|hybrid_ows|road_building|port,1,3,2,port,1,1,139,10,15,0,4,0,0,0,2
2,2,2,full_ows|hybrid_ows|road_building|port,1,4,3,full_ows,0,1,139,6,7,2,0,5,1,0,2
2,2,2,full_ows|hybrid_ows|road_building|port,2,1,0,road_building,0,1,168,7,15,3,2,0,0,0,0
2,2,2,full_ows|hybrid_ows|road_building|port,2,2,1,port,0,1,168,4,15,2,0,0,0,1,0
2,2,2,full_ows|hybrid_ows|road_building|port,2,3,2,full_ows,0,1,168,9,7,1,1,7,1,0,4
2,2,2,full_ows|hybrid_ows|road_building|port,2,4,3,hybrid_ows,1,1,168,11,15,2,4,4,0,0,1
2,2,2,full_ows|hybrid_ows|road_building|port,3,1,0,port,0,1,115,4,14,2,0,0,0,1,0
2,2,2,full_ows|hybrid_ows|road_building|port,3,2,1,full_ows,0,1,115,8,8,1,1,7,1,0,3
2,2,2,full_ows|hybrid_ows|road_building|port,3,3,2,hybrid_ows,1,1,115,10,15,1,4,1,0,0,1
2,2,2,full_ows|hybrid_ows|road_building|port,3,4,3,road_building,0,1,115,6,12,5,0,0,0,0,1
2,2,3,full_ows|hybrid_ows|roads_and_cities|five_resource,0,1,0,full_ows,1,1,81,10,6,0,2,3,1,0,4
2,2,3,full_ows|hybrid_ows|roads_and_cities|five_resource,0,2,1,hybrid_ows,0,1,81,4,7,0,2,0,0,0,0
2,2,3,full_ows|hybrid_ows|roads_and_cities|five_resource,0,3,2,roads_and_cities,0,1,81,3,9,1,1,0,0,0,0
2,2,3,full_ows|hybrid_ows|roads_and_cities|five_resource,0,4,3,five_resource,0,1,81,9,15,5,1,0,0,1,0
2,2,3,full_ows|hybrid_ows|roads_and_cities|five_resource,1,1,0,hybrid_ows,0,1,187,7,15,2,0,2,0,1,3
2,2,3,full_ows|hybrid_ows|roads_and_cities|five_resource,1,2,1,roads_and_cities,0,1,187,6,15,0,3,0,0,0,0
2,2,3,full_ows|hybrid_ows|roads_and_cities|five_resource,1,3,2,five_resource,1,1,187,10,15,3,3,0,0,0,1
2,2,3,full_ows|hybrid_ows|roads_and_cities|five_resource,1,4,3,full_ows,0,1,187,5,4,2,0,5,1,0,1
2,2,3,full_ows|hybrid_ows|roads_and_cities|five_resource,2,1,0,roads_and_cities,0,1,148,8,15,4,2,0,0,0,0
2,2,3,full_ows|hybrid_ows|roads_and_cities|five_resource,2,2,1,five_resource,0,1,148,9,13,4,1,0,0,1,1
2,2,3,full_ows|hybrid_ows|roads_and_cities|five_resource,2,3,2,full_ows,0,1,148,6,4,1,1,5,1,0,1
2,2,3,full_ows|hybrid_ows|roads_and_cities|five_resource,2,4,3,hybrid_ows,1,1,148,11,15,0,4,4,0,0,3
2,2,3,full_ows|hybrid_ows|roads_and_cities|five_resource,3,1,0,five_resource,0,1,112,3,11,3,0,0,0,0,0
2,2,3,full_ows|hybrid_ows|roads_and_cities|five_resource,3,2,1,full_ows,0,1,112,6,7,2,0,3,1,0,2
2,2,3,full_ows|hybrid_ows|roads_and_cities|five_resource,3,3,2,hybrid_ows,0,1,112,5,7,3,0,2,0,0,2
2,2,3,full_ows|hybrid_ows|roads_and_cities|five_resource,3,4,3,roads_and_cities,1,1,112,11,15,3,3,0,0,1,0
2,2,4,full_ows|hybrid_ows|roads_and_cities|port,0,1,0,full_ows,1,1,85,10,6,0,2,3,1,0,4
2,2,4,full_ows|hybrid_ows|roads_and_cities|port,0,2,1,hybrid_ows,0,1,85,4,7,0,2,1,0,0,0
2,2,4,full_ows|hybrid_ows|roads_and_cities|port,0,3,2,roads_and_cities,0,1,85,4,7,0,2,0,0,0,0
2,2,4,full_ows|hybrid_ows|roads_and_cities|port,0,4,3,port,0,1,85,7,15,5,0,0,0,1,0
2,2,4,full_ows|hybrid_ows|roads_and_cities|port,1,1,0,hybrid_ows,0,1,167,9,15,3,0,6,1,1,2
2,2,4,full_ows|hybrid_ows|roads_and_cities|port,1,2,1,roads_and_cities,0,1,167,5,15,5,0,0,0,0,0
2,2,4,full_ows|hybrid_ows|roads_and_cities|port,1,3,2,port,1,1,167,10,15,1,4,0,0,0,1
2,2,4,full_ows|hybrid_ows|roads_and_cities|port,1,4,3,full_ows,0,1,167,8,12,4,1,4,0,0,2
2,2,4,full_ows|hybrid_ows|roads_and_cities|port,2,1,0,roads_and_cities,0,1,148,8,15,4,2,0,0,0,0
2,2,4,full_ows|hybrid_ows|roads_and_cities|port,2,2,1,port,0,1,148,9,13,4,1,0,0,1,1
2,2,4,full_ows|hybrid_ows|roads_and_cities|port,2,3,2,full_ows,0,1,148,6,4,1,1,5,1,0,1
2,2,4,full_ows|hybrid_ows|roads_and_cities|port,2,4,3,hybrid_ows,1,1,148,11,15,0,4,4,0,0,3
2,2,4,full_ows|hybrid_ows|roads_and_cities|port,3,1,0,port,0,1,94,3,12,3,0,0,0,0,0
2,2,4,full_ows|hybrid_ows|roads_and_cities|port,3,2,1,full_ows,1,1,94,10,10,1,2,4,1,0,3
2,2,4,full_ows|hybrid_ows|roads_and_cities|port,3,3,2,hybrid_ows,0,1,94,3,4,2,0,3,0,0,1
2,2,4,full_ows|hybrid_ows|roads_and_cities|port,3,4,3,roads_and_cities,0,1,94,7,11,1,2,0,0,1,0
2,2,5,full_ows|hybrid_ows|five_resource|port,0,1,0,full_ows,0,1,104,4,10,2,0,4,0,0,2
2,2,5,full_ows|hybrid_ows|five_resource|port,0,2,1,hybrid_ows,0,1,104,9,9,2,2,7,1,0,1
2,2,5,full_ows|hybrid_ows|five_resource|port,0,3,2,five_resource,0,1,104,8,15,1,3,0,0,0,1
2,2,5,full_ows|hybrid_ows|five_resource|port,0,4,3,port,1,1,104,10,15,3,2,0,0,1,1
2,2,5,full_ows|hybrid_ows|five_resource|port,1,1,0,hybrid_ows,0,1,123,4,12,1,1,3,0,0,1
2,2,5,full_ows|hybrid_ows|five_resource|port,1,2,1,five_resource,0,1,123,5,7,3,0,0,0,0,2
2,2,5,full_ows|hybrid_ows|five_resource|port,1,3,2,port,1,1,123,10,15,4,2,0,0,1,0
2,2,5,full_ows|hybrid_ows|five_resource|port,1,4,3,full_ows,0,1,123,8,5,0,2,6,1,0,2
2,2,5,full_ows|hybrid_ows|five_resource|port,2,1,0,five_resource,0,1,142,5,14,2,1,0,0,0,1
2,2,5,full_ows|hybrid_ows|five_resource|port,2,2,1,port,1,1,142,10,15,1,2,0,0,1,3
2,2,5,full_ows|hybrid_ows|five_resource|port,2,3,2,full_ows,0,1,142,8,7,0,3,7,1,0,0
2,2,5,full_ows|hybrid_ows|five_resource|port,2,4,3,hybrid_ows,0,1,142,5,3,0,2,5,0,0,1
2,2,5,full_ows|hybrid_ows|five_resource|port,3,1,0,port,0,1,90,3,13,2,0,0,0,0,1
2,2,5,full_ows|hybrid_ows|five_resource|port,3,2,1,full_ows,1,1,90,10,10,2,1,4,1,1,2
2,2,5,full_ows|hybrid_ows|five_resource|port,3,3,2,hybrid_ows,0,1,90,4,10,2,0,3,0,0,2
2,2,5,full_ows|hybrid_ows|five_resource|port,3,4,3,five_resource,0,1,90,3,10,3,0,0,0,0,0
2,2,6,full_ows|road_building|roads_and_cities|five_resource,0,1,0,full_ows,0,1,99,6,7,2,0,5,1,0,2
2,2,6,full_ows|road_building|roads_and_cities|five_resource,0,2,1,road_building,0,1,99,4,13,3,0,0,0,0,1
2,2,6,full_ows|road_building|roads_and_cities|five_resource,0,3,2,roads_and_cities,1,1,99,10,9,0,4,0,0,1,0
2,2,6,full_ows|road_building|roads_and_cities|five_resource,0,4,3,five_resource,0,1,99,4,7,3,0,0,0,0,1
2,2,6,full_ows|road_building|roads_and_cities|five_resource,1,1,0,road_building,1,1,165,10,15,4,1,0,0,1,2
2,2,6,full_ows|road_building|roads_and_cities|five_resource,1,2,1,roads_and_cities,0,1,165,7,10,1,3,0,0,0,0
2,2,6,full_ows|road_building|roads_and_cities|five_resource,1,3,2,five_resource,0,1,165,8,15,4,1,0,0,0,2
2,2,6,full_ows|road_building|roads_and_cities|five_resource,1,4,3,full_ows,0,1,165,5,6,2,0,6,1,0,1
2,2,6,full_ows|road_building|roads_and_cities|five_resource,2,1,0,roads_and_cities,0,1,116,6,10,1,2,0,0,0,1
2,2,6,full_ows|road_building|roads_and_cities|five_resource,2,2,1,five_resource,0,1,116,5,3,1,1,0,0,0,2
2,2,6,full_ows|road_building|roads_and_cities|five_resource,2,3,2,full_ows,0,1,116,6,7,2,0,6,1,0,2
2,2,6,full_ows|road_building|roads_and_cities|five_resource,2,4,3,road_building,1,1,116,10,12,2,3,0,0,1,0
2,2,6,full_ows|road_building|roads_and_cities|five_resource,3,1,0,five_resource,0,1,107,3,10,2,0,0,0,0,1
2,2,6,full_ows|road_building|roads_and_cities|five_resource,3,2,1,full_ows,0,1,107,6,8,1,1,7,1,0,1
2,2,6,full_ows|road_building|roads_and_cities|five_resource,3,3,2,road_building,1,1,107,10,15,4,1,0,0,1,2
2,2,6,full_ows|road_building|roads_and_cities|five_resource,3,4,3,roads_and_cities,0,1,107,6,13,0,3,0,0,0,0
2,2,7,full_ows|road_building|roads_and_cities|port,0,1,0,full_ows,0,1,160,8,13,1,1,7,1,0,3
2,2,7,full_ows|road_building|roads_and_cities|port,0,2,1,road_building,0,1,160,5,15,3,0,0,0,1,0
2,2,7,full_ows|road_building|roads_and_cities|port,0,3,2,roads_and_cities,0,1,160,6,10,2,1,0,0,0,2
2,2,7,full_ows|road_building|roads_and_cities|port,0,4,3,port,1,1,160,10,15,2,4,0,0,0,0
2,2,7,full_ows|road_building|roads_and_cities|port,1,1,0,road_building,0,1,162,9,15,2,3,0,0,0,1
2,2,7,full_ows|road_building|roads_and_cities|port,1,2,1,roads_and_cities,1,1,162,10,15,1,4,0,0,0,1
2,2,7,full_ows|road_building|roads_and_cities|port,1,3,2,port,0,1,162,9,15,0,2,0,0,1,3
2,2,7,full_ows|road_building|roads_and_cities|port,1,4,3,full_ows,0,1,162,4,10,2,0,7,1,0,0
2,2,7,full_ows|road_building|roads_and_cities|port,2,1,0,roads_and_cities,0,1,178,9,15,1,4,0,0,0,0
2,2,7,full_ows|road_building|roads_and_cities|port,2,2,1,port,1,1,178,10,15,0,4,0,0,1,0
2,2,7,full_ows|road_building|roads_and_cities|port,2,3,2,full_ows,0,1,178,5,6,2,0,0,0,0,3
2,2,7,full_ows|road_building|roads_and_cities|port,2,4,3,road_building,0,1,178,9,15,4,2,0,0,0,1
2,2,7,full_ows|road_building|roads_and_cities|port,3,1,0,port,0,1,154,4,14,2,0,0,0,0,2
2,2,7,full_ows|road_building|roads_and_cities|port,3,2,1,full_ows,1,1,154,10,11,0,2,9,1,1,2
2,2,7,full_ows|road_building|roads_and_cities|port,3,3,2,road_building,0,1,154,9,15,4,2,0,0,0,1
2,2,7,full_ows|road_building|roads_and_cities|port,3,4,3,roads_and_cities,0,1,154,9,15,1,4,0,0,0,0
2,2,8,full_ows|road_building|five_resource|port,0,1,0,full_ows,1,1,137,10,10,2,1,3,1,0,4
2,2,8,full_ows|road_building|five_resource|port,0,2,1,road_building,0,1,137,9,12,4,1,0,0,1,1
2,2,8,full_ows|road_building|five_resource|port,0,3,2,five_resource,0,1,137,4,12,4,0,0,0,0,0
2,2,8,full_ows|road_building|five_resource|port,0,4,3,port,0,1,137,6,15,4,1,0,0,0,0
2,2,8,full_ows|road_building|five_resource|port,1,1,0,road_building,0,1,92,5,12,3,0,0,0,1,0
2,2,8,full_ows|road_building|five_resource|port,1,2,1,five_resource,0,1,92,4,7,3,0,0,0,0,1
2,2,8,full_ows|road_building|five_resource|port,1,3,2,port,0,1,92,4,15,4,0,0,0,0,0
2,2,8,full_ows|road_building|five_resource|port,1,4,3,full_ows,1,1,92,10,6,0,2,4,1,0,4
2,2,8,full_ows|road_building|five_resource|port,2,1,0,five_resource,0,1,130,4,8,2,1,0,0,0,0
2,2,8,full_ows|road_building|five_resource|port,2,2,1,port,1,1,130,10,15,3,3,0,0,0,1
2,2,8,full_ows|road_building|five_resource|port,2,3,2,full_ows,0,1,130,6,8,2,0,4,1,0,2
2,2,8,full_ows|road_building|five_resource|port,2,4,3,road_building,0,1,130,6,15,3,0,0,0,1,1
2,2,8,full_ows|road_building|five_resource|port,3,1,0,port,0,1,155,6,14,2,0,0,0,1,2
2,2,8,full_ows|road_building|five_resource|port,3,2,1,full_ows,0,1,155,8,11,0,2,9,1,0,2
2,2,8,full_ows|road_building|five_resource|port,3,3,2,road_building,1,1,155,10,15,3,3,0,0,0,1
2,2,8,full_ows|road_building|five_resource|port,3,4,3,five_resource,0,1,155,7,15,1,3,0,0,0,0
2,2,9,full_ows|roads_and_cities|five_resource|port,0,1,0,full_ows,0,1,148,9,9,0,2,7,1,0,3
2,2,9,full_ows|roads_and_cities|five_resource|port,0,2,1,roads_and_cities,0,1,148,5,11,2,1,0,0,0,1
2,2,9,full_ows|roads_and_cities|five_resource|port,0,3,2,five_resource,0,1,148,8,15,2,2,0,0,1,0
2,2,9,full_ows|roads_and_cities|five_resource|port,0,4,3,port,1,1,148,10,15,1,4,0,0,0,1
2,2,9,full_ows|roads_and_cities|five_resource|port,1,1,0,roads_and_cities,0,1,174,4,15,0,2,0,0,0,0
2,2,9,full_ows|roads_and_cities|five_resource|port,1,2,1,five_resource,1,1,174,10,15,3,3,0,0,0,1
2,2,9,full_ows|roads_and_cities|five_resource|port,1,3,2,port,0,1,174,9,15,4,1,0,0,1,1
2,2,9,full_ows|roads_and_cities|five_resource|port,1,4,3,full_ows,0,1,174,8,10,3,0,9,1,0,3
2,2,9,full_ows|roads_and_cities|five_resource|port,2,1,0,five_resource,0,1,99,4,8,3,0,0,0,0,1
2,2,9,full_ows|roads_and_cities|five_resource|port,2,2,1,port,0,1,99,5,13,3,1,0,0,0,0
2,2,9,full_ows|roads_and_cities|five_resource|port,2,3,2,full_ows,1,1,99,11,6,0,3,4,1,0,3
2,2,9,full_ows|roads_and_cities|five_resource|port,2,4,3,roads_and_cities,0,1,99,7,11,1,2,0,0,1,0
2,2,9,full_ows|roads_and_cities|five_resource|port,3,1,0,port,0,1,123,4,13,2,0,0,0,1,0
2,2,9,full_ows|roads_and_cities|five_resource|port,3,2,1,full_ows,0,1,123,9,15,0,2,8,1,0,3
2,2,9,full_ows|roads_and_cities|five_resource|port,3,3,2,roads_and_cities,1,1,123,10,15,2,4,0,0,0,0
2,2,9,full_ows|roads_and_cities|five_resource|port,3,4,3,five_resource,0,1,123,5,10,3,0,0,0,0,2
2,2,10,hybrid_ows|road_building|roads_and_cities|five_resource,0,1,0,hybrid_ows,1,1,101,10,10,3,0,3,1,1,3
2,2,10,hybrid_ows|road_building|roads_and_cities|five_resource,0,2,1,road_building,0,1,101,5,15,5,0,0,0,0,0
2,2,10,hybrid_ows|road_building|roads_and_cities|five_resource,0,3,2,roads_and_cities,0,1,101,4,15,0,2,0,0,0,0
2,2,10,hybrid_ows|road_building|roads_and_cities|five_resource,0,4,3,five_resource,0,1,101,2,7,2,0,0,0,0,0
2,2,10,hybrid_ows|road_building|roads_and_cities|five_resource,1,1,0,road_building,0,1,158,9,15,3,3,0,0,0,0
2,2,10,hybrid_ows|road_building|roads_and_cities|five_resource,1,2,1,roads_and_cities,1,1,158,10,15,4,2,0,0,1,0
2,2,10,hybrid_ows|road_building|roads_and_cities|five_resource,1,3,2,five_resource,0,1,158,6,11,4,0,0,0,0,2
2,2,10,hybrid_ows|road_building|roads_and_cities|five_resource,1,4,3,hybrid_ows,0,1,158,8,13,1,1,4,1,0,3
2,2,10,hybrid_ows|road_building|roads_and_cities|five_resource,2,1,0,roads_and_cities,0,1,127,8,15,1,3,0,0,0,1
2,2,10,hybrid_ows|road_building|roads_and_cities|five_resource,2,2,1,five_resource,0,1,127,4,15,2,0,0,0,1,0
2,2,10,hybrid_ows|road_building|roads_and_cities|five_resource,2,3,2,hybrid_ows,1,1,127,10,15,0,3,1,0,0,4
2,2,10,hybrid_ows|road_building|roads_and_cities|five_resource,2,4,3,road_building,0,1,127,3,11,1,1,0,0,0,0
2,2,10,hybrid_ows|road_building|roads_and_cities|five_resource,3,1,0,five_resource,0,1,112,5,6,1,1,0,0,0,2
2,2,10,hybrid_ows|road_building|roads_and_cities|five_resource,3,2,1,hybrid_ows,0,1,112,5,13,1,1,7,1,0,0
2,2,10,hybrid_ows|road_building|roads_and_cities|five_resource,3,3,2,road_building,0,1,112,7,15,5,0,0,0,1,0
2,2,10,hybrid_ows|road_building|roads_and_cities|five_resource,3,4,3,roads_and_cities,1,1,112,10,15,2,3,0,0,0,2
2,2,11,hybrid_ows|road_building|roads_and_cities|port,0,1,0,hybrid_ows,0,1,124,9,15,1,3,4,1,0,0
2,2,11,hybrid_ows|road_building|roads_and_cities|port,0,2,1,road_building,0,1,124,5,12,2,0,0,0,1,1
2,2,11,hybrid_ows|road_building|roads_and_cities|port,0,3,2,roads_and_cities,0,1,124,6,11,4,0,0,0,0,2
2,2,11,hybrid_ows|road_building|roads_and_cities|port,0,4,3,port,1,1,124,10,15,1,4,0,0,0,1
2,2,11,hybrid_ows|road_building|roads_and_cities|port,1,1,0,road_building,1,1,105,10,15,4,2,0,0,1,0
2,2,11,hybrid_ows|road_building|roads_and_cities|port,1,2,1,roads_and_cities,0,1,105,7,7,0,3,0,0,0,1
2,2,11,hybrid_ows|road_building|roads_and_cities|port,1,3,2,port,0,1,105,3,12,3,0,0,0,0,0
2,2,11,hybrid_ows|road_building|roads_and_cities|port,1,4,3,hybrid_ows,0,1,105,6,11,4,0,2,0,0,2
2,2,11,hybrid_ows|road_building|roads_and_cities|port,2,1,0,roads_and_cities,0,1,127,8,15,1,3,0,0,0,1
2,2,11,hybrid_ows|road_building|roads_and_cities|port,2,2,1,port,0,1,127,4,15,2,0,0,0,1,0
2,2,11,hybrid_ows|road_building|roads_and_cities|port,2,3,2,hybrid_ows,1,1,127,10,15,0,3,1,0,0,4
2,2,11,hybrid_ows|road_building|roads_and_cities|port,2,4,3,road_building,0,1,127,3,11,1,1,0,0,0,0
2,2,11,hybrid_ows|road_building|roads_and_cities|port,3,1,0,port,0,1,104,4,8,3,0,0,0,0,1
2,2,11,hybrid_ows|road_building|roads_and_cities|port,3,2,1,hybrid_ows,0,1,104,7,10,2,1,5,1,0,1
2,2,11,hybrid_ows|road_building|roads_and_cities|port,3,3,2,road_building,0,1,104,7,13,5,0,0,0,1,0
2,2,11,hybrid_ows|road_building|roads_and_cities|port,3,4,3,roads_and_cities,1,1,104,10,14,0,4,0,0,0,2
2,2,12,hybrid_ows|road_building|five_resource|port,0,1,0,hybrid_ows,1,1,137,10,10,2,1,3,1,0,4
2,2,12,hybrid_ows|road_building|five_resource|port,0,2,1,road_building,0,1,137,9,12,4,1,0,0,1,1
2,2,12,hybrid_ows|road_building|five_resource|port,0,3,2,five_resource,0,1,137,4,12,4,0,0,0,0,0
2,2,12,hybrid_ows|road_building|five_resource|port,0,4,3,port,0,1,137,6,15,4,1,0,0,0,0
2,2,12,hybrid_ows|road_building|five_resource|port,1,1,0,road_building,0,1,111,2,15,2,0,0,0,0,0
2,2,12,hybrid_ows|road_building|five_resource|port,1,2,1,five_resource,0,1,111,4,8,2,1,0,0,0,0
2,2,12,hybrid_ows|road_building|five_resource|port,1,3,2,port,1,1,111,10,15,3,3,0,0,0,1
2,2,12,hybrid_ows|road_building|five_resource|port,1,4,3,hybrid_ows,0,1,111,9,13,1,2,1,0,1,2
2,2,12,hybrid_ows|road_building|five_resource|port,2,1,0,five_resource,0,1,176,8,10,0,4,0,0,0,0
2,2,12,hybrid_ows|road_building|five_resource|port,2,2,1,port,0,1,176,8,15,0,3,0,0,0,2
2,2,12,hybrid_ows|road_building|five_resource|port,2,3,2,hybrid_ows,0,1,176,9,15,3,1,5,1,0,2
2,2,12,hybrid_ows|road_building|five_resource|port,2,4,3,road_building,1,1,176,10,15,5,1,0,0,1,1
2,2,12,hybrid_ows|road_building|five_resource|port,3,1,0,port,1,1,153,10,15,3,2,0,0,1,1
2,2,12,hybrid_ows|road_building|five_resource|port,3,2,1,hybrid_ows,0,1,153,8,9,2,1,3,1,0,2
2,2,12,hybrid_ows|road_building|five_resource|port,3,3,2,road_building,0,1,153,6,15,5,0,0,0,0,1
2,2,12,hybrid_ows|road_building|five_resource|port,3,4,3,five_resource,0,1,153,7,15,4,1,0,0,0,1
2,2,13,hybrid_ows|roads_and_cities|five_resource|port,0,1,0,hybrid_ows,1,1,117,10,14,1,3,3,1,0,1
2,2,13,hybrid_ows|roads_and_cities|five_resource|port,0,2,1,roads_and_cities,0,1,117,6,14,5,0,0,0,0,1
2,2,13,hybrid_ows|roads_and_cities|five_resource|port,0,3,2,five_resource,0,1,117,6,15,3,0,0,0,1,1
2,2,13,hybrid_ows|roads_and_cities|five_resource|port,0,4,3,port,0,1,117,6,9,1,2,0,0,0,1
2,2,13,hybrid_ows|roads_and_cities|five_resource|port,1,1,0,roads_and_cities,0,1,95,6,15,0,3,0,0,0,0
2,2,13,hybrid_ows|roads_and_cities|five_resource|port,1,2,1,five_resource,0,1,95,3,13,3,0,0,0,0,0
2,2,13,hybrid_ows|roads_and_cities|five_resource|port,1,3,2,port,1,1,95,10,15,1,3,0,0,1,1
2,2,13,hybrid_ows|roads_and_cities|five_resource|port,1,4,3,hybrid_ows,0,1,95,4,3,2,0,2,0,0,2
2,2,13,hybrid_ows|roads_and_cities|five_resource|port,2,1,0,five_resource,0,1,123,2,10,2,0,0,0,0,0
2,2,13,hybrid_ows|roads_and_cities|five_resource|port,2,2,1,port,0,1,123,4,9,2,0,0,0,0,2
2,2,13,hybrid_ows|roads_and_cities|five_resource|port,2,3,2,hybrid_ows,1,1,123,10,12,4,1,8,1,0,2
2,2,13,hybrid_ows|roads_and_cities|five_resource|port,2,4,3,roads_and_cities,0,1,123,8,15,1,2,0,0,1,1
2,2,13,hybrid_ows|roads_and_cities|five_resource|port,3,1,0,port,0,1,132,2,13,2,0,0,0,0,0
2,2,13,hybrid_ows|roads_and_cities|five_resource|port,3,2,1,hybrid_ows,0,1,132,7,14,3,0,5,1,0,2
2,2,13,hybrid_ows|roads_and_cities|five_resource|port,3,3,2,roads_and_cities,0,1,132,7,15,4,0,0,0,1,1
2,2,13,hybrid_ows|roads_and_cities|five_resource|port,3,4,3,five_resource,1,1,132,10,11,0,4,0,0,0,2
2,2,14,road_building|roads_and_cities|five_resource|port,0,1,0,road_building,0,1,94,4,14,3,0,0,0,0,1
2,2,14,road_building|roads_and_cities|five_resource|port,0,2,1,roads_and_cities,1,1,94,10,12,0,4,0,0,1,0
2,2,14,road_building|roads_and_cities|five_resource|port,0,3,2,five_resource,0,1,94,4,8,4,0,0,0,0,0
2,2,14,road_building|roads_and_cities|five_resource|port,0,4,3,port,0,1,94,8,13,0,3,0,0,0,2
2,2,14,road_building|roads_and_cities|five_resource|port,1,1,0,roads_and_cities,0,1,136,8,14,3,2,0,0,0,1
2,2,14,road_building|roads_and_cities|five_resource|port,1,2,1,five_resource,0,1,136,6,8,1,2,0,0,0,1
2,2,14,road_building|roads_and_cities|five_resource|port,1,3,2,port,0,1,136,6,15,1,2,0,0,0,1
2,2,14,road_building|roads_and_cities|five_resource|port,1,4,3,road_building,1,1,136,10,15,4,1,0,0,1,2
2,2,14,road_building|roads_and_cities|five_resource|port,2,1,0,five_resource,0,1,138,5,15,3,0,0,0,0,2
2,2,14,road_building|roads_and_cities|five_resource|port,2,2,1,port,1,1,138,10,15,4,2,0,0,1,0
2,2,14,road_building|roads_and_cities|five_resource|port,2,3,2,road_building,0,1,138,5,12,4,0,0,0,0,1
2,2,14,road_building|roads_and_cities|five_resource|port,2,4,3,roads_and_cities,0,1,138,8,15,0,4,0,0,0,0
2,2,14,road_building|roads_and_cities|five_resource|port,3,1,0,port,0,1,102,3,12,3,0,0,0,0,0
2,2,14,road_building|roads_and_cities|five_resource|port,3,2,1,road_building,1,1,102,10,14,4,2,0,0,1,0
2,2,14,road_building|roads_and_cities|five_resource|port,3,3,2,roads_and_cities,0,1,102,9,13,0,4,0,0,0,1
2,2,14,road_building|roads_and_cities|five_resource|port,3,4,3,five_resource,0,1,102,6,13,4,0,0,0,0,2
3,3,0,full_ows|hybrid_ows|road_building|roads_and_cities,0,1,0,full_ows,1,1,65,10,8,0,2,5,1,1,2
3,3,0,full_ows|hybrid_ows|road_building|roads_and_cities,0,2,1,hybrid_ows,0,1,65,4,7,3,0,0,0,0,1
3,3,0,full_ows|hybrid_ows|road_building|roads_and_cities,0,3,2,road_building,0,1,65,2,6,2,0,0,0,0,0
3,3,0,full_ows|hybrid_ows|road_building|roads_and_cities,0,4,3,roads_and_cities,0,1,65,5,5,0,2,0,0,0,1
3,3,0,full_ows|hybrid_ows|road_building|roads_and_cities,1,1,0,hybrid_ows,0,1,146,7,15,0,2,5,0,0,3
3,3,0,full_ows|hybrid_ows|road_building|roads_and_cities,1,2,1,road_building,1,1,146,10,14,3,2,0,0,1,1
3,3,0,full_ows|hybrid_ows|road_building|roads_and_cities,1,3,2,roads_and_cities,0,1,146,6,15,0,3,0,0,0,0
3,3,0,full_ows|hybrid_ows|road_building|roads_and_cities,1,4,3,full_ows,0,1,146,7,11,0,2,5,1,0,1
3,3,0,full_ows|hybrid_ows|road_building|roads_and_cities,2,1,0,road_building,0,1,118,4,13,2,1,0,0,0,0
3,3,0,full_ows|hybrid_ows|road_building|roads_and_cities,2,2,1,roads_and_cities,1,1,118,10,15,0,4,0,0,1,0
3,3,0,full_ows|hybrid_ows|road_building|roads_and_cities,2,3,2,full_ows,0,1,118,7,7,0,2,8,1,0,1
3,3,0,full_ows|hybrid_ows|road_building|roads_and_cities,2,4,3,hybrid_ows,0,1,118,6,6,3,0,1,0,0,3
3,3,0,full_ows|hybrid_ows|road_building|roads_and_cities,3,1,0,roads_and_cities,0,1,162,9,15,1,4,0,0,0,0
3,3,0,full_ows|hybrid_ows|road_building|roads_and_cities,3,2,1,full_ows,1,1,162,10,11,1,3,5,1,0,1
3,3,0,full_ows|hybrid_ows|road_building|roads_and_cities,3,3,2,hybrid_ows,0,1,162,6,6,3,0,4,0,0,3
3,3,0,full_ows|hybrid_ows|road_building|roads_and_cities,3,4,3,road_building,0,1,162,7,15,0,2,0,0,1,1
3,3,1,full_ows|hybrid_ows|road_building|five_resource,0,1,0,full_ows,1,1,117,10,10,1,3,8,1,0,1
3,3,1,full_ows|hybrid_ows|road_building|five_resource,0,2,1,hybrid_ows,0,1,117,4,9,3,0,3,0,0,1
3,3,1,full_ows|hybrid_ows|road_building|five_resource,0,3,2,road_building,0,1,117,8,13,3,1,0,0,1,1
3,3,1,full_ows|hybrid_ows|road_building|five_resource,0,4,3,five_resource,0,1,117,5,4,3,0,0,0,0,2
3,3,1,full_ows|hybrid_ows|road_building|five_resource,1,1,0,hybrid_ows,0,1,140,9,15,0,3,4,0,0,3
3,3,1,full_ows|hybrid_ows|road_building|five_resource,1,2,1,road_building,0,1,140,2,15,2,0,0,0,0,0
3,3,1,full_ows|hybrid_ows|road_building|five_resource,1,3,2,five_resource,0,1,140,6,12,3,0,0,0,1,1
3,3,1,full_ows|hybrid_ows|road_building|five_resource,1,4,3,full_ows,1,1,140,10,8,1,3,8,1,0,1
3,3,1,full_ows|hybrid_ows|road_building|five_resource,2,1,0,road_building,0,1,123,4,15,2,0,0,0,1,0
3,3,1,full_ows|hybrid_ows|road_building|five_resource,2,2,1,five_resource,0,1,123,7,15,4,1,0,0,0,1
3,3,1,full_ows|hybrid_ows|road_building|five_resource,2,3,2,full_ows,1,1,123,10,6,1,2,9,1,0,3
3,3,1,full_ows|hybrid_ows|road_building|five_resource,2,4,3,hybrid_ows,0,1,123,4,13,3,0,3,0,0,1
3,3,1,full_ows|hybrid_ows|road_building|five_resource,3,1,0,five_resource,0,1,154,9,15,1,4,0,0,0,0
3,3,1,full_ows|hybrid_ows|road_building|five_resource,3,2,1,full_ows,1,1,154,10,9,1,2,6,1,0,3
3,3,1,full_ows|hybrid_ows|road_building|five_resource,3,3,2,hybrid_ows,0,1,154,6,7,2,1,1,0,0,2
3,3,1,full_ows|hybrid_ows|road_building|five_resource,3,4,3,road_building,0,1,154,4,15,2,0,0,0,1,0
3,3,2,full_ows|hybrid_ows|road_building|port,0,1,0,full_ows,0,1,91,8,7,0,2,3,1,0,2
3,3,2,full_ows|hybrid_ows|road_building|port,0,2,1,hybrid_ows,0,1,91,4,6,1,1,2,0,0,1
3,3,2,full_ows|hybrid_ows|road_building|port,0,3,2,road_building,1,1,91,10,13,1,3,0,0,1,1
3,3,2,full_ows|hybrid_ows|road_building|port,0,4,3,port,0,1,91,3,8,3,0,0,0,0,0
3,3,2,full_ows|hybrid_ows|road_building|port,1,1,0,hybrid_ows,1,1,97,10,15,0,2,6,1,1,2
3,3,2,full_ows|hybrid_ows|road_building|port,1,2,1,road_building,0,1,97,6,11,4,1,0,0,0,0
3,3,2,full_ows|hybrid_ows|road_building|port,1,3,2,port,0,1,97,5,12,4,0,0,0,0,1
3,3,2,full_ows|hybrid_ows|road_building|port,1,4,3,full_ows,0,1,97,3,7,2,0,2,0,0,1
3,3,2,full_ows|hybrid_ows|road_building|port,2,1,0,road_building,0,1,119,4,15,1,1,0,0,0,1
3,3,2,full_ows|hybrid_ows|road_building|port,2,2,1,port,0,1,119,5,10,2,1,0,0,0,1
3,3,2,full_ows|hybrid_ows|road_building|port,2,3,2,full_ows,1,1,119,10,8,1,2,8,1,0,3
3,3,2,full_ows|hybrid_ows|road_building|port,2,4,3,hybrid_ows,0,1,119,7,14,5,0,2,0,1,0
3,3,2,full_ows|hybrid_ows|road_building|port,3,1,0,port,1,1,109,10,11,0,4,0,0,0,2
3,3,2,full_ows|hybrid_ows|road_building|port,3,2,1,full_ows,0,1,109,5,4,1,1,4,0,0,2
3,3,2,full_ows|hybrid_ows|road_building|port,3,3,2,hybrid_ows,0,1,109,7,8,4,0,5,1,0,1
3,3,2,full_ows|hybrid_ows|road_building|port,3,4,3,road_building,0,1,109,6,15,0,2,0,0,1,0
3,3,3,full_ows|hybrid_ows|roads_and_cities|five_resource,0,1,0,full_ows,1,1,125,10,8,1,3,11,1,0,1
3,3,3,full_ows|hybrid_ows|roads_and_cities|five_resource,0,2,1,hybrid_ows,0,1,125,5,9,0,2,1,0,0,1
3,3,3,full_ows|hybrid_ows|roads_and_cities|five_resource,0,3,2,roads_and_cities,0,1,125,6,15,1,1,0,0,1,1
3,3,3,full_ows|hybrid_ows|roads_and_cities|five_resource,0,4,3,five_resource,0,1,125,5,8,3,0,0,0,0,2
3,3,3,full_ows|hybrid_ows|roads_and_cities|five_resource,1,1,0,hybrid_ows,1,1,141,10,15,2,2,9,1,0,2
3,3,3,full_ows|hybrid_ows|roads_and_cities|five_resource,1,2,1,roads_and_cities,0,1,141,3,11,2,0,0,0,0,1
3,3,3,full_ows|hybrid_ows|roads_and_cities|five_resource,1,3,2,five_resource,0,1,141,9,14,3,2,0,0,1,0
3,3,3,full_ows|hybrid_ows|roads_and_cities|five_resource,1,4,3,full_ows,0,1,141,7,8,1,2,3,0,0,2
3,3,3,full_ows|hybrid_ows|roads_and_cities|five_resource,2,1,0,roads_and_cities,1,1,85,10,10,0,4,0,0,1,0
3,3,3,full_ows|hybrid_ows|roads_and_cities|five_resource,2,2,1,five_resource,0,1,85,5,6,4,0,0,0,0,1
3,3,3,full_ows|hybrid_ows|roads_and_cities|five_resource,2,3,2,full_ows,0,1,85,6,3,1,1,3,1,0,1
3,3,3,full_ows|hybrid_ows|roads_and_cities|five_resource,2,4,3,hybrid_ows,0,1,85,5,8,1,1,0,0,0,2
3,3,3,full_ows|hybrid_ows|roads_and_cities|five_resource,3,1,0,five_resource,1,1,105,10,12,1,4,0,0,0,1
3,3,3,full_ows|hybrid_ows|roads_and_cities|five_resource,3,2,1,full_ows,0,1,105,5,8,1,1,3,1,0,0
3,3,3,full_ows|hybrid_ows|roads_and_cities|five_resource,3,3,2,hybrid_ows,0,1,105,5,10,3,0,1,0,0,2
3,3,3,full_ows|hybrid_ows|roads_and_cities|five_resource,3,4,3,roads_and_cities,0,1,105,5,15,2,0,0,0,1,1
3,3,4,full_ows|hybrid_ows|roads_and_cities|port,0,1,0,full_ows,1,1,85,10,2,0,2,9,1,0,4
3,3,4,full_ows|hybrid_ows|roads_and_cities|port,0,2,1,hybrid_ows,0,1,85,4,8,3,0,1,0,0,1
3,3,4,full_ows|hybrid_ows|roads_and_cities|port,0,3,2,roads_and_cities,0,1,85,4,15,2,0,0,0,1,0
3,3,4,full_ows|hybrid_ows|roads_and_cities|port,0,4,3,port,0,1,85,3,7,3,0,0,0,0,0
3,3,4,full_ows|hybrid_ows|roads_and_cities|port,1,1,0,hybrid_ows,1,1,97,10,9,1,3,3,0,0,3
3,3,4,full_ows|hybrid_ows|roads_and_cities|port,1,2,1,roads_and_cities,0,1,97,5,14,3,0,0,0,1,0
3,3,4,full_ows|hybrid_ows|roads_and_cities|port,1,3,2,port,0,1,97,4,10,4,0,0,0,0,0
3,3,4,full_ows|hybrid_ows|roads_and_cities|port,1,4,3,full_ows,0,1,97,5,3,2,0,4,1,0,1
3,3,4,full_ows|hybrid_ows|roads_and_cities|port,2,1,0,roads_and_cities,0,1,100,3,12,1,1,0,0,0,0
3,3,4,full_ows|hybrid_ows|roads_and_cities|port,2,2,1,port,0,1,100,5,8,4,0,0,0,0,1
3,3,4,full_ows|hybrid_ows|roads_and_cities|port,2,3,2,full_ows,0,1,100,4,6,2,0,2,0,0,2
3,3,4,full_ows|hybrid_ows|roads_and_cities|port,2,4,3,hybrid_ows,1,1,100,10,13,0,2,9,1,1,2
3,3,4,full_ows|hybrid_ows|roads_and_cities|port,3,1,0,port,1,1,141,10,9,1,3,0,0,0,3
3,3,4,full_ows|hybrid_ows|roads_and_cities|port,3,2,1,full_ows,0,1,141,7,4,0,2,4,1,0,1
3,3,4,full_ows|hybrid_ows|roads_and_cities|port,3,3,2,hybrid_ows,0,1,141,5,15,2,0,2,0,1,1
3,3,4,full_ows|hybrid_ows|roads_and_cities|port,3,4,3,roads_and_cities,0,1,141,3,15,1,1,0,0,0,0
3,3,5,full_ows|hybrid_ows|five_resource|port,0,1,0,full_ows,1,1,85,10,5,1,2,12,1,0,3
3,3,5,full_ows|hybrid_ows|five_resource|port,0,2,1,hybrid_ows,0,1,85,2,7,2,0,1,0,0,0
3,3,5,full_ows|hybrid_ows|five_resource|port,0,3,2,five_resource,0,1,85,3,7,2,0,0,0,0,1
3,3,5,full_ows|hybrid_ows|five_resource|port,0,4,3,port,0,1,85,5,11,2,0,0,0,1,1
3,3,5,full_ows|hybrid_ows|five_resource|port,1,1,0,hybrid_ows,0,1,102,7,9,1,2,3,0,0,2
3,3,5,full_ows|hybrid_ows|five_resource|port,1,2,1,five_resource,1,1,102,10,11,2,2,0,0,1,2
3,3,5,full_ows|hybrid_ows|five_resource|port,1,3,2,port,0,1,102,4,9,3,0,0,0,0,1
3,3,5,full_ows|hybrid_ows|five_resource|port,1,4,3,full_ows,0,1,102,5,6,1,1,7,1,0,0
3,3,5,full_ows|hybrid_ows|five_resource|port,2,1,0,five_resource,0,1,127,6,10,5,0,0,0,0,1
3,3,5,full_ows|hybrid_ows|five_resource|port,2,2,1,port,0,1,127,6,11,4,0,0,0,1,0
3,3,5,full_ows|hybrid_ows|five_resource|port,2,3,2,full_ows,1,1,127,10,6,1,2,6,1,0,3
3,3,5,full_ows|hybrid_ows|five_resource|port,2,4,3,hybrid_ows,0,1,127,5,13,0,2,1,0,0,1
3,3,5,full_ows|hybrid_ows|five_resource|port,3,1,0,port,0,1,67,3,6,2,0,0,0,0,1
3,3,5,full_ows|hybrid_ows|five_resource|port,3,2,1,full_ows,0,1,67,4,2,1,1,0,0,0,1
3,3,5,full_ows|hybrid_ows|five_resource|port,3,3,2,hybrid_ows,1,1,67,10,7,1,2,5,1,1,1
3,3,5,full_ows|hybrid_ows|five_resource|port,3,4,3,five_resource,0,1,67,3,7,2,0,0,0,0,1
3,3,6,full_ows|road_building|roads_and_cities|five_resource,0,1,0,full_ows,1,1,117,10,12,0,3,10,1,0,2
3,3,6,full_ows|road_building|roads_and_cities|five_resource,0,2,1,road_building,0,1,117,6,11,2,1,0,0,1,0
3,3,6,full_ows|road_building|roads_and_cities|five_resource,0,3,2,roads_and_cities,0,1,117,5,11,1,2,0,0,0,0
3,3,6,full_ows|road_building|roads_and_cities|five_resource,0,4,3,five_resource,0,1,117,6,13,3,0,0,0,0,3
3,3,6,full_ows|road_building|roads_and_cities|five_resource,1,1,0,road_building,0,1,147,4,15,4,0,0,0,0,0
3,3,6,full_ows|road_building|roads_and_cities|five_resource,1,2,1,roads_and_cities,0,1,147,9,15,1,4,0,0,0,0
3,3,6,full_ows|road_building|roads_and_cities|five_resource,1,3,2,five_resource,1,1,147,10,15,1,3,0,0,1,1
3,3,6,full_ows|road_building|roads_and_cities|five_resource,1,4,3,full_ows,0,1,147,9,8,1,1,8,1,0,4
3,3,6,full_ows|road_building|roads_and_cities|five_resource,2,1,0,roads_and_cities,1,1,161,10,15,0,4,0,0,0,2
3,3,6,full_ows|road_building|roads_and_cities|five_resource,2,2,1,five_resource,0,1,161,8,13,3,1,0,0,1,1
3,3,6,full_ows|road_building|roads_and_cities|five_resource,2,3,2,full_ows,0,1,161,7,7,0,2,7,1,0,1
3,3,6,full_ows|road_building|roads_and_cities|five_resource,2,4,3,road_building,0,1,161,4,15,1,1,0,0,0,1
3,3,6,full_ows|road_building|roads_and_cities|five_resource,3,1,0,five_resource,1,1,109,10,15,1,4,0,0,0,1
3,3,6,full_ows|road_building|roads_and_cities|five_resource,3,2,1,full_ows,0,1,109,6,6,2,0,4,1,0,2
3,3,6,full_ows|road_building|roads_and_cities|five_resource,3,3,2,road_building,0,1,109,9,8,1,3,0,0,1,0
3,3,6,full_ows|road_building|roads_and_cities|five_resource,3,4,3,roads_and_cities,0,1,109,6,12,0,3,0,0,0,0
3,3,7,full_ows|road_building|roads_and_cities|port,0,1,0,full_ows,1,1,117,10,7,1,2,8,1,0,3
3,3,7,full_ows|road_building|roads_and_cities|port,0,2,1,road_building,0,1,117,3,10,3,0,0,0,0,0
3,3,7,full_ows|road_building|roads_and_cities|port,0,3,2,roads_and_cities,0,1,117,3,9,2,0,0,0,0,1
3,3,7,full_ows|road_building|roads_and_cities|port,0,4,3,port,0,1,117,9,12,2,2,0,0,1,1
3,3,7,full_ows|road_building|roads_and_cities|port,1,1,0,road_building,0,1,123,5,14,4,0,0,0,0,1
3,3,7,full_ows|road_building|roads_and_cities|port,1,2,1,roads_and_cities,0,1,123,8,15,0,4,0,0,0,0
3,3,7,full_ows|road_building|roads_and_cities|port,1,3,2,port,1,1,123,10,14,4,1,0,0,1,2
3,3,7,full_ows|road_building|roads_and_cities|port,1,4,3,full_ows,0,1,123,8,5,0,2,5,1,0,2
3,3,7,full_ows|road_building|roads_and_cities|port,2,1,0,roads_and_cities,0,1,108,6,9,4,0,0,0,0,2
3,3,7,full_ows|road_building|roads_and_cities|port,2,2,1,port,0,1,108,5,11,5,0,0,0,0,0
3,3,7,full_ows|road_building|roads_and_cities|port,2,3,2,full_ows,0,1,108,3,10,2,0,2,0,0,1
3,3,7,full_ows|road_building|roads_and_cities|port,2,4,3,road_building,1,1,108,10,13,3,2,0,0,1,1
3,3,7,full_ows|road_building|roads_and_cities|port,3,1,0,port,1,1,109,10,13,2,2,0,0,1,2
3,3,7,full_ows|road_building|roads_and_cities|port,3,2,1,full_ows,0,1,109,9,5,1,2,6,1,0,2
3,3,7,full_ows|road_building|roads_and_cities|port,3,3,2,road_building,0,1,109,6,9,0,3,0,0,0,0
3,3,7,full_ows|road_building|roads_and_cities|port,3,4,3,roads_and_cities,0,1,109,4,10,0,2,0,0,0,0
3,3,8,full_ows|road_building|five_resource|port,0,1,0,full_ows,1,1,109,10,9,0,3,10,1,0,2
3,3,8,full_ows|road_building|five_resource|port,0,2,1,road_building,0,1,109,4,15,4,0,0,0,0,0
3,3,8,full_ows|road_building|five_resource|port,0,3,2,five_resource,0,1,109,6,13,2,0,0,0,1,2
3,3,8,full_ows|road_building|five_resource|port,0,4,3,port,0,1,109,5,11,4,0,0,0,0,1
3,3,8,full_ows|road_building|five_resource|port,1,1,0,road_building,1,1,137,10,13,2,3,0,0,1,0
3,3,8,full_ows|road_building|five_resource|port,1,2,1,five_resource,0,1,137,9,11,2,3,0,0,0,1
3,3,8,full_ows|road_building|five_resource|port,1,3,2,port,0,1,137,8,8,0,3,0,0,0,2
3,3,8,full_ows|road_building|five_resource|port,1,4,3,full_ows,0,1,137,9,11,3,1,6,1,0,2
3,3,8,full_ows|road_building|five_resource|port,2,1,0,five_resource,0,1,108,6,9,4,0,0,0,0,2
3,3,8,full_ows|road_building|five_resource|port,2,2,1,port,0,1,108,5,11,5,0,0,0,0,0
3,3,8,full_ows|road_building|five_resource|port,2,3,2,full_ows,0,1,108,3,10,2,0,2,0,0,1
3,3,8,full_ows|road_building|five_resource|port,2,4,3,road_building,1,1,108,10,13,3,2,0,0,1,1
3,3,8,full_ows|road_building|five_resource|port,3,1,0,port,0,1,118,5,9,3,0,0,0,0,2
3,3,8,full_ows|road_building|five_resource|port,3,2,1,full_ows,1,1,118,10,7,0,3,3,1,0,2
3,3,8,full_ows|road_building|five_resource|port,3,3,2,road_building,0,1,118,3,15,2,0,0,0,0,1
3,3,8,full_ows|road_building|five_resource|port,3,4,3,five_resource,0,1,118,8,13,4,1,0,0,1,0
3,3,9,full_ows|roads_and_cities|five_resource|port,0,1,0,full_ows,1,1,97,10,3,0,2,6,1,0,4
3,3,9,full_ows|roads_and_cities|five_resource|port,0,2,1,roads_and_cities,0,1,97,2,6,2,0,0,0,0,0
3,3,9,full_ows|roads_and_cities|five_resource|port,0,3,2,five_resource,0,1,97,4,5,3,0,0,0,0,1
3,3,9,full_ows|roads_and_cities|five_resource|port,0,4,3,port,0,1,97,5,11,3,0,0,0,1,0
3,3,9,full_ows|roads_and_cities|five_resource|port,1,1,0,roads_and_cities,1,1,101,10,13,0,4,0,0,1,0
3,3,9,full_ows|roads_and_cities|five_resource|port,1,2,1,five_resource,0,1,101,3,8,2,0,0,0,0,1
3,3,9,full_ows|roads_and_cities|five_resource|port,1,3,2,port,0,1,101,4,12,3,0,0,0,0,1
3,3,9,full_ows|roads_and_cities|five_resource|port,1,4,3,full_ows,0,1,101,6,7,2,0,3,1,0,2
3,3,9,full_ows|roads_and_cities|five_resource|port,2,1,0,five_resource,1,1,109,10,9,0,4,0,0,0,2
3,3,9,full_ows|roads_and_cities|five_resource|port,2,2,1,port,0,1,109,5,10,3,0,0,0,1,0
3,3,9,full_ows|roads_and_cities|five_resource|port,2,3,2,full_ows,0,1,109,6,10,2,0,5,1,0,2
3,3,9,full_ows|roads_and_cities|five_resource|port,2,4,3,roads_and_cities,0,1,109,2,15,2,0,0,0,0,0
3,3,9,full_ows|roads_and_cities|five_resource|port,3,1,0,port,0,1,82,4,8,3,0,0,0,0,1
3,3,9,full_ows|roads_and_cities|five_resource|port,3,2,1,full_ows,1,1,82,10,7,0,2,4,1,1,2
3,3,9,full_ows|roads_and_cities|five_resource|port,3,3,2,roads_and_cities,0,1,82,3,6,1,1,0,0,0,0
3,3,9,full_ows|roads_and_cities|five_resource|port,3,4,3,five_resource,0,1,82,4,8,3,0,0,0,0,1
3,3,10,hybrid_ows|road_building|roads_and_cities|five_resource,0,1,0,hybrid_ows,1,1,117,10,12,0,3,10,1,0,2
3,3,10,hybrid_ows|road_building|roads_and_cities|five_resource,0,2,1,road_building,0,1,117,6,11,2,1,0,0,1,0
3,3,10,hybrid_ows|road_building|roads_and_cities|five_resource,0,3,2,roads_and_cities,0,1,117,5,11,1,2,0,0,0,0
3,3,10,hybrid_ows|road_building|roads_and_cities|five_resource,0,4,3,five_resource,0,1,117,6,13,3,0,0,0,0,3
3,3,10,hybrid_ows|road_building|roads_and_cities|five_resource,1,1,0,road_building,0,1,107,6,13,3,0,0,0,1,1
3,3,10,hybrid_ows|road_building|roads_and_cities|five_resource,1,2,1,roads_and_cities,0,1,107,6,15,0,3,0,0,0,0
3,3,10,hybrid_ows|road_building|roads_and_cities|five_resource,1,3,2,five_resource,1,1,107,10,7,0,4,0,0,0,2
3,3,10,hybrid_ows|road_building|roads_and_cities|five_resource,1,4,3,hybrid_ows,0,1,107,5,9,2,0,4,1,0,1
3,3,10,hybrid_ows|road_building|roads_and_cities|five_resource,2,1,0,roads_and_cities,0,1,103,6,10,0,3,0,0,0,0
3,3,10,hybrid_ows|road_building|roads_and_cities|five_resource,2,2,1,five_resource,0,1,103,7,9,3,0,0,0,1,2
3,3,10,hybrid_ows|road_building|roads_and_cities|five_resource,2,3,2,hybrid_ows,1,1,103,10,8,1,2,7,1,0,3
3,3,10,hybrid_ows|road_building|roads_and_cities|five_resource,2,4,3,road_building,0,1,103,2,9,2,0,0,0,0,0
3,3,10,hybrid_ows|road_building|roads_and_cities|five_resource,3,1,0,five_resource,1,1,113,10,13,2,4,0,0,0,0
3,3,10,hybrid_ows|road_building|roads_and_cities|five_resource,3,2,1,hybrid_ows,0,1,113,8,10,2,1,3,1,0,2
3,3,10,hybrid_ows|road_building|roads_and_cities|five_resource,3,3,2,road_building,0,1,113,6,15,2,2,0,0,0,0
3,3,10,hybrid_ows|road_building|roads_and_cities|five_resource,3,4,3,roads_and_cities,0,1,113,9,15,0,3,0,0,1,1
3,3,11,hybrid_ows|road_building|roads_and_cities|port,0,1,0,hybrid_ows,1,1,113,10,7,0,3,6,1,0,2
3,3,11,hybrid_ows|road_building|roads_and_cities|port,0,2,1,road_building,0,1,113,7,11,1,2,0,0,1,0
3,3,11,hybrid_ows|road_building|roads_and_cities|port,0,3,2,roads_and_cities,0,1,113,3,8,2,0,0,0,0,1
3,3,11,hybrid_ows|road_building|roads_and_cities|port,0,4,3,port,0,1,113,6,11,4,0,0,0,0,2
3,3,11,hybrid_ows|road_building|roads_and_cities|port,1,1,0,road_building,0,1,158,6,12,3,0,0,0,1,1
3,3,11,hybrid_ows|road_building|roads_and_cities|port,1,2,1,roads_and_cities,1,1,158,10,15,1,4,0,0,0,1
3,3,11,hybrid_ows|road_building|roads_and_cities|port,1,3,2,port,0,1,158,7,12,3,1,0,0,0,2
3,3,11,hybrid_ows|road_building|roads_and_cities|port,1,4,3,hybrid_ows,0,1,158,6,10,1,1,11,1,0,1
3,3,11,hybrid_ows|road_building|roads_and_cities|port,2,1,0,roads_and_cities,0,1,114,6,13,1,2,0,0,0,1
3,3,11,hybrid_ows|road_building|roads_and_cities|port,2,2,1,port,1,1,114,11,13,1,3,0,0,1,2
3,3,11,hybrid_ows|road_building|roads_and_cities|port,2,3,2,hybrid_ows,0,1,114,8,6,0,2,7,1,0,2
3,3,11,hybrid_ows|road_building|roads_and_cities|port,2,4,3,road_building,0,1,114,3,13,3,0,0,0,0,0
3,3,11,hybrid_ows|road_building|roads_and_cities|port,3,1,0,port,0,1,80,3,9,2,0,0,0,0,1
3,3,11,hybrid_ows|road_building|roads_and_cities|port,3,2,1,hybrid_ows,0,1,80,4,10,3,0,2,0,0,1
3,3,11,hybrid_ows|road_building|roads_and_cities|port,3,3,2,road_building,0,1,80,4,10,2,0,0,0,1,0
3,3,11,hybrid_ows|road_building|roads_and_cities|port,3,4,3,roads_and_cities,1,1,80,10,10,0,4,0,0,0,2
3,3,12,hybrid_ows|road_building|five_resource|port,0,1,0,hybrid_ows,1,1,109,10,9,0,3,10,1,0,2
3,3,12,hybrid_ows|road_building|five_resource|port,0,2,1,road_building,0,1,109,4,15,4,0,0,0,0,0
3,3,12,hybrid_ows|road_building|five_resource|port,0,3,2,five_resource,0,1,109,6,13,2,0,0,0,1,2
3,3,12,hybrid_ows|road_building|five_resource|port,0,4,3,port,0,1,109,5,11,4,0,0,0,0,1
3,3,12,hybrid_ows|road_building|five_resource|port,1,1,0,road_building,1,1,77,10,10,0,4,0,0,1,0
3,3,12,hybrid_ows|road_building|five_resource|port,1,2,1,five_resource,0,1,77,3,4,1,1,0,0,0,0
3,3,12,hybrid_ows|road_building|five_resource|port,1,3,2,port,0,1,77,4,7,3,0,0,0,0,1
3,3,12,hybrid_ows|road_building|five_resource|port,1,4,3,hybrid_ows,0,1,77,6,3,2,0,3,1,0,2
3,3,12,hybrid_ows|road_building|five_resource|port,2,1,0,five_resource,0,1,114,6,12,3,1,0,0,0,1
3,3,12,hybrid_ows|road_building|five_resource|port,2,2,1,port,1,1,114,11,13,1,3,0,0,1,2
3,3,12,hybrid_ows|road_building|five_resource|port,2,3,2,hybrid_ows,0,1,114,8,6,0,2,7,1,0,2
3,3,12,hybrid_ows|road_building|five_resource|port,2,4,3,road_building,0,1,114,3,13,3,0,0,0,0,0
3,3,12,hybrid_ows|road_building|five_resource|port,3,1,0,port,0,1,144,6,7,0,2,0,0,0,2
3,3,12,hybrid_ows|road_building|five_resource|port,3,2,1,hybrid_ows,0,1,144,7,15,0,2,7,1,0,1
3,3,12,hybrid_ows|road_building|five_resource|port,3,3,2,road_building,0,1,144,9,13,4,1,0,0,1,1
3,3,12,hybrid_ows|road_building|five_resource|port,3,4,3,five_resource,1,1,144,10,9,1,4,0,0,0,1
3,3,13,hybrid_ows|roads_and_cities|five_resource|port,0,1,0,hybrid_ows,1,1,97,10,3,0,2,6,1,0,4
3,3,13,hybrid_ows|roads_and_cities|five_resource|port,0,2,1,roads_and_cities,0,1,97,2,6,2,0,0,0,0,0
3,3,13,hybrid_ows|roads_and_cities|five_resource|port,0,3,2,five_resource,0,1,97,4,5,3,0,0,0,0,1
3,3,13,hybrid_ows|roads_and_cities|five_resource|port,0,4,3,port,0,1,97,5,11,3,0,0,0,1,0
3,3,13,hybrid_ows|roads_and_cities|five_resource|port,1,1,0,roads_and_cities,1,1,113,10,15,1,3,0,0,1,1
3,3,13,hybrid_ows|roads_and_cities|five_resource|port,1,2,1,five_resource,0,1,113,8,9,3,2,0,0,0,1
3,3,13,hybrid_ows|roads_and_cities|five_resource|port,1,3,2,port,0,1,113,5,13,4,0,0,0,0,1
3,3,13,hybrid_ows|roads_and_cities|five_resource|port,1,4,3,hybrid_ows,0,1,113,5,9,2,0,5,1,0,1
3,3,13,hybrid_ows|roads_and_cities|five_resource|port,2,1,0,five_resource,1,1,101,10,9,0,3,0,0,0,4
3,3,13,hybrid_ows|roads_and_cities|five_resource|port,2,2,1,port,0,1,101,3,8,3,0,0,0,0,0
3,3,13,hybrid_ows|roads_and_cities|five_resource|port,2,3,2,hybrid_ows,0,1,101,6,3,1,1,9,1,0,1
3,3,13,hybrid_ows|roads_and_cities|five_resource|port,2,4,3,roads_and_cities,0,1,101,4,15,2,0,0,0,1,0
3,3,13,hybrid_ows|roads_and_cities|five_resource|port,3,1,0,port,0,1,179,6,15,2,2,0,0,0,0
3,3,13,hybrid_ows|roads_and_cities|five_resource|port,3,2,1,hybrid_ows,0,1,179,9,11,0,2,8,1,0,3
3,3,13,hybrid_ows|roads_and_cities|five_resource|port,3,3,2,roads_and_cities,1,1,179,11,15,0,4,0,0,1,1
3,3,13,hybrid_ows|roads_and_cities|five_resource|port,3,4,3,five_resource,0,1,179,4,11,3,0,0,0,0,1
3,3,14,road_building|roads_and_cities|five_resource|port,0,1,0,road_building,0,1,140,5,15,5,0,0,0,0,0
3,3,14,road_building|roads_and_cities|five_resource|port,0,2,1,roads_and_cities,0,1,140,5,15,1,1,0,0,1,0
3,3,14,road_building|roads_and_cities|five_resource|port,0,3,2,five_resource,0,1,140,4,7,3,0,0,0,0,1
3,3,14,road_building|roads_and_cities|five_resource|port,0,4,3,port,1,1,140,10,13,1,3,0,0,0,3
3,3,14,road_building|roads_and_cities|five_resource|port,1,1,0,roads_and_cities,1,1,105,10,13,3,2,0,0,1,1
3,3,14,road_building|roads_and_cities|five_resource|port,1,2,1,five_resource,0,1,105,4,11,2,0,0,0,0,2
3,3,14,road_building|roads_and_cities|five_resource|port,1,3,2,port,0,1,105,6,15,5,0,0,0,0,1
3,3,14,road_building|roads_and_cities|five_resource|port,1,4,3,road_building,0,1,105,6,13,2,2,0,0,0,0
3,3,14,road_building|roads_and_cities|five_resource|port,2,1,0,five_resource,0,1,95,9,12,1,4,0,0,0,0
3,3,14,road_building|roads_and_cities|five_resource|port,2,2,1,port,0,1,95,4,12,3,0,0,0,0,1
3,3,14,road_building|roads_and_cities|five_resource|port,2,3,2,road_building,1,1,95,10,12,4,2,0,0,1,0
3,3,14,road_building|roads_and_cities|five_resource|port,2,4,3,roads_and_cities,0,1,95,5,10,0,2,0,0,0,1
3,3,14,road_building|roads_and_cities|five_resource|port,3,1,0,port,0,1,86,5,6,2,0,0,0,0,3
3,3,14,road_building|roads_and_cities|five_resource|port,3,2,1,road_building,1,1,86,10,8,0,4,0,0,1,0
3,3,14,road_building|roads_and_cities|five_resource|port,3,3,2,roads_and_cities,0,1,86,4,9,0,2,0,0,0,0
3,3,14,road_building|roads_and_cities|five_resource|port,3,4,3,five_resource,0,1,86,4,7,2,1,0,0,0,0
4,4,0,full_ows|hybrid_ows|road_building|roads_and_cities,0,1,0,full_ows,1,1,69,10,13,0,3,2,0,1,2
4,4,0,full_ows|hybrid_ows|road_building|roads_and_cities,0,2,1,hybrid_ows,0,1,69,2,5,2,0,0,0,0,0
4,4,0,full_ows|hybrid_ows|road_building|roads_and_cities,0,3,2,road_building,0,1,69,3,11,3,0,0,0,0,0
4,4,0,full_ows|hybrid_ows|road_building|roads_and_cities,0,4,3,roads_and_cities,0,1,69,3,8,2,0,0,0,0,1
4,4,0,full_ows|hybrid_ows|road_building|roads_and_cities,1,1,0,hybrid_ows,0,1,96,6,13,0,2,4,0,0,2
4,4,0,full_ows|hybrid_ows|road_building|roads_and_cities,1,2,1,road_building,0,1,96,4,9,4,0,0,0,0,0
4,4,0,full_ows|hybrid_ows|road_building|roads_and_cities,1,3,2,roads_and_cities,0,1,96,3,10,3,0,0,0,0,0
4,4,0,full_ows|hybrid_ows|road_building|roads_and_cities,1,4,3,full_ows,1,1,96,11,12,0,2,5,1,1,3
4,4,0,full_ows|hybrid_ows|road_building|roads_and_cities,2,1,0,road_building,0,1,147,6,14,4,0,0,0,1,0
4,4,0,full_ows|hybrid_ows|road_building|roads_and_cities,2,2,1,roads_and_cities,0,1,147,9,15,1,4,0,0,0,0
4,4,0,full_ows|hybrid_ows|road_building|roads_and_cities,2,3,2,full_ows,1,1,147,11,12,0,3,7,1,0,3
4,4,0,full_ows|hybrid_ows|road_building|roads_and_cities,2,4,3,hybrid_ows,0,1,147,7,14,1,2,3,0,0,2
4,4,0,full_ows|hybrid_ows|road_building|roads_and_cities,3,1,0,roads_and_cities,0,1,58,3,8,1,1,0,0,0,0
4,4,0,full_ows|hybrid_ows|road_building|roads_and_cities,3,2,1,full_ows,1,1,58,10,11,1,2,3,1,1,1
4,4,0,full_ows|hybrid_ows|road_building|roads_and_cities,3,3,2,hybrid_ows,0,1,58,6,4,0,2,0,0,0,2
4,4,0,full_ows|hybrid_ows|road_building|roads_and_cities,3,4,3,road_building,0,1,58,3,6,3,0,0,0,0,0
4,4,1,full_ows|hybrid_ows|road_building|five_resource,0,1,0,full_ows,1,1,113,10,8,0,3,7,1,0,2
4,4,1,full_ows|hybrid_ows|road_building|five_resource,0,2,1,hybrid_ows,0,1,113,8,7,1,2,6,0,0,3
4,4,1,full_ows|hybrid_ows|road_building|five_resource,0,3,2,road_building,0,1,113,5,11,3,0,0,0,1,0
4,4,1,full_ows|hybrid_ows|road_building|five_resource,0,4,3,five_resource,0,1,113,2,10,2,0,0,0,0,0
4,4,1,full_ows|hybrid_ows|road_building|five_resource,1,1,0,hybrid_ows,1,1,133,11,13,0,4,4,0,0,3
4,4,1,full_ows|hybrid_ows|road_building|five_resource,1,2,1,road_building,0,1,133,6,13,2,1,0,0,1,0
4,4,1,full_ows|hybrid_ows|road_building|five_resource,1,3,2,five_resource,0,1,133,3,10,1,1,0,0,0,0
4,4,1,full_ows|hybrid_ows|road_building|five_resource,1,4,3,full_ows,0,1,133,8,7,0,2,9,1,0,2
4,4,1,full_ows|hybrid_ows|road_building|five_resource,2,1,0,road_building,0,1,94,3,9,2,0,0,0,0,1
4,4,1,full_ows|hybrid_ows|road_building|five_resource,2,2,1,five_resource,1,1,94,10,11,4,1,0,0,1,2
4,4,1,full_ows|hybrid_ows|road_building|five_resource,2,3,2,full_ows,0,1,94,6,8,0,2,5,1,0,0
4,4,1,full_ows|hybrid_ows|road_building|five_resource,2,4,3,hybrid_ows,0,1,94,6,13,1,2,0,0,0,1
4,4,1,full_ows|hybrid_ows|road_building|five_resource,3,1,0,five_resource,0,1,70,4,5,4,0,0,0,0,0
4,4,1,full_ows|hybrid_ows|road_building|five_resource,3,2,1,full_ows,1,1,70,10,8,0,2,3,1,1,2
4,4,1,full_ows|hybrid_ows|road_building|five_resource,3,3,2,hybrid_ows,0,1,70,5,7,1,1,2,0,0,2
4,4,1,full_ows|hybrid_ows|road_building|five_resource,3,4,3,road_building,0,1,70,2,9,2,0,0,0,0,0
4,4,2,full_ows|hybrid_ows|road_building|port,0,1,0,full_ows,1,1,117,10,6,1,2,7,1,0,3
4,4,2,full_ows|hybrid_ows|road_building|port,0,2,1,hybrid_ows,0,1,117,5,8,0,2,5,0,0,1
4,4,2,full_ows|hybrid_ows|road_building|port,0,3,2,road_building,0,1,117,5,14,3,0,0,0,1,0
4,4,2,full_ows|hybrid_ows|road_building|port,0,4,3,port,0,1,117,2,15,2,0,0,0,0,0
4,4,2,full_ows|hybrid_ows|road_building|port,1,1,0,hybrid_ows,1,1,129,10,15,2,0,6,1,1,4
4,4,2,full_ows|hybrid_ows|road_building|port,1,2,1,road_building,0,1,129,2,15,2,0,0,0,0,0
4,4,2,full_ows|hybrid_ows|road_building|port,1,3,2,port,0,1,129,2,11,2,0,0,0,0,0
4,4,2,full_ows|hybrid_ows|road_building|port,1,4,3,full_ows,0,1,129,7,9,0,3,5,0,0,1
4,4,2,full_ows|hybrid_ows|road_building|port,2,1,0,road_building,0,1,152,7,14,5,0,0,0,1,0
4,4,2,full_ows|hybrid_ows|road_building|port,2,2,1,port,0,1,152,9,15,1,4,0,0,0,0
4,4,2,full_ows|hybrid_ows|road_building|port,2,3,2,full_ows,0,1,152,9,10,0,2,9,1,0,3
4,4,2,full_ows|hybrid_ows|road_building|port,2,4,3,hybrid_ows,1,1,152,10,14,0,4,3,0,0,2
4,4,2,full_ows|hybrid_ows|road_building|port,3,1,0,port,0,1,86,5,15,3,0,0,0,1,0
4,4,2,full_ows|hybrid_ows|road_building|port,3,2,1,full_ows,1,1,86,10,10,0,3,9,1,0,2
4,4,2,full_ows|hybrid_ows|road_building|port,3,3,2,hybrid_ows,0,1,86,6,4,0,2,0,0,0,2
4,4,2,full_ows|hybrid_ows|road_building|port,3,4,3,road_building,0,1,86,5,8,5,0,0,0,0,0
4,4,3,full_ows|hybrid_ows|roads_and_cities|five_resource,0,1,0,full_ows,1,1,121,10,13,1,2,8,1,0,3
4,4,3,full_ows|hybrid_ows|roads_and_cities|five_resource,0,2,1,hybrid_ows,0,1,121,5,5,1,1,4,0,0,2
4,4,3,full_ows|hybrid_ows|roads_and_cities|five_resource,0,3,2,roads_and_cities,0,1,121,6,15,2,1,0,0,1,0
4,4,3,full_ows|hybrid_ows|roads_and_cities|five_resource,0,4,3,five_resource,0,1,121,4,15,4,0,0,0,0,0
4,4,3,full_ows|hybrid_ows|roads_and_cities|five_resource,1,1,0,hybrid_ows,0,1,108,5,15,1,1,4,0,1,0
4,4,3,full_ows|hybrid_ows|roads_and_cities|five_resource,1,2,1,roads_and_cities,0,1,108,3,15,2,0,0,0,0,1
4,4,3,full_ows|hybrid_ows|roads_and_cities|five_resource,1,3,2,five_resource,0,1,108,5,9,4,0,0,0,0,1
4,4,3,full_ows|hybrid_ows|roads_and_cities|five_resource,1,4,3,full_ows,1,1,108,10,6,0,3,5,1,0,2
4,4,3,full_ows|hybrid_ows|roads_and_cities|five_resource,2,1,0,roads_and_cities,1,1,125,12,15,1,4,0,0,1,1
4,4,3,full_ows|hybrid_ows|roads_and_cities|five_resource,2,2,1,five_resource,0,1,125,2,15,2,0,0,0,0,0
4,4,3,full_ows|hybrid_ows|roads_and_cities|five_resource,2,3,2,full_ows,0,1,125,9,11,0,2,7,1,0,3
4,4,3,full_ows|hybrid_ows|roads_and_cities|five_resource,2,4,3,hybrid_ows,0,1,125,6,4,1,2,5,0,0,1
4,4,3,full_ows|hybrid_ows|roads_and_cities|five_resource,3,1,0,five_resource,0,1,119,8,13,5,0,0,0,1,1
4,4,3,full_ows|hybrid_ows|roads_and_cities|five_resource,3,2,1,full_ows,0,1,119,8,9,0,3,3,0,0,2
4,4,3,full_ows|hybrid_ows|roads_and_cities|five_resource,3,3,2,hybrid_ows,1,1,119,10,14,1,3,4,1,0,1
4,4,3,full_ows|hybrid_ows|roads_and_cities|five_resource,3,4,3,roads_and_cities,0,1,119,5,15,3,1,0,0,0,0
4,4,4,full_ows|hybrid_ows|roads_and_cities|port,0,1,0,full_ows,1,1,61,11,10,0,3,4,1,1,1
4,4,4,full_ows|hybrid_ows|roads_and_cities|port,0,2,1,hybrid_ows,0,1,61,3,5,2,0,0,0,0,1
4,4,4,full_ows|hybrid_ows|roads_and_cities|port,0,3,2,roads_and_cities,0,1,61,3,8,1,1,0,0,0,0
4,4,4,full_ows|hybrid_ows|roads_and_cities|port,0,4,3,port,0,1,61,3,8,2,0,0,0,0,1
4,4,4,full_ows|hybrid_ows|roads_and_cities|port,1,1,0,hybrid_ows,0,1,52,3,7,3,0,2,0,0,0
4,4,4,full_ows|hybrid_ows|roads_and_cities|port,1,2,1,roads_and_cities,0,1,52,4,4,3,0,0,0,0,1
4,4,4,full_ows|hybrid_ows|roads_and_cities|port,1,3,2,port,0,1,52,3,8,3,0,0,0,0,0
4,4,4,full_ows|hybrid_ows|roads_and_cities|port,1,4,3,full_ows,1,1,52,10,7,0,2,3,1,1,2
4,4,4,full_ows|hybrid_ows|roads_and_cities|port,2,1,0,roads_and_cities,0,1,47,2,6,2,0,0,0,0,0
4,4,4,full_ows|hybrid_ows|roads_and_cities|port,2,2,1,port,0,1,47,2,8,2,0,0,0,0,0
4,4,4,full_ows|hybrid_ows|roads_and_cities|port,2,3,2,full_ows,1,1,47,10,7,0,2,3,1,1,2
4,4,4,full_ows|hybrid_ows|roads_and_cities|port,2,4,3,hybrid_ows,0,1,47,3,3,2,0,0,0,0,1
4,4,4,full_ows|hybrid_ows|roads_and_cities|port,3,1,0,port,1,1,101,10,15,4,2,0,0,1,0
4,4,4,full_ows|hybrid_ows|roads_and_cities|port,3,2,1,full_ows,0,1,101,8,7,0,2,6,1,0,2
4,4,4,full_ows|hybrid_ows|roads_and_cities|port,3,3,2,hybrid_ows,0,1,101,5,6,1,1,3,0,0,2
4,4,4,full_ows|hybrid_ows|roads_and_cities|port,3,4,3,roads_and_cities,0,1,101,6,15,2,2,0,0,0,0
4,4,5,full_ows|hybrid_ows|five_resource|port,0,1,0,full_ows,1,1,161,10,15,1,3,4,0,0,3
4,4,5,full_ows|hybrid_ows|five_resource|port,0,2,1,hybrid_ows,0,1,161,9,7,0,3,5,1,0,1
4,4,5,full_ows|hybrid_ows|five_resource|port,0,3,2,five_resource,0,1,161,7,15,4,1,0,0,0,1
4,4,5,full_ows|hybrid_ows|five_resource|port,0,4,3,port,0,1,161,6,15,4,0,0,0,1,0
4,4,5,full_ows|hybrid_ows|five_resource|port,1,1,0,hybrid_ows,1,1,121,10,15,1,2,8,1,1,1
4,4,5,full_ows|hybrid_ows|five_resource|port,1,2,1,five_resource,0,1,121,6,9,3,1,0,0,0,1
4,4,5,full_ows|hybrid_ows|five_resource|port,1,3,2,port,0,1,121,3,15,3,0,0,0,0,0
4,4,5,full_ows|hybrid_ows|five_resource|port,1,4,3,full_ows,0,1,121,6,10,1,1,3,0,0,3
4,4,5,full_ows|hybrid_ows|five_resource|port,2,1,0,five_resource,1,1,101,10,7,0,4,0,0,0,2
4,4,5,full_ows|hybrid_ows|five_resource|port,2,2,1,port,0,1,101,4,14,2,0,0,0,1,0
4,4,5,full_ows|hybrid_ows|five_resource|port,2,3,2,full_ows,0,1,101,9,7,0,2,8,1,0,3
4,4,5,full_ows|hybrid_ows|five_resource|port,2,4,3,hybrid_ows,0,1,101,2,7,2,0,4,0,0,0
4,4,5,full_ows|hybrid_ows|five_resource|port,3,1,0,port,0,1,118,8,14,4,1,0,0,1,0
4,4,5,full_ows|hybrid_ows|five_resource|port,3,2,1,full_ows,1,1,118,10,9,0,3,4,1,0,2
4,4,5,full_ows|hybrid_ows|five_resource|port,3,3,2,hybrid_ows,0,1,118,9,12,1,3,2,0,0,2
4,4,5,full_ows|hybrid_ows|five_resource|port,3,4,3,five_resource,0,1,118,5,11,4,0,0,0,0,1
4,4,6,full_ows|road_building|roads_and_cities|five_resource,0,1,0,full_ows,1,1,53,11,8,1,2,3,1,1,2
4,4,6,full_ows|road_building|roads_and_cities|five_resource,0,2,1,road_building,0,1,53,2,11,2,0,0,0,0,0
4,4,6,full_ows|road_building|roads_and_cities|five_resource,0,3,2,roads_and_cities,0,1,53,4,4,1,1,0,0,0,1
4,4,6,full_ows|road_building|roads_and_cities|five_resource,0,4,3,five_resource,0,1,53,2,7,2,0,0,0,0,0
4,4,6,full_ows|road_building|roads_and_cities|five_resource,1,1,0,road_building,0,1,76,3,12,3,0,0,0,0,0
4,4,6,full_ows|road_building|roads_and_cities|five_resource,1,2,1,roads_and_cities,0,1,76,5,10,1,2,0,0,0,0
4,4,6,full_ows|road_building|roads_and_cities|five_resource,1,3,2,five_resource,0,1,76,3,9,2,0,0,0,0,1
4,4,6,full_ows|road_building|roads_and_cities|five_resource,1,4,3,full_ows,1,1,76,10,10,0,2,5,1,1,2
4,4,6,full_ows|road_building|roads_and_cities|five_resource,2,1,0,roads_and_cities,0,1,79,3,9,3,0,0,0,0,0
4,4,6,full_ows|road_building|roads_and_cities|five_resource,2,2,1,five_resource,0,1,79,5,6,2,1,0,0,0,1
4,4,6,full_ows|road_building|roads_and_cities|five_resource,2,3,2,full_ows,1,1,79,10,10,0,2,3,1,1,2
4,4,6,full_ows|road_building|roads_and_cities|five_resource,2,4,3,road_building,0,1,79,2,8,2,0,0,0,0,0
4,4,6,full_ows|road_building|roads_and_cities|five_resource,3,1,0,five_resource,0,1,142,6,15,4,1,0,0,0,0
4,4,6,full_ows|road_building|roads_and_cities|five_resource,3,2,1,full_ows,1,1,142,10,15,0,3,6,1,0,2
4,4,6,full_ows|road_building|roads_and_cities|five_resource,3,3,2,road_building,0,1,142,8,15,4,2,0,0,0,0
4,4,6,full_ows|road_building|roads_and_cities|five_resource,3,4,3,roads_and_cities,0,1,142,7,15,2,0,0,0,1,3
4,4,7,full_ows|road_building|roads_and_cities|port,0,1,0,full_ows,1,1,149,10,9,1,2,8,1,0,3
4,4,7,full_ows|road_building|roads_and_cities|port,0,2,1,road_building,0,1,149,6,15,3,0,0,0,1,1
4,4,7,full_ows|road_building|roads_and_cities|port,0,3,2,roads_and_cities,0,1,149,8,7,0,4,0,0,0,0
4,4,7,full_ows|road_building|roads_and_cities|port,0,4,3,port,0,1,149,6,15,1,2,0,0,0,1
4,4,7,full_ows|road_building|roads_and_cities|port,1,1,0,road_building,0,1,124,3,15,3,0,0,0,0,0
4,4,7,full_ows|road_building|roads_and_cities|port,1,2,1,roads_and_cities,0,1,124,8,15,3,1,0,0,1,1
4,4,7,full_ows|road_building|roads_and_cities|port,1,3,2,port,0,1,124,5,14,5,0,0,0,0,0
4,4,7,full_ows|road_building|roads_and_cities|port,1,4,3,full_ows,1,1,124,10,8,0,2,7,1,0,4
4,4,7,full_ows|road_building|roads_and_cities|port,2,1,0,roads_and_cities,0,1,55,3,8,3,0,0,0,0,0
4,4,7,full_ows|road_building|roads_and_cities|port,2,2,1,port,0,1,55,3,6,2,0,0,0,0,1
4,4,7,full_ows|road_building|roads_and_cities|port,2,3,2,full_ows,1,1,55,10,10,0,2,3,1,1,2
4,4,7,full_ows|road_building|roads_and_cities|port,2,4,3,road_building,0,1,55,2,8,2,0,0,0,0,0
4,4,7,full_ows|road_building|roads_and_cities|port,3,1,0,port,1,1,137,10,15,0,4,0,0,1,0
4,4,7,full_ows|road_building|roads_and_cities|port,3,2,1,full_ows,0,1,137,9,10,0,2,6,1,0,3
4,4,7,full_ows|road_building|roads_and_cities|port,3,3,2,road_building,0,1,137,5,15,3,0,0,0,0,2
4,4,7,full_ows|road_building|roads_and_cities|port,3,4,3,roads_and_cities,0,1,137,8,9,2,3,0,0,0,0
4,4,8,full_ows|road_building|five_resource|port,0,1,0,full_ows,1,1,117,10,7,1,2,11,1,0,3
4,4,8,full_ows|road_building|five_resource|port,0,2,1,road_building,0,1,117,2,11,2,0,0,0,0,0
4,4,8,full_ows|road_building|five_resource|port,0,3,2,five_resource,0,1,117,2,13,2,0,0,0,0,0
4,4,8,full_ows|road_building|five_resource|port,0,4,3,port,0,1,117,7,10,3,0,0,0,1,2
4,4,8,full_ows|road_building|five_resource|port,1,1,0,road_building,0,1,78,2,10,2,0,0,0,0,0
4,4,8,full_ows|road_building|five_resource|port,1,2,1,five_resource,1,1,78,10,12,0,4,0,0,1,0
4,4,8,full_ows|road_building|five_resource|port,1,3,2,port,0,1,78,3,9,2,0,0,0,0,1
4,4,8,full_ows|road_building|five_resource|port,1,4,3,full_ows,0,1,78,8,6,0,2,3,1,0,2
4,4,8,full_ows|road_building|five_resource|port,2,1,0,five_resource,0,1,71,5,6,4,0,0,0,0,1
4,4,8,full_ows|road_building|five_resource|port,2,2,1,port,0,1,71,2,10,2,0,0,0,0,0
4,4,8,full_ows|road_building|five_resource|port,2,3,2,full_ows,1,1,71,10,10,0,2,3,1,1,2
4,4,8,full_ows|road_building|five_resource|port,2,4,3,road_building,0,1,71,2,14,2,0,0,0,0,0
4,4,8,full_ows|road_building|five_resource|port,3,1,0,port,1,1,97,10,15,2,3,0,0,1,0
4,4,8,full_ows|road_building|five_resource|port,3,2,1,full_ows,0,1,97,5,10,0,2,2,0,0,1
4,4,8,full_ows|road_building|five_resource|port,3,3,2,road_building,0,1,97,3,10,2,0,0,0,0,1
4,4,8,full_ows|road_building|five_resource|port,3,4,3,five_resource,0,1,97,5,9,4,0,0,0,0,1
4,4,9,full_ows|roads_and_cities|five_resource|port,0,1,0,full_ows,1,1,113,10,3,1,2,10,1,0,3
4,4,9,full_ows|roads_and_cities|five_resource|port,0,2,1,roads_and_cities,0,1,113,7,15,2,2,0,0,0,1
4,4,9,full_ows|roads_and_cities|five_resource|port,0,3,2,five_resource,0,1,113,7,14,5,0,0,0,1,0
4,4,9,full_ows|roads_and_cities|five_resource|port,0,4,3,port,0,1,113,5,10,4,0,0,0,0,1
4,4,9,full_ows|roads_and_cities|five_resource|port,1,1,0,roads_and_cities,1,1,93,10,15,0,4,0,0,1,0
4,4,9,full_ows|roads_and_cities|five_resource|port,1,2,1,five_resource,0,1,93,6,7,3,0,0,0,0,3
4,4,9,full_ows|roads_and_cities|five_resource|port,1,3,2,port,0,1,93,2,15,2,0,0,0,0,0
4,4,9,full_ows|roads_and_cities|five_resource|port,1,4,3,full_ows,0,1,93,7,8,0,2,9,1,0,1
4,4,9,full_ows|roads_and_cities|five_resource|port,2,1,0,five_resource,0,1,67,3,9,3,0,0,0,0,0
4,4,9,full_ows|roads_and_cities|five_resource|port,2,2,1,port,0,1,67,2,7,2,0,0,0,0,0
4,4,9,full_ows|roads_and_cities|five_resource|port,2,3,2,full_ows,1,1,67,11,10,0,2,3,1,1,3
4,4,9,full_ows|roads_and_cities|five_resource|port,2,4,3,roads_and_cities,0,1,67,4,10,2,1,0,0,0,0
4,4,9,full_ows|roads_and_cities|five_resource|port,3,1,0,port,0,1,131,4,15,3,0,0,0,0,1
4,4,9,full_ows|roads_and_cities|five_resource|port,3,2,1,full_ows,0,1,131,9,7,1,2,6,1,0,2
4,4,9,full_ows|roads_and_cities|five_resource|port,3,3,2,roads_and_cities,1,1,131,10,15,0,4,0,0,1,0
4,4,9,full_ows|roads_and_cities|five_resource|port,3,4,3,five_resource,0,1,131,3,12,2,0,0,0,0,1
4,4,10,hybrid_ows|road_building|roads_and_cities|five_resource,0,1,0,hybrid_ows,1,1,93,10,15,0,4,3,1,0,0
4,4,10,hybrid_ows|road_building|roads_and_cities|five_resource,0,2,1,road_building,0,1,93,3,15,3,0,0,0,0,0
4,4,10,hybrid_ows|road_building|roads_and_cities|five_resource,0,3,2,roads_and_cities,0,1,93,7,11,3,1,0,0,1,0
4,4,10,hybrid_ows|road_building|roads_and_cities|five_resource,0,4,3,five_resource,0,1,93,8,5,1,2,0,0,0,3
4,4,10,hybrid_ows|road_building|roads_and_cities|five_resource,1,1,0,road_building,0,1,138,2,15,2,0,0,0,0,0
4,4,10,hybrid_ows|road_building|roads_and_cities|five_resource,1,2,1,roads_and_cities,1,1,138,11,15,1,4,0,0,1,0
4,4,10,hybrid_ows|road_building|roads_and_cities|five_resource,1,3,2,five_resource,0,1,138,3,9,3,0,0,0,0,0
4,4,10,hybrid_ows|road_building|roads_and_cities|five_resource,1,4,3,hybrid_ows,0,1,138,9,9,0,2,5,1,0,3
4,4,10,hybrid_ows|road_building|roads_and_cities|five_resource,2,1,0,roads_and_cities,1,1,121,10,15,1,3,0,0,1,1
4,4,10,hybrid_ows|road_building|roads_and_cities|five_resource,2,2,1,five_resource,0,1,121,2,12,2,0,0,0,0,0
4,4,10,hybrid_ows|road_building|roads_and_cities|five_resource,2,3,2,hybrid_ows,0,1,121,6,15,0,2,2,0,0,2
4,4,10,hybrid_ows|road_building|roads_and_cities|five_resource,2,4,3,road_building,0,1,121,4,15,4,0,0,0,0,0
4,4,10,hybrid_ows|road_building|roads_and_cities|five_resource,3,1,0,five_resource,0,1,152,6,15,5,0,0,0,0,1
4,4,10,hybrid_ows|road_building|roads_and_cities|five_resource,3,2,1,hybrid_ows,0,1,152,9,14,0,3,4,1,0,1
4,4,10,hybrid_ows|road_building|roads_and_cities|five_resource,3,3,2,road_building,0,1,152,7,15,4,0,0,0,1,1
4,4,10,hybrid_ows|road_building|roads_and_cities|five_resource,3,4,3,roads_and_cities,1,1,152,10,15,0,4,0,0,0,2
4,4,11,hybrid_ows|road_building|roads_and_cities|port,0,1,0,hybrid_ows,1,1,133,10,14,3,1,4,1,0,3
4,4,11,hybrid_ows|road_building|roads_and_cities|port,0,2,1,road_building,0,1,133,6,12,4,0,0,0,1,0
4,4,11,hybrid_ows|road_building|roads_and_cities|port,0,3,2,roads_and_cities,0,1,133,4,9,2,1,0,0,0,0
4,4,11,hybrid_ows|road_building|roads_and_cities|port,0,4,3,port,0,1,133,5,15,5,0,0,0,0,0
4,4,11,hybrid_ows|road_building|roads_and_cities|port,1,1,0,road_building,0,1,156,4,10,3,0,0,0,0,1
4,4,11,hybrid_ows|road_building|roads_and_cities|port,1,2,1,roads_and_cities,0,1,156,7,15,1,3,0,0,0,0
4,4,11,hybrid_ows|road_building|roads_and_cities|port,1,3,2,port,0,1,156,6,15,4,0,0,0,1,0
4,4,11,hybrid_ows|road_building|roads_and_cities|port,1,4,3,hybrid_ows,1,1,156,10,15,0,2,8,1,0,4
4,4,11,hybrid_ows|road_building|roads_and_cities|port,2,1,0,roads_and_cities,0,1,99,7,14,1,2,0,0,1,0
4,4,11,hybrid_ows|road_building|roads_and_cities|port,2,2,1,port,0,1,99,4,8,3,0,0,0,0,1
4,4,11,hybrid_ows|road_building|roads_and_cities|port,2,3,2,hybrid_ows,1,1,99,10,8,0,3,4,1,0,2
4,4,11,hybrid_ows|road_building|roads_and_cities|port,2,4,3,road_building,0,1,99,5,11,5,0,0,0,0,0
4,4,11,hybrid_ows|road_building|roads_and_cities|port,3,1,0,port,0,1,142,5,15,3,0,0,0,1,0
4,4,11,hybrid_ows|road_building|roads_and_cities|port,3,2,1,hybrid_ows,1,1,142,10,8,0,3,7,1,0,2
4,4,11,hybrid_ows|road_building|roads_and_cities|port,3,3,2,road_building,0,1,142,5,15,5,0,0,0,0,0
4,4,11,hybrid_ows|road_building|roads_and_cities|port,3,4,3,roads_and_cities,0,1,142,7,14,3,1,0,0,0,2
4,4,12,hybrid_ows|road_building|five_resource|port,0,1,0,hybrid_ows,1,1,97,10,15,2,1,3,1,1,2
4,4,12,hybrid_ows|road_building|five_resource|port,0,2,1,road_building,0,1,97,3,9,3,0,0,0,0,0
4,4,12,hybrid_ows|road_building|five_resource|port,0,3,2,five_resource,0,1,97,3,14,3,0,0,0,0,0
4,4,12,hybrid_ows|road_building|five_resource|port,0,4,3,port,0,1,97,4,9,3,0,0,0,0,1
4,4,12,hybrid_ows|road_building|five_resource|port,1,1,0,road_building,0,1,58,2,7,2,0,0,0,0,0
4,4,12,hybrid_ows|road_building|five_resource|port,1,2,1,five_resource,1,1,58,10,8,2,2,0,0,1,2
4,4,12,hybrid_ows|road_building|five_resource|port,1,3,2,port,0,1,58,3,7,2,0,0,0,0,1
4,4,12,hybrid_ows|road_building|five_resource|port,1,4,3,hybrid_ows,0,1,58,3,4,1,1,1,0,0,0
4,4,12,hybrid_ows|road_building|five_resource|port,2,1,0,five_resource,0,1,124,8,11,3,2,0,0,0,1
4,4,12,hybrid_ows|road_building|five_resource|port,2,2,1,port,0,1,124,3,13,3,0,0,0,0,0
4,4,12,hybrid_ows|road_building|five_resource|port,2,3,2,hybrid_ows,0,1,124,7,10,1,1,4,1,0,2
4,4,12,hybrid_ows|road_building|five_resource|port,2,4,3,road_building,1,1,124,10,11,4,1,0,0,1,2
4,4,12,hybrid_ows|road_building|five_resource|port,3,1,0,port,0,1,142,5,15,4,0,0,0,0,1
4,4,12,hybrid_ows|road_building|five_resource|port,3,2,1,hybrid_ows,1,1,142,10,15,0,2,9,1,1,2
4,4,12,hybrid_ows|road_building|five_resource|port,3,3,2,road_building,0,1,142,4,15,2,1,0,0,0,0
4,4,12,hybrid_ows|road_building|five_resource|port,3,4,3,five_resource,0,1,142,7,12,5,0,0,0,0,2
4,4,13,hybrid_ows|roads_and_cities|five_resource|port,0,1,0,hybrid_ows,1,1,125,10,15,0,2,8,1,1,2
4,4,13,hybrid_ows|roads_and_cities|five_resource|port,0,2,1,roads_and_cities,0,1,125,8,11,3,2,0,0,0,1
4,4,13,hybrid_ows|roads_and_cities|five_resource|port,0,3,2,five_resource,0,1,125,4,9,3,0,0,0,0,1
4,4,13,hybrid_ows|roads_and_cities|five_resource|port,0,4,3,port,0,1,125,3,14,2,0,0,0,0,1
4,4,13,hybrid_ows|roads_and_cities|five_resource|port,1,1,0,roads_and_cities,1,1,121,10,15,2,4,0,0,0,0
4,4,13,hybrid_ows|roads_and_cities|five_resource|port,1,2,1,five_resource,0,1,121,5,6,2,0,0,0,0,3
4,4,13,hybrid_ows|roads_and_cities|five_resource|port,1,3,2,port,0,1,121,6,15,4,0,0,0,1,0
4,4,13,hybrid_ows|roads_and_cities|five_resource|port,1,4,3,hybrid_ows,0,1,121,6,13,0,2,3,1,0,0
4,4,13,hybrid_ows|roads_and_cities|five_resource|port,2,1,0,five_resource,1,1,153,10,15,3,2,0,0,1,1
4,4,13,hybrid_ows|roads_and_cities|five_resource|port,2,2,1,port,0,1,153,7,9,4,0,0,0,0,3
4,4,13,hybrid_ows|roads_and_cities|five_resource|port,2,3,2,hybrid_ows,0,1,153,6,15,1,1,5,1,0,1
4,4,13,hybrid_ows|roads_and_cities|five_resource|port,2,4,3,roads_and_cities,0,1,153,7,15,1,3,0,0,0,0
4,4,13,hybrid_ows|roads_and_cities|five_resource|port,3,1,0,port,1,1,113,10,15,3,2,0,0,1,1
4,4,13,hybrid_ows|roads_and_cities|five_resource|port,3,2,1,hybrid_ows,0,1,113,7,3,1,1,4,1,0,2
4,4,13,hybrid_ows|roads_and_cities|five_resource|port,3,3,2,roads_and_cities,0,1,113,4,15,0,2,0,0,0,0
4,4,13,hybrid_ows|roads_and_cities|five_resource|port,3,4,3,five_resource,0,1,113,5,12,2,1,0,0,0,1
4,4,14,road_building|roads_and_cities|five_resource|port,0,1,0,road_building,0,1,62,2,10,2,0,0,0,0,0
4,4,14,road_building|roads_and_cities|five_resource|port,0,2,1,roads_and_cities,1,1,62,10,10,0,4,0,0,1,0
4,4,14,road_building|roads_and_cities|five_resource|port,0,3,2,five_resource,0,1,62,3,4,2,0,0,0,0,1
4,4,14,road_building|roads_and_cities|five_resource|port,0,4,3,port,0,1,62,3,8,3,0,0,0,0,0
4,4,14,road_building|roads_and_cities|five_resource|port,1,1,0,roads_and_cities,1,1,101,10,15,0,4,0,0,0,2
4,4,14,road_building|roads_and_cities|five_resource|port,1,2,1,five_resource,0,1,101,3,3,1,1,0,0,0,0
4,4,14,road_building|roads_and_cities|five_resource|port,1,3,2,port,0,1,101,3,15,3,0,0,0,0,0
4,4,14,road_building|roads_and_cities|five_resource|port,1,4,3,road_building,0,1,101,6,10,4,0,0,0,1,0
4,4,14,road_building|roads_and_cities|five_resource|port,2,1,0,five_resource,0,1,120,6,14,5,0,0,0,0,1
4,4,14,road_building|roads_and_cities|five_resource|port,2,2,1,port,0,1,120,3,15,2,0,0,0,0,1
4,4,14,road_building|roads_and_cities|five_resource|port,2,3,2,road_building,0,1,120,5,15,3,0,0,0,1,0
4,4,14,road_building|roads_and_cities|five_resource|port,2,4,3,roads_and_cities,1,1,120,10,10,1,4,0,0,0,1
4,4,14,road_building|roads_and_cities|five_resource|port,3,1,0,port,0,1,136,7,15,4,0,0,0,1,1
4,4,14,road_building|roads_and_cities|five_resource|port,3,2,1,road_building,0,1,136,3,15,3,0,0,0,0,0
4,4,14,road_building|roads_and_cities|five_resource|port,3,3,2,roads_and_cities,0,1,136,8,8,0,4,0,0,0,0
4,4,14,road_building|roads_and_cities|five_resource|port,3,4,3,five_resource,1,1,136,10,15,4,2,0,0,0,2
