strategy,seed,seat,winner,game_turns,first_road_global,first_road_own,first_settlement_global,first_settlement_own,first_city_global,first_city_own,first_dev_global,first_dev_own,first_lr_global,first_lr_own,first_la_global,first_la_own
full_ows,0,1,0,146,53,14,,,105,27,41,11,,,,
full_ows,0,2,1,146,2,1,78,20,102,26,18,5,26,7,,
full_ows,0,3,0,146,39,10,,,143,36,3,1,,,51,13
full_ows,0,4,0,146,16,4,,,,,4,1,,,64,16
full_ows,1,1,0,122,1,1,105,27,49,13,61,16,,,,
full_ows,1,2,1,122,2,1,82,21,14,4,58,15,58,15,,
full_ows,1,3,0,122,39,10,,,31,8,7,2,,,39,10
full_ows,1,4,0,122,52,13,,,100,25,4,1,56,14,,
full_ows,2,1,0,83,5,2,,,41,11,5,2,,,,
full_ows,2,2,0,83,18,5,,,74,19,22,6,,,66,17
full_ows,2,3,1,83,3,1,31,8,59,15,11,3,19,5,83,21
full_ows,2,4,0,83,8,2,,,,,36,9,,,,
full_ows,3,1,0,100,1,1,85,22,93,24,21,6,,,,
full_ows,3,2,0,100,62,16,86,22,98,25,26,7,,,,
full_ows,3,3,0,100,19,5,67,17,,,3,1,23,6,51,13
full_ows,3,4,1,100,36,9,96,24,28,7,8,2,,,68,17
full_ows,4,1,1,101,13,4,85,22,69,18,9,3,25,7,97,25
full_ows,4,2,0,101,18,5,,,,,18,5,,,66,17
full_ows,4,3,0,101,11,3,47,12,,,55,14,87,22,,
full_ows,4,4,0,101,64,16,,,80,20,16,4,,,,
full_ows,5,1,0,99,29,8,,,9,3,29,8,,,,
full_ows,5,2,0,99,86,22,,,78,20,10,3,,,,
full_ows,5,3,1,99,3,1,75,19,99,25,7,2,43,11,47,12
full_ows,5,4,0,99,4,1,,,,,24,6,,,,
full_ows,6,1,0,119,9,3,,,,,53,14,,,,
full_ows,6,2,0,119,106,27,,,,,50,13,,,,
full_ows,6,3,1,119,3,1,43,11,111,28,59,15,27,7,,
full_ows,6,4,0,119,48,12,,,8,2,20,5,,,60,15
full_ows,7,1,0,108,9,3,89,23,9,3,5,2,,,,
full_ows,7,2,0,108,30,8,,,,,18,5,,,42,11
full_ows,7,3,0,108,23,6,107,27,19,5,47,12,51,13,,
full_ows,7,4,1,108,4,1,104,26,32,8,8,2,80,20,,
full_ows,8,1,0,160,25,7,,,89,23,9,3,105,27,,
full_ows,8,2,0,160,10,3,,,,,42,11,,,,
full_ows,8,3,0,160,71,18,,,91,23,7,2,,,103,26
full_ows,8,4,1,160,4,1,140,35,84,21,4,1,40,10,80,20
full_ows,9,1,0,179,61,16,157,40,153,39,9,3,,,109,28
full_ows,9,2,0,179,82,21,,,22,6,10,3,,,,
full_ows,9,3,1,179,3,1,115,29,159,40,39,10,19,5,,
full_ows,9,4,0,179,4,1,76,19,,,8,2,,,72,18
full_ows,10,1,0,146,101,26,141,36,33,9,1,1,,,,
full_ows,10,2,1,146,2,1,122,31,26,7,62,16,14,4,,
full_ows,10,3,0,146,55,14,143,36,115,29,11,3,,,27,7
full_ows,10,4,0,146,4,1,68,17,120,30,20,5,,,,
full_ows,11,1,0,80,49,13,,,,,13,4,,,,
full_ows,11,2,0,80,2,1,,,,,34,9,22,6,,
full_ows,11,3,0,80,27,7,,,,,15,4,,,,
full_ows,11,4,1,80,36,9,60,15,48,12,4,1,,,80,20
full_ows,12,1,0,88,5,2,,,29,8,65,17,,,,
full_ows,12,2,0,88,34,9,,,,,18,5,,,42,11
full_ows,12,3,0,88,3,1,,,,,31,8,27,7,,
full_ows,12,4,1,88,16,4,84,21,48,12,4,1,56,14,,
full_ows,13,1,0,64,17,5,17,5,9,3,5,2,,,,
full_ows,13,2,0,64,50,13,,,,,10,3,,,,
full_ows,13,3,0,64,,,,,,,15,4,,,,
full_ows,13,4,1,64,52,13,,,8,2,12,3,64,16,48,12
full_ows,14,1,1,125,65,17,69,18,85,22,13,4,,,45,12
full_ows,14,2,0,125,38,10,98,25,,,2,1,,,,
full_ows,14,3,0,125,3,1,119,30,,,51,13,23,6,,
full_ows,14,4,0,125,4,1,40,10,,,36,9,,,,
full_ows,15,1,1,129,13,4,97,25,25,7,53,14,69,18,,
full_ows,15,2,0,129,122,31,,,30,8,34,9,,,78,20
full_ows,15,3,0,129,83,21,119,30,55,14,11,3,99,25,43,11
full_ows,15,4,0,129,48,12,108,27,56,14,8,2,,,56,14
full_ows,16,1,1,161,25,7,125,32,101,26,5,2,109,28,,
full_ows,16,2,0,161,18,5,,,130,33,6,2,30,8,34,9
full_ows,16,3,0,161,47,12,139,35,103,26,39,10,,,,
full_ows,16,4,0,161,52,13,104,26,68,17,8,2,,,,
full_ows,17,1,1,121,1,1,109,28,121,31,5,2,77,20,57,15
full_ows,17,2,0,121,6,2,58,15,,,2,1,22,6,,
full_ows,17,3,0,121,23,6,,,,,7,2,,,47,12
full_ows,17,4,0,121,8,2,,,100,25,12,3,,,,
full_ows,18,1,0,83,9,3,49,13,,,9,3,,,77,20
full_ows,18,2,0,83,2,1,74,19,,,6,2,30,8,,
full_ows,18,3,1,83,19,5,63,16,11,3,27,7,83,21,,
full_ows,18,4,0,83,52,13,,,,,16,4,,,48,12
full_ows,19,1,0,160,25,7,,,61,16,1,1,,,61,16
full_ows,19,2,0,160,22,6,,,,,14,4,,,,
full_ows,19,3,0,160,3,1,119,30,51,13,99,25,47,12,,
full_ows,19,4,1,160,8,2,80,20,148,37,24,6,20,5,,
full_ows,20,1,0,128,69,18,101,26,53,14,21,6,,,,
full_ows,20,2,0,128,82,21,,,74,19,10,3,102,26,34,9
full_ows,20,3,0,128,59,15,,,75,19,27,7,,,,
full_ows,20,4,1,128,24,6,,,112,28,8,2,,,80,20
full_ows,21,1,0,146,13,4,,,,,5,2,57,15,,
full_ows,21,2,1,146,30,8,106,27,10,3,14,4,,,,
full_ows,21,3,0,146,27,7,,,139,35,7,2,75,19,59,15
full_ows,21,4,0,146,12,3,,,96,24,4,1,,,,
full_ows,22,1,1,73,1,1,13,4,,,13,4,37,10,73,19
full_ows,22,2,0,73,2,1,66,17,,,26,7,,,,
full_ows,22,3,0,73,67,17,,,15,4,51,13,,,,
full_ows,22,4,0,73,,,,,,,12,3,,,52,13
full_ows,23,1,0,104,,,,,,,1,1,,,,
full_ows,23,2,0,104,6,2,,,,,26,7,66,17,,
full_ows,23,3,0,104,63,16,,,103,26,27,7,,,63,16
full_ows,23,4,1,104,16,4,40,10,44,11,8,2,104,26,32,8
full_ows,24,1,0,100,25,7,,,,,21,6,33,9,,
full_ows,24,2,0,100,2,1,,,,,26,7,42,11,,
full_ows,24,3,0,100,15,4,35,9,83,21,27,7,,,,
full_ows,24,4,1,100,8,2,,,88,22,4,1,88,22,48,12
full_ows,25,1,1,161,13,4,153,39,113,29,9,3,121,31,61,16
full_ows,25,2,0,161,54,14,150,38,,,6,2,,,38,10
full_ows,25,3,0,161,79,20,,,155,39,15,4,,,,
full_ows,25,4,0,161,44,11,,,92,23,20,5,48,12,,
full_ows,26,1,0,123,53,14,101,26,21,6,37,10,,,,
full_ows,26,2,0,123,74,19,,,90,23,14,4,,,,
full_ows,26,3,1,123,39,10,,,59,15,3,1,123,31,,
full_ows,26,4,0,123,16,4,48,12,84,21,4,1,36,9,16,4
full_ows,27,1,0,138,21,6,,,109,28,21,6,,,61,16
full_ows,27,2,1,138,2,1,102,26,22,6,18,5,38,10,,
full_ows,27,3,0,138,135,34,,,107,27,3,1,,,55,14
full_ows,27,4,0,138,120,30,,,,,48,12,,,,
full_ows,28,1,0,115,21,6,,,45,12,5,2,,,29,8
full_ows,28,2,0,115,14,4,98,25,10,3,50,13,58,15,,
full_ows,28,3,1,115,27,7,115,29,23,6,35,9,67,17,,
full_ows,28,4,0,115,104,26,,,,,20,5,,,64,16
full_ows,29,1,1,105,1,1,105,27,13,4,53,14,41,11,105,27
full_ows,29,2,0,105,2,1,,,,,14,4,,,,
full_ows,29,3,0,105,59,15,,,,,19,5,,,55,14
full_ows,29,4,0,105,32,8,104,26,4,1,24,6,40,10,92,23
full_ows,30,1,0,124,37,10,109,28,25,7,61,16,,,,
full_ows,30,2,0,124,2,1,90,23,110,28,22,6,82,21,50,13
full_ows,30,3,0,124,11,3,,,107,27,7,2,43,11,,
full_ows,30,4,1,124,20,5,124,31,28,7,4,1,,,92,23
full_ows,31,1,1,65,17,5,29,8,13,4,29,8,65,17,45,12
full_ows,31,2,0,65,2,1,,,,,18,5,,,,
full_ows,31,3,0,65,59,15,,,,,3,1,,,,
full_ows,31,4,0,65,16,4,,,,,52,13,36,9,,
full_ows,32,1,0,140,53,14,,,9,3,29,8,,,41,11
full_ows,32,2,0,140,2,1,86,22,22,6,18,5,110,28,,
full_ows,32,3,0,140,119,30,,,111,28,7,2,,,,
full_ows,32,4,1,140,48,12,140,35,12,3,8,2,124,31,96,24
full_ows,33,1,1,113,1,1,25,7,89,23,5,2,17,5,,
full_ows,33,2,0,113,18,5,102,26,,,54,14,,,,
full_ows,33,3,0,113,59,15,,,95,24,23,6,,,79,20
full_ows,33,4,0,113,64,16,76,19,40,10,12,3,,,24,6
full_ows,34,1,1,117,13,4,81,21,13,4,9,3,,,,
full_ows,34,2,0,117,2,1,102,26,,,30,8,26,7,,
full_ows,34,3,0,117,15,4,91,23,,,11,3,,,47,12
full_ows,34,4,0,117,4,1,64,16,,,28,7,52,13,,
full_ows,35,1,0,116,41,11,,,33,9,9,3,,,,
full_ows,35,2,0,116,10,3,114,29,66,17,82,21,90,23,,
full_ows,35,3,0,116,67,17,,,,,11,3,,,,
full_ows,35,4,1,116,40,10,,,12,3,8,2,64,16,28,7
full_ows,36,1,0,108,5,2,65,17,,,13,4,,,,
full_ows,36,2,0,108,2,1,98,25,,,26,7,42,11,,
full_ows,36,3,0,108,,,,,,,63,16,,,,
full_ows,36,4,1,108,8,2,24,6,72,18,8,2,16,4,64,16
full_ows,37,1,1,133,29,8,93,24,13,4,49,13,133,34,,
full_ows,37,2,0,133,90,23,102,26,30,8,14,4,,,,
full_ows,37,3,0,133,,,,,119,30,7,2,,,51,13
full_ows,37,4,0,133,28,7,,,120,30,32,8,56,14,,
full_ows,38,1,0,102,29,8,,,,,5,2,,,45,12
full_ows,38,2,1,102,14,4,34,9,42,11,10,3,,,,
full_ows,38,3,0,102,7,2,67,17,35,9,,,23,6,,
full_ows,38,4,0,102,68,17,,,,,4,1,,,24,6
full_ows,39,1,1,85,1,1,85,22,53,14,1,1,69,18,29,8
full_ows,39,2,0,85,66,17,78,20,50,13,6,2,,,,
full_ows,39,3,0,85,79,20,,,43,11,3,1,,,,
full_ows,39,4,0,85,4,1,52,13,72,18,4,1,36,9,,
full_ows,40,1,0,98,81,21,,,77,20,5,2,,,37,10
full_ows,40,2,1,98,6,2,78,20,14,4,34,9,62,16,,
full_ows,40,3,0,98,3,1,15,4,47,12,43,11,7,2,,
full_ows,40,4,0,98,16,4,,,32,8,8,2,,,72,18
full_ows,41,1,0,124,61,16,,,97,25,9,3,,,73,19
full_ows,41,2,0,124,2,1,106,27,74,19,10,3,,,,
full_ows,41,3,0,124,59,15,,,115,29,7,2,,,,
full_ows,41,4,1,124,8,2,124,31,104,26,4,1,48,12,44,11
full_ows,42,1,0,80,21,6,,,,,9,3,,,57,15
full_ows,42,2,0,80,,,,,,,6,2,,,,
full_ows,42,3,0,80,11,3,,,,,27,7,39,10,,
full_ows,42,4,1,80,24,6,60,15,8,2,4,1,56,14,80,20
full_ows,43,1,0,118,21,6,85,22,17,5,25,7,,,69,18
full_ows,43,2,1,118,2,1,98,25,102,26,10,3,34,9,,
full_ows,43,3,0,118,7,2,107,27,,,7,2,27,7,31,8
full_ows,43,4,0,118,92,23,,,,,20,5,,,,
full_ows,44,1,0,155,113,29,,,21,6,13,4,,,81,21
full_ows,44,2,0,155,38,10,,,14,4,10,3,,,34,9
full_ows,44,3,1,155,3,1,99,25,155,39,31,8,55,14,,
full_ows,44,4,0,155,16,4,,,100,25,12,3,,,,
full_ows,45,1,0,176,117,30,133,34,37,10,17,5,,,,
full_ows,45,2,0,176,50,13,106,27,38,10,42,11,,,,
full_ows,45,3,0,176,19,5,143,36,39,10,7,2,,,31,8
full_ows,45,4,1,176,8,2,148,37,84,21,20,5,40,10,,
full_ows,46,1,0,107,21,6,101,26,69,18,9,3,,,,
full_ows,46,2,0,107,38,10,,,,,14,4,,,34,9
full_ows,46,3,1,107,3,1,67,17,99,25,19,5,35,9,,
full_ows,46,4,0,107,56,14,92,23,20,5,32,8,,,,
full_ows,47,1,0,140,29,8,105,27,,,1,1,,,,
full_ows,47,2,0,140,2,1,122,31,66,17,6,2,46,12,,
full_ows,47,3,0,140,3,1,,,,,23,6,123,31,,
full_ows,47,4,1,140,124,31,140,35,4,1,8,2,,,48,12
full_ows,48,1,1,105,13,4,93,24,9,3,81,21,57,15,,
full_ows,48,2,0,105,14,4,90,23,18,5,2,1,,,,
full_ows,48,3,0,105,43,11,,,7,2,11,3,,,27,7
full_ows,48,4,0,105,72,18,,,32,8,8,2,,,,
full_ows,49,1,0,162,1,1,161,41,125,32,25,7,45,12,,
full_ows,49,2,1,162,2,1,138,35,50,13,6,2,118,30,30,8
full_ows,49,3,0,162,27,7,,,123,31,23,6,,,,
full_ows,49,4,0,162,28,7,124,31,148,37,4,1,,,,
full_ows,50,1,0,130,37,10,,,105,27,9,3,,,,
full_ows,50,2,1,130,70,18,130,33,50,13,10,3,,,46,12
full_ows,50,3,0,130,7,2,,,107,27,11,3,51,13,,
full_ows,50,4,0,130,28,7,96,24,108,27,24,6,,,,
full_ows,51,1,0,131,13,4,,,,,21,6,,,,
full_ows,51,2,0,131,34,9,,,130,33,14,4,,,,
full_ows,51,3,1,131,7,2,115,29,43,11,11,3,,,,
full_ows,51,4,0,131,4,1,112,28,104,26,8,2,20,5,72,18
full_ows,52,1,0,147,13,4,,,,,9,3,,,,
full_ows,52,2,0,147,30,8,,,22,6,74,19,,,,
full_ows,52,3,1,147,3,1,67,17,23,6,47,12,19,5,,
full_ows,52,4,0,147,32,8,,,140,35,12,3,,,56,14
full_ows,53,1,1,125,33,9,125,32,77,20,9,3,,,77,20
full_ows,53,2,0,125,94,24,,,,,6,2,,,,
full_ows,53,3,0,125,11,3,119,30,27,7,47,12,,,,
full_ows,53,4,0,125,4,1,100,25,20,5,28,7,32,8,44,11
full_ows,54,1,0,96,1,1,93,24,21,6,33,9,45,12,,
full_ows,54,2,0,96,78,20,,,,,10,3,,,,
full_ows,54,3,0,96,3,1,31,8,,,11,3,27,7,59,15
full_ows,54,4,1,96,24,6,88,22,8,2,4,1,,,68,17
full_ows,55,1,0,135,9,3,113,29,69,18,25,7,,,,
full_ows,55,2,0,135,2,1,,,134,34,14,4,,,38,10
full_ows,55,3,1,135,3,1,15,4,123,31,27,7,35,9,,
full_ows,55,4,0,135,8,2,,,,,24,6,,,,
full_ows,56,1,0,115,65,17,,,,,13,4,,,,
full_ows,56,2,0,115,6,2,,,90,23,70,18,,,,
full_ows,56,3,1,115,87,22,,,35,9,3,1,115,29,43,11
full_ows,56,4,0,115,8,2,,,,,4,1,24,6,,
full_ows,57,1,0,110,21,6,,,101,26,5,2,,,,
full_ows,57,2,1,110,46,12,94,24,18,5,38,10,106,27,,
full_ows,57,3,0,110,75,19,87,22,39,10,3,1,,,,
full_ows,57,4,0,110,20,5,104,26,36,9,4,1,96,24,16,4
full_ows,58,1,0,111,29,8,,,,,41,11,,,,
full_ows,58,2,0,111,62,16,,,38,10,6,2,,,30,8
full_ows,58,3,1,111,3,1,3,1,27,7,71,18,111,28,,
full_ows,58,4,0,111,40,10,,,,,4,1,64,16,,
full_ows,59,1,0,80,9,3,,,9,3,33,9,,,,
full_ows,59,2,0,80,2,1,,,38,10,22,6,,,,
full_ows,59,3,0,80,27,7,,,,,19,5,,,,
full_ows,59,4,1,80,20,5,80,20,8,2,12,3,32,8,28,7
full_ows,60,1,0,116,1,1,105,27,29,8,37,10,105,27,,
full_ows,60,2,0,116,14,4,,,,,18,5,,,,
full_ows,60,3,0,116,7,2,,,103,26,3,1,,,39,10
full_ows,60,4,1,116,4,1,108,27,76,19,16,4,24,6,,
full_ows,61,1,0,120,5,2,,,109,28,13,4,,,,
full_ows,61,2,0,120,18,5,,,,,6,2,,,30,8
full_ows,61,3,0,120,99,25,,,79,20,3,1,,,,
full_ows,61,4,1,120,60,15,108,27,84,21,4,1,80,20,,
full_ows,62,1,0,79,1,1,,,73,19,25,7,17,5,,
full_ows,62,2,0,79,6,2,,,74,19,2,1,34,9,18,5
full_ows,62,3,1,79,75,19,75,19,3,1,19,5,,,,
full_ows,62,4,0,79,4,1,,,,,20,5,24,6,,
full_ows,63,1,1,89,1,1,33,9,85,22,17,5,65,17,,
full_ows,63,2,0,89,10,3,82,21,,,6,2,,,,
full_ows,63,3,0,89,3,1,,,83,21,3,1,,,,
full_ows,63,4,0,89,56,14,,,88,22,4,1,60,15,48,12
full_ows,64,1,0,142,121,31,,,137,35,25,7,,,57,15
full_ows,64,2,1,142,6,2,142,36,26,7,2,1,126,32,82,21
full_ows,64,3,0,142,7,2,,,135,34,23,6,,,,
full_ows,64,4,0,142,16,4,80,20,124,31,8,2,76,19,,
full_ows,65,1,0,111,1,1,,,69,18,41,11,13,4,,
full_ows,65,2,0,111,2,1,,,26,7,50,13,,,,
full_ows,65,3,1,111,3,1,99,25,19,5,43,11,67,17,,
full_ows,65,4,0,111,44,11,,,72,18,12,3,,,48,12
full_ows,66,1,1,185,21,6,173,44,13,4,5,2,105,27,65,17
full_ows,66,2,0,185,2,1,,,158,40,26,7,26,7,,
full_ows,66,3,0,185,27,7,167,42,,,31,8,,,,
full_ows,66,4,0,185,8,2,176,44,,,20,5,140,35,,
full_ows,67,1,0,84,1,1,53,14,,,13,4,,,,
full_ows,67,2,0,84,78,20,,,78,20,10,3,,,,
full_ows,67,3,0,84,,,,,,,11,3,,,39,10
full_ows,67,4,1,84,16,4,28,7,4,1,16,4,56,14,,
full_ows,68,1,1,165,9,3,141,36,33,9,5,2,45,12,,
full_ows,68,2,0,165,2,1,110,28,122,31,10,3,62,16,26,7
full_ows,68,3,0,165,19,5,163,41,51,13,3,1,127,32,,
full_ows,68,4,0,165,96,24,136,34,20,5,12,3,,,,
full_ows,69,1,0,106,9,3,57,15,,,5,2,41,11,,
full_ows,69,2,1,106,22,6,90,23,22,6,14,4,78,20,,
full_ows,69,3,0,106,23,6,,,,,7,2,,,,
full_ows,69,4,0,106,24,6,,,76,19,4,1,,,44,11
full_ows,70,1,0,118,25,7,,,97,25,5,2,,,93,24
full_ows,70,2,1,118,34,9,46,12,6,2,34,9,118,30,106,27
full_ows,70,3,0,118,19,5,,,,,15,4,35,9,,
full_ows,70,4,0,118,76,19,,,,,12,3,,,,
full_ows,71,1,1,97,5,2,93,24,45,12,13,4,89,23,,
full_ows,71,2,0,97,6,2,,,10,3,26,7,,,,
full_ows,71,3,0,97,27,7,43,11,51,13,3,1,39,10,,
full_ows,71,4,0,97,36,9,84,21,44,11,24,6,,,64,16
full_ows,72,1,1,165,77,20,105,27,25,7,9,3,141,36,65,17
full_ows,72,2,0,165,18,5,122,31,62,16,10,3,,,38,10
full_ows,72,3,0,165,7,2,119,30,139,35,15,4,27,7,,
full_ows,72,4,0,165,100,25,,,64,16,28,7,,,,
full_ows,73,1,0,127,,,,,105,27,5,2,,,37,10
full_ows,73,2,0,127,6,2,122,31,94,24,18,5,,,78,20
full_ows,73,3,1,127,3,1,91,23,67,17,7,2,19,5,,
full_ows,73,4,0,127,68,17,,,8,2,36,9,,,,
full_ows,74,1,0,142,21,6,,,9,3,89,23,,,,
full_ows,74,2,1,142,30,8,142,36,10,3,42,11,78,20,,
full_ows,74,3,0,142,15,4,,,11,3,35,9,39,10,,
full_ows,74,4,0,142,80,20,,,,,4,1,,,32,8
full_ows,75,1,0,167,145,37,,,113,29,17,5,,,,
full_ows,75,2,0,167,22,6,110,28,,,18,5,62,16,,
full_ows,75,3,1,167,11,3,107,27,23,6,7,2,,,19,5
full_ows,75,4,0,167,4,1,112,28,160,40,16,4,28,7,,
full_ows,76,1,0,123,21,6,,,,,9,3,,,93,24
full_ows,76,2,0,123,50,13,66,17,,,62,16,,,,
full_ows,76,3,1,123,11,3,123,31,67,17,3,1,43,11,27,7
full_ows,76,4,0,123,4,1,,,40,10,48,12,92,23,,
full_ows,77,1,0,114,37,10,97,25,13,4,17,5,,,,
full_ows,77,2,1,114,2,1,70,18,82,21,22,6,30,8,,
full_ows,77,3,0,114,3,1,15,4,,,35,9,55,14,75,19
full_ows,77,4,0,114,20,5,,,96,24,4,1,,,20,5
full_ows,78,1,1,117,1,1,53,14,13,4,45,12,61,16,,
full_ows,78,2,0,117,22,6,,,38,10,22,6,86,22,,
full_ows,78,3,0,117,11,3,,,43,11,3,1,,,,
full_ows,78,4,0,117,16,4,36,9,,,8,2,68,17,60,15
full_ows,79,1,0,115,1,1,105,27,81,21,13,4,21,6,,
full_ows,79,2,0,115,10,3,,,46,12,6,2,86,22,,
full_ows,79,3,1,115,3,1,51,13,43,11,7,2,115,29,19,5
full_ows,79,4,0,115,12,3,,,,,16,4,,,,
full_ows,80,1,1,189,53,14,161,41,85,22,13,4,157,40,,
full_ows,80,2,0,189,50,13,,,162,41,22,6,,,82,21
full_ows,80,3,0,189,7,2,55,14,183,46,11,3,47,12,,
full_ows,80,4,0,189,12,3,180,45,84,21,56,14,128,32,,
full_ows,81,1,0,140,37,10,,,13,4,9,3,,,,
full_ows,81,2,0,140,2,1,,,118,30,30,8,38,10,,
full_ows,81,3,0,140,,,,,,,19,5,,,67,17
full_ows,81,4,1,140,4,1,88,22,100,25,8,2,20,5,,
full_ows,82,1,0,127,9,3,,,,,21,6,,,,
full_ows,82,2,0,127,66,17,110,28,90,23,2,1,,,,
full_ows,82,3,1,127,3,1,127,32,39,10,7,2,35,9,39,10
full_ows,82,4,0,127,28,7,,,,,40,10,,,,
full_ows,83,1,1,165,1,1,153,39,13,4,97,25,65,17,,
full_ows,83,2,0,165,62,16,,,162,41,22,6,,,54,14
full_ows,83,3,0,165,27,7,107,27,,,23,6,,,87,22
full_ows,83,4,0,165,24,6,132,33,76,19,16,4,48,12,,
full_ows,84,1,1,85,13,4,73,19,53,14,5,2,45,12,29,8
full_ows,84,2,0,85,2,1,,,14,4,18,5,,,,
full_ows,84,3,0,85,67,17,,,3,1,7,2,,,,
full_ows,84,4,0,85,52,13,52,13,76,19,12,3,,,,
full_ows,85,1,1,121,1,1,105,27,77,20,5,2,89,23,,
full_ows,85,2,0,121,2,1,,,18,5,6,2,74,19,30,8
full_ows,85,3,0,121,31,8,91,23,75,19,3,1,,,,
full_ows,85,4,0,121,80,20,,,,,4,1,,,,
full_ows,86,1,1,185,5,2,165,42,109,28,21,6,,,49,13
full_ows,86,2,0,185,10,3,142,36,66,17,14,4,,,,
full_ows,86,3,0,185,19,5,175,44,111,28,43,11,,,,
full_ows,86,4,0,185,4,1,32,8,108,27,20,5,60,15,,
full_ows,87,1,0,108,13,4,89,23,,,5,2,,,,
full_ows,87,2,0,108,,,,,,,26,7,,,,
full_ows,87,3,0,108,,,,,91,23,3,1,,,43,11
full_ows,87,4,1,108,4,1,48,12,72,18,8,2,44,11,,
full_ows,88,1,0,68,37,10,,,25,7,45,12,,,,
full_ows,88,2,0,68,6,2,,,22,6,18,5,,,,
full_ows,88,3,0,68,31,8,,,11,3,3,1,,,,
full_ows,88,4,1,68,20,5,48,12,16,4,12,3,40,10,68,17
full_ows,89,1,0,67,5,2,41,11,,,61,16,,,,
full_ows,89,2,0,67,,,,,,,2,1,,,,
full_ows,89,3,1,67,7,2,51,13,,,3,1,27,7,35,9
full_ows,89,4,0,67,32,8,,,,,36,9,,,,
full_ows,90,1,0,151,73,19,,,,,21,6,,,45,12
full_ows,90,2,0,151,10,3,,,,,10,3,,,,
full_ows,90,3,1,151,11,3,55,14,131,33,23,6,39,10,,
full_ows,90,4,0,151,40,10,148,37,,,8,2,,,104,26
full_ows,91,1,0,116,21,6,,,109,28,41,11,,,,
full_ows,91,2,0,116,50,13,,,98,25,58,15,,,,
full_ows,91,3,0,116,95,24,,,,,11,3,,,39,10
full_ows,91,4,1,116,28,7,32,8,84,21,4,1,40,10,,
full_ows,92,1,0,155,121,31,,,109,28,5,2,,,89,23
full_ows,92,2,0,155,50,13,,,,,78,20,,,,
full_ows,92,3,1,155,19,5,155,39,,,11,3,83,21,155,39
full_ows,92,4,0,155,28,7,,,148,37,132,33,76,19,,
full_ows,93,1,0,91,9,3,,,,,89,23,,,,
full_ows,93,2,0,91,46,12,,,50,13,6,2,86,22,38,10
full_ows,93,3,1,91,15,4,31,8,83,21,11,3,,,47,12
full_ows,93,4,0,91,12,3,16,4,,,8,2,68,17,,
full_ows,94,1,1,97,17,5,65,17,85,22,13,4,93,24,,
full_ows,94,2,0,97,2,1,90,23,34,9,54,14,54,14,,
full_ows,94,3,0,97,71,18,,,15,4,7,2,,,47,12
full_ows,94,4,0,97,68,17,,,32,8,8,2,,,,
full_ows,95,1,1,125,13,4,105,27,65,17,9,3,,,,
full_ows,95,2,0,125,26,7,,,,,30,8,,,,
full_ows,95,3,0,125,15,4,,,,,11,3,,,99,25
full_ows,95,4,0,125,4,1,48,12,76,19,20,5,24,6,88,22
full_ows,96,1,0,119,21,6,41,11,85,22,5,2,,,25,7
full_ows,96,2,0,119,46,12,,,118,30,2,1,50,13,,
full_ows,96,3,1,119,7,2,111,28,23,6,51,13,107,27,,
full_ows,96,4,0,119,64,16,,,,,8,2,,,,
full_ows,97,1,0,114,13,4,57,15,65,17,21,6,45,12,,
full_ows,97,2,1,114,2,1,6,2,82,21,26,7,,,42,11
full_ows,97,3,0,114,3,1,83,21,39,10,11,3,79,20,,
full_ows,97,4,0,114,8,2,,,84,21,4,1,,,,
full_ows,98,1,0,151,9,3,97,25,137,35,5,2,57,15,21,6
full_ows,98,2,0,151,62,16,70,18,22,6,26,7,,,,
full_ows,98,3,1,151,59,15,103,26,39,10,19,5,67,17,,
full_ows,98,4,0,151,36,9,,,100,25,4,1,,,,
full_ows,99,1,0,119,17,5,73,19,9,3,5,2,37,10,,
full_ows,99,2,0,119,30,8,,,6,2,22,6,,,46,12
full_ows,99,3,1,119,55,14,103,26,11,3,27,7,99,25,,
full_ows,99,4,0,119,8,2,76,19,100,25,28,7,,,,
hybrid_ows,0,1,1,109,13,4,17,5,,,49,13,25,7,85,22
hybrid_ows,0,2,0,109,34,9,78,20,46,12,6,2,,,,
hybrid_ows,0,3,0,109,3,1,,,,,43,11,31,8,75,19
hybrid_ows,0,4,0,109,4,1,,,8,2,24,6,,,,
hybrid_ows,1,1,0,87,1,1,85,22,21,6,49,13,,,,
hybrid_ows,1,2,0,87,14,4,,,50,13,10,3,,,26,7
hybrid_ows,1,3,1,87,7,2,43,11,15,4,3,1,11,3,,
hybrid_ows,1,4,0,87,64,16,84,21,20,5,32,8,,,60,15
hybrid_ows,2,1,0,192,33,9,,,121,31,9,3,,,,
hybrid_ows,2,2,0,192,2,1,146,37,,,26,7,90,23,58,15
hybrid_ows,2,3,0,192,79,20,147,37,123,31,11,3,,,,
hybrid_ows,2,4,1,192,8,2,84,21,104,26,20,5,24,6,,
hybrid_ows,3,1,1,93,41,11,,,65,17,5,2,,,33,9
hybrid_ows,3,2,0,93,2,1,74,19,,,10,3,,,,
hybrid_ows,3,3,0,93,7,2,,,,,55,14,59,15,,
hybrid_ows,3,4,0,93,28,7,,,,,8,2,,,,
hybrid_ows,4,1,0,136,5,2,65,17,133,34,13,4,57,15,,
hybrid_ows,4,2,0,136,26,7,126,32,58,15,18,5,,,,
hybrid_ows,4,3,0,136,3,1,35,9,15,4,39,10,35,9,,
hybrid_ows,4,4,1,136,20,5,36,9,120,30,24,6,,,92,23
hybrid_ows,5,1,1,141,17,5,97,25,125,32,5,2,,,,
hybrid_ows,5,2,0,141,6,2,126,32,,,34,9,38,10,,
hybrid_ows,5,3,0,141,3,1,,,119,30,19,5,19,5,39,10
hybrid_ows,5,4,0,141,60,15,,,,,20,5,,,,
hybrid_ows,6,1,0,122,29,8,45,12,,,37,10,85,22,,
hybrid_ows,6,2,1,122,2,1,30,8,74,19,34,9,22,6,,
hybrid_ows,6,3,0,122,31,8,,,7,2,11,3,,,43,11
hybrid_ows,6,4,0,122,32,8,,,,,28,7,,,,
hybrid_ows,7,1,0,92,1,1,,,,,13,4,,,25,7
hybrid_ows,7,2,0,92,58,15,,,70,18,6,2,,,,
hybrid_ows,7,3,0,92,3,1,,,,,,,15,4,,
hybrid_ows,7,4,1,92,40,10,60,15,12,3,4,1,,,,
hybrid_ows,8,1,0,112,5,2,,,89,23,17,5,,,,
hybrid_ows,8,2,0,112,,,,,26,7,6,2,,,,
hybrid_ows,8,3,0,112,3,1,,,,,75,19,,,,
hybrid_ows,8,4,1,112,4,1,112,28,72,18,24,6,52,13,52,13
hybrid_ows,9,1,1,125,33,9,105,27,21,6,9,3,,,69,18
hybrid_ows,9,2,0,125,62,16,,,98,25,10,3,,,54,14
hybrid_ows,9,3,0,125,3,1,111,28,,,19,5,59,15,,
hybrid_ows,9,4,0,125,4,1,52,13,,,8,2,,,,
hybrid_ows,10,1,1,113,1,1,105,27,13,4,33,9,21,6,,
hybrid_ows,10,2,0,113,22,6,62,16,10,3,22,6,,,,
hybrid_ows,10,3,0,113,,,,,99,25,7,2,,,31,8
hybrid_ows,10,4,0,113,4,1,88,22,112,28,28,7,76,19,,
hybrid_ows,11,1,0,182,21,6,,,,,33,9,33,9,,
hybrid_ows,11,2,1,182,18,5,166,42,158,40,6,2,,,90,23
hybrid_ows,11,3,0,182,3,1,115,29,,,27,7,55,14,,
hybrid_ows,11,4,0,182,80,20,,,172,43,4,1,,,,
hybrid_ows,12,1,1,129,5,2,105,27,61,16,49,13,21,6,89,23
hybrid_ows,12,2,0,129,14,4,,,,,2,1,,,58,15
hybrid_ows,12,3,0,129,19,5,,,103,26,15,4,,,63,16
hybrid_ows,12,4,0,129,4,1,120,30,52,13,76,19,56,14,,
hybrid_ows,13,1,1,101,21,6,81,21,17,5,5,2,25,7,57,15
hybrid_ows,13,2,0,101,10,3,,,86,22,22,6,46,12,,
hybrid_ows,13,3,0,101,47,12,,,11,3,7,2,,,,
hybrid_ows,13,4,0,101,8,2,80,20,56,14,4,1,,,44,11
hybrid_ows,14,1,0,94,1,1,,,,,57,15,,,,
hybrid_ows,14,2,1,94,38,10,38,10,14,4,18,5,,,50,13
hybrid_ows,14,3,0,94,3,1,59,15,91,23,19,5,27,7,,
hybrid_ows,14,4,0,94,4,1,8,2,,,64,16,32,8,,
hybrid_ows,15,1,1,101,49,13,77,20,17,5,29,8,61,16,45,12
hybrid_ows,15,2,0,101,38,10,94,24,,,18,5,,,,
hybrid_ows,15,3,0,101,11,3,,,,,7,2,,,,
hybrid_ows,15,4,0,101,16,4,92,23,80,20,4,1,,,56,14
hybrid_ows,16,1,0,150,49,13,137,35,21,6,5,2,,,,
hybrid_ows,16,2,1,150,2,1,126,32,14,4,62,16,18,5,,
hybrid_ows,16,3,0,150,3,1,139,35,127,32,7,2,19,5,,
hybrid_ows,16,4,0,150,52,13,148,37,112,28,8,2,,,32,8
hybrid_ows,17,1,0,79,65,17,,,13,4,1,1,,,,
hybrid_ows,17,2,0,79,2,1,,,,,18,5,,,,
hybrid_ows,17,3,1,79,3,1,27,7,,,15,4,15,4,59,15
hybrid_ows,17,4,0,79,8,2,,,,,68,17,,,,
hybrid_ows,18,1,0,104,9,3,,,25,7,9,3,,,45,12
hybrid_ows,18,2,0,104,2,1,90,23,54,14,6,2,22,6,,
hybrid_ows,18,3,0,104,23,6,31,8,,,11,3,51,13,,
hybrid_ows,18,4,1,104,20,5,88,22,12,3,32,8,,,,
hybrid_ows,19,1,1,121,77,20,109,28,85,22,1,1,,,61,16
hybrid_ows,19,2,0,121,10,3,,,66,17,22,6,,,38,10
hybrid_ows,19,3,0,121,11,3,,,,,3,1,27,7,,
hybrid_ows,19,4,0,121,24,6,,,,,16,4,64,16,,
hybrid_ows,20,1,0,138,1,1,,,133,34,13,4,89,23,33,9
hybrid_ows,20,2,1,138,2,1,126,32,46,12,34,9,18,5,,
hybrid_ows,20,3,0,138,47,12,,,99,25,63,16,,,,
hybrid_ows,20,4,0,138,16,4,,,112,28,4,1,,,,
hybrid_ows,21,1,1,65,9,3,13,4,41,11,5,2,65,17,33,9
hybrid_ows,21,2,0,65,6,2,,,54,14,14,4,,,,
hybrid_ows,21,3,0,65,7,2,63,16,,,27,7,47,12,,
hybrid_ows,21,4,0,65,8,2,,,,,16,4,32,8,,
hybrid_ows,22,1,0,99,13,4,,,13,4,65,17,,,,
hybrid_ows,22,2,0,99,34,9,,,10,3,18,5,,,50,13
hybrid_ows,22,3,1,99,3,1,11,3,79,20,15,4,31,8,,
hybrid_ows,22,4,0,99,4,1,,,,,40,10,44,11,,
hybrid_ows,23,1,0,140,81,21,,,93,24,17,5,89,23,,
hybrid_ows,23,2,0,140,6,2,,,134,34,6,2,,,42,11
hybrid_ows,23,3,0,140,23,6,,,55,14,7,2,,,,
hybrid_ows,23,4,1,140,4,1,108,27,,,12,3,60,15,84,21
hybrid_ows,24,1,0,154,9,3,93,24,141,36,25,7,29,8,,
hybrid_ows,24,2,1,154,14,4,154,39,10,3,38,10,138,35,74,19
hybrid_ows,24,3,0,154,35,9,,,123,31,11,3,,,47,12
hybrid_ows,24,4,0,154,4,1,20,5,104,26,16,4,,,,
hybrid_ows,25,1,1,81,1,1,41,11,81,21,5,2,25,7,73,19
hybrid_ows,25,2,0,81,54,14,,,,,10,3,,,,
hybrid_ows,25,3,0,81,15,4,,,,,3,1,,,35,9
hybrid_ows,25,4,0,81,8,2,,,,,4,1,,,,
hybrid_ows,26,1,0,126,17,5,101,26,,,,,41,11,,
hybrid_ows,26,2,1,126,2,1,118,30,54,14,10,3,30,8,,
hybrid_ows,26,3,0,126,11,3,,,87,22,11,3,,,51,13
hybrid_ows,26,4,0,126,4,1,68,17,,,28,7,,,,
hybrid_ows,27,1,0,163,17,5,101,26,49,13,13,4,,,,
hybrid_ows,27,2,0,163,38,10,134,34,114,29,2,1,,,,
hybrid_ows,27,3,1,163,83,21,131,33,11,3,27,7,,,51,13
hybrid_ows,27,4,0,163,4,1,44,11,,,24,6,32,8,,
hybrid_ows,28,1,0,159,5,2,129,33,21,6,29,8,33,9,,
hybrid_ows,28,2,0,159,54,14,,,158,40,6,2,,,22,6
hybrid_ows,28,3,1,159,3,1,127,32,67,17,23,6,,,,
hybrid_ows,28,4,0,159,4,1,40,10,132,33,36,9,,,,
hybrid_ows,29,1,1,109,1,1,29,8,69,18,9,3,37,10,,
hybrid_ows,29,2,0,109,6,2,94,24,14,4,2,1,,,42,11
hybrid_ows,29,3,0,109,35,9,,,11,3,39,10,,,,
hybrid_ows,29,4,0,109,4,1,,,,,8,2,24,6,,
hybrid_ows,30,1,1,121,5,2,113,29,41,11,13,4,57,15,,
hybrid_ows,30,2,0,121,30,8,,,86,22,10,3,,,26,7
hybrid_ows,30,3,0,121,43,11,,,99,25,7,2,,,,
hybrid_ows,30,4,0,121,68,17,,,108,27,4,1,,,,
hybrid_ows,31,1,1,105,1,1,29,8,97,25,9,3,33,9,,
hybrid_ows,31,2,0,105,22,6,82,21,,,6,2,,,,
hybrid_ows,31,3,0,105,23,6,,,,,7,2,,,39,10
hybrid_ows,31,4,0,105,16,4,,,,,4,1,28,7,72,18
hybrid_ows,32,1,1,125,1,1,13,4,,,17,5,122,31,45,12
hybrid_ows,32,2,0,125,18,5,122,31,,,14,4,,,,
hybrid_ows,32,3,0,125,35,9,,,,,35,9,,,,
hybrid_ows,32,4,0,125,4,1,68,17,124,31,20,5,56,14,,
hybrid_ows,33,1,0,148,1,1,,,,,13,4,41,11,,
hybrid_ows,33,2,0,148,6,2,,,142,36,14,4,,,,
hybrid_ows,33,3,0,148,31,8,,,139,35,15,4,107,27,,
hybrid_ows,33,4,1,148,24,6,120,30,128,32,4,1,,,24,6
hybrid_ows,34,1,0,134,1,1,,,,,41,11,,,,
hybrid_ows,34,2,1,134,14,4,114,29,78,20,46,12,66,17,,
hybrid_ows,34,3,0,134,31,8,,,,,11,3,59,15,87,22
hybrid_ows,34,4,0,134,48,12,104,26,,,4,1,,,28,7
hybrid_ows,35,1,0,111,13,4,,,,,9,3,,,57,15
hybrid_ows,35,2,0,111,14,4,,,94,24,10,3,,,,
hybrid_ows,35,3,1,111,7,2,27,7,75,19,3,1,51,13,,
hybrid_ows,35,4,0,111,80,20,,,,,4,1,,,64,16
hybrid_ows,36,1,0,167,5,2,,,149,38,5,2,117,30,,
hybrid_ows,36,2,0,167,6,2,,,,,58,15,,,,
hybrid_ows,36,3,1,167,7,2,99,25,167,42,11,3,,,63,16
hybrid_ows,36,4,0,167,8,2,136,34,160,40,24,6,32,8,108,27
hybrid_ows,37,1,0,95,,,,,,,21,6,,,,
hybrid_ows,37,2,0,95,34,9,,,26,7,10,3,,,,
hybrid_ows,37,3,1,95,3,1,83,21,95,24,7,2,39,10,55,14
hybrid_ows,37,4,0,95,48,12,,,,,8,2,,,,
hybrid_ows,38,1,1,105,1,1,105,27,41,11,5,2,25,7,,
hybrid_ows,38,2,0,105,22,6,94,24,50,13,18,5,,,,
hybrid_ows,38,3,0,105,39,10,,,35,9,75,19,,,,
hybrid_ows,38,4,0,105,40,10,64,16,,,4,1,,,20,5
hybrid_ows,39,1,0,136,33,9,,,41,11,1,1,,,25,7
hybrid_ows,39,2,0,136,18,5,86,22,50,13,6,2,,,,
hybrid_ows,39,3,0,136,3,1,131,33,71,18,3,1,35,9,,
hybrid_ows,39,4,1,136,4,1,104,26,76,19,40,10,44,11,,
hybrid_ows,40,1,0,135,1,1,133,34,65,17,9,3,25,7,,
hybrid_ows,40,2,0,135,6,2,110,28,78,20,22,6,30,8,,
hybrid_ows,40,3,1,135,3,1,31,8,47,12,27,7,,,,
hybrid_ows,40,4,0,135,92,23,,,,,4,1,,,32,8
hybrid_ows,41,1,0,112,1,1,17,5,105,27,25,7,13,4,,
hybrid_ows,41,2,0,112,6,2,,,,,22,6,50,13,,
hybrid_ows,41,3,0,112,67,17,,,111,28,3,1,,,,
hybrid_ows,41,4,1,112,8,2,12,3,68,17,4,1,,,52,13
hybrid_ows,42,1,0,99,1,1,,,77,20,17,5,49,13,49,13
hybrid_ows,42,2,0,99,10,3,,,,,18,5,,,,
hybrid_ows,42,3,1,99,7,2,15,4,23,6,3,1,71,18,,
hybrid_ows,42,4,0,99,20,5,,,,,12,3,,,,
hybrid_ows,43,1,0,144,29,8,,,101,26,5,2,,,,
hybrid_ows,43,2,0,144,10,3,118,30,98,25,6,2,,,,
hybrid_ows,43,3,0,144,51,13,,,75,19,7,2,,,27,7
hybrid_ows,43,4,1,144,8,2,132,33,24,6,44,11,56,14,,
hybrid_ows,44,1,0,170,5,2,129,33,,,57,15,53,14,,
hybrid_ows,44,2,1,170,2,1,34,9,150,38,10,3,26,7,46,12
hybrid_ows,44,3,0,170,19,5,159,40,111,28,31,8,,,,
hybrid_ows,44,4,0,170,20,5,,,,,4,1,,,,
hybrid_ows,45,1,0,88,5,2,,,57,15,17,5,,,,
hybrid_ows,45,2,0,88,22,6,,,70,18,10,3,,,46,12
hybrid_ows,45,3,0,88,19,5,,,35,9,7,2,,,,
hybrid_ows,45,4,1,88,4,1,84,21,28,7,44,11,16,4,,
hybrid_ows,46,1,0,156,1,1,109,28,,,33,9,37,10,,
hybrid_ows,46,2,0,156,18,5,22,6,154,39,10,3,,,22,6
hybrid_ows,46,3,0,156,87,22,155,39,27,7,7,2,,,,
hybrid_ows,46,4,1,156,4,1,72,18,100,25,32,8,24,6,,
hybrid_ows,47,1,0,104,53,14,81,21,,,1,1,,,,
hybrid_ows,47,2,0,104,46,12,,,82,21,6,2,,,30,8
hybrid_ows,47,3,0,104,3,1,,,95,24,7,2,,,,
hybrid_ows,47,4,1,104,60,15,104,26,4,1,8,2,100,25,60,15
hybrid_ows,48,1,0,71,5,2,,,,,37,10,,,,
hybrid_ows,48,2,0,71,18,5,,,,,10,3,26,7,,
hybrid_ows,48,3,1,71,3,1,27,7,67,17,7,2,23,6,39,10
hybrid_ows,48,4,0,71,,,,,32,8,12,3,,,48,12
hybrid_ows,49,1,0,119,25,7,,,117,30,5,2,,,57,15
hybrid_ows,49,2,0,119,2,1,,,50,13,54,14,50,13,,
hybrid_ows,49,3,1,119,3,1,107,27,59,15,11,3,35,9,27,7
hybrid_ows,49,4,0,119,20,5,,,,,28,7,,,,
hybrid_ows,50,1,0,130,1,1,,,105,27,21,6,13,4,41,11
hybrid_ows,50,2,1,130,2,1,74,19,34,9,10,3,,,,
hybrid_ows,50,3,0,130,19,5,127,32,23,6,3,1,,,,
hybrid_ows,50,4,0,130,8,2,108,27,128,32,36,9,88,22,,
hybrid_ows,51,1,0,96,5,2,,,,,13,4,17,5,53,14
hybrid_ows,51,2,0,96,94,24,,,,,14,4,,,,
hybrid_ows,51,3,0,96,3,1,,,,,7,2,,,,
hybrid_ows,51,4,1,96,4,1,76,19,,,12,3,36,9,,
hybrid_ows,52,1,0,183,13,4,57,15,,,29,8,,,,
hybrid_ows,52,2,0,183,14,4,106,27,182,46,34,9,,,142,36
hybrid_ows,52,3,1,183,11,3,119,30,95,24,19,5,,,67,17
hybrid_ows,52,4,0,183,8,2,,,,,104,26,56,14,,
hybrid_ows,53,1,0,112,13,4,,,33,9,57,15,,,,
hybrid_ows,53,2,0,112,26,7,,,14,4,22,6,42,11,,
hybrid_ows,53,3,0,112,3,1,19,5,,,15,4,,,,
hybrid_ows,53,4,1,112,4,1,96,24,20,5,12,3,,,40,10
hybrid_ows,54,1,0,96,5,2,93,24,25,7,45,12,,,,
hybrid_ows,54,2,0,96,10,3,,,,,26,7,,,,
hybrid_ows,54,3,0,96,11,3,11,3,,,7,2,,,,
hybrid_ows,54,4,1,96,4,1,36,9,84,21,8,2,32,8,68,17
hybrid_ows,55,1,1,133,9,3,113,29,61,16,49,13,57,15,,
hybrid_ows,55,2,0,133,2,1,,,126,32,14,4,42,11,,
hybrid_ows,55,3,0,133,35,9,,,123,31,15,4,,,87,22
hybrid_ows,55,4,0,133,20,5,,,,,8,2,,,36,9
hybrid_ows,56,1,0,96,5,2,85,22,61,16,49,13,,,,
hybrid_ows,56,2,0,96,6,2,,,,,62,16,,,,
hybrid_ows,56,3,0,96,7,2,,,43,11,3,1,,,27,7
hybrid_ows,56,4,1,96,8,2,92,23,88,22,8,2,28,7,56,14
hybrid_ows,57,1,1,65,25,7,61,16,21,6,5,2,,,33,9
hybrid_ows,57,2,0,65,38,10,,,22,6,26,7,,,,
hybrid_ows,57,3,0,65,19,5,47,12,,,3,1,39,10,,
hybrid_ows,57,4,0,65,8,2,,,20,5,4,1,,,48,12
hybrid_ows,58,1,0,94,41,11,,,73,19,21,6,,,,
hybrid_ows,58,2,1,94,10,3,66,17,,,6,2,26,7,54,14
hybrid_ows,58,3,0,94,83,21,87,22,71,18,7,2,,,39,10
hybrid_ows,58,4,0,94,24,6,32,8,76,19,20,5,88,22,,
hybrid_ows,59,1,1,93,21,6,,,21,6,1,1,53,14,41,11
hybrid_ows,59,2,0,93,2,1,,,,,18,5,22,6,,
hybrid_ows,59,3,0,93,43,11,,,,,3,1,,,83,21
hybrid_ows,59,4,0,93,8,2,60,15,,,20,5,,,,
hybrid_ows,60,1,0,110,37,10,109,28,49,13,1,1,73,19,37,10
hybrid_ows,60,2,1,110,14,4,102,26,34,9,54,14,82,21,,
hybrid_ows,60,3,0,110,3,1,,,11,3,19,5,,,,
hybrid_ows,60,4,0,110,4,1,96,24,28,7,64,16,,,,
hybrid_ows,61,1,0,168,5,2,165,42,113,29,13,4,41,11,,
hybrid_ows,61,2,0,168,14,4,130,33,110,28,6,2,,,,
hybrid_ows,61,3,0,168,67,17,159,40,75,19,7,2,123,31,,
hybrid_ows,61,4,1,168,8,2,168,42,116,29,16,4,80,20,32,8
hybrid_ows,62,1,0,123,9,3,117,30,81,21,5,2,,,21,6
hybrid_ows,62,2,0,123,82,21,,,90,23,14,4,,,54,14
hybrid_ows,62,3,1,123,3,1,79,20,39,10,23,6,15,4,,
hybrid_ows,62,4,0,123,4,1,,,,,,,20,5,,
hybrid_ows,63,1,1,129,1,1,45,12,17,5,25,7,85,22,,
hybrid_ows,63,2,0,129,,,,,102,26,14,4,,,42,11
hybrid_ows,63,3,0,129,3,1,,,,,3,1,75,19,,
hybrid_ows,63,4,0,129,24,6,44,11,,,4,1,36,9,,
hybrid_ows,64,1,0,110,89,23,,,81,21,9,3,,,,
hybrid_ows,64,2,1,110,2,1,82,21,74,19,58,15,46,12,,
hybrid_ows,64,3,0,110,7,2,59,15,103,26,3,1,,,31,8
hybrid_ows,64,4,0,110,56,14,,,24,6,40,10,,,,
hybrid_ows,65,1,1,113,17,5,113,29,17,5,5,2,,,29,8
hybrid_ows,65,2,0,113,2,1,102,26,54,14,,,70,18,,
hybrid_ows,65,3,0,113,3,1,107,27,27,7,63,16,87,22,,
hybrid_ows,65,4,0,113,4,1,100,25,36,9,4,1,32,8,,
hybrid_ows,66,1,1,125,1,1,97,25,85,22,13,4,41,11,,
hybrid_ows,66,2,0,125,2,1,86,22,98,25,18,5,14,4,,
hybrid_ows,66,3,0,125,3,1,63,16,39,10,11,3,,,,
hybrid_ows,66,4,0,125,64,16,,,24,6,16,4,,,40,10
hybrid_ows,67,1,0,103,5,2,,,41,11,37,10,,,,
hybrid_ows,67,2,0,103,2,1,,,,,10,3,,,70,18
hybrid_ows,67,3,1,103,35,9,91,23,7,2,15,4,55,14,,
hybrid_ows,67,4,0,103,56,14,,,80,20,8,2,,,44,11
hybrid_ows,68,1,1,101,9,3,65,17,29,8,13,4,37,10,,
hybrid_ows,68,2,0,101,22,6,,,78,20,6,2,,,,
hybrid_ows,68,3,0,101,3,1,,,,,11,3,,,23,6
hybrid_ows,68,4,0,101,8,2,,,16,4,76,19,,,,
hybrid_ows,69,1,1,85,9,3,85,22,9,3,41,11,45,12,65,17
hybrid_ows,69,2,0,85,6,2,62,16,34,9,2,1,30,8,,
hybrid_ows,69,3,0,85,27,7,,,35,9,11,3,,,,
hybrid_ows,69,4,0,85,36,9,,,,,12,3,,,,
hybrid_ows,70,1,0,111,9,3,,,5,2,17,5,73,19,,
hybrid_ows,70,2,0,111,,,,,,,10,3,,,,
hybrid_ows,70,3,1,111,27,7,99,25,83,21,19,5,35,9,,
hybrid_ows,70,4,0,111,24,6,24,6,48,12,4,1,,,20,5
hybrid_ows,71,1,0,99,9,3,89,23,49,13,9,3,,,45,12
hybrid_ows,71,2,0,99,2,1,98,25,,,30,8,,,,
hybrid_ows,71,3,1,99,11,3,23,6,63,16,3,1,19,5,83,21
hybrid_ows,71,4,0,99,4,1,,,12,3,28,7,56,14,,
hybrid_ows,72,1,1,117,57,15,105,27,41,11,1,1,,,29,8
hybrid_ows,72,2,0,117,2,1,,,38,10,6,2,,,,
hybrid_ows,72,3,0,117,7,2,99,25,,,11,3,87,22,,
hybrid_ows,72,4,0,117,8,2,116,29,,,32,8,16,4,,
hybrid_ows,73,1,0,163,9,3,,,149,38,17,5,,,69,18
hybrid_ows,73,2,0,163,18,5,,,,,2,1,38,10,,
hybrid_ows,73,3,1,163,67,17,163,41,127,32,11,3,,,51,13
hybrid_ows,73,4,0,163,12,3,152,38,84,21,8,2,116,29,,
hybrid_ows,74,1,0,76,13,4,,,25,7,41,11,,,,
hybrid_ows,74,2,0,76,14,4,,,,,6,2,,,34,9
hybrid_ows,74,3,0,76,19,5,,,,,47,12,,,,
hybrid_ows,74,4,1,76,16,4,32,8,8,2,48,12,40,10,,
hybrid_ows,75,1,0,139,1,1,77,20,93,24,25,7,,,65,17
hybrid_ows,75,2,0,139,18,5,,,122,31,14,4,83,21,,
hybrid_ows,75,3,1,139,35,9,83,21,127,32,7,2,,,95,24
hybrid_ows,75,4,0,139,4,1,124,31,24,6,100,25,36,9,,
hybrid_ows,76,1,0,139,17,5,,,137,35,13,4,,,81,21
hybrid_ows,76,2,0,139,2,1,6,2,78,20,38,10,34,9,,
hybrid_ows,76,3,1,139,7,2,55,14,23,6,3,1,35,9,,
hybrid_ows,76,4,0,139,8,2,132,33,64,16,8,2,,,96,24
hybrid_ows,77,1,0,90,13,4,,,53,14,,,,,,
hybrid_ows,77,2,1,90,2,1,46,12,22,6,10,3,90,23,66,17
hybrid_ows,77,3,0,90,15,4,87,22,11,3,63,16,23,6,,
hybrid_ows,77,4,0,90,72,18,,,20,5,4,1,,,16,4
hybrid_ows,78,1,1,133,1,1,89,23,65,17,25,7,29,8,65,17
hybrid_ows,78,2,0,133,22,6,54,14,42,11,26,7,,,,
hybrid_ows,78,3,0,133,55,14,,,111,28,7,2,,,35,9
hybrid_ows,78,4,0,133,4,1,,,112,28,44,11,,,,
hybrid_ows,79,1,0,138,5,2,133,34,37,10,1,1,13,4,,
hybrid_ows,79,2,1,138,10,3,126,32,6,2,26,7,118,30,,
hybrid_ows,79,3,0,138,3,1,135,34,111,28,7,2,43,11,,
hybrid_ows,79,4,0,138,32,8,,,116,29,4,1,,,36,9
hybrid_ows,80,1,0,74,13,4,,,,,9,3,,,,
hybrid_ows,80,2,1,74,2,1,74,19,22,6,10,3,22,6,54,14
hybrid_ows,80,3,0,74,27,7,,,11,3,47,12,,,,
hybrid_ows,80,4,0,74,24,6,32,8,,,12,3,,,,
hybrid_ows,81,1,0,96,17,5,,,,,5,2,,,,
hybrid_ows,81,2,0,96,2,1,78,20,,,18,5,46,12,,
hybrid_ows,81,3,0,96,3,1,47,12,83,21,7,2,59,15,,
hybrid_ows,81,4,1,96,8,2,72,18,48,12,4,1,,,44,11
hybrid_ows,82,1,1,117,17,5,109,28,5,2,29,8,,,85,22
hybrid_ows,82,2,0,117,2,1,86,22,10,3,14,4,,,,
hybrid_ows,82,3,0,117,19,5,75,19,115,29,15,4,,,,
hybrid_ows,82,4,0,117,4,1,104,26,,,8,2,16,4,48,12
hybrid_ows,83,1,1,157,1,1,133,34,9,3,45,12,25,7,,
hybrid_ows,83,2,0,157,2,1,118,30,,,18,5,,,,
hybrid_ows,83,3,0,157,63,16,99,25,,,7,2,,,59,15
hybrid_ows,83,4,0,157,28,7,136,34,8,2,24,6,,,,
hybrid_ows,84,1,1,97,21,6,65,17,49,13,5,2,37,10,,
hybrid_ows,84,2,0,97,38,10,,,,,10,3,,,,
hybrid_ows,84,3,0,97,3,1,,,51,13,7,2,,,,
hybrid_ows,84,4,0,97,64,16,80,20,4,1,20,5,,,32,8
hybrid_ows,85,1,0,126,1,1,101,26,117,30,5,2,77,20,25,7
hybrid_ows,85,2,1,126,2,1,90,23,58,15,6,2,,,,
hybrid_ows,85,3,0,126,7,2,75,19,71,18,3,1,31,8,35,9
hybrid_ows,85,4,0,126,76,19,,,48,12,4,1,,,,
hybrid_ows,86,1,0,116,1,1,33,9,61,16,21,6,,,,
hybrid_ows,86,2,0,116,10,3,,,106,27,6,2,,,,
hybrid_ows,86,3,0,116,15,4,,,107,27,7,2,47,12,,
hybrid_ows,86,4,1,116,20,5,116,29,60,15,8,2,,,48,12
hybrid_ows,87,1,1,141,25,7,117,30,17,5,13,4,,,,
hybrid_ows,87,2,0,141,50,13,134,34,66,17,54,14,110,28,,
hybrid_ows,87,3,0,141,15,4,103,26,119,30,7,2,55,14,31,8
hybrid_ows,87,4,0,141,52,13,,,40,10,12,3,,,76,19
hybrid_ows,88,1,0,104,45,12,101,26,9,3,29,8,,,41,11
hybrid_ows,88,2,0,104,2,1,90,23,22,6,18,5,46,12,,
hybrid_ows,88,3,0,104,31,8,,,11,3,19,5,87,22,,
hybrid_ows,88,4,1,104,12,3,104,26,20,5,16,4,76,19,84,21
hybrid_ows,89,1,1,157,13,4,157,40,93,24,1,1,57,15,37,10
hybrid_ows,89,2,0,157,18,5,38,10,114,29,6,2,,,,
hybrid_ows,89,3,0,157,11,3,123,31,127,32,7,2,,,,
hybrid_ows,89,4,0,157,68,17,124,31,80,20,4,1,,,,
hybrid_ows,90,1,1,117,1,1,113,29,81,21,17,5,21,6,,
hybrid_ows,90,2,0,117,14,4,74,19,,,26,7,,,,
hybrid_ows,90,3,0,117,35,9,,,,,23,6,,,,
hybrid_ows,90,4,0,117,16,4,,,68,17,8,2,,,52,13
hybrid_ows,91,1,0,156,17,5,,,149,38,9,3,,,65,17
hybrid_ows,91,2,0,156,18,5,154,39,46,12,18,5,,,,
hybrid_ows,91,3,0,156,3,1,139,35,39,10,51,13,23,6,,
hybrid_ows,91,4,1,156,12,3,112,28,40,10,4,1,108,27,20,5
hybrid_ows,92,1,0,96,21,6,,,65,17,5,2,,,53,14
hybrid_ows,92,2,0,96,50,13,,,,,14,4,,,,
hybrid_ows,92,3,0,96,11,3,91,23,75,19,7,2,55,14,,
hybrid_ows,92,4,1,96,12,3,88,22,32,8,20,5,64,16,,
hybrid_ows,93,1,0,68,1,1,,,,,,,53,14,,
hybrid_ows,93,2,0,68,14,4,,,,,10,3,,,,
hybrid_ows,93,3,0,68,31,8,,,,,3,1,,,27,7
hybrid_ows,93,4,1,68,4,1,36,9,20,5,52,13,64,16,,
hybrid_ows,94,1,0,114,5,2,,,93,24,25,7,113,29,,
hybrid_ows,94,2,1,114,50,13,90,23,26,7,2,1,,,62,16
hybrid_ows,94,3,0,114,11,3,75,19,95,24,7,2,59,15,,
hybrid_ows,94,4,0,114,28,7,,,8,2,60,15,,,,
hybrid_ows,95,1,0,103,25,7,,,13,4,21,6,41,11,81,21
hybrid_ows,95,2,0,103,22,6,,,,,22,6,,,,
hybrid_ows,95,3,1,103,3,1,95,24,79,20,11,3,95,24,55,14
hybrid_ows,95,4,0,103,8,2,,,,,28,7,,,,
hybrid_ows,96,1,0,80,,,,,,,13,4,,,,
hybrid_ows,96,2,0,80,30,8,,,,,14,4,,,,
hybrid_ows,96,3,0,80,11,3,,,71,18,7,2,31,8,55,14
hybrid_ows,96,4,1,80,28,7,,,4,1,8,2,80,20,60,15
hybrid_ows,97,1,0,123,13,4,105,27,77,20,41,11,,,,
hybrid_ows,97,2,0,123,2,1,26,7,82,21,14,4,58,15,,
hybrid_ows,97,3,1,123,19,5,99,25,15,4,3,1,,,31,8
hybrid_ows,97,4,0,123,4,1,104,26,12,3,32,8,12,3,,
hybrid_ows,98,1,1,89,1,1,65,17,29,8,9,3,,,,
hybrid_ows,98,2,0,89,2,1,82,21,34,9,10,3,34,9,50,13
hybrid_ows,98,3,0,89,31,8,,,39,10,15,4,,,,
hybrid_ows,98,4,0,89,4,1,,,,,32,8,,,,
hybrid_ows,99,1,0,54,1,1,,,,,9,3,,,,
hybrid_ows,99,2,1,54,,,,,6,2,2,1,,,42,11
hybrid_ows,99,3,0,54,27,7,,,,,15,4,,,,
hybrid_ows,99,4,0,54,28,7,,,48,12,16,4,,,,
road_building,0,1,0,100,5,2,73,19,81,21,97,25,25,7,,
road_building,0,2,0,100,10,3,54,14,,,22,6,,,,
road_building,0,3,0,100,27,7,59,15,,,3,1,,,,
road_building,0,4,1,100,12,3,60,15,52,13,8,2,100,25,,
road_building,1,1,0,102,9,3,93,24,,,17,5,21,6,,
road_building,1,2,1,102,14,4,22,6,6,2,50,13,102,26,,
road_building,1,3,0,102,3,1,23,6,,,99,25,,,,
road_building,1,4,0,102,4,1,,,,,40,10,20,5,,
road_building,2,1,1,141,9,3,85,22,121,31,17,5,29,8,,
road_building,2,2,0,141,6,2,86,22,122,31,18,5,38,10,,
road_building,2,3,0,141,3,1,35,9,99,25,71,18,,,,
road_building,2,4,0,141,4,1,,,,,24,6,32,8,,
road_building,3,1,0,142,5,2,133,34,,,73,19,17,5,,
road_building,3,2,1,142,2,1,94,24,122,31,90,23,26,7,,
road_building,3,3,0,142,7,2,,,,,55,14,,,,
road_building,3,4,0,142,8,2,20,5,120,30,32,8,,,,
road_building,4,1,1,165,5,2,9,3,149,38,33,9,29,8,,
road_building,4,2,0,165,22,6,58,15,,,10,3,,,,
road_building,4,3,0,165,15,4,19,5,99,25,63,16,,,,
road_building,4,4,0,165,24,6,160,40,,,20,5,,,,
road_building,5,1,1,145,5,2,45,12,,,21,6,57,15,,
road_building,5,2,0,145,6,2,,,,,74,19,,,,
road_building,5,3,0,145,7,2,11,3,55,14,67,17,23,6,,
road_building,5,4,0,145,80,20,,,,,8,2,,,,
road_building,6,1,1,121,5,2,9,3,93,24,13,4,29,8,,
road_building,6,2,0,121,14,4,46,12,,,74,19,,,,
road_building,6,3,0,121,47,12,,,,,35,9,,,,
road_building,6,4,0,121,4,1,40,10,,,28,7,,,,
road_building,7,1,1,157,5,2,85,22,129,33,89,23,29,8,,
road_building,7,2,0,157,30,8,142,36,,,82,21,,,,
road_building,7,3,0,157,15,4,87,22,,,111,28,,,,
road_building,7,4,0,157,8,2,100,25,,,4,1,,,,
road_building,8,1,0,187,9,3,173,44,161,41,21,6,,,,
road_building,8,2,0,187,10,3,82,21,170,43,14,4,38,10,,
road_building,8,3,1,187,7,2,63,16,143,36,99,25,27,7,,
road_building,8,4,0,187,8,2,128,32,144,36,4,1,,,,
road_building,9,1,0,119,1,1,57,15,,,5,2,,,,
road_building,9,2,0,119,6,2,,,,,,,38,10,,
road_building,9,3,1,119,15,4,59,15,11,3,7,2,107,27,,
road_building,9,4,0,119,12,3,12,3,,,12,3,60,15,,
road_building,10,1,0,91,1,1,21,6,,,25,7,9,3,,
road_building,10,2,0,91,2,1,18,5,,,54,14,,,,
road_building,10,3,1,91,7,2,51,13,11,3,23,6,91,23,,
road_building,10,4,0,91,20,5,76,19,,,4,1,,,,
road_building,11,1,0,162,9,3,125,32,,,53,14,41,11,,
road_building,11,2,1,162,2,1,94,24,126,32,62,16,18,5,,
road_building,11,3,0,162,35,9,,,,,15,4,,,,
road_building,11,4,0,162,12,3,60,15,,,4,1,,,,
road_building,12,1,0,139,9,3,69,18,,,5,2,21,6,,
road_building,12,2,0,139,6,2,58,15,30,8,14,4,74,19,,
road_building,12,3,1,139,27,7,59,15,127,32,3,1,115,29,,
road_building,12,4,0,139,20,5,24,6,,,,,,,,
road_building,13,1,0,115,1,1,9,3,,,5,2,29,8,,
road_building,13,2,0,115,30,8,94,24,,,10,3,,,,
road_building,13,3,1,115,3,1,71,18,11,3,39,10,115,29,,
road_building,13,4,0,115,4,1,,,,,40,10,,,,
road_building,14,1,0,131,5,2,89,23,69,18,1,1,,,,
road_building,14,2,0,131,6,2,38,10,,,34,9,,,,
road_building,14,3,1,131,3,1,79,20,47,12,3,1,27,7,,
road_building,14,4,0,131,8,2,28,7,72,18,36,9,,,,
road_building,15,1,1,93,13,4,49,13,25,7,57,15,73,19,,
road_building,15,2,0,93,18,5,58,15,,,90,23,,,,
road_building,15,3,0,93,3,1,,,35,9,,,59,15,,
road_building,15,4,0,93,4,1,48,12,,,76,19,20,5,,
road_building,16,1,0,199,5,2,157,40,181,46,41,11,,,,
road_building,16,2,0,199,6,2,62,16,98,25,46,12,18,5,,
road_building,16,3,1,199,7,2,71,18,,,67,17,43,11,,
road_building,16,4,0,199,8,2,192,48,92,23,,,,,,
road_building,17,1,0,134,1,1,65,17,,,57,15,9,3,,
road_building,17,2,1,134,2,1,10,3,94,24,26,7,,,,
road_building,17,3,0,134,7,2,,,,,111,28,,,,
road_building,17,4,0,134,4,1,60,15,128,32,68,17,,,,
road_building,18,1,0,123,13,4,33,9,29,8,117,30,,,,
road_building,18,2,0,123,6,2,86,22,78,20,30,8,22,6,,
road_building,18,3,1,123,23,6,87,22,123,31,91,23,43,11,,
road_building,18,4,0,123,20,5,92,23,,,28,7,,,,
road_building,19,1,0,111,13,4,57,15,,,93,24,,,,
road_building,19,2,0,111,18,5,,,,,22,6,,,,
road_building,19,3,1,111,3,1,59,15,99,25,35,9,19,5,,
road_building,19,4,0,111,8,2,76,19,,,52,13,12,3,,
road_building,20,1,1,77,5,2,37,10,29,8,65,17,21,6,,
road_building,20,2,0,77,10,3,30,8,,,2,1,,,,
road_building,20,3,0,77,75,19,,,,,35,9,,,,
road_building,20,4,0,77,16,4,,,76,19,4,1,,,,
road_building,21,1,0,104,9,3,45,12,33,9,5,2,,,,
road_building,21,2,0,104,6,2,10,3,94,24,66,17,50,13,,
road_building,21,3,0,104,3,1,23,6,,,39,10,19,5,,
road_building,21,4,1,104,8,2,52,13,,,4,1,,,,
road_building,22,1,0,114,13,4,101,26,,,13,4,85,22,,
road_building,22,2,1,114,10,3,34,9,6,2,50,13,22,6,,
road_building,22,3,0,114,11,3,51,13,,,91,23,,,,
road_building,22,4,0,114,36,9,104,26,,,,,,,,
road_building,23,1,1,177,9,3,121,31,165,42,17,5,33,9,,
road_building,23,2,0,177,6,2,82,21,,,74,19,42,11,,
road_building,23,3,0,177,7,2,107,27,143,36,39,10,87,22,,
road_building,23,4,0,177,20,5,,,116,29,20,5,,,,
road_building,24,1,0,210,9,3,121,31,113,29,141,36,21,6,,
road_building,24,2,1,210,2,1,54,14,178,45,66,17,94,24,,
road_building,24,3,0,210,15,4,111,28,159,40,39,10,35,9,,
road_building,24,4,0,210,32,8,104,26,,,12,3,,,,
road_building,25,1,0,170,5,2,45,12,113,29,21,6,33,9,,
road_building,25,2,1,170,10,3,38,10,150,38,26,7,130,33,,
road_building,25,3,0,170,11,3,143,36,,,47,12,,,,
road_building,25,4,0,170,4,1,,,,,20,5,84,21,,
road_building,26,1,1,121,5,2,57,15,77,20,25,7,,,,
road_building,26,2,0,121,10,3,78,20,,,54,14,34,9,,
road_building,26,3,0,121,3,1,87,22,27,7,75,19,,,,
road_building,26,4,0,121,4,1,,,,,60,15,112,28,,
road_building,27,1,0,108,13,4,33,9,105,27,1,1,,,,
road_building,27,2,0,108,6,2,,,,,38,10,,,,
road_building,27,3,0,108,15,4,51,13,,,,,,,,
road_building,27,4,1,108,4,1,40,10,108,27,24,6,8,2,,
road_building,28,1,0,183,9,3,49,13,,,81,21,89,23,,
road_building,28,2,0,183,6,2,58,15,154,39,50,13,,,,
road_building,28,3,1,183,7,2,87,22,175,44,47,12,127,32,,
road_building,28,4,0,183,4,1,92,23,,,48,12,12,3,,
road_building,29,1,0,96,1,1,33,9,57,15,9,3,,,,
road_building,29,2,0,96,2,1,38,10,,,54,14,61,15,,
road_building,29,3,0,96,19,5,87,22,,,7,2,38,9,,
road_building,29,4,1,96,4,1,40,10,28,7,88,22,16,4,,
road_building,30,1,1,109,5,2,45,12,57,15,33,9,41,11,,
road_building,30,2,0,109,2,1,46,12,,,6,2,,,,
road_building,30,3,0,109,7,2,15,4,,,,,,,,
road_building,30,4,0,109,4,1,,,,,40,10,28,7,,
road_building,31,1,1,153,21,6,69,18,33,9,89,23,,,,
road_building,31,2,0,153,2,1,54,14,,,110,28,70,18,,
road_building,31,3,0,153,11,3,135,34,55,14,107,27,19,5,,
road_building,31,4,0,153,12,3,56,14,,,16,4,,,,
road_building,32,1,0,188,1,1,149,38,,,45,12,,,,
road_building,32,2,0,188,14,4,78,20,178,45,166,42,,,,
road_building,32,3,0,188,3,1,143,36,,,39,10,15,4,,
road_building,32,4,1,188,12,3,84,21,156,39,4,1,152,38,,
road_building,33,1,1,125,5,2,37,10,97,25,21,6,89,23,,
road_building,33,2,0,125,6,2,106,27,,,54,14,38,10,,
road_building,33,3,0,125,3,1,11,3,,,27,7,31,8,,
road_building,33,4,0,125,4,1,92,23,,,16,4,,,,
road_building,34,1,1,157,1,1,13,4,137,35,49,13,77,20,,
road_building,34,2,0,157,2,1,126,32,,,122,31,42,11,,
road_building,34,3,0,157,39,10,95,24,51,13,67,17,111,28,,
road_building,34,4,0,157,12,3,16,4,,,72,18,28,7,,
road_building,35,1,0,139,9,3,,,,,,,,,,
road_building,35,2,0,139,6,2,110,28,,,90,23,26,7,,
road_building,35,3,1,139,15,4,19,5,127,32,51,13,71,18,,
road_building,35,4,0,139,24,6,92,23,136,34,44,11,64,16,,
road_building,36,1,0,82,5,2,,,,,33,9,,,,
road_building,36,2,1,82,6,2,26,7,58,15,30,8,14,4,,
road_building,36,3,0,82,19,5,,,,,23,6,,,,
road_building,36,4,0,82,8,2,24,6,,,64,16,,,,
road_building,37,1,1,113,9,3,33,9,113,29,9,3,109,28,,
road_building,37,2,0,113,10,3,30,8,,,,,18,5,,
road_building,37,3,0,113,31,8,,,,,7,2,55,14,,
road_building,37,4,0,113,28,7,76,19,,,12,3,,,,
road_building,38,1,0,212,5,2,105,27,137,35,5,2,25,7,,
road_building,38,2,0,212,6,2,46,12,,,22,6,10,3,,
road_building,38,3,0,212,7,2,123,31,15,4,91,23,,,,
road_building,38,4,1,212,4,1,16,4,180,45,52,13,,,,
road_building,39,1,0,156,9,3,113,29,141,36,5,2,,,,
road_building,39,2,0,156,18,5,142,36,,,18,5,66,17,,
road_building,39,3,0,156,3,1,,,,,31,8,35,9,,
road_building,39,4,1,156,4,1,76,19,144,36,4,1,,,,
road_building,40,1,0,190,9,3,73,19,173,44,69,18,41,11,,
road_building,40,2,1,190,6,2,46,12,186,47,30,8,98,25,,
road_building,40,3,0,190,31,8,91,23,79,20,3,1,,,,
road_building,40,4,0,190,40,10,112,28,180,45,24,6,,,,
road_building,41,1,0,143,13,4,109,28,,,45,12,,,,
road_building,41,2,0,143,6,2,122,31,,,82,21,22,6,,
road_building,41,3,1,143,3,1,51,13,43,11,27,7,,,,
road_building,41,4,0,143,8,2,24,6,36,9,8,2,,,,
road_building,42,1,1,157,17,5,117,30,157,40,17,5,,,,
road_building,42,2,0,157,6,2,134,34,,,2,1,70,18,,
road_building,42,3,0,157,3,1,7,2,51,13,15,4,71,18,,
road_building,42,4,0,157,4,1,84,21,156,39,24,6,28,7,,
road_building,43,1,1,73,25,7,41,11,9,3,53,14,65,17,,
road_building,43,2,0,73,6,2,,,,,34,9,22,6,,
road_building,43,3,0,73,7,2,,,,,,,,,,
road_building,43,4,0,73,4,1,,,,,28,7,32,8,,
road_building,44,1,0,171,17,5,101,26,,,169,43,81,21,,
road_building,44,2,0,171,2,1,158,40,86,22,26,7,,,,
road_building,44,3,1,171,7,2,111,28,119,30,11,3,31,8,,
road_building,44,4,0,171,4,1,96,24,,,80,20,124,31,,
road_building,45,1,0,112,1,1,69,18,33,9,105,27,25,7,,
road_building,45,2,0,112,10,3,90,23,,,22,6,,,,
road_building,45,3,0,112,15,4,,,67,17,27,7,,,,
road_building,45,4,1,112,12,3,80,20,96,24,24,6,32,8,,
road_building,46,1,1,145,1,1,85,22,129,33,5,2,37,10,,
road_building,46,2,0,145,34,9,78,20,142,36,18,5,,,,
road_building,46,3,0,145,3,1,131,33,,,15,4,35,9,,
road_building,46,4,0,145,12,3,100,25,,,32,8,,,,
road_building,47,1,0,140,5,2,109,28,,,17,5,,,,
road_building,47,2,0,140,2,1,62,16,30,8,94,24,86,22,,
road_building,47,3,0,140,7,2,91,23,127,32,35,9,19,5,,
road_building,47,4,1,140,12,3,40,10,116,29,16,4,100,25,,
road_building,48,1,1,121,5,2,13,4,105,27,69,18,37,10,,
road_building,48,2,0,121,10,3,22,6,26,7,34,9,,,,
road_building,48,3,0,121,3,1,71,18,,,35,9,23,6,,
road_building,48,4,0,121,4,1,,,,,56,14,,,,
road_building,49,1,0,162,21,6,97,25,157,40,1,1,,,,
road_building,49,2,1,162,30,8,130,33,122,31,6,2,90,23,,
road_building,49,3,0,162,11,3,103,26,139,35,39,10,35,9,,
road_building,49,4,0,162,4,1,96,24,48,12,24,6,,,,
road_building,50,1,0,118,1,1,57,15,97,25,,,17,5,,
road_building,50,2,1,118,14,4,94,24,50,13,38,10,82,21,,
road_building,50,3,0,118,7,2,35,9,63,16,7,2,,,,
road_building,50,4,0,118,36,9,68,17,48,12,8,2,,,,
road_building,51,1,0,96,5,2,37,10,,,33,9,,,,
road_building,51,2,0,96,6,2,50,13,,,62,16,,,,
road_building,51,3,0,96,3,1,,,,,,,,,,
road_building,51,4,1,96,4,1,64,16,40,10,16,4,20,5,,
road_building,52,1,0,155,13,4,101,26,129,33,9,3,21,6,,
road_building,52,2,0,155,18,5,26,7,,,2,1,90,23,,
road_building,52,3,1,155,19,5,27,7,143,36,15,4,,,,
road_building,52,4,0,155,64,16,140,35,,,76,19,,,,
road_building,53,1,0,98,1,1,,,,,49,13,9,3,,
road_building,53,2,1,98,6,2,14,4,34,9,38,10,90,23,,
road_building,53,3,0,98,15,4,,,,,31,8,,,,
road_building,53,4,0,98,4,1,24,6,,,8,2,56,14,,
road_building,54,1,1,97,1,1,61,16,29,8,77,20,21,6,,
road_building,54,2,0,97,6,2,22,6,,,42,11,,,,
road_building,54,3,0,97,3,1,59,15,,,35,9,59,15,,
road_building,54,4,0,97,4,1,24,6,,,20,5,,,,
road_building,55,1,0,180,1,1,141,36,,,,,89,23,,
road_building,55,2,0,180,2,1,154,39,178,45,26,7,34,9,,
road_building,55,3,0,180,7,2,155,39,171,43,111,28,19,5,,
road_building,55,4,1,180,8,2,8,2,148,37,16,4,,,,
road_building,56,1,0,168,9,3,81,21,165,42,89,23,41,11,,
road_building,56,2,0,168,6,2,50,13,122,31,94,24,,,,
road_building,56,3,0,168,3,1,87,22,99,25,115,29,,,,
road_building,56,4,1,168,4,1,108,27,132,33,112,28,20,5,,
road_building,57,1,0,107,13,4,37,10,61,16,1,1,,,,
road_building,57,2,0,107,22,6,70,18,,,10,3,,,,
road_building,57,3,1,107,3,1,47,12,79,20,,,23,6,,
road_building,57,4,0,107,4,1,,,,,24,6,,,,
road_building,58,1,0,107,5,2,81,21,,,25,7,97,25,,
road_building,58,2,0,107,10,3,,,,,14,4,26,7,,
road_building,58,3,1,107,3,1,7,2,91,23,55,14,43,11,,
road_building,58,4,0,107,12,3,80,20,56,14,8,2,80,20,,
road_building,59,1,1,177,5,2,61,16,129,33,29,8,21,6,,
road_building,59,2,0,177,6,2,,,,,138,35,42,11,,
road_building,59,3,0,177,3,1,23,6,175,44,79,20,,,,
road_building,59,4,0,177,20,5,124,31,,,4,1,,,,
road_building,60,1,0,131,1,1,57,15,85,22,25,7,,,,
road_building,60,2,0,131,2,1,102,26,126,32,,,14,4,,
road_building,60,3,1,131,11,3,87,22,43,11,31,8,84,21,,
road_building,60,4,0,131,4,1,84,21,,,124,31,,,,
road_building,61,1,0,178,9,3,149,38,,,17,5,41,11,,
road_building,61,2,1,178,6,2,26,7,150,38,50,13,94,24,,
road_building,61,3,0,178,19,5,75,19,159,40,3,1,23,6,,
road_building,61,4,0,178,20,5,128,32,,,4,1,160,40,,
road_building,62,1,1,113,1,1,37,10,,,5,2,21,6,,
road_building,62,2,0,113,22,6,98,25,,,14,4,,,,
road_building,62,3,0,113,7,2,103,26,7,2,79,20,27,7,,
road_building,62,4,0,113,4,1,48,12,,,4,1,64,16,,
road_building,63,1,1,197,9,3,105,27,185,47,161,41,33,9,,
road_building,63,2,0,197,14,4,62,16,174,44,58,15,,,,
road_building,63,3,0,197,15,4,107,27,,,,,39,10,,
road_building,63,4,0,197,8,2,36,9,196,49,100,25,80,20,,
road_building,64,1,0,155,1,1,125,32,,,25,7,,,,
road_building,64,2,0,155,6,2,150,38,,,94,24,22,6,,
road_building,64,3,1,155,3,1,27,7,131,33,79,20,43,11,,
road_building,64,4,0,155,16,4,,,,,20,5,68,17,,
road_building,65,1,1,113,1,1,69,18,85,22,41,11,17,5,,
road_building,65,2,0,113,14,4,,,,,,,,,,
road_building,65,3,0,113,7,2,87,22,,,35,9,,,,
road_building,65,4,0,113,4,1,40,10,72,18,12,3,,,,
road_building,66,1,1,97,9,3,13,4,81,21,17,5,85,22,,
road_building,66,2,0,97,2,1,,,,,42,11,70,18,,
road_building,66,3,0,97,15,4,,,15,4,,,,,,
road_building,66,4,0,97,4,1,,,,,,,36,9,,
road_building,67,1,0,119,25,7,,,,,,,,,,
road_building,67,2,0,119,2,1,,,,,2,1,54,14,,
road_building,67,3,1,119,15,4,43,11,107,27,7,2,23,6,,
road_building,67,4,0,119,16,4,24,6,,,52,13,,,,
road_building,68,1,1,161,1,1,53,14,21,6,5,2,,,,
road_building,68,2,0,161,6,2,34,9,138,35,30,8,58,15,,
road_building,68,3,0,161,51,13,,,,,7,2,,,,
road_building,68,4,0,161,4,1,124,31,120,30,152,38,20,5,,
road_building,69,1,1,101,5,2,9,3,81,21,21,6,53,14,,
road_building,69,2,0,101,2,1,70,18,78,20,86,22,10,3,,
road_building,69,3,0,101,3,1,79,20,,,,,,,,
road_building,69,4,0,101,20,5,,,,,,,,,,
road_building,70,1,0,122,5,2,45,12,,,5,2,,,,
road_building,70,2,1,122,18,5,34,9,10,3,82,21,,,,
road_building,70,3,0,122,3,1,55,14,115,29,99,25,47,12,,
road_building,70,4,0,122,12,3,60,15,56,14,8,2,12,3,,
road_building,71,1,0,86,5,2,57,15,45,12,13,4,13,4,,
road_building,71,2,1,86,26,7,42,11,10,3,86,22,,,,
road_building,71,3,0,86,11,3,79,20,35,9,15,4,27,7,,
road_building,71,4,0,86,12,3,,,,,,,,,,
road_building,72,1,0,131,9,3,101,26,85,22,69,18,,,,
road_building,72,2,0,131,6,2,,,,,62,16,,,,
road_building,72,3,1,131,7,2,31,8,127,32,59,15,15,4,,
road_building,72,4,0,131,8,2,,,,,28,7,,,,
road_building,73,1,1,121,5,2,69,18,37,10,21,6,21,6,,
road_building,73,2,0,121,2,1,66,17,94,24,22,6,,,,
road_building,73,3,0,121,7,2,103,26,,,115,29,,,,
road_building,73,4,0,121,12,3,,,,,24,6,,,,
road_building,74,1,0,139,5,2,45,12,,,57,15,,,,
road_building,74,2,0,139,6,2,34,9,138,35,,,18,5,,
road_building,74,3,1,139,3,1,79,20,131,33,19,5,111,28,,
road_building,74,4,0,139,8,2,96,24,76,19,44,11,,,,
road_building,75,1,0,130,1,1,57,15,,,93,24,,,,
road_building,75,2,1,130,2,1,22,6,106,27,46,12,58,15,,
road_building,75,3,0,130,3,1,,,,,63,16,19,5,,
road_building,75,4,0,130,8,2,92,23,,,44,11,,,,
road_building,76,1,0,107,5,2,61,16,,,17,5,,,,
road_building,76,2,0,107,2,1,46,12,30,8,94,24,22,6,,
road_building,76,3,1,107,7,2,91,23,27,7,99,25,79,20,,
road_building,76,4,0,107,8,2,100,25,96,24,,,,,,
road_building,77,1,0,115,9,3,57,15,,,65,17,29,8,,
road_building,77,2,0,115,34,9,,,,,10,3,,,,
road_building,77,3,1,115,11,3,47,12,31,8,75,19,23,6,,
road_building,77,4,0,115,4,1,,,96,24,,,,,,
road_building,78,1,1,153,17,5,61,16,21,6,1,1,,,,
road_building,78,2,0,153,14,4,58,15,,,18,5,102,26,,
road_building,78,3,0,153,3,1,103,26,,,139,35,15,4,,
road_building,78,4,0,153,12,3,76,19,,,20,5,,,,
road_building,79,1,0,144,17,5,57,15,,,29,8,137,35,,
road_building,79,2,0,144,10,3,62,16,114,29,106,27,74,19,,
road_building,79,3,0,144,3,1,107,27,,,19,5,31,8,,
road_building,79,4,1,144,20,5,40,10,132,33,4,1,,,,
road_building,80,1,1,161,21,6,37,10,157,40,9,3,25,7,,
road_building,80,2,0,161,14,4,146,37,,,118,30,86,22,,
road_building,80,3,0,161,23,6,,,139,35,,,,,,
road_building,80,4,0,161,12,3,148,37,68,17,4,1,,,,
road_building,81,1,0,187,5,2,89,23,,,9,3,,,,
road_building,81,2,0,187,2,1,106,27,166,42,30,8,14,4,,
road_building,81,3,1,187,3,1,47,12,171,43,11,3,,,,
road_building,81,4,0,187,4,1,4,1,,,44,11,60,15,,
road_building,82,1,1,117,5,2,13,4,109,28,85,22,57,15,,
road_building,82,2,0,117,6,2,,,10,3,42,11,26,7,,
road_building,82,3,0,117,3,1,95,24,115,29,59,15,23,6,,
road_building,82,4,0,117,4,1,84,21,,,8,2,,,,
road_building,83,1,1,177,13,4,61,16,125,32,85,22,97,25,,
road_building,83,2,0,177,2,1,,,,,54,14,18,5,,
road_building,83,3,0,177,3,1,107,27,,,19,5,,,,
road_building,83,4,0,177,32,8,72,18,,,8,2,,,,
road_building,84,1,0,136,9,3,125,32,,,109,28,25,7,,
road_building,84,2,0,136,6,2,106,27,,,34,9,,,,
road_building,84,3,0,136,3,1,119,30,,,23,6,27,7,,
road_building,84,4,1,136,4,1,88,22,128,32,104,26,,,,
road_building,85,1,0,146,5,2,61,16,141,36,,,,,,
road_building,85,2,1,146,10,3,42,11,146,37,70,18,38,10,,
road_building,85,3,0,146,3,1,43,11,,,35,9,,,,
road_building,85,4,0,146,8,2,60,15,,,76,19,,,,
road_building,86,1,1,145,1,1,105,27,89,23,13,4,21,6,,
road_building,86,2,0,145,14,4,130,33,82,21,10,3,110,28,,
road_building,86,3,0,145,19,5,107,27,123,31,139,35,83,21,,
road_building,86,4,0,145,20,5,76,19,,,28,7,,,,
road_building,87,1,0,112,1,1,61,16,,,29,8,51,13,,
road_building,87,2,0,112,10,3,,,,,14,4,,,,
road_building,87,3,0,112,15,4,51,13,,,39,10,,,,
road_building,87,4,1,112,12,3,52,13,108,27,36,9,32,8,,
road_building,88,1,1,117,13,4,105,27,25,7,9,3,61,16,,
road_building,88,2,0,117,2,1,94,24,18,5,30,8,26,7,,
road_building,88,3,0,117,11,3,,,,,7,2,,,,
road_building,88,4,0,117,44,11,88,22,,,,,,,,
road_building,89,1,1,137,1,1,93,24,61,16,109,28,37,10,,
road_building,89,2,0,137,2,1,22,6,,,6,2,30,8,,
road_building,89,3,0,137,3,1,103,26,111,28,15,4,,,,
road_building,89,4,0,137,8,2,16,4,108,27,112,28,60,15,,
road_building,90,1,0,111,13,4,33,9,89,23,5,2,,,,
road_building,90,2,0,111,30,8,110,28,,,90,23,,,,
road_building,90,3,1,111,23,6,31,8,111,28,3,1,79,20,,
road_building,90,4,0,111,4,1,44,11,,,,,32,8,,
road_building,91,1,0,176,29,8,,,,,57,15,,,,
road_building,91,2,0,176,70,18,,,38,10,22,6,,,,
road_building,91,3,0,176,15,4,,,,,23,6,,,,
road_building,91,4,1,176,12,3,28,7,164,41,60,15,48,12,,
road_building,92,1,0,159,1,1,,,,,25,7,81,21,,
road_building,92,2,0,159,14,4,70,18,134,34,,,54,14,,
road_building,92,3,1,159,7,2,91,23,147,37,11,3,,,,
road_building,92,4,0,159,20,5,132,33,,,16,4,96,24,,
road_building,93,1,0,131,17,5,65,17,,,1,1,,,,
road_building,93,2,0,131,42,11,,,,,,,,,,
road_building,93,3,1,131,3,1,7,2,131,33,19,5,55,14,,
road_building,93,4,0,131,20,5,96,24,72,18,92,23,,,,
road_building,94,1,0,183,9,3,,,,,113,29,,,,
road_building,94,2,0,183,2,1,90,23,,,58,15,,,,
road_building,94,3,1,183,27,7,91,23,35,9,7,2,131,33,,
road_building,94,4,0,183,8,2,88,22,,,104,26,20,5,,
road_building,95,1,0,159,13,4,,,29,8,133,34,,,,
road_building,95,2,0,159,2,1,54,14,,,42,11,,,,
road_building,95,3,1,159,27,7,47,12,107,27,43,11,,,,
road_building,95,4,0,159,8,2,116,29,,,120,30,32,8,,
road_building,96,1,0,143,1,1,73,19,,,53,14,29,8,,
road_building,96,2,0,143,18,5,86,22,50,13,22,6,,,,
road_building,96,3,1,143,11,3,47,12,143,36,43,11,99,25,,
road_building,96,4,0,143,16,4,120,30,104,26,80,20,,,,
road_building,97,1,0,148,5,2,141,36,21,6,121,31,45,12,,
road_building,97,2,0,148,2,1,62,16,,,46,12,38,10,,
road_building,97,3,0,148,3,1,,,,,35,9,,,,
road_building,97,4,1,148,8,2,52,13,136,34,16,4,92,23,,
road_building,98,1,1,145,13,4,49,13,141,36,1,1,,,,
road_building,98,2,0,145,18,5,30,8,,,70,18,,,,
road_building,98,3,0,145,15,4,107,27,35,9,19,5,23,6,,
road_building,98,4,0,145,4,1,,,,,,,32,8,,
road_building,99,1,0,95,1,1,,,,,5,2,25,7,,
road_building,99,2,0,95,10,3,,,,,74,19,22,6,,
road_building,99,3,1,95,39,10,47,12,23,6,31,8,59,15,,
road_building,99,4,0,95,4,1,48,12,,,36,9,,,,
roads_and_cities,0,1,0,180,5,2,45,12,85,22,1,1,21,6,,
roads_and_cities,0,2,0,180,2,1,98,25,130,33,30,8,,,,
roads_and_cities,0,3,0,180,27,7,95,24,135,34,7,2,,,,
roads_and_cities,0,4,1,180,24,6,152,38,44,11,8,2,64,16,,
roads_and_cities,1,1,0,79,13,4,,,21,6,5,2,,,,
roads_and_cities,1,2,0,79,2,1,78,20,34,9,14,4,34,9,,
roads_and_cities,1,3,1,79,7,2,67,17,15,4,3,1,11,3,,
roads_and_cities,1,4,0,79,8,2,32,8,20,5,8,2,,,,
roads_and_cities,2,1,0,107,1,1,53,14,101,26,25,7,29,8,,
roads_and_cities,2,2,0,107,22,6,,,86,22,14,4,,,,
roads_and_cities,2,3,1,107,3,1,79,20,99,25,15,4,27,7,,
roads_and_cities,2,4,0,107,44,11,,,20,5,12,3,,,,
roads_and_cities,3,1,0,120,1,1,57,15,41,11,9,3,13,4,,
roads_and_cities,3,2,0,120,2,1,82,21,,,34,9,,,,
roads_and_cities,3,3,0,120,23,6,35,9,59,15,19,5,,,,
roads_and_cities,3,4,1,120,4,1,104,26,24,6,28,7,52,13,,
roads_and_cities,4,1,1,93,1,1,33,9,17,5,25,7,,,,
roads_and_cities,4,2,0,93,10,3,,,46,12,22,6,,,,
roads_and_cities,4,3,0,93,3,1,,,,,,,31,8,,
roads_and_cities,4,4,0,93,8,2,56,14,16,4,40,10,24,6,,
roads_and_cities,5,1,0,87,29,8,81,21,53,14,5,2,,,,
roads_and_cities,5,2,0,87,6,2,62,16,,,22,6,26,7,,
roads_and_cities,5,3,1,87,3,1,55,14,71,18,7,2,,,,
roads_and_cities,5,4,0,87,80,20,,,,,8,2,,,,
roads_and_cities,6,1,0,103,17,5,53,14,29,8,65,17,,,,
roads_and_cities,6,2,0,103,30,8,90,23,82,21,54,14,,,,
roads_and_cities,6,3,1,103,7,2,7,2,39,10,11,3,35,9,,
roads_and_cities,6,4,0,103,4,1,,,,,4,1,44,11,,
roads_and_cities,7,1,1,69,5,2,41,11,9,3,,,13,4,,
roads_and_cities,7,2,0,69,38,10,,,,,2,1,,,,
roads_and_cities,7,3,0,69,11,3,,,,,19,5,,,,
roads_and_cities,7,4,0,69,4,1,,,,,12,3,,,,
roads_and_cities,8,1,0,106,5,2,53,14,,,69,18,17,5,,
roads_and_cities,8,2,1,106,2,1,62,16,26,7,66,17,42,11,,
roads_and_cities,8,3,0,106,7,2,,,,,,,,,,
roads_and_cities,8,4,0,106,8,2,,,64,16,72,18,,,,
roads_and_cities,9,1,0,108,5,2,73,19,9,3,,,,,,
roads_and_cities,9,2,0,108,54,14,74,19,,,14,4,,,,
roads_and_cities,9,3,0,108,31,8,103,26,15,4,7,2,,,,
roads_and_cities,9,4,1,108,4,1,44,11,12,3,32,8,24,6,,
roads_and_cities,10,1,0,90,1,1,81,21,57,15,13,4,,,,
roads_and_cities,10,2,1,90,2,1,70,18,34,9,10,3,18,5,,
roads_and_cities,10,3,0,90,39,10,75,19,,,7,2,,,,
roads_and_cities,10,4,0,90,4,1,,,84,21,56,14,44,11,,
roads_and_cities,11,1,0,115,5,2,,,21,6,29,8,85,22,,
roads_and_cities,11,2,0,115,26,7,66,17,26,7,46,12,34,9,,
roads_and_cities,11,3,1,115,31,8,103,26,15,4,27,7,87,22,,
roads_and_cities,11,4,0,115,56,14,,,100,25,4,1,,,,
roads_and_cities,12,1,1,125,5,2,101,26,73,19,33,9,21,6,,
roads_and_cities,12,2,0,125,22,6,90,23,78,20,2,1,,,,
roads_and_cities,12,3,0,125,3,1,,,,,27,7,83,21,,
roads_and_cities,12,4,0,125,8,2,56,14,32,8,4,1,40,10,,
roads_and_cities,13,1,0,60,21,6,,,,,5,2,,,,
roads_and_cities,13,2,0,60,18,5,,,,,10,3,,,,
roads_and_cities,13,3,0,60,35,9,,,23,6,39,10,,,,
roads_and_cities,13,4,1,60,12,3,12,3,8,2,4,1,20,5,,
roads_and_cities,14,1,0,127,1,1,69,18,,,33,9,,,,
roads_and_cities,14,2,0,127,34,9,,,,,14,4,62,16,,
roads_and_cities,14,3,1,127,11,3,19,5,91,23,3,1,39,10,,
roads_and_cities,14,4,0,127,4,1,,,104,26,16,4,68,17,,
roads_and_cities,15,1,0,120,33,9,,,73,19,21,6,,,,
roads_and_cities,15,2,0,120,46,12,,,,,6,2,,,,
roads_and_cities,15,3,0,120,7,2,111,28,55,14,3,1,,,,
roads_and_cities,15,4,1,120,12,3,80,20,44,11,,,36,9,,
roads_and_cities,16,1,0,115,5,2,,,,,29,8,,,,
roads_and_cities,16,2,0,115,6,2,26,7,,,50,13,14,4,,
roads_and_cities,16,3,1,115,3,1,47,12,71,18,115,29,,,,
roads_and_cities,16,4,0,115,28,7,96,24,36,9,8,2,,,,
roads_and_cities,17,1,0,170,1,1,165,42,,,29,8,53,14,,
roads_and_cities,17,2,1,170,2,1,22,6,162,41,10,3,18,5,,
roads_and_cities,17,3,0,170,7,2,71,18,99,25,3,1,39,10,,
roads_and_cities,17,4,0,170,8,2,116,29,160,40,16,4,,,,
roads_and_cities,18,1,1,113,1,1,73,19,61,16,9,3,9,3,,
roads_and_cities,18,2,0,113,2,1,6,2,38,10,22,6,,,,
roads_and_cities,18,3,0,113,3,1,,,19,5,75,19,,,,
roads_and_cities,18,4,0,113,4,1,60,15,36,9,4,1,,,,
roads_and_cities,19,1,1,61,13,4,17,5,21,6,1,1,53,14,,
roads_and_cities,19,2,0,61,14,4,46,12,54,14,34,9,26,7,,
roads_and_cities,19,3,0,61,27,7,,,31,8,43,11,,,,
roads_and_cities,19,4,0,61,8,2,8,2,,,16,4,,,,
roads_and_cities,20,1,0,134,17,5,125,32,69,18,25,7,45,12,,
roads_and_cities,20,2,1,134,2,1,86,22,30,8,10,3,,,,
roads_and_cities,20,3,0,134,31,8,115,29,71,18,3,1,,,,
roads_and_cities,20,4,0,134,4,1,132,33,,,28,7,20,5,,
roads_and_cities,21,1,1,101,9,3,45,12,45,12,5,2,101,26,,
roads_and_cities,21,2,0,101,2,1,,,94,24,38,10,22,6,,
roads_and_cities,21,3,0,101,3,1,35,9,55,14,7,2,67,17,,
roads_and_cities,21,4,0,101,16,4,28,7,8,2,24,6,,,,
roads_and_cities,22,1,0,128,13,4,105,27,41,11,13,4,101,26,,
roads_and_cities,22,2,0,128,2,1,110,28,106,27,14,4,,,,
roads_and_cities,22,3,0,128,7,2,,,83,21,15,4,47,12,,
roads_and_cities,22,4,1,128,68,17,72,18,64,16,20,5,128,32,,
roads_and_cities,23,1,0,126,5,2,81,21,,,25,7,,,,
roads_and_cities,23,2,1,126,2,1,18,5,82,21,14,4,30,8,,
roads_and_cities,23,3,0,126,3,1,39,10,119,30,,,71,18,,
roads_and_cities,23,4,0,126,20,5,,,,,8,2,60,15,,
roads_and_cities,24,1,0,128,17,5,45,12,97,25,13,4,,,,
roads_and_cities,24,2,0,128,22,6,126,32,82,21,42,11,54,14,,
roads_and_cities,24,3,0,128,15,4,19,5,43,11,3,1,,,,
roads_and_cities,24,4,1,128,20,5,28,7,76,19,16,4,36,9,,
roads_and_cities,25,1,0,126,29,8,,,,,1,1,,,,
roads_and_cities,25,2,1,126,2,1,106,27,38,10,78,20,,,,
roads_and_cities,25,3,0,126,3,1,43,11,,,59,15,,,,
roads_and_cities,25,4,0,126,4,1,,,112,28,,,24,6,,
roads_and_cities,26,1,0,166,33,9,69,18,29,8,25,7,,,,
roads_and_cities,26,2,1,166,14,4,154,39,146,37,2,1,,,,
roads_and_cities,26,3,0,166,19,5,75,19,107,27,3,1,147,37,,
roads_and_cities,26,4,0,166,4,1,20,5,,,4,1,32,8,,
roads_and_cities,27,1,0,179,5,2,157,40,105,27,1,1,,,,
roads_and_cities,27,2,0,179,22,6,70,18,66,17,18,5,,,,
roads_and_cities,27,3,1,179,7,2,15,4,51,13,35,9,,,,
roads_and_cities,27,4,0,179,4,1,48,12,168,42,40,10,20,5,,
roads_and_cities,28,1,1,149,5,2,97,25,57,15,133,34,33,9,,
roads_and_cities,28,2,0,149,42,11,138,35,62,16,18,5,,,,
roads_and_cities,28,3,0,149,11,3,143,36,,,87,22,39,10,,
roads_and_cities,28,4,0,149,76,19,,,68,17,4,1,,,,
roads_and_cities,29,1,1,109,1,1,25,7,69,18,13,4,89,23,,
roads_and_cities,29,2,0,109,14,4,98,25,18,5,78,20,22,6,,
roads_and_cities,29,3,0,109,19,5,71,18,23,6,95,24,,,,
roads_and_cities,29,4,0,109,48,12,,,,,,,,,,
roads_and_cities,30,1,0,190,5,2,125,32,117,30,13,4,65,17,,
roads_and_cities,30,2,1,190,2,1,62,16,66,17,30,8,146,37,,
roads_and_cities,30,3,0,190,3,1,75,19,187,47,11,3,43,11,,
roads_and_cities,30,4,0,190,4,1,96,24,,,52,13,56,14,,
roads_and_cities,31,1,0,115,1,1,,,45,12,85,22,25,7,,
roads_and_cities,31,2,0,115,2,1,54,14,62,16,18,5,26,7,,
roads_and_cities,31,3,1,115,15,4,39,10,63,16,19,5,75,19,,
roads_and_cities,31,4,0,115,32,8,68,17,,,12,3,,,,
roads_and_cities,32,1,0,151,,,,,141,36,13,4,,,,
roads_and_cities,32,2,0,151,2,1,18,5,122,31,34,9,46,12,,
roads_and_cities,32,3,1,151,3,1,111,28,19,5,15,4,,,,
roads_and_cities,32,4,0,151,8,2,68,17,48,12,16,4,,,,
roads_and_cities,33,1,1,221,5,2,,,153,39,5,2,141,36,,
roads_and_cities,33,2,0,221,34,9,98,25,142,36,6,2,,,,
roads_and_cities,33,3,0,221,15,4,147,37,59,15,3,1,,,,
roads_and_cities,33,4,0,221,4,1,72,18,112,28,,,40,10,,
roads_and_cities,34,1,0,112,1,1,89,23,13,4,,,59,15,,
roads_and_cities,34,2,0,112,6,2,58,15,94,24,2,1,22,6,,
roads_and_cities,34,3,0,112,35,9,59,15,,,19,5,,,,
roads_and_cities,34,4,1,112,12,3,64,16,100,25,28,7,36,9,,
roads_and_cities,35,1,0,119,1,1,,,85,22,9,3,,,,
roads_and_cities,35,2,0,119,2,1,,,82,21,38,10,22,6,,
roads_and_cities,35,3,1,119,23,6,107,27,7,2,3,1,31,8,,
roads_and_cities,35,4,0,119,12,3,32,8,92,23,20,5,52,13,,
roads_and_cities,36,1,1,157,25,7,89,23,13,4,1,1,,,,
roads_and_cities,36,2,0,157,10,3,114,29,150,38,42,11,50,13,,
roads_and_cities,36,3,0,157,23,6,135,34,67,17,11,3,,,,
roads_and_cities,36,4,0,157,8,2,40,10,156,39,8,2,36,9,,
roads_and_cities,37,1,1,177,41,11,109,28,57,15,1,1,,,,
roads_and_cities,37,2,0,177,2,1,18,5,58,15,30,8,98,25,,
roads_and_cities,37,3,0,177,3,1,139,35,95,24,11,3,,,,
roads_and_cities,37,4,0,177,8,2,116,29,,,8,2,36,9,,
roads_and_cities,38,1,0,147,9,3,45,12,,,17,5,,,,
roads_and_cities,38,2,0,147,18,5,74,19,14,4,34,9,,,,
roads_and_cities,38,3,1,147,3,1,131,33,35,9,27,7,67,17,,
roads_and_cities,38,4,0,147,4,1,56,14,,,120,30,24,6,,
roads_and_cities,39,1,0,116,9,3,57,15,49,13,1,1,,,,
roads_and_cities,39,2,0,116,6,2,,,82,21,2,1,54,14,,
roads_and_cities,39,3,0,116,51,13,71,18,35,9,3,1,,,,
roads_and_cities,39,4,1,116,4,1,8,2,104,26,36,9,32,8,,
roads_and_cities,40,1,0,124,9,3,,,73,19,49,13,,,,
roads_and_cities,40,2,0,124,2,1,30,8,,,26,7,,,,
roads_and_cities,40,3,0,124,15,4,103,26,39,10,23,6,31,8,,
roads_and_cities,40,4,1,124,16,4,112,28,48,12,4,1,,,,
roads_and_cities,41,1,0,95,5,2,37,10,,,1,1,,,,
roads_and_cities,41,2,0,95,,,,,18,5,10,3,,,,
roads_and_cities,41,3,1,95,7,2,19,5,43,11,11,3,35,9,,
roads_and_cities,41,4,0,95,8,2,64,16,40,10,8,2,28,7,,
roads_and_cities,42,1,0,139,1,1,61,16,109,28,117,30,25,7,,
roads_and_cities,42,2,0,139,14,4,118,30,50,13,6,2,,,,
roads_and_cities,42,3,1,139,3,1,111,28,119,30,7,2,43,11,,
roads_and_cities,42,4,0,139,4,1,12,3,72,18,24,6,104,26,,
roads_and_cities,43,1,0,103,9,3,,,41,11,57,15,,,,
roads_and_cities,43,2,0,103,42,11,,,30,8,6,2,86,22,,
roads_and_cities,43,3,1,103,55,14,67,17,31,8,7,2,,,,
roads_and_cities,43,4,0,103,8,2,80,20,,,32,8,24,6,,
roads_and_cities,44,1,0,194,5,2,129,33,21,6,89,23,53,14,,
roads_and_cities,44,2,1,194,14,4,74,19,178,45,6,2,,,,
roads_and_cities,44,3,0,194,3,1,,,55,14,11,3,103,26,,
roads_and_cities,44,4,0,194,56,14,80,20,,,16,4,164,41,,
roads_and_cities,45,1,0,112,5,2,93,24,73,19,49,13,,,,
roads_and_cities,45,2,0,112,6,2,78,20,102,26,90,23,18,5,,
roads_and_cities,45,3,0,112,11,3,111,28,55,14,19,5,101,25,,
roads_and_cities,45,4,1,112,4,1,64,16,24,6,40,10,,,,
roads_and_cities,46,1,0,135,9,3,81,21,,,13,4,,,,
roads_and_cities,46,2,0,135,2,1,,,126,32,10,3,62,16,,
roads_and_cities,46,3,1,135,27,7,83,21,75,19,31,8,,,,
roads_and_cities,46,4,0,135,4,1,40,10,,,16,4,28,7,,
roads_and_cities,47,1,0,102,17,5,,,,,1,1,,,,
roads_and_cities,47,2,1,102,2,1,30,8,98,25,10,3,26,7,,
roads_and_cities,47,3,0,102,3,1,87,22,23,6,51,13,,,,
roads_and_cities,47,4,0,102,12,3,48,12,4,1,24,6,,,,
roads_and_cities,48,1,0,116,93,24,,,,,5,2,,,,
roads_and_cities,48,2,0,116,10,3,110,28,22,6,98,25,,,,
roads_and_cities,48,3,0,116,7,2,107,27,11,3,31,8,39,10,,
roads_and_cities,48,4,1,116,12,3,76,19,88,22,4,1,52,13,,
roads_and_cities,49,1,0,86,1,1,73,19,,,41,11,53,14,,
roads_and_cities,49,2,1,86,14,4,66,17,26,7,6,2,62,16,,
roads_and_cities,49,3,0,86,3,1,,,31,8,23,6,,,,
roads_and_cities,49,4,0,86,4,1,,,,,16,4,,,,
roads_and_cities,50,1,0,118,1,1,,,113,29,5,2,,,,
roads_and_cities,50,2,1,118,18,5,106,27,10,3,90,23,34,9,,
roads_and_cities,50,3,0,118,7,2,39,10,15,4,3,1,,,,
roads_and_cities,50,4,0,118,8,2,104,26,,,12,3,64,16,,
roads_and_cities,51,1,1,101,65,17,81,21,41,11,13,4,,,,
roads_and_cities,51,2,0,101,6,2,18,5,78,20,18,5,86,22,,
roads_and_cities,51,3,0,101,3,1,,,51,13,91,23,27,7,,
roads_and_cities,51,4,0,101,20,5,,,68,17,8,2,56,14,,
roads_and_cities,52,1,0,131,13,4,,,121,31,57,15,,,,
roads_and_cities,52,2,0,131,2,1,26,7,114,29,38,10,22,6,,
roads_and_cities,52,3,1,131,7,2,59,15,115,29,11,3,35,9,,
roads_and_cities,52,4,0,131,32,8,,,24,6,56,14,,,,
roads_and_cities,53,1,0,134,5,2,109,28,29,8,57,15,29,8,,
roads_and_cities,53,2,1,134,38,10,134,34,14,4,10,3,78,20,,
roads_and_cities,53,3,0,134,3,1,91,23,59,15,11,3,,,,
roads_and_cities,53,4,0,134,28,7,80,20,60,15,4,1,,,,
roads_and_cities,54,1,0,107,5,2,,,,,,,,,,
roads_and_cities,54,2,0,107,58,15,,,,,6,2,90,23,,
roads_and_cities,54,3,1,107,3,1,11,3,27,7,23,6,35,9,,
roads_and_cities,54,4,0,107,36,9,72,18,8,2,4,1,,,,
roads_and_cities,55,1,0,151,5,2,85,22,69,18,21,6,,,,
roads_and_cities,55,2,0,151,10,3,78,20,,,90,23,,,,
roads_and_cities,55,3,1,151,3,1,35,9,91,23,43,11,19,5,,
roads_and_cities,55,4,0,151,8,2,80,20,68,17,52,13,48,12,,
roads_and_cities,56,1,0,115,21,6,105,27,85,22,,,,,,
roads_and_cities,56,2,0,115,6,2,,,46,12,2,1,18,5,,
roads_and_cities,56,3,1,115,15,4,55,14,87,22,7,2,35,9,,
roads_and_cities,56,4,0,115,44,11,108,27,8,2,16,4,,,,
roads_and_cities,57,1,0,130,21,6,65,17,17,5,117,30,57,15,,
roads_and_cities,57,2,1,130,22,6,58,15,54,14,30,8,86,22,,
roads_and_cities,57,3,0,130,31,8,71,18,,,3,1,55,14,,
roads_and_cities,57,4,0,130,4,1,,,52,13,32,8,,,,
roads_and_cities,58,1,1,113,17,5,85,22,69,18,25,7,,,,
roads_and_cities,58,2,0,113,6,2,10,3,,,14,4,86,22,,
roads_and_cities,58,3,0,113,43,11,87,22,19,5,11,3,,,,
roads_and_cities,58,4,0,113,4,1,24,6,,,68,17,12,3,,
roads_and_cities,59,1,1,121,9,3,53,14,21,6,1,1,,,,
roads_and_cities,59,2,0,121,6,2,46,12,102,26,22,6,30,8,,
roads_and_cities,59,3,0,121,15,4,47,12,107,27,31,8,,,,
roads_and_cities,59,4,0,121,8,2,,,,,4,1,20,5,,
roads_and_cities,60,1,0,100,25,7,97,25,61,16,45,12,,,,
roads_and_cities,60,2,0,100,42,11,,,38,10,2,1,,,,
roads_and_cities,60,3,0,100,3,1,91,23,39,10,,,,,,
roads_and_cities,60,4,1,100,4,1,56,14,12,3,88,22,32,8,,
roads_and_cities,61,1,0,115,17,5,113,29,,,1,1,29,8,,
roads_and_cities,61,2,0,115,22,6,,,,,,,,,,
roads_and_cities,61,3,1,115,19,5,67,17,23,6,3,1,,,,
roads_and_cities,61,4,0,115,4,1,68,17,,,48,12,28,7,,
roads_and_cities,62,1,0,110,1,1,73,19,65,17,5,2,73,19,,
roads_and_cities,62,2,1,110,2,1,70,18,10,3,26,7,34,9,,
roads_and_cities,62,3,0,110,3,1,75,19,23,6,35,9,,,,
roads_and_cities,62,4,0,110,12,3,76,19,4,1,16,4,20,5,,
roads_and_cities,63,1,0,176,9,3,149,38,41,11,17,5,,,,
roads_and_cities,63,2,0,176,10,3,98,25,74,19,6,2,,,,
roads_and_cities,63,3,0,176,15,4,55,14,83,21,7,2,,,,
roads_and_cities,63,4,1,176,4,1,148,37,92,23,12,3,24,6,,
roads_and_cities,64,1,1,141,5,2,41,11,109,28,25,7,29,8,,
roads_and_cities,64,2,0,141,22,6,,,14,4,10,3,,,,
roads_and_cities,64,3,0,141,3,1,75,19,83,21,23,6,,,,
roads_and_cities,64,4,0,141,4,1,,,84,21,,,76,19,,
roads_and_cities,65,1,0,115,5,2,77,20,29,8,,,,,,
roads_and_cities,65,2,0,115,6,2,74,19,54,14,2,1,,,,
roads_and_cities,65,3,1,115,15,4,71,18,7,2,51,13,,,,
roads_and_cities,65,4,0,115,4,1,28,7,,,48,12,8,2,,
roads_and_cities,66,1,0,132,37,10,,,65,17,5,2,,,,
roads_and_cities,66,2,0,132,2,1,82,21,126,32,130,33,30,8,,
roads_and_cities,66,3,0,132,3,1,111,28,,,31,8,35,9,,
roads_and_cities,66,4,1,132,4,1,36,9,64,16,8,2,72,18,,
roads_and_cities,67,1,0,128,1,1,77,20,,,17,5,,,,
roads_and_cities,67,2,0,128,2,1,86,22,,,30,8,34,9,,
roads_and_cities,67,3,0,128,67,17,,,11,3,,,,,,
roads_and_cities,67,4,1,128,16,4,16,4,128,32,24,6,60,15,,
roads_and_cities,68,1,1,141,5,2,65,17,73,19,89,23,97,25,,
roads_and_cities,68,2,0,141,6,2,46,12,38,10,14,4,,,,
roads_and_cities,68,3,0,141,3,1,,,131,33,,,23,6,,
roads_and_cities,68,4,0,141,12,3,60,15,,,12,3,,,,
roads_and_cities,69,1,1,105,9,3,65,17,41,11,85,22,37,10,,
roads_and_cities,69,2,0,105,6,2,,,62,16,2,1,,,,
roads_and_cities,69,3,0,105,11,3,99,25,,,11,3,,,,
roads_and_cities,69,4,0,105,12,3,,,68,17,8,2,,,,
roads_and_cities,70,1,1,145,29,8,65,17,5,2,25,7,,,,
roads_and_cities,70,2,0,145,26,7,,,118,30,138,35,90,23,,
roads_and_cities,70,3,0,145,7,2,,,,,67,17,19,5,,
roads_and_cities,70,4,0,145,4,1,16,4,132,33,4,1,44,11,,
roads_and_cities,71,1,1,125,9,3,73,19,49,13,41,11,,,,
roads_and_cities,71,2,0,125,22,6,,,74,19,6,2,,,,
roads_and_cities,71,3,0,125,3,1,63,16,,,27,7,,,,
roads_and_cities,71,4,0,125,8,2,80,20,32,8,4,1,16,4,,
roads_and_cities,72,1,1,93,21,6,45,12,9,3,29,8,,,,
roads_and_cities,72,2,0,93,2,1,,,18,5,,,14,4,,
roads_and_cities,72,3,0,93,23,6,,,,,7,2,,,,
roads_and_cities,72,4,0,93,4,1,92,23,48,12,20,5,88,22,,
roads_and_cities,73,1,0,122,1,1,97,25,41,11,117,30,41,11,,
roads_and_cities,73,2,1,122,6,2,114,29,38,10,18,5,,,,
roads_and_cities,73,3,0,122,3,1,59,15,95,24,63,16,19,5,,
roads_and_cities,73,4,0,122,48,12,88,22,40,10,,,,,,
roads_and_cities,74,1,0,124,9,3,45,12,33,9,49,13,,,,
roads_and_cities,74,2,0,124,2,1,22,6,,,62,16,14,4,,
roads_and_cities,74,3,0,124,19,5,,,,,15,4,,,,
roads_and_cities,74,4,1,124,16,4,48,12,8,2,108,27,56,14,,
roads_and_cities,75,1,0,162,89,23,,,53,14,13,4,,,,
roads_and_cities,75,2,1,162,34,9,126,32,86,22,6,2,,,,
roads_and_cities,75,3,0,162,7,2,79,20,,,27,7,99,25,,
roads_and_cities,75,4,0,162,16,4,120,30,,,92,23,40,10,,
roads_and_cities,76,1,1,157,1,1,73,19,137,35,29,8,45,12,,
roads_and_cities,76,2,0,157,10,3,,,,,50,13,102,26,,
roads_and_cities,76,3,0,157,31,8,79,20,,,11,3,,,,
roads_and_cities,76,4,0,157,28,7,148,37,72,18,8,2,,,,
roads_and_cities,77,1,0,138,29,8,93,24,,,13,4,,,,
roads_and_cities,77,2,1,138,10,3,122,31,62,16,42,11,82,21,,
roads_and_cities,77,3,0,138,31,8,115,29,79,20,7,2,,,,
roads_and_cities,77,4,0,138,4,1,116,29,64,16,100,25,20,5,,
roads_and_cities,78,1,0,112,21,6,85,22,41,11,97,25,,,,
roads_and_cities,78,2,0,112,18,5,102,26,,,10,3,66,17,,
roads_and_cities,78,3,0,112,55,14,95,24,15,4,3,1,,,,
roads_and_cities,78,4,1,112,4,1,44,11,16,4,56,14,8,2,,
roads_and_cities,79,1,1,141,1,1,77,20,41,11,9,3,37,10,,
roads_and_cities,79,2,0,141,6,2,,,10,3,130,33,30,8,,
roads_and_cities,79,3,0,141,27,7,135,34,67,17,3,1,,,,
roads_and_cities,79,4,0,141,12,3,96,24,16,4,4,1,84,21,,
roads_and_cities,80,1,0,104,21,6,,,,,5,2,,,,
roads_and_cities,80,2,0,104,22,6,86,22,78,20,,,,,,
roads_and_cities,80,3,0,104,11,3,75,19,95,24,7,2,,,,
roads_and_cities,80,4,1,104,20,5,52,13,12,3,,,24,6,,
roads_and_cities,81,1,0,188,17,5,,,169,43,37,10,,,,
roads_and_cities,81,2,0,188,2,1,66,17,150,38,38,10,18,5,,
roads_and_cities,81,3,0,188,7,2,19,5,151,38,3,1,,,,
roads_and_cities,81,4,1,188,28,7,160,40,164,41,4,1,63,15,,
roads_and_cities,82,1,0,127,61,16,85,22,13,4,37,10,,,,
roads_and_cities,82,2,0,127,6,2,78,20,106,27,2,1,18,5,,
roads_and_cities,82,3,1,127,7,2,31,8,119,30,3,1,51,13,,
roads_and_cities,82,4,0,127,4,1,120,30,,,12,3,,,,
roads_and_cities,83,1,0,111,9,3,101,26,5,2,69,18,,,,
roads_and_cities,83,2,0,111,38,10,98,25,30,8,,,,,,
roads_and_cities,83,3,1,111,3,1,31,8,103,26,51,13,31,8,,
roads_and_cities,83,4,0,111,8,2,,,108,27,24,6,24,6,,
roads_and_cities,84,1,0,88,1,1,45,12,17,5,69,18,17,5,,
roads_and_cities,84,2,0,88,14,4,,,,,18,5,,,,
roads_and_cities,84,3,0,88,7,2,,,71,18,19,5,55,14,,
roads_and_cities,84,4,1,88,32,8,72,18,4,1,16,4,,,,
roads_and_cities,85,1,0,146,1,1,133,34,65,17,5,2,89,23,,
roads_and_cities,85,2,1,146,10,3,90,23,26,7,6,2,146,37,,
roads_and_cities,85,3,0,146,11,3,115,29,79,20,19,5,,,,
roads_and_cities,85,4,0,146,20,5,64,16,80,20,4,1,48,12,,
roads_and_cities,86,1,0,146,5,2,137,35,,,17,5,113,29,,
roads_and_cities,86,2,1,146,10,3,102,26,62,16,30,8,,,,
roads_and_cities,86,3,0,146,43,11,115,29,23,6,107,27,,,,
roads_and_cities,86,4,0,146,4,1,72,18,60,15,12,3,24,6,,
roads_and_cities,87,1,0,87,1,1,49,13,33,9,,,25,7,,
roads_and_cities,87,2,0,87,2,1,,,,,10,3,,,,
roads_and_cities,87,3,1,87,27,7,71,18,39,10,11,3,,,,
roads_and_cities,87,4,0,87,4,1,80,20,24,6,56,14,60,15,,
roads_and_cities,88,1,0,98,1,1,,,97,25,,,37,10,,
roads_and_cities,88,2,1,98,6,2,26,7,46,12,2,1,18,5,,
roads_and_cities,88,3,0,98,55,14,67,17,31,8,79,20,,,,
roads_and_cities,88,4,0,98,8,2,92,23,32,8,16,4,44,11,,
roads_and_cities,89,1,0,90,9,3,,,37,10,,,57,15,,
roads_and_cities,89,2,1,90,14,4,50,13,82,21,6,2,30,8,,
roads_and_cities,89,3,0,90,15,4,83,21,87,22,3,1,,,,
roads_and_cities,89,4,0,90,4,1,64,16,56,14,8,2,,,,
roads_and_cities,90,1,0,128,57,15,85,22,33,9,17,5,,,,
roads_and_cities,90,2,0,128,14,4,,,62,16,34,9,,,,
roads_and_cities,90,3,0,128,15,4,43,11,51,13,3,1,,,,
roads_and_cities,90,4,1,128,12,3,44,11,128,32,28,7,32,8,,
roads_and_cities,91,1,0,142,41,11,,,109,28,9,3,,,,
roads_and_cities,91,2,1,142,14,4,18,5,130,33,22,6,86,22,,
roads_and_cities,91,3,0,142,3,1,,,51,13,,,19,5,,
roads_and_cities,91,4,0,142,24,6,,,128,32,12,3,,,,
roads_and_cities,92,1,0,83,21,6,65,17,,,61,16,,,,
roads_and_cities,92,2,0,83,14,4,,,,,50,13,54,14,,
roads_and_cities,92,3,1,83,11,3,19,5,35,9,7,2,39,10,,
roads_and_cities,92,4,0,83,68,17,76,19,28,7,12,3,,,,
roads_and_cities,93,1,0,98,1,1,,,97,25,,,,,,
roads_and_cities,93,2,1,98,14,4,90,23,66,17,30,8,50,13,,
roads_and_cities,93,3,0,98,11,3,,,,,51,13,,,,
roads_and_cities,93,4,0,98,36,9,,,24,6,4,1,76,19,,
roads_and_cities,94,1,0,126,5,2,73,19,57,15,9,3,33,9,,
roads_and_cities,94,2,1,126,2,1,110,28,6,2,58,15,98,25,,
roads_and_cities,94,3,0,126,7,2,71,18,55,14,75,19,,,,
roads_and_cities,94,4,0,126,48,12,,,88,22,12,3,,,,
roads_and_cities,95,1,1,105,5,2,93,24,29,8,69,18,85,22,,
roads_and_cities,95,2,0,105,38,10,58,15,18,5,6,2,,,,
roads_and_cities,95,3,0,105,3,1,91,23,59,15,95,24,,,,
roads_and_cities,95,4,0,105,4,1,,,64,16,,,20,5,,
roads_and_cities,96,1,1,101,9,3,97,25,69,18,17,5,29,8,,
roads_and_cities,96,2,0,101,2,1,78,20,30,8,66,17,,,,
roads_and_cities,96,3,0,101,15,4,,,71,18,3,1,,,,
roads_and_cities,96,4,0,101,4,1,52,13,12,3,36,9,,,,
roads_and_cities,97,1,0,144,1,1,93,24,13,4,,,33,9,,
roads_and_cities,97,2,0,144,18,5,42,11,54,14,22,6,,,,
roads_and_cities,97,3,0,144,7,2,135,34,39,10,3,1,71,18,,
roads_and_cities,97,4,1,144,28,7,64,16,16,4,4,1,64,16,,
roads_and_cities,98,1,0,103,13,4,81,21,5,2,93,24,,,,
roads_and_cities,98,2,0,103,46,12,,,14,4,6,2,58,15,,
roads_and_cities,98,3,1,103,3,1,91,23,63,16,11,3,31,8,,
roads_and_cities,98,4,0,103,32,8,,,,,44,11,52,13,,
roads_and_cities,99,1,0,116,57,15,85,22,37,10,9,3,,,,
roads_and_cities,99,2,0,116,10,3,,,50,13,82,21,,,,
roads_and_cities,99,3,0,116,7,2,,,,,7,2,,,,
roads_and_cities,99,4,1,116,8,2,80,20,84,21,60,15,28,7,,
five_resource,0,1,1,81,5,2,13,4,81,21,1,1,21,6,,
five_resource,0,2,0,81,,,,,,,14,4,,,,
five_resource,0,3,0,81,3,1,71,18,35,9,75,19,47,12,,
five_resource,0,4,0,81,12,3,,,48,12,,,,,,
five_resource,1,1,1,69,1,1,49,13,17,5,,,45,12,,
five_resource,1,2,0,69,2,1,34,9,14,4,58,15,,,,
five_resource,1,3,0,69,7,2,,,,,35,9,,,,
five_resource,1,4,0,69,4,1,,,,,8,2,12,3,,
five_resource,2,1,0,170,5,2,29,8,153,39,57,15,,,,
five_resource,2,2,1,170,6,2,10,3,110,28,58,15,,,,
five_resource,2,3,0,170,7,2,95,24,,,15,4,23,6,,
five_resource,2,4,0,170,12,3,52,13,,,20,5,40,10,,
five_resource,3,1,0,94,5,2,,,69,18,17,5,,,,
five_resource,3,2,1,94,2,1,22,6,90,23,54,14,18,5,,
five_resource,3,3,0,94,87,22,,,,,3,1,,,,
five_resource,3,4,0,94,32,8,,,,,4,1,,,,
five_resource,4,1,1,149,17,5,101,26,121,31,9,3,37,10,,
five_resource,4,2,0,149,26,7,42,11,70,18,6,2,,,,
five_resource,4,3,0,149,15,4,103,26,,,119,30,27,7,,
five_resource,4,4,0,149,8,2,48,12,,,36,9,,,,
five_resource,5,1,0,147,5,2,49,13,,,25,7,21,6,,
five_resource,5,2,0,147,34,9,146,37,50,13,10,3,,,,
five_resource,5,3,1,147,3,1,59,15,139,35,7,2,35,9,,
five_resource,5,4,0,147,40,10,,,,,4,1,,,,
five_resource,6,1,0,123,25,7,77,20,9,3,53,14,,,,
five_resource,6,2,0,123,10,3,58,15,22,6,122,31,,,,
five_resource,6,3,1,123,7,2,7,2,123,31,11,3,27,7,,
five_resource,6,4,0,123,4,1,,,,,32,8,,,,
five_resource,7,1,0,88,49,13,,,,,5,2,,,,
five_resource,7,2,0,88,6,2,70,18,,,2,1,,,,
five_resource,7,3,0,88,3,1,39,10,83,21,23,6,,,,
five_resource,7,4,1,88,4,1,32,8,44,11,,,12,3,,
five_resource,8,1,0,103,5,2,,,,,5,2,,,,
five_resource,8,2,0,103,2,1,58,15,,,90,23,18,5,,
five_resource,8,3,1,103,3,1,59,15,15,4,,,,,,
five_resource,8,4,0,103,52,13,,,,,4,1,,,,
five_resource,9,1,0,100,5,2,,,,,21,6,57,15,,
five_resource,9,2,0,100,6,2,98,25,,,26,7,,,,
five_resource,9,3,0,100,3,1,59,15,47,12,11,3,,,,
five_resource,9,4,1,100,20,5,88,22,12,3,4,1,40,10,,
five_resource,10,1,0,103,1,1,5,2,,,9,3,21,6,,
five_resource,10,2,0,103,2,1,82,21,26,7,42,11,,,,
five_resource,10,3,1,103,3,1,67,17,15,4,91,23,31,8,,
five_resource,10,4,0,103,4,1,,,,,68,17,56,14,,
five_resource,11,1,0,135,17,5,45,12,,,21,6,,,,
five_resource,11,2,0,135,10,3,82,21,,,2,1,66,17,,
five_resource,11,3,1,135,19,5,95,24,55,14,35,9,27,7,,
five_resource,11,4,0,135,20,5,,,124,31,4,1,,,,
five_resource,12,1,0,134,5,2,25,7,129,33,53,14,57,15,,
five_resource,12,2,1,134,10,3,78,20,82,21,74,19,22,6,,
five_resource,12,3,0,134,7,2,,,,,11,3,,,,
five_resource,12,4,0,134,4,1,72,18,108,27,24,6,36,9,,
five_resource,13,1,0,55,,,,,37,10,9,3,,,,
five_resource,13,2,0,55,10,3,50,13,18,5,6,2,,,,
five_resource,13,3,1,55,3,1,31,8,15,4,7,2,11,3,,
five_resource,13,4,0,55,8,2,,,,,4,1,48,12,,
five_resource,14,1,0,171,29,8,37,10,141,36,33,9,,,,
five_resource,14,2,0,171,6,2,138,35,,,2,1,,,,
five_resource,14,3,1,171,3,1,19,5,155,39,3,1,79,20,,
five_resource,14,4,0,171,4,1,,,,,100,25,24,6,,
five_resource,15,1,1,61,37,10,49,13,17,5,,,45,12,,
five_resource,15,2,0,61,6,2,,,42,11,14,4,,,,
five_resource,15,3,0,61,31,8,59,15,19,5,15,4,,,,
five_resource,15,4,0,61,36,9,,,,,16,4,,,,
five_resource,16,1,0,174,5,2,57,15,,,5,2,17,5,,
five_resource,16,2,1,174,6,2,26,7,146,37,22,6,,,,
five_resource,16,3,0,174,3,1,95,24,,,47,12,31,8,,
five_resource,16,4,0,174,8,2,152,38,168,42,32,8,40,10,,
five_resource,17,1,1,125,5,2,21,6,89,23,69,18,17,5,,
five_resource,17,2,0,125,6,2,66,17,,,18,5,,,,
five_resource,17,3,0,125,3,1,71,18,43,11,,,,,,
five_resource,17,4,0,125,4,1,64,16,124,31,104,26,16,4,,
five_resource,18,1,1,85,1,1,73,19,21,6,9,3,9,3,,
five_resource,18,2,0,85,2,1,58,15,74,19,10,3,,,,
five_resource,18,3,0,85,3,1,27,7,71,18,23,6,,,,
five_resource,18,4,0,85,40,10,,,,,4,1,,,,
five_resource,19,1,1,85,13,4,17,5,37,10,21,6,,,,
five_resource,19,2,0,85,2,1,78,20,,,14,4,30,8,,
five_resource,19,3,0,85,7,2,,,,,19,5,,,,
five_resource,19,4,0,85,12,3,60,15,,,16,4,28,7,,
five_resource,20,1,0,115,25,7,,,93,24,1,1,,,,
five_resource,20,2,0,115,2,1,114,29,,,74,19,10,3,,
five_resource,20,3,1,115,3,1,23,6,91,23,39,10,59,15,,
five_resource,20,4,0,115,20,5,,,72,18,12,3,,,,
five_resource,21,1,0,108,9,3,,,,,21,6,37,10,,
five_resource,21,2,0,108,10,3,58,15,30,8,22,6,82,21,,
five_resource,21,3,0,108,27,7,,,,,3,1,75,19,,
five_resource,21,4,1,108,8,2,92,23,32,8,4,1,24,6,,
five_resource,22,1,0,138,13,4,17,5,109,28,9,3,57,15,,
five_resource,22,2,1,138,42,11,130,33,22,6,10,3,122,31,,
five_resource,22,3,0,138,3,1,111,28,67,17,15,4,51,13,,
five_resource,22,4,0,138,4,1,72,18,,,16,4,,,,
five_resource,23,1,0,132,29,8,81,21,45,12,9,3,,,,
five_resource,23,2,0,132,18,5,26,7,122,31,26,7,,,,
five_resource,23,3,0,132,15,4,,,,,19,5,35,9,,
five_resource,23,4,1,132,36,9,80,20,120,30,28,7,56,14,,
five_resource,24,1,1,65,17,5,49,13,29,8,,,61,16,,
five_resource,24,2,0,65,30,8,,,,,,,,,,
five_resource,24,3,0,65,23,6,,,,,15,4,,,,
five_resource,24,4,0,65,12,3,40,10,,,12,3,36,9,,
five_resource,25,1,1,109,9,3,65,17,33,9,5,2,,,,
five_resource,25,2,0,109,2,1,,,,,,,78,20,,
five_resource,25,3,0,109,3,1,,,71,18,15,4,,,,
five_resource,25,4,0,109,12,3,100,25,56,14,8,2,40,10,,
five_resource,26,1,0,114,13,4,37,10,97,25,5,2,,,,
five_resource,26,2,1,114,10,3,98,25,10,3,,,58,15,,
five_resource,26,3,0,114,7,2,47,12,,,15,4,35,9,,
five_resource,26,4,0,114,12,3,,,84,21,4,1,,,,
five_resource,27,1,0,79,45,12,,,,,1,1,,,,
five_resource,27,2,0,79,14,4,,,,,10,3,34,9,,
five_resource,27,3,1,79,3,1,27,7,23,6,39,10,23,6,,
five_resource,27,4,0,79,8,2,72,18,,,4,1,,,,
five_resource,28,1,0,139,17,5,,,,,5,2,,,,
five_resource,28,2,0,139,14,4,134,34,30,8,6,2,54,14,,
five_resource,28,3,1,139,11,3,75,19,19,5,3,1,115,29,,
five_resource,28,4,0,139,4,1,100,25,,,8,2,28,7,,
five_resource,29,1,0,124,5,2,,,93,24,9,3,13,4,,
five_resource,29,2,0,124,42,11,122,31,78,20,6,2,,,,
five_resource,29,3,0,124,19,5,,,,,31,8,,,,
five_resource,29,4,1,124,24,6,28,7,48,12,4,1,,,,
five_resource,30,1,1,161,5,2,5,2,93,24,37,10,29,8,,
five_resource,30,2,0,161,42,11,66,17,114,29,6,2,110,28,,
five_resource,30,3,0,161,19,5,83,21,99,25,7,2,139,35,,
five_resource,30,4,0,161,4,1,,,156,39,12,3,,,,
five_resource,31,1,1,105,17,5,29,8,41,11,9,3,,,,
five_resource,31,2,0,105,2,1,,,,,30,8,26,7,,
five_resource,31,3,0,105,3,1,,,,,3,1,79,20,,
five_resource,31,4,0,105,4,1,36,9,,,16,4,,,,
five_resource,32,1,1,137,21,6,133,34,9,3,65,17,101,26,,
five_resource,32,2,0,137,14,4,26,7,34,9,2,1,,,,
five_resource,32,3,0,137,15,4,55,14,,,75,19,,,,
five_resource,32,4,0,137,4,1,104,26,12,3,8,2,24,6,,
five_resource,33,1,0,175,13,4,,,,,1,1,33,9,,
five_resource,33,2,0,175,2,1,174,44,,,14,4,86,22,,
five_resource,33,3,1,175,19,5,115,29,147,37,11,3,67,17,,
five_resource,33,4,0,175,20,5,112,28,148,37,8,2,,,,
five_resource,34,1,1,141,13,4,17,5,141,36,77,20,49,13,,
five_resource,34,2,0,141,14,4,66,17,102,26,14,4,30,8,,
five_resource,34,3,0,141,15,4,,,,,11,3,,,,
five_resource,34,4,0,141,4,1,120,30,96,24,16,4,60,15,,
five_resource,35,1,0,126,61,16,117,30,,,21,6,,,,
five_resource,35,2,1,126,2,1,66,17,10,3,86,22,42,11,,
five_resource,35,3,0,126,3,1,35,9,71,18,7,2,23,6,,
five_resource,35,4,0,126,24,6,,,,,64,16,104,26,,
five_resource,36,1,0,86,9,3,,,,,21,6,,,,
five_resource,36,2,1,86,10,3,46,12,18,5,50,13,46,12,,
five_resource,36,3,0,86,7,2,,,,,35,9,,,,
five_resource,36,4,0,86,,,,,68,17,32,8,,,,
five_resource,37,1,1,109,13,4,69,18,57,15,33,9,69,18,,
five_resource,37,2,0,109,38,10,86,22,66,17,2,1,,,,
five_resource,37,3,0,109,3,1,19,5,47,12,11,3,67,17,,
five_resource,37,4,0,109,8,2,80,20,20,5,8,2,56,14,,
five_resource,38,1,1,69,9,3,9,3,25,7,5,2,17,5,,
five_resource,38,2,0,69,14,4,58,15,,,2,1,,,,
five_resource,38,3,0,69,35,9,,,,,7,2,,,,
five_resource,38,4,0,69,16,4,,,,,12,3,,,,
five_resource,39,1,0,104,9,3,37,10,73,19,1,1,21,6,,
five_resource,39,2,0,104,6,2,,,,,2,1,70,18,,
five_resource,39,3,0,104,23,6,83,21,7,2,99,25,,,,
five_resource,39,4,1,104,28,7,36,9,60,15,8,2,104,26,,
five_resource,40,1,0,120,1,1,45,12,,,25,7,,,,
five_resource,40,2,0,120,6,2,102,26,82,21,34,9,74,19,,
five_resource,40,3,0,120,19,5,,,11,3,23,6,,,,
five_resource,40,4,1,120,36,9,100,25,24,6,,,52,13,,
five_resource,41,1,0,126,5,2,73,19,109,28,9,3,,,,
five_resource,41,2,1,126,2,1,110,28,90,23,6,2,18,5,,
five_resource,41,3,0,126,11,3,23,6,35,9,7,2,,,,
five_resource,41,4,0,126,4,1,36,9,,,4,1,,,,
five_resource,42,1,0,108,21,6,,,,,17,5,53,14,,
five_resource,42,2,0,108,2,1,10,3,,,10,3,,,,
five_resource,42,3,0,108,7,2,,,,,23,6,31,8,,
five_resource,42,4,1,108,4,1,8,2,56,14,4,1,,,,
five_resource,43,1,0,110,9,3,89,23,,,65,17,17,5,,
five_resource,43,2,1,110,10,3,62,16,18,5,10,3,,,,
five_resource,43,3,0,110,,,,,107,27,23,6,,,,
five_resource,43,4,0,110,32,8,104,26,16,4,4,1,,,,
five_resource,44,1,1,97,1,1,37,10,25,7,37,10,33,9,,
five_resource,44,2,0,97,30,8,,,,,10,3,,,,
five_resource,44,3,0,97,35,9,,,87,22,15,4,,,,
five_resource,44,4,0,97,4,1,72,18,20,5,36,9,,,,
five_resource,45,1,1,109,5,2,53,14,25,7,101,26,,,,
five_resource,45,2,0,109,26,7,86,22,34,9,,,,,,
five_resource,45,3,0,109,7,2,23,6,,,11,3,,,,
five_resource,45,4,0,109,4,1,28,7,100,25,40,10,16,4,,
five_resource,46,1,0,122,1,1,121,31,,,57,15,37,10,,
five_resource,46,2,1,122,2,1,46,12,114,29,18,5,90,23,,
five_resource,46,3,0,122,23,6,39,10,75,19,11,3,,,,
five_resource,46,4,0,122,12,3,72,18,88,22,12,3,60,15,,
five_resource,47,1,0,182,81,21,81,21,161,41,5,2,,,,
five_resource,47,2,1,182,2,1,46,12,130,33,38,10,22,6,,
five_resource,47,3,0,182,3,1,155,39,7,2,31,8,,,,
five_resource,47,4,0,182,8,2,144,36,4,1,12,3,,,,
five_resource,48,1,1,97,5,2,13,4,97,25,17,5,33,9,,
five_resource,48,2,0,97,34,9,,,22,6,2,1,,,,
five_resource,48,3,0,97,15,4,91,23,,,7,2,39,10,,
five_resource,48,4,0,97,44,11,,,24,6,4,1,,,,
five_resource,49,1,0,151,13,4,105,27,25,7,21,6,53,14,,
five_resource,49,2,0,151,62,16,126,32,22,6,6,2,,,,
five_resource,49,3,1,151,3,1,75,19,91,23,11,3,43,11,,
five_resource,49,4,0,151,48,12,,,,,8,2,,,,
five_resource,50,1,0,104,1,1,49,13,,,9,3,,,,
five_resource,50,2,0,104,26,7,50,13,,,2,1,,,,
five_resource,50,3,0,104,3,1,59,15,,,11,3,,,,
five_resource,50,4,1,104,4,1,60,15,76,19,20,5,16,4,,
five_resource,51,1,0,120,5,2,37,10,17,5,13,4,,,,
five_resource,51,2,0,120,2,1,,,54,14,10,3,,,,
five_resource,51,3,0,120,39,10,,,,,15,4,,,,
five_resource,51,4,1,120,4,1,80,20,24,6,8,2,12,3,,
five_resource,52,1,0,110,,,,,81,21,13,4,,,,
five_resource,52,2,1,110,6,2,50,13,70,18,34,9,18,5,,
five_resource,52,3,0,110,55,14,,,,,7,2,,,,
five_resource,52,4,0,110,44,11,92,23,84,21,12,3,,,,
five_resource,53,1,0,119,5,2,113,29,37,10,9,3,,,,
five_resource,53,2,0,119,18,5,,,110,28,2,1,,,,
five_resource,53,3,1,119,3,1,63,16,47,12,11,3,59,15,,
five_resource,53,4,0,119,116,29,,,,,4,1,,,,
five_resource,54,1,0,124,33,9,,,45,12,9,3,,,,
five_resource,54,2,0,124,26,7,,,118,30,2,1,,,,
five_resource,54,3,0,124,7,2,,,119,30,27,7,31,8,,
five_resource,54,4,1,124,4,1,96,24,80,20,8,2,88,22,,
five_resource,55,1,1,137,13,4,73,19,29,8,5,2,85,22,,
five_resource,55,2,0,137,2,1,42,11,,,46,12,,,,
five_resource,55,3,0,137,15,4,,,,,7,2,31,8,,
five_resource,55,4,0,137,12,3,,,,,36,9,20,5,,
five_resource,56,1,0,164,1,1,133,34,,,29,8,89,23,,
five_resource,56,2,0,164,42,11,158,40,,,38,10,62,16,,
five_resource,56,3,0,164,3,1,111,28,127,32,83,21,,,,
five_resource,56,4,1,164,8,2,52,13,152,38,8,2,44,11,,
five_resource,57,1,0,143,13,4,49,13,,,25,7,77,20,,
five_resource,57,2,0,143,2,1,30,8,130,33,18,5,,,,
five_resource,57,3,1,143,19,5,75,19,135,34,3,1,,,,
five_resource,57,4,0,143,16,4,,,,,44,11,20,5,,
five_resource,58,1,1,109,33,9,93,24,29,8,13,4,93,24,,
five_resource,58,2,0,109,34,9,98,25,,,10,3,,,,
five_resource,58,3,0,109,3,1,39,10,,,15,4,23,6,,
five_resource,58,4,0,109,68,17,,,60,15,4,1,,,,
five_resource,59,1,0,115,13,4,93,24,,,21,6,,,,
five_resource,59,2,0,115,6,2,,,,,30,8,,,,
five_resource,59,3,1,115,11,3,19,5,63,16,3,1,75,19,,
five_resource,59,4,0,115,12,3,48,12,8,2,4,1,28,7,,
five_resource,60,1,0,126,1,1,77,20,,,13,4,21,6,,
five_resource,60,2,1,126,2,1,78,20,18,5,10,3,,,,
five_resource,60,3,0,126,3,1,75,19,39,10,23,6,,,,
five_resource,60,4,0,126,4,1,48,12,84,21,28,7,,,,
five_resource,61,1,0,94,1,1,81,21,,,9,3,,,,
five_resource,61,2,1,94,22,6,22,6,82,21,6,2,42,11,,
five_resource,61,3,0,94,71,18,,,,,3,1,,,,
five_resource,61,4,0,94,36,9,,,,,8,2,,,,
five_resource,62,1,0,116,33,9,,,17,5,1,1,,,,
five_resource,62,2,0,116,10,3,66,17,86,22,,,22,6,,
five_resource,62,3,0,116,3,1,87,22,59,15,3,1,32,8,,
five_resource,62,4,1,116,4,1,12,3,100,25,88,22,44,11,,
five_resource,63,1,0,112,9,3,29,8,,,21,6,,,,
five_resource,63,2,0,112,2,1,,,94,24,22,6,,,,
five_resource,63,3,0,112,3,1,,,,,7,2,11,3,,
five_resource,63,4,1,112,4,1,32,8,48,12,4,1,84,21,,
five_resource,64,1,1,109,13,4,81,21,9,3,29,8,,,,
five_resource,64,2,0,109,2,1,,,78,20,14,4,22,6,,
five_resource,64,3,0,109,3,1,,,59,15,103,26,31,8,,
five_resource,64,4,0,109,4,1,88,22,,,76,19,,,,
five_resource,65,1,0,110,5,2,,,,,33,9,,,,
five_resource,65,2,1,110,6,2,6,2,66,17,26,7,22,6,,
five_resource,65,3,0,110,3,1,91,23,67,17,39,10,,,,
five_resource,65,4,0,110,4,1,8,2,44,11,,,,,,
five_resource,66,1,0,123,29,8,33,9,69,18,9,3,,,,
five_resource,66,2,0,123,2,1,,,50,13,14,4,,,,
five_resource,66,3,1,123,3,1,43,11,103,26,63,16,31,8,,
five_resource,66,4,0,123,4,1,44,11,76,19,16,4,,,,
five_resource,67,1,0,183,1,1,53,14,,,9,3,33,9,,
five_resource,67,2,0,183,54,14,170,43,22,6,42,11,,,,
five_resource,67,3,1,183,39,10,79,20,183,46,11,3,95,24,,
five_resource,67,4,0,183,28,7,32,8,160,40,8,2,64,16,,
five_resource,68,1,1,125,1,1,73,19,37,10,65,17,17,5,,
five_resource,68,2,0,125,14,4,74,19,22,6,10,3,50,13,,
five_resource,68,3,0,125,31,8,,,,,3,1,,,,
five_resource,68,4,0,125,28,7,76,19,88,22,4,1,,,,
five_resource,69,1,0,143,113,29,117,30,85,22,5,2,,,,
five_resource,69,2,0,143,66,17,,,,,10,3,,,,
five_resource,69,3,1,143,11,3,111,28,63,16,3,1,23,6,,
five_resource,69,4,0,143,8,2,,,,,20,5,,,,
five_resource,70,1,0,138,29,8,37,10,89,23,5,2,101,26,,
five_resource,70,2,1,138,22,6,34,9,74,19,30,8,,,,
five_resource,70,3,0,138,39,10,95,24,7,2,15,4,,,,
five_resource,70,4,0,138,20,5,72,18,8,2,84,21,36,9,,
five_resource,71,1,0,120,13,4,49,13,33,9,9,3,,,,
five_resource,71,2,0,120,2,1,98,25,66,17,6,2,14,4,,
five_resource,71,3,0,120,7,2,43,11,,,7,2,31,8,,
five_resource,71,4,1,120,8,2,60,15,40,10,48,12,,,,
five_resource,72,1,0,71,1,1,,,,,13,4,,,,
five_resource,72,2,0,71,6,2,,,,,2,1,,,,
five_resource,72,3,1,71,11,3,51,13,3,1,,,15,4,,
five_resource,72,4,0,71,4,1,4,1,44,11,8,2,,,,
five_resource,73,1,0,123,1,1,77,20,101,26,29,8,49,13,,
five_resource,73,2,0,123,2,1,54,14,122,31,18,5,34,9,,
five_resource,73,3,1,123,3,1,119,30,55,14,19,5,75,19,,
five_resource,73,4,0,123,36,9,,,,,12,3,,,,
five_resource,74,1,0,134,13,4,121,31,85,22,49,13,,,,
five_resource,74,2,1,134,2,1,42,11,,,38,10,18,5,,
five_resource,74,3,0,134,23,6,111,28,,,3,1,,,,
five_resource,74,4,0,134,8,2,24,6,,,44,11,,,,
five_resource,75,1,0,134,1,1,121,31,21,6,9,3,33,9,,
five_resource,75,2,1,134,10,3,22,6,126,32,18,5,,,,
five_resource,75,3,0,134,15,4,75,19,115,29,11,3,47,12,,
five_resource,75,4,0,134,20,5,,,,,8,2,124,31,,
five_resource,76,1,0,124,5,2,,,,,17,5,,,,
five_resource,76,2,0,124,2,1,70,18,,,46,12,,,,
five_resource,76,3,0,124,7,2,,,,,43,11,19,5,,
five_resource,76,4,1,124,4,1,68,17,120,30,12,3,60,15,,
five_resource,77,1,0,87,53,14,57,15,33,9,9,3,,,,
five_resource,77,2,0,87,10,3,,,30,8,82,21,78,20,,
five_resource,77,3,1,87,7,2,67,17,19,5,35,9,27,7,,
five_resource,77,4,0,87,28,7,,,76,19,12,3,,,,
five_resource,78,1,0,86,13,4,53,14,85,22,,,37,10,,
five_resource,78,2,1,86,38,10,62,16,18,5,2,1,50,13,,
five_resource,78,3,0,86,3,1,55,14,35,9,39,10,23,6,,
five_resource,78,4,0,86,76,19,,,16,4,4,1,,,,
five_resource,79,1,1,109,5,2,37,10,77,20,13,4,33,9,,
five_resource,79,2,0,109,30,8,,,,,14,4,,,,
five_resource,79,3,0,109,87,22,,,,,3,1,,,,
five_resource,79,4,0,109,12,3,,,80,20,4,1,100,25,,
five_resource,80,1,0,40,13,4,,,5,2,33,9,29,8,,
five_resource,80,2,0,40,14,4,,,,,,,,,,
five_resource,80,3,0,40,15,4,,,,,7,2,,,,
five_resource,80,4,1,40,28,7,32,8,12,3,16,4,36,9,,
five_resource,81,1,1,157,25,7,25,7,45,12,5,2,,,,
five_resource,81,2,0,157,6,2,74,19,122,31,6,2,18,5,,
five_resource,81,3,0,157,7,2,111,28,71,18,11,3,,,,
five_resource,81,4,0,157,4,1,112,28,72,18,24,6,24,6,,
five_resource,82,1,0,123,1,1,,,89,23,9,3,,,,
five_resource,82,2,0,123,46,12,78,20,30,8,10,3,,,,
five_resource,82,3,1,123,7,2,15,4,107,27,3,1,67,17,,
five_resource,82,4,0,123,8,2,64,16,88,22,4,1,20,5,,
five_resource,83,1,0,144,21,6,105,27,45,12,49,13,,,,
five_resource,83,2,0,144,30,8,42,11,,,2,1,,,,
five_resource,83,3,0,144,27,7,103,26,,,3,1,51,13,,
five_resource,83,4,1,144,16,4,60,15,80,20,28,7,72,18,,
five_resource,84,1,0,78,29,8,37,10,5,2,9,3,,,,
five_resource,84,2,1,78,10,3,78,20,30,8,6,2,42,11,,
five_resource,84,3,0,78,39,10,,,47,12,3,1,,,,
five_resource,84,4,0,78,24,6,,,,,12,3,,,,
five_resource,85,1,0,134,1,1,97,25,65,17,5,2,,,,
five_resource,85,2,1,134,18,5,26,7,94,24,6,2,62,16,,
five_resource,85,3,0,134,7,2,83,21,75,19,87,22,31,8,,
five_resource,85,4,0,134,4,1,60,15,132,33,8,2,,,,
five_resource,86,1,0,140,45,12,,,101,26,1,1,,,,
five_resource,86,2,0,140,10,3,122,31,,,30,8,22,6,,
five_resource,86,3,0,140,3,1,119,30,,,11,3,,,,
five_resource,86,4,1,140,12,3,76,19,120,30,8,2,,,,
five_resource,87,1,0,131,5,2,121,31,45,12,,,,,,
five_resource,87,2,0,131,26,7,,,50,13,14,4,,,,
five_resource,87,3,1,131,23,6,35,9,15,4,43,11,79,20,,
five_resource,87,4,0,131,8,2,52,13,120,30,12,3,40,10,,
five_resource,88,1,1,105,9,3,29,8,9,3,5,2,21,6,,
five_resource,88,2,0,105,10,3,50,13,18,5,58,15,,,,
five_resource,88,3,0,105,15,4,83,21,71,18,59,15,,,,
five_resource,88,4,0,105,4,1,16,4,24,6,56,14,36,9,,
five_resource,89,1,0,87,57,15,,,,,1,1,,,,
five_resource,89,2,0,87,22,6,30,8,,,6,2,,,,
five_resource,89,3,1,87,31,8,31,8,71,18,11,3,39,10,,
five_resource,89,4,0,87,20,5,,,,,8,2,,,,
five_resource,90,1,0,115,25,7,,,69,18,1,1,,,,
five_resource,90,2,0,115,14,4,38,10,,,18,5,30,8,,
five_resource,90,3,1,115,7,2,31,8,47,12,19,5,43,11,,
five_resource,90,4,0,115,40,10,,,,,36,9,,,,
five_resource,91,1,1,153,29,8,81,21,77,20,9,3,,,,
five_resource,91,2,0,153,46,12,98,25,38,10,66,17,,,,
five_resource,91,3,0,153,3,1,47,12,,,35,9,27,7,,
five_resource,91,4,0,153,20,5,80,20,,,28,7,48,12,,
five_resource,92,1,0,122,21,6,45,12,73,19,5,2,,,,
five_resource,92,2,1,122,14,4,90,23,46,12,18,5,,,,
five_resource,92,3,0,122,7,2,43,11,,,23,6,31,8,,
five_resource,92,4,0,122,4,1,12,3,,,80,20,48,12,,
five_resource,93,1,1,101,29,8,69,18,53,14,29,8,101,26,,
five_resource,93,2,0,101,2,1,90,23,,,14,4,22,6,,
five_resource,93,3,0,101,3,1,79,20,,,7,2,55,14,,
five_resource,93,4,0,101,36,9,,,96,24,28,7,,,,
five_resource,94,1,1,89,9,3,41,11,57,15,13,4,25,7,,
five_resource,94,2,0,89,,,,,50,13,2,1,,,,
five_resource,94,3,0,89,7,2,,,23,6,15,4,,,,
five_resource,94,4,0,89,8,2,,,64,16,32,8,,,,
five_resource,95,1,0,106,5,2,49,13,,,45,12,,,,
five_resource,95,2,1,106,6,2,106,27,34,9,10,3,94,24,,
five_resource,95,3,0,106,15,4,15,4,31,8,11,3,,,,
five_resource,95,4,0,106,4,1,,,100,25,88,22,20,5,,
five_resource,96,1,0,118,1,1,37,10,,,49,13,25,7,,
five_resource,96,2,1,118,10,3,78,20,70,18,38,10,66,17,,
five_resource,96,3,0,118,43,11,,,87,22,3,1,,,,
five_resource,96,4,0,118,4,1,,,92,23,44,11,,,,
five_resource,97,1,1,117,9,3,105,27,65,17,1,1,37,10,,
five_resource,97,2,0,117,30,8,,,,,18,5,,,,
five_resource,97,3,0,117,3,1,51,13,,,23,6,39,10,,
five_resource,97,4,0,117,4,1,8,2,84,21,24,6,,,,
five_resource,98,1,0,110,1,1,,,85,22,5,2,85,22,,
five_resource,98,2,1,110,6,2,86,22,66,17,10,3,30,8,,
five_resource,98,3,0,110,63,16,87,22,,,11,3,,,,
five_resource,98,4,0,110,40,10,,,,,4,1,68,17,,
five_resource,99,1,0,60,9,3,,,,,25,7,,,,
five_resource,99,2,0,60,18,5,,,10,3,26,7,,,,
five_resource,99,3,0,60,3,1,,,,,19,5,35,9,,
five_resource,99,4,1,60,24,6,28,7,8,2,,,60,15,,
port,0,1,1,93,5,2,45,12,13,4,29,8,17,5,,
port,0,2,0,93,10,3,,,,,34,9,,,,
port,0,3,0,93,7,2,,,,,,,,,,
port,0,4,0,93,16,4,,,,,36,9,,,,
port,1,1,0,102,1,1,77,20,13,4,45,12,,,,
port,1,2,1,102,2,1,82,21,38,10,10,3,14,4,,
port,1,3,0,102,7,2,,,,,35,9,47,12,,
port,1,4,0,102,8,2,28,7,,,68,17,,,,
port,2,1,0,108,1,1,,,,,61,16,,,,
port,2,2,0,108,10,3,26,7,,,90,23,,,,
port,2,3,0,108,7,2,99,25,83,21,15,4,19,5,,
port,2,4,1,108,8,2,24,6,88,22,96,24,80,20,,
port,3,1,0,123,5,2,69,18,25,7,97,25,41,11,,
port,3,2,0,123,2,1,18,5,98,25,78,20,,,,
port,3,3,1,123,3,1,27,7,103,26,43,11,51,13,,
port,3,4,0,123,4,1,72,18,40,10,88,22,16,4,,
port,4,1,0,146,17,5,57,15,105,27,5,2,,,,
port,4,2,1,146,10,3,38,10,126,32,6,2,,,,
port,4,3,0,146,15,4,75,19,131,33,103,26,31,8,,
port,4,4,0,146,16,4,128,32,,,64,16,,,,
port,5,1,0,66,5,2,29,8,,,25,7,21,6,,
port,5,2,1,66,6,2,50,13,18,5,6,2,38,10,,
port,5,3,0,66,3,1,,,19,5,7,2,,,,
port,5,4,0,66,12,3,,,,,4,1,,,,
port,6,1,0,130,21,6,25,7,125,32,45,12,49,13,,
port,6,2,1,130,6,2,98,25,50,13,10,3,26,7,,
port,6,3,0,130,3,1,95,24,,,67,17,,,,
port,6,4,0,130,8,2,,,,,32,8,,,,
port,7,1,0,131,9,3,,,,,25,7,,,,
port,7,2,0,131,6,2,46,12,,,2,1,,,,
port,7,3,1,131,23,6,59,15,51,13,3,1,,,,
port,7,4,0,131,4,1,84,21,128,32,52,13,12,3,,
port,8,1,0,94,5,2,,,,,,,,,,
port,8,2,1,94,2,1,14,4,74,19,94,24,22,6,,
port,8,3,0,94,7,2,,,,,23,6,,,,
port,8,4,0,94,12,3,52,13,,,,,,,,
port,9,1,0,96,5,2,,,,,65,17,33,9,,
port,9,2,0,96,2,1,82,21,,,6,2,,,,
port,9,3,0,96,3,1,,,,,35,9,,,,
port,9,4,1,96,12,3,76,19,12,3,4,1,72,18,,
port,10,1,0,92,9,3,,,,,41,11,25,7,,
port,10,2,0,92,2,1,58,15,30,8,10,3,,,,
port,10,3,0,92,11,3,63,16,75,19,11,3,,,,
port,10,4,1,92,4,1,64,16,12,3,40,10,,,,
port,11,1,0,127,25,7,33,9,,,9,3,,,,
port,11,2,0,127,30,8,114,29,,,,,,,,
port,11,3,1,127,3,1,63,16,107,27,15,4,31,8,,
port,11,4,0,127,4,1,96,24,,,28,7,88,22,,
port,12,1,0,160,5,2,121,31,157,40,33,9,37,10,,
port,12,2,0,160,10,3,38,10,,,70,18,22,6,,
port,12,3,0,160,19,5,,,,,79,20,31,8,,
port,12,4,1,160,4,1,24,6,156,39,32,8,,,,
port,13,1,0,127,17,5,121,31,,,37,10,,,,
port,13,2,0,127,42,11,54,14,22,6,2,1,,,,
port,13,3,1,127,3,1,71,18,123,31,27,7,11,3,,
port,13,4,0,127,4,1,80,20,,,8,2,,,,
port,14,1,0,167,5,2,77,20,129,33,109,28,13,4,,
port,14,2,0,167,2,1,106,27,146,37,54,14,18,5,,
port,14,3,1,167,3,1,7,2,131,33,91,23,,,,
port,14,4,0,167,4,1,40,10,144,36,16,4,,,,
port,15,1,0,151,13,4,149,38,,,41,11,,,,
port,15,2,0,151,26,7,102,26,,,30,8,,,,
port,15,3,1,151,3,1,15,4,131,33,51,13,31,8,,
port,15,4,0,151,20,5,40,10,140,35,4,1,,,,
port,16,1,0,130,5,2,,,,,5,2,,,,
port,16,2,1,130,2,1,34,9,102,26,,,10,3,,
port,16,3,0,130,19,5,31,8,99,25,27,7,,,,
port,16,4,0,130,8,2,,,,,68,17,,,,
port,17,1,0,166,5,2,25,7,,,105,27,73,19,,
port,17,2,1,166,6,2,62,16,138,35,50,13,86,22,,
port,17,3,0,166,3,1,35,9,111,28,27,7,11,3,,
port,17,4,0,166,4,1,16,4,156,39,108,27,,,,
port,18,1,0,128,9,3,33,9,29,8,17,5,,,,
port,18,2,0,128,2,1,46,12,,,14,4,26,7,,
port,18,3,0,128,3,1,119,30,,,59,15,,,,
port,18,4,1,128,4,1,36,9,96,24,8,2,72,18,,
port,19,1,0,100,9,3,,,,,29,8,,,,
port,19,2,0,100,18,5,,,,,14,4,,,,
port,19,3,0,100,11,3,83,21,,,3,1,,,,
port,19,4,1,100,4,1,36,9,80,20,56,14,20,5,,
port,20,1,0,140,9,3,121,31,,,97,25,,,,
port,20,2,0,140,26,7,110,28,,,10,3,,,,
port,20,3,0,140,3,1,127,32,,,43,11,23,6,,
port,20,4,1,140,4,1,28,7,128,32,136,34,44,11,,
port,21,1,0,108,5,2,61,16,,,77,20,57,15,,
port,21,2,0,108,6,2,106,27,,,,,18,5,,
port,21,3,0,108,39,10,,,79,20,,,95,24,,
port,21,4,1,108,12,3,44,11,104,26,4,1,92,23,,
port,22,1,1,149,1,1,37,10,129,33,9,3,85,22,,
port,22,2,0,149,6,2,102,26,142,36,50,13,26,7,,
port,22,3,0,149,3,1,75,19,,,15,4,,,,
port,22,4,0,149,20,5,,,,,16,4,,,,
port,23,1,0,80,5,2,25,7,,,,,,,,
port,23,2,0,80,6,2,,,,,14,4,14,4,,
port,23,3,0,80,19,5,,,,,15,4,,,,
port,23,4,1,80,4,1,12,3,56,14,40,10,44,11,,
port,24,1,1,113,9,3,57,15,73,19,25,7,21,6,,
port,24,2,0,113,22,6,,,,,10,3,,,,
port,24,3,0,113,19,5,95,24,,,15,4,,,,
port,24,4,0,113,8,2,88,22,,,20,5,36,9,,
port,25,1,0,127,9,3,73,19,85,22,1,1,,,,
port,25,2,0,127,18,5,,,,,38,10,,,,
port,25,3,1,127,3,1,47,12,91,23,67,17,43,11,,
port,25,4,0,127,12,3,,,,,36,9,,,,
port,26,1,0,151,5,2,29,8,,,77,20,,,,
port,26,2,0,151,26,7,94,24,22,6,54,14,,,,
port,26,3,1,151,3,1,23,6,151,38,79,20,11,3,,
port,26,4,0,151,32,8,112,28,4,1,12,3,,,,
port,27,1,1,117,1,1,13,4,89,23,33,9,65,17,,
port,27,2,0,117,2,1,38,10,,,14,4,18,5,,
port,27,3,0,117,31,8,115,29,43,11,7,2,,,,
port,27,4,0,117,16,4,,,,,100,25,,,,
port,28,1,0,123,1,1,,,117,30,49,13,17,5,,
port,28,2,0,123,22,6,118,30,,,6,2,,,,
port,28,3,1,123,23,6,71,18,115,29,3,1,31,8,,
port,28,4,0,123,40,10,112,28,48,12,8,2,,,,
port,29,1,1,165,5,2,101,26,89,23,17,5,25,7,,
port,29,2,0,165,2,1,50,13,142,36,2,1,,,,
port,29,3,0,165,15,4,43,11,151,38,19,5,,,,
port,29,4,0,165,12,3,140,35,,,156,39,56,14,,
port,30,1,0,148,5,2,5,2,101,26,65,17,93,24,,
port,30,2,0,148,2,1,46,12,54,14,34,9,38,10,,
port,30,3,0,148,11,3,,,,,23,6,,,,
port,30,4,1,148,4,1,12,3,140,35,8,2,,,,
port,31,1,0,136,5,2,13,4,125,32,21,6,,,,
port,31,2,0,136,2,1,46,12,,,70,18,26,7,,
port,31,3,0,136,7,2,,,,,23,6,,,,
port,31,4,1,136,4,1,32,8,100,25,4,1,48,12,,
port,32,1,0,154,41,11,145,37,,,,,,,,
port,32,2,1,154,2,1,14,4,146,37,10,3,30,8,,
port,32,3,0,154,15,4,71,18,,,95,24,,,,
port,32,4,0,154,4,1,100,25,,,72,18,24,6,,
port,33,1,0,164,5,2,,,,,17,5,21,6,,
port,33,2,0,164,18,5,158,40,162,41,10,3,46,12,,
port,33,3,0,164,39,10,47,12,,,19,5,,,,
port,33,4,1,164,16,4,24,6,152,38,36,9,,,,
port,34,1,0,119,21,6,57,15,,,33,9,,,,
port,34,2,0,119,6,2,,,,,2,1,,,,
port,34,3,1,119,15,4,47,12,83,21,99,25,27,7,,
port,34,4,0,119,4,1,32,8,96,24,12,3,40,10,,
port,35,1,0,134,1,1,13,4,,,81,21,45,12,,
port,35,2,1,134,6,2,34,9,66,17,22,6,,,,
port,35,3,0,134,11,3,23,6,127,32,7,2,23,6,,
port,35,4,0,134,4,1,,,,,,,36,9,,
port,36,1,1,113,13,4,13,4,89,23,1,1,57,15,,
port,36,2,0,113,22,6,46,12,,,54,14,,,,
port,36,3,0,113,3,1,,,,,23,6,,,,
port,36,4,0,113,4,1,92,23,,,64,16,16,4,,
port,37,1,0,119,33,9,85,22,21,6,9,3,,,,
port,37,2,0,119,10,3,78,20,50,13,2,1,,,,
port,37,3,1,119,3,1,51,13,87,22,7,2,43,11,,
port,37,4,0,119,8,2,,,,,36,9,60,15,,
port,38,1,0,120,5,2,37,10,109,28,77,20,61,16,,
port,38,2,0,120,14,4,78,20,42,11,10,3,,,,
port,38,3,0,120,7,2,39,10,,,3,1,,,,
port,38,4,1,120,4,1,52,13,64,16,72,18,24,6,,
port,39,1,0,122,9,3,45,12,,,113,29,,,,
port,39,2,1,122,6,2,74,19,114,29,58,15,58,15,,
port,39,3,0,122,3,1,39,10,,,59,15,19,5,,
port,39,4,0,122,4,1,,,8,2,44,11,,,,
port,40,1,0,148,1,1,101,26,141,36,5,2,17,5,,
port,40,2,0,148,6,2,126,32,,,46,12,,,,
port,40,3,0,148,7,2,131,33,87,22,3,1,,,,
port,40,4,1,148,16,4,112,28,44,11,12,3,44,11,,
port,41,1,0,114,5,2,,,,,41,11,,,,
port,41,2,1,114,6,2,18,5,,,6,2,66,17,,
port,41,3,0,114,3,1,11,3,,,27,7,51,13,,
port,41,4,0,114,8,2,,,,,52,13,16,4,,
port,42,1,0,128,29,8,69,18,61,16,13,4,,,,
port,42,2,0,128,6,2,30,8,,,18,5,22,6,,
port,42,3,0,128,3,1,15,4,,,35,9,,,,
port,42,4,1,128,8,2,20,5,,,4,1,52,13,,
port,43,1,0,138,9,3,41,11,137,35,73,19,29,8,,
port,43,2,1,138,10,3,74,19,78,20,6,2,22,6,,
port,43,3,0,138,15,4,87,22,111,28,67,17,,,,
port,43,4,0,138,12,3,84,21,,,36,9,,,,
port,44,1,0,174,25,7,129,33,,,29,8,,,,
port,44,2,1,174,2,1,38,10,134,34,110,28,14,4,,
port,44,3,0,174,15,4,31,8,,,107,27,83,21,,
port,44,4,0,174,64,16,,,168,42,12,3,,,,
port,45,1,0,96,5,2,69,18,89,23,9,3,45,12,,
port,45,2,0,96,6,2,,,,,18,5,,,,
port,45,3,0,96,31,8,,,,,7,2,,,,
port,45,4,1,96,12,3,76,19,60,15,40,10,28,7,,
port,46,1,0,118,13,4,,,,,21,6,,,,
port,46,2,1,118,14,4,18,5,102,26,6,2,30,8,,
port,46,3,0,118,15,4,47,12,,,15,4,,,,
port,46,4,0,118,4,1,,,,,84,21,44,11,,
port,47,1,0,132,9,3,81,21,125,32,77,20,21,6,,
port,47,2,0,132,2,1,,,,,46,12,,,,
port,47,3,0,132,3,1,15,4,127,32,95,24,31,8,,
port,47,4,1,132,4,1,96,24,40,10,12,3,108,27,,
port,48,1,1,101,5,2,13,4,,,13,4,37,10,,
port,48,2,0,101,22,6,26,7,,,2,1,,,,
port,48,3,0,101,19,5,63,16,27,7,7,2,,,,
port,48,4,0,101,24,6,,,,,,,,,,
port,49,1,0,160,1,1,57,15,29,8,13,4,,,,
port,49,2,0,160,6,2,98,25,150,38,18,5,22,6,,
port,49,3,0,160,39,10,39,10,139,35,3,1,,,,
port,49,4,1,160,4,1,16,4,140,35,68,17,104,26,,
port,50,1,0,132,1,1,81,21,,,9,3,,,,
port,50,2,0,132,6,2,30,8,114,29,62,16,,,,
port,50,3,0,132,3,1,27,7,,,103,26,11,3,,
port,50,4,1,132,4,1,8,2,112,28,20,5,40,10,,
port,51,1,0,163,13,4,137,35,,,65,17,,,,
port,51,2,0,163,46,12,90,23,,,10,3,,,,
port,51,3,1,163,15,4,23,6,67,17,31,8,,,,
port,51,4,0,163,4,1,16,4,,,8,2,12,3,,
port,52,1,0,106,9,3,45,12,,,61,16,17,5,,
port,52,2,1,106,14,4,66,17,70,18,6,2,,,,
port,52,3,0,106,11,3,43,11,,,103,26,,,,
port,52,4,0,106,12,3,104,26,,,,,76,19,,
port,53,1,0,115,65,17,105,27,45,12,1,1,,,,
port,53,2,0,115,2,1,110,28,,,10,3,30,8,,
port,53,3,1,115,11,3,111,28,47,12,7,2,,,,
port,53,4,0,115,4,1,104,26,,,8,2,64,16,,
port,54,1,0,131,5,2,,,,,1,1,,,,
port,54,2,0,131,26,7,62,16,50,13,18,5,,,,
port,54,3,1,131,3,1,31,8,91,23,7,2,15,4,,
port,54,4,0,131,4,1,12,3,,,84,21,,,,
port,55,1,0,95,1,1,,,53,14,41,11,17,5,,
port,55,2,0,95,10,3,42,11,,,2,1,,,,
port,55,3,1,95,7,2,15,4,83,21,63,16,35,9,,
port,55,4,0,95,16,4,24,6,,,32,8,,,,
port,56,1,0,136,9,3,69,18,,,13,4,41,11,,
port,56,2,0,136,10,3,90,23,,,34,9,22,6,,
port,56,3,0,136,7,2,95,24,,,111,28,,,,
port,56,4,1,136,4,1,8,2,32,8,56,14,,,,
port,57,1,0,154,5,2,141,36,153,39,,,49,13,,
port,57,2,1,154,14,4,54,14,134,34,30,8,,,,
port,57,3,0,154,7,2,59,15,139,35,3,1,35,9,,
port,57,4,0,154,24,6,44,11,136,34,8,2,60,15,,
port,58,1,0,131,17,5,73,19,129,33,33,9,,,,
port,58,2,0,131,14,4,50,13,,,10,3,,,,
port,58,3,1,131,3,1,31,8,,,39,10,19,5,,
port,58,4,0,131,8,2,68,17,,,4,1,,,,
port,59,1,0,127,25,7,109,28,,,73,19,41,11,,
port,59,2,0,127,10,3,78,20,26,7,2,1,,,,
port,59,3,1,127,7,2,11,3,107,27,15,4,43,11,,
port,59,4,0,127,4,1,64,16,,,40,10,,,,
port,60,1,0,114,1,1,13,4,89,23,21,6,9,3,,
port,60,2,1,114,2,1,50,13,34,9,38,10,22,6,,
port,60,3,0,114,3,1,75,19,111,28,,,,,,
port,60,4,0,114,12,3,80,20,,,32,8,,,,
port,61,1,0,158,1,1,121,31,,,97,25,25,7,,
port,61,2,1,158,42,11,50,13,106,27,10,3,,,,
port,61,3,0,158,3,1,71,18,143,36,39,10,27,7,,
port,61,4,0,158,16,4,80,20,92,23,4,1,,,,
port,62,1,0,143,5,2,17,5,77,20,129,33,69,18,,
port,62,2,0,143,14,4,,,70,18,58,15,38,10,,
port,62,3,1,143,3,1,115,29,35,9,87,22,15,4,,
port,62,4,0,143,8,2,64,16,,,32,8,120,30,,
port,63,1,0,164,1,1,17,5,153,39,53,14,61,16,,
port,63,2,0,164,2,1,78,20,138,35,10,3,14,4,,
port,63,3,0,164,3,1,,,,,127,32,27,7,,
port,63,4,1,164,40,10,88,22,44,11,4,1,,,,
port,64,1,1,77,1,1,9,3,25,7,17,5,57,15,,
port,64,2,0,77,6,2,,,,,14,4,22,6,,
port,64,3,0,77,23,6,75,19,,,15,4,,,,
port,64,4,0,77,8,2,,,,,60,15,,,,
port,65,1,0,136,5,2,33,9,,,61,16,,,,
port,65,2,0,136,6,2,50,13,,,22,6,22,6,,
port,65,3,0,136,3,1,47,12,,,63,16,,,,
port,65,4,1,136,4,1,48,12,24,6,56,14,,,,
port,66,1,0,139,1,1,57,15,121,31,,,21,6,,
port,66,2,0,139,2,1,82,21,138,35,6,2,,,,
port,66,3,1,139,11,3,47,12,79,20,19,5,,,,
port,66,4,0,139,12,3,,,,,12,3,,,,
port,67,1,0,107,5,2,,,41,11,17,5,,,,
port,67,2,0,107,14,4,74,19,26,7,18,5,,,,
port,67,3,1,107,3,1,55,14,95,24,47,12,15,4,,
port,67,4,0,107,16,4,,,,,24,6,,,,
port,68,1,0,139,25,7,45,12,,,73,19,,,,
port,68,2,0,139,2,1,82,21,110,28,42,11,,,,
port,68,3,1,139,7,2,95,24,27,7,3,1,23,6,,
port,68,4,0,139,12,3,60,15,,,44,11,,,,
port,69,1,1,125,9,3,33,9,101,26,17,5,,,,
port,69,2,0,125,10,3,14,4,114,29,10,3,,,,
port,69,3,0,125,3,1,95,24,123,31,,,7,2,,
port,69,4,0,125,64,16,,,124,31,8,2,,,,
port,70,1,0,100,29,8,97,25,5,2,25,7,,,,
port,70,2,0,100,10,3,,,,,,,42,11,,
port,70,3,0,100,11,3,51,13,,,7,2,,,,
port,70,4,1,100,20,5,32,8,36,9,44,11,68,17,,
port,71,1,1,93,5,2,37,10,93,24,21,6,69,18,,
port,71,2,0,93,26,7,86,22,,,74,19,,,,
port,71,3,0,93,11,3,47,12,,,,,,,,
port,71,4,0,93,4,1,,,28,7,12,3,16,4,,
port,72,1,0,116,9,3,21,6,93,24,49,13,,,,
port,72,2,0,116,2,1,,,98,25,,,14,4,,
port,72,3,0,116,35,9,,,15,4,3,1,,,,
port,72,4,1,116,4,1,52,13,12,3,100,25,72,18,,
port,73,1,0,88,25,7,,,9,3,73,19,,,,
port,73,2,0,88,6,2,82,21,,,58,15,,,,
port,73,3,0,88,11,3,31,8,,,87,22,27,7,,
port,73,4,1,88,4,1,64,16,56,14,32,8,36,9,,
port,74,1,0,176,5,2,165,42,,,13,4,,,,
port,74,2,0,176,2,1,30,8,146,37,42,11,18,5,,
port,74,3,0,176,7,2,83,21,155,39,79,20,39,10,,
port,74,4,1,176,8,2,56,14,64,16,16,4,,,,
port,75,1,0,162,5,2,157,40,129,33,9,3,,,,
port,75,2,1,162,2,1,30,8,126,32,14,4,,,,
port,75,3,0,162,23,6,111,28,,,87,22,,,,
port,75,4,0,162,8,2,124,31,,,32,8,32,8,,
port,76,1,1,125,5,2,33,9,97,25,5,2,29,8,,
port,76,2,0,125,2,1,22,6,,,74,19,18,5,,
port,76,3,0,125,3,1,63,16,,,19,5,,,,
port,76,4,0,125,28,7,76,19,,,4,1,,,,
port,77,1,0,79,17,5,,,,,21,6,,,,
port,77,2,0,79,10,3,78,20,,,66,17,26,7,,
port,77,3,1,79,11,3,59,15,15,4,31,8,19,5,,
port,77,4,0,79,8,2,,,,,,,,,,
port,78,1,0,150,1,1,81,21,29,8,73,19,9,3,,
port,78,2,1,150,6,2,62,16,54,14,150,38,,,,
port,78,3,0,150,3,1,47,12,,,79,20,87,22,,
port,78,4,0,150,8,2,68,17,144,36,4,1,92,23,,
port,79,1,0,139,13,4,133,34,,,33,9,,,,
port,79,2,0,139,30,8,138,35,126,32,2,1,,,,
port,79,3,1,139,11,3,19,5,107,27,59,15,31,8,,
port,79,4,0,139,12,3,,,,,4,1,120,30,,
port,80,1,0,80,13,4,,,,,13,4,,,,
port,80,2,0,80,14,4,,,,,,,22,6,,
port,80,3,0,80,7,2,51,13,,,15,4,43,11,,
port,80,4,1,80,12,3,32,8,24,6,,,,,,
port,81,1,1,133,9,3,37,10,,,49,13,17,5,,
port,81,2,0,133,10,3,34,9,,,114,29,,,,
port,81,3,0,133,3,1,103,26,83,21,,,,,,
port,81,4,0,133,4,1,36,9,124,31,28,7,,,,
port,82,1,0,100,1,1,,,,,9,3,,,,
port,82,2,0,100,6,2,,,,,50,13,22,6,,
port,82,3,0,100,11,3,55,14,,,7,2,,,,
port,82,4,1,100,4,1,12,3,96,24,8,2,32,8,,
port,83,1,0,110,9,3,97,25,,,17,5,33,9,,
port,83,2,1,110,14,4,26,7,110,28,38,10,62,16,,
port,83,3,0,110,7,2,75,19,,,91,23,,,,
port,83,4,0,110,8,2,68,17,,,32,8,,,,
port,84,1,1,109,21,6,57,15,65,17,5,2,45,12,,
port,84,2,0,109,6,2,102,26,,,74,19,34,9,,
port,84,3,0,109,3,1,11,3,,,87,22,,,,
port,84,4,0,109,24,6,84,21,,,12,3,,,,
port,85,1,0,207,9,3,185,47,,,25,7,,,,
port,85,2,0,207,2,1,110,28,18,5,70,18,38,10,,
port,85,3,1,207,3,1,31,8,151,38,115,29,23,6,,
port,85,4,0,207,16,4,88,22,,,4,1,,,,
port,86,1,0,120,49,13,113,29,,,1,1,,,,
port,86,2,0,120,10,3,94,24,34,9,10,3,,,,
port,86,3,0,120,7,2,,,,,87,22,39,10,,
port,86,4,1,120,4,1,24,6,112,28,108,27,20,5,,
port,87,1,0,127,5,2,125,32,,,45,12,,,,
port,87,2,0,127,26,7,86,22,,,38,10,,,,
port,87,3,1,127,3,1,79,20,59,15,51,13,75,19,,
port,87,4,0,127,12,3,76,19,112,28,4,1,48,12,,
port,88,1,0,118,1,1,89,23,,,61,16,29,8,,
port,88,2,1,118,14,4,22,6,86,22,10,3,38,10,,
port,88,3,0,118,11,3,,,,,7,2,,,,
port,88,4,0,118,4,1,32,8,,,56,14,92,23,,
port,89,1,1,133,25,7,89,23,105,27,1,1,85,22,,
port,89,2,0,133,22,6,26,7,,,14,4,,,,
port,89,3,0,133,3,1,115,29,,,127,32,35,9,,
port,89,4,0,133,8,2,108,27,,,12,3,,,,
port,90,1,0,136,9,3,,,,,65,17,37,10,,
port,90,2,0,136,18,5,118,30,86,22,62,16,102,26,,
port,90,3,0,136,23,6,,,111,28,,,,,,
port,90,4,1,136,32,8,52,13,20,5,92,23,80,20,,
port,91,1,1,129,5,2,85,22,33,9,17,5,,,,
port,91,2,0,129,2,1,22,6,102,26,18,5,42,11,,
port,91,3,0,129,43,11,,,43,11,3,1,,,,
port,91,4,0,129,48,12,88,22,,,4,1,,,,
port,92,1,0,99,17,5,37,10,,,21,6,,,,
port,92,2,0,99,10,3,,,,,98,25,54,14,,
port,92,3,1,99,7,2,11,3,63,16,47,12,27,7,,
port,92,4,0,99,12,3,68,17,,,,,,,,
port,93,1,1,177,5,2,97,25,145,37,133,34,29,8,,
port,93,2,0,177,2,1,34,9,,,50,13,,,,
port,93,3,0,177,7,2,143,36,,,23,6,,,,
port,93,4,0,177,8,2,60,15,176,44,12,3,,,,
port,94,1,0,114,21,6,81,21,45,12,1,1,,,,
port,94,2,1,114,6,2,38,10,26,7,82,21,34,9,,
port,94,3,0,114,11,3,,,,,7,2,87,22,,
port,94,4,0,114,20,5,,,108,27,40,10,,,,
port,95,1,0,103,5,2,,,,,49,13,,,,
port,95,2,0,103,6,2,18,5,,,42,11,,,,
port,95,3,1,103,3,1,67,17,27,7,,,39,10,,
port,95,4,0,103,8,2,,,92,23,20,5,28,7,,
port,96,1,0,74,9,3,53,14,,,5,2,,,,
port,96,2,1,74,10,3,26,7,14,4,,,22,6,,
port,96,3,0,74,11,3,,,,,71,18,,,,
port,96,4,0,74,8,2,,,,,16,4,,,,
port,97,1,1,161,5,2,125,32,109,28,25,7,29,8,,
port,97,2,0,161,2,1,,,,,34,9,,,,
port,97,3,0,161,15,4,127,32,159,40,27,7,39,10,,
port,97,4,0,161,4,1,,,,,4,1,,,,
port,98,1,0,86,21,6,45,12,,,17,5,,,,
port,98,2,1,86,2,1,6,2,74,19,82,21,26,7,,
port,98,3,0,86,3,1,,,,,,,,,,
port,98,4,0,86,40,10,60,15,,,4,1,,,,
port,99,1,0,126,21,6,77,20,,,1,1,,,,
port,99,2,1,126,2,1,38,10,86,22,94,24,,,,
port,99,3,0,126,15,4,87,22,,,7,2,19,5,,
port,99,4,0,126,28,7,108,27,16,4,96,24,,,,
