game_id,lineup_id,rotation,repetition,seed,seat,strategy,won,game_completed,turns_played,final_vp,final_public_vp,final_roads,final_settlements,final_cities,final_dev_cards,hidden_vp_cards,knights_played,has_longest_road,has_largest_army,build_road_actions,build_settlement_actions,build_city_actions,buy_dev_card_actions,maritime_trade_actions,pass_actions,non_pass_actions,total_actions,domestic_trades,trade_offers,trade_sequences,cards_discarded,first_road_turn,first_expansion_turn,first_city_turn,first_dev_card_turn,first_maritime_trade_turn
1,lineup_00,0,0,20260826,0,full_ows,0,1,131,6,4,5,2,0,2,2,6,0,1,3,0,0,8,8,33,19,52,5,5,5,8,25,,,13,9
1,lineup_00,0,0,20260826,1,hybrid_ows,0,1,131,4,4,14,0,2,0,0,2,0,0,8,0,2,7,17,33,34,67,2,6,6,4,6,,98,14,2
1,lineup_00,0,0,20260826,2,road_building,1,1,131,10,10,14,4,2,2,0,0,1,0,12,4,2,3,14,32,35,67,3,5,5,0,7,11,111,71,11
1,lineup_00,0,0,20260826,3,roads_and_cities,0,1,131,8,5,9,3,1,7,3,0,0,0,7,2,1,7,6,32,23,55,3,4,4,12,8,72,128,4,8
2,lineup_00,0,1,20260827,0,full_ows,1,1,85,10,8,10,0,3,3,2,5,0,1,4,1,3,12,7,21,27,48,0,4,4,0,53,81,13,9,17
2,lineup_00,0,1,20260827,1,hybrid_ows,0,1,85,5,3,5,1,1,2,2,3,0,0,3,0,1,6,9,21,19,40,1,3,3,0,6,,30,2,6
2,lineup_00,0,1,20260827,2,road_building,0,1,85,5,5,12,3,0,2,0,0,1,0,10,1,0,2,3,21,16,37,5,5,5,0,3,75,,19,11
2,lineup_00,0,1,20260827,3,roads_and_cities,0,1,85,5,4,9,4,0,4,1,0,0,0,7,2,0,5,5,21,19,40,2,5,5,0,12,48,,8,32
3,lineup_00,0,2,20260828,0,full_ows,0,1,154,9,7,9,1,3,2,2,4,0,0,5,2,3,8,18,39,36,75,11,12,12,4,89,125,117,1,33
3,lineup_00,0,2,20260828,1,hybrid_ows,1,1,154,10,10,8,2,3,0,0,6,0,1,4,3,3,10,21,38,41,79,1,1,1,4,14,130,122,2,14
3,lineup_00,0,2,20260828,2,road_building,0,1,154,8,6,11,2,1,2,2,0,1,0,9,1,1,2,19,38,32,70,1,2,2,8,3,35,123,51,3
3,lineup_00,0,2,20260828,3,roads_and_cities,0,1,154,7,6,11,0,3,5,1,0,0,0,9,1,3,5,13,38,31,69,4,6,6,11,4,80,76,20,8
4,lineup_00,0,3,20260829,0,full_ows,1,1,105,10,6,5,0,2,7,4,5,0,1,3,0,2,13,2,26,20,46,4,6,6,0,33,,101,9,49
4,lineup_00,0,3,20260829,1,hybrid_ows,0,1,105,5,4,5,0,2,2,1,3,0,0,3,0,2,5,8,26,18,44,2,5,5,4,14,,30,54,34
4,lineup_00,0,3,20260829,2,road_building,0,1,105,5,5,15,5,0,4,0,0,0,0,13,3,0,4,5,26,25,51,2,6,6,4,3,67,,79,71
4,lineup_00,0,3,20260829,3,roads_and_cities,0,1,105,9,9,15,5,1,1,0,0,1,0,13,4,1,3,14,26,35,61,3,7,7,9,4,12,76,40,12
5,lineup_00,0,4,20260830,0,full_ows,1,1,93,10,9,6,1,3,1,1,9,0,1,4,2,3,12,7,23,28,51,7,10,10,0,17,85,17,5,37
5,lineup_00,0,4,20260830,1,hybrid_ows,0,1,93,7,5,8,1,2,2,2,3,0,0,2,1,2,9,7,23,21,44,1,2,2,21,82,86,62,18,6
5,lineup_00,0,4,20260830,2,road_building,0,1,93,5,5,11,3,0,1,0,0,1,0,9,1,0,1,6,23,17,40,3,3,3,4,3,83,,75,7
5,lineup_00,0,4,20260830,3,roads_and_cities,0,1,93,9,7,13,1,3,3,2,0,0,0,11,2,3,3,9,23,28,51,1,2,2,8,12,68,8,16,12
6,lineup_00,0,5,20260831,0,full_ows,0,1,90,5,4,3,0,2,1,1,3,0,0,1,0,2,4,8,23,15,38,3,9,9,4,13,,17,29,9
6,lineup_00,0,5,20260831,1,hybrid_ows,1,1,90,10,7,3,1,2,4,3,8,0,1,1,1,2,16,6,22,26,48,1,1,1,13,82,90,58,2,26
6,lineup_00,0,5,20260831,2,road_building,0,1,90,6,6,11,2,1,2,0,0,1,0,7,1,1,3,10,22,22,44,3,3,3,0,3,23,63,3,23
6,lineup_00,0,5,20260831,3,roads_and_cities,0,1,90,7,6,15,0,3,2,1,0,0,0,13,1,3,2,15,22,34,56,2,3,3,0,4,56,8,40,32
7,lineup_00,0,6,20260832,0,full_ows,0,1,146,7,4,10,0,2,3,3,6,0,0,8,0,2,11,12,37,33,70,2,7,7,8,9,,109,9,9
7,lineup_00,0,6,20260832,1,hybrid_ows,1,1,146,10,9,11,1,3,1,1,6,0,1,9,2,3,7,12,36,33,69,7,11,11,4,2,122,102,14,10
7,lineup_00,0,6,20260832,2,road_building,0,1,146,4,4,8,4,0,1,0,0,0,0,6,2,0,2,11,36,21,57,3,7,7,16,7,79,,15,11
7,lineup_00,0,6,20260832,3,roads_and_cities,0,1,146,9,8,15,0,3,2,1,0,1,0,9,1,3,5,13,36,31,67,2,4,4,8,20,112,92,32,8
8,lineup_00,0,7,20260833,0,full_ows,0,1,128,8,7,8,1,2,1,1,6,0,1,4,1,2,10,8,32,25,57,5,8,8,23,9,113,65,1,33
8,lineup_00,0,7,20260833,1,hybrid_ows,0,1,128,3,2,8,2,0,1,1,5,0,0,6,0,0,7,6,32,19,51,0,3,3,13,6,,,10,2
8,lineup_00,0,7,20260833,2,road_building,0,1,128,5,5,13,5,0,0,0,0,0,0,11,3,0,0,11,32,25,57,4,9,9,8,3,55,,,15
8,lineup_00,0,7,20260833,3,roads_and_cities,1,1,128,10,7,15,3,1,6,3,0,1,0,11,2,1,8,5,31,27,58,3,5,5,5,12,100,128,4,32
9,lineup_00,0,8,20260834,0,full_ows,1,1,97,10,7,6,3,1,3,3,8,0,1,2,2,1,12,6,24,23,47,5,9,9,0,49,93,77,1,49
9,lineup_00,0,8,20260834,1,hybrid_ows,0,1,97,5,3,7,1,1,2,2,3,0,0,3,0,1,9,6,24,19,43,0,0,0,4,18,,94,6,30
9,lineup_00,0,8,20260834,2,road_building,0,1,97,6,6,11,2,1,2,0,0,1,0,9,1,1,2,7,24,20,44,2,4,4,4,7,59,83,3,3
9,lineup_00,0,8,20260834,3,roads_and_cities,0,1,97,6,6,11,0,3,1,0,0,0,0,9,1,3,2,14,24,29,53,2,3,3,0,4,8,64,36,24
10,lineup_00,0,9,20260835,0,full_ows,0,1,134,7,7,8,1,3,0,0,4,0,0,4,2,3,6,14,34,29,63,6,9,9,0,65,117,105,13,29
10,lineup_00,0,9,20260835,1,hybrid_ows,1,1,134,10,7,15,1,2,3,3,6,0,1,13,1,2,11,7,33,34,67,0,2,2,4,6,134,78,6,14
10,lineup_00,0,9,20260835,2,road_building,0,1,134,9,8,15,2,2,3,1,0,1,0,11,2,2,4,16,33,35,68,2,7,7,21,7,95,55,19,7
10,lineup_00,0,9,20260835,3,roads_and_cities,0,1,134,9,8,13,0,4,3,1,0,0,0,11,2,4,4,14,33,35,68,4,5,5,31,4,52,20,8,4
11,lineup_00,1,0,20260836,0,hybrid_ows,1,1,129,10,8,6,2,2,2,2,7,0,1,2,2,2,13,13,32,32,64,3,5,5,8,61,93,21,9,5
11,lineup_00,1,0,20260836,1,road_building,0,1,129,5,5,15,3,0,1,0,0,1,0,13,1,0,1,7,32,22,54,4,4,4,0,2,122,,18,6
11,lineup_00,1,0,20260836,2,roads_and_cities,0,1,129,4,4,12,2,1,2,0,0,0,0,10,1,1,3,11,32,26,58,3,5,5,8,3,119,71,19,15
11,lineup_00,1,0,20260836,3,full_ows,0,1,129,7,4,8,4,0,3,3,4,0,0,4,2,0,8,11,32,25,57,4,7,7,16,16,84,,16,20
12,lineup_00,1,1,20260837,0,hybrid_ows,1,1,121,10,8,13,2,2,2,2,5,0,1,11,2,2,8,4,30,27,57,6,11,11,4,13,101,93,29,9
12,lineup_00,1,1,20260837,1,road_building,0,1,121,8,7,13,5,0,1,1,0,1,0,11,3,0,1,7,30,22,52,4,5,5,13,6,58,,34,10
12,lineup_00,1,1,20260837,2,roads_and_cities,0,1,121,3,3,9,1,1,4,0,0,0,0,7,0,1,6,8,30,22,52,3,3,3,5,7,,19,3,19
12,lineup_00,1,1,20260837,3,full_ows,0,1,121,8,6,11,0,3,2,2,5,0,0,5,1,3,10,10,30,29,59,3,4,4,4,36,116,4,12,28
13,lineup_00,1,2,20260838,0,hybrid_ows,1,1,81,10,8,8,0,2,2,2,4,1,1,2,0,2,11,7,20,22,42,3,3,3,0,13,,53,9,13
13,lineup_00,1,2,20260838,1,road_building,0,1,81,4,3,7,1,1,4,1,0,0,0,5,0,1,4,3,20,13,33,1,1,1,4,2,,74,18,18
13,lineup_00,1,2,20260838,2,roads_and_cities,0,1,81,4,4,7,0,2,1,0,0,0,0,5,0,2,1,10,20,18,38,1,1,1,8,19,,43,23,19
13,lineup_00,1,2,20260838,3,full_ows,0,1,81,3,3,5,1,1,1,0,2,0,0,3,0,1,3,9,20,16,36,1,1,1,4,32,,52,56,32
14,lineup_00,1,3,20260839,0,hybrid_ows,0,1,120,6,3,10,1,1,3,3,3,0,0,6,0,1,9,4,30,20,50,2,3,3,8,1,,85,25,33
14,lineup_00,1,3,20260839,1,road_building,0,1,120,3,3,13,3,0,2,0,0,0,0,11,1,0,2,3,30,17,47,2,2,2,0,10,106,,34,90
14,lineup_00,1,3,20260839,2,roads_and_cities,0,1,120,9,9,14,1,3,1,0,0,1,0,12,2,3,1,23,30,41,71,4,4,4,4,3,35,11,67,27
14,lineup_00,1,3,20260839,3,full_ows,1,1,120,10,8,7,0,3,2,2,8,0,1,3,1,3,13,9,29,29,58,4,9,7,16,60,92,36,4,28
15,lineup_00,1,4,20260840,0,hybrid_ows,1,1,117,10,9,15,1,4,1,1,2,0,0,11,3,4,6,8,29,32,61,5,11,11,16,9,73,37,17,53
15,lineup_00,1,4,20260840,1,road_building,0,1,117,8,7,12,5,0,3,1,0,1,0,10,3,0,4,7,29,24,53,4,7,7,8,2,10,,14,58
15,lineup_00,1,4,20260840,2,roads_and_cities,0,1,117,9,8,15,2,3,3,1,0,0,0,13,3,3,4,11,29,34,63,8,9,9,5,15,91,15,7,23
15,lineup_00,1,4,20260840,3,full_ows,0,1,117,8,6,11,2,1,2,2,8,0,1,7,1,1,11,9,29,29,58,7,11,11,0,24,72,88,4,16
16,lineup_00,1,5,20260841,0,hybrid_ows,1,1,117,10,7,4,1,2,3,3,7,0,1,2,1,2,10,6,29,21,50,3,5,5,0,33,113,97,5,33
16,lineup_00,1,5,20260841,1,road_building,0,1,117,7,6,11,4,0,2,1,0,1,0,9,2,0,3,11,29,25,54,1,2,2,8,2,22,,6,34
16,lineup_00,1,5,20260841,2,roads_and_cities,0,1,117,7,6,14,4,1,2,1,0,0,0,12,3,1,2,3,29,21,50,4,6,6,0,3,67,107,31,63
16,lineup_00,1,5,20260841,3,full_ows,0,1,117,5,5,11,3,1,0,0,5,0,0,5,2,1,10,5,29,23,52,6,8,8,12,28,88,116,24,68
17,lineup_00,1,6,20260842,0,hybrid_ows,0,1,163,9,6,5,0,2,4,3,9,0,1,3,0,2,15,7,41,27,68,6,7,7,4,5,,89,5,9
17,lineup_00,1,6,20260842,1,road_building,0,1,163,7,6,15,4,1,5,1,0,0,0,13,3,1,5,13,41,35,76,5,8,8,12,2,114,158,18,54
17,lineup_00,1,6,20260842,2,roads_and_cities,1,1,163,10,10,15,0,4,0,0,0,1,0,13,2,4,0,11,40,30,70,2,3,3,18,3,111,39,,7
17,lineup_00,1,6,20260842,3,full_ows,0,1,163,9,8,15,0,4,1,1,2,0,0,13,2,4,5,12,40,36,76,2,5,5,25,56,128,8,44,40
18,lineup_00,1,7,20260843,0,hybrid_ows,0,1,132,9,8,9,2,2,1,1,6,0,1,7,2,2,9,8,33,28,61,7,11,11,0,5,109,105,1,33
18,lineup_00,1,7,20260843,1,road_building,0,1,132,7,7,13,5,0,2,0,0,1,0,11,3,0,2,7,33,23,56,6,7,7,0,18,82,,38,18
18,lineup_00,1,7,20260843,2,roads_and_cities,0,1,132,6,5,13,1,2,3,1,0,0,0,11,1,2,4,15,33,33,66,7,7,7,0,15,131,11,35,11
18,lineup_00,1,7,20260843,3,full_ows,1,1,132,10,7,14,1,3,3,3,4,0,0,8,2,3,10,22,32,45,77,2,3,3,8,60,108,20,8,4
19,lineup_00,1,8,20260844,0,hybrid_ows,1,1,137,10,8,11,2,2,2,2,7,0,1,7,2,2,11,8,34,30,64,3,6,6,8,9,89,109,1,37
19,lineup_00,1,8,20260844,1,road_building,0,1,137,7,7,13,5,0,0,0,0,1,0,11,3,0,0,2,34,16,50,3,3,3,0,2,106,,,66
19,lineup_00,1,8,20260844,2,roads_and_cities,0,1,137,4,4,7,0,2,2,0,0,0,0,5,0,2,4,6,34,17,51,4,4,4,15,7,,79,23,7
19,lineup_00,1,8,20260844,3,full_ows,0,1,137,6,3,8,1,1,3,3,5,0,0,4,0,1,10,14,34,29,63,6,7,7,9,24,,48,4,16
20,lineup_00,1,9,20260845,0,hybrid_ows,0,1,147,6,4,13,0,2,2,2,5,0,0,11,0,2,8,11,37,32,69,4,6,6,4,5,,105,1,5
20,lineup_00,1,9,20260845,1,road_building,0,1,147,7,7,15,5,0,1,0,0,1,0,13,3,0,1,10,37,27,64,4,5,5,12,2,34,,34,34
20,lineup_00,1,9,20260845,2,roads_and_cities,1,1,147,10,9,15,1,4,2,1,0,0,0,9,3,4,6,18,36,40,76,5,8,7,22,19,107,67,3,19
20,lineup_00,1,9,20260845,3,full_ows,0,1,147,9,7,6,1,2,2,2,7,0,1,4,1,2,10,14,36,31,67,4,7,7,5,28,140,88,4,28
21,lineup_00,2,0,20260846,0,road_building,0,1,80,2,2,15,2,0,2,0,0,0,0,13,0,0,2,4,20,19,39,3,3,3,0,5,,,57,17
21,lineup_00,2,0,20260846,1,roads_and_cities,0,1,80,6,4,10,4,0,3,2,0,0,0,8,2,0,3,3,20,16,36,2,6,6,0,2,30,,6,18
21,lineup_00,2,0,20260846,2,full_ows,0,1,80,5,4,6,0,2,1,1,1,0,0,2,0,2,4,7,20,15,35,2,2,2,0,35,,55,3,15
21,lineup_00,2,0,20260846,3,hybrid_ows,1,1,80,10,8,14,0,2,2,2,5,1,1,12,0,2,8,4,19,26,45,2,3,3,9,4,,16,20,16
22,lineup_00,2,1,20260847,0,road_building,0,1,103,8,6,13,4,0,3,2,0,1,0,11,2,0,3,7,26,23,49,4,4,4,4,1,41,,29,45
22,lineup_00,2,1,20260847,1,roads_and_cities,0,1,103,8,8,12,0,4,0,0,0,0,0,10,2,4,0,15,26,31,57,7,8,8,0,10,38,62,,6
22,lineup_00,2,1,20260847,2,full_ows,1,1,103,10,8,7,0,3,2,2,8,0,1,3,1,3,14,13,25,34,59,2,3,3,4,23,99,27,11,3
22,lineup_00,2,1,20260847,3,hybrid_ows,0,1,103,4,3,6,1,1,1,1,5,0,0,2,0,1,8,7,25,18,43,5,9,9,8,28,,36,16,4
23,lineup_00,2,2,20260848,0,road_building,0,1,102,4,4,15,4,0,0,0,0,0,0,13,2,0,3,5,26,23,49,8,8,8,0,1,93,,41,65
23,lineup_00,2,2,20260848,1,roads_and_cities,1,1,102,10,10,15,2,3,4,0,0,1,0,13,3,3,4,9,25,32,57,5,6,6,9,2,46,22,2,30
23,lineup_00,2,2,20260848,2,full_ows,0,1,102,4,2,8,2,0,2,2,4,0,0,4,0,0,8,4,25,16,41,3,3,3,0,27,,,11,23
23,lineup_00,2,2,20260848,3,hybrid_ows,0,1,102,9,6,11,4,0,4,3,5,0,1,7,2,0,10,10,25,29,54,3,5,5,4,4,48,,28,36
24,lineup_00,2,3,20260849,0,road_building,0,1,79,6,6,8,4,0,0,0,0,1,0,6,2,0,1,6,20,15,35,4,6,6,0,1,33,,61,33
24,lineup_00,2,3,20260849,1,roads_and_cities,0,1,79,3,3,6,1,1,2,0,0,0,0,4,0,1,2,1,20,8,28,1,2,2,0,30,,38,42,70
24,lineup_00,2,3,20260849,2,full_ows,1,1,79,10,6,2,0,2,5,4,7,0,1,0,0,2,13,4,19,19,38,2,3,3,4,,,15,3,15
24,lineup_00,2,3,20260849,3,hybrid_ows,0,1,79,3,2,4,2,0,1,1,3,0,0,2,0,0,6,6,19,14,33,2,3,3,12,12,,,8,4
25,lineup_00,2,4,20260850,0,road_building,0,1,82,6,5,9,3,0,3,1,0,1,0,7,1,0,3,6,21,17,38,2,2,2,0,5,49,,21,1
25,lineup_00,2,4,20260850,1,roads_and_cities,1,1,82,10,8,7,0,4,3,2,0,0,0,5,2,4,3,4,20,18,38,2,3,3,9,14,58,42,14,58
25,lineup_00,2,4,20260850,2,full_ows,0,1,82,6,6,3,0,2,1,0,5,0,1,1,0,2,7,4,20,14,34,0,1,1,13,63,,31,11,27
25,lineup_00,2,4,20260850,3,hybrid_ows,0,1,82,3,2,6,2,0,1,1,0,0,0,2,0,0,3,4,20,9,29,0,0,0,0,4,,,20,44
26,lineup_00,2,5,20260851,0,road_building,0,1,119,3,3,15,1,1,0,0,0,0,0,13,0,1,0,2,30,16,46,3,3,3,0,5,,93,,17
26,lineup_00,2,5,20260851,1,roads_and_cities,0,1,119,8,8,15,4,1,1,0,0,1,0,11,3,1,4,14,30,33,63,4,5,5,4,2,22,106,18,18
26,lineup_00,2,5,20260851,2,full_ows,1,1,119,10,8,9,0,3,2,2,8,0,1,5,1,3,11,9,29,29,58,3,5,5,9,47,119,39,3,19
26,lineup_00,2,5,20260851,3,hybrid_ows,0,1,119,6,3,10,1,1,3,3,5,0,0,8,0,1,10,3,29,22,51,5,5,5,4,4,,108,8,44
27,lineup_00,2,6,20260852,0,road_building,0,1,148,6,6,15,4,1,0,0,0,0,0,13,3,1,0,9,37,26,63,3,4,4,9,5,117,145,,69
27,lineup_00,2,6,20260852,1,roads_and_cities,0,1,148,6,3,14,1,1,6,3,0,0,0,10,0,1,7,12,37,30,67,4,7,7,8,6,,90,6,22
27,lineup_00,2,6,20260852,2,full_ows,0,1,148,6,5,9,3,0,1,1,6,0,1,5,1,0,11,15,37,32,69,10,12,12,4,27,75,,7,7
27,lineup_00,2,6,20260852,3,hybrid_ows,1,1,148,11,10,12,0,4,1,1,5,1,0,10,2,4,7,22,36,45,81,10,16,16,8,12,76,92,8,8
28,lineup_00,2,7,20260853,0,road_building,0,1,122,5,4,15,4,0,3,1,0,0,0,13,2,0,3,3,31,21,52,3,4,4,4,1,105,,17,73
28,lineup_00,2,7,20260853,1,roads_and_cities,1,1,122,10,10,15,0,4,1,0,0,1,0,13,2,4,1,11,30,31,61,7,8,8,4,2,38,6,86,42
28,lineup_00,2,7,20260853,2,full_ows,0,1,122,9,6,4,0,2,3,3,6,0,1,2,0,2,10,9,30,23,53,8,10,10,0,107,,83,3,63
28,lineup_00,2,7,20260853,3,hybrid_ows,0,1,122,7,6,11,2,2,1,1,6,0,0,7,2,2,11,7,30,29,59,6,12,12,12,16,116,4,12,8
29,lineup_00,2,8,20260854,0,road_building,1,1,125,10,10,13,4,2,4,0,0,1,0,11,4,2,5,14,31,36,67,3,3,3,16,9,33,93,5,13
29,lineup_00,2,8,20260854,1,roads_and_cities,0,1,125,9,7,11,1,3,4,2,0,0,0,7,2,3,5,12,31,29,60,8,12,12,0,2,62,66,14,34
29,lineup_00,2,8,20260854,2,full_ows,0,1,125,6,5,4,1,1,1,1,6,0,1,2,0,1,8,8,31,19,50,2,2,2,9,19,,103,3,3
29,lineup_00,2,8,20260854,3,hybrid_ows,0,1,125,9,7,11,1,3,2,2,2,0,0,7,2,3,7,12,31,31,62,6,11,11,4,4,60,84,4,20
30,lineup_00,2,9,20260855,0,road_building,0,1,87,6,4,9,2,0,2,2,0,1,0,7,0,0,2,3,22,12,34,2,2,2,8,1,,,37,21
30,lineup_00,2,9,20260855,1,roads_and_cities,0,1,87,4,4,11,0,2,2,0,0,0,0,9,0,2,3,5,22,19,41,2,2,2,0,2,,34,6,38
30,lineup_00,2,9,20260855,2,full_ows,1,1,87,10,9,9,1,3,1,1,9,0,1,3,2,3,13,7,21,28,49,3,3,3,13,47,59,7,19,27
30,lineup_00,2,9,20260855,3,hybrid_ows,0,1,87,4,2,13,2,0,2,2,3,0,0,11,0,0,7,5,21,23,44,4,4,4,0,4,,,8,4
31,lineup_00,3,0,20260856,0,roads_and_cities,0,1,102,9,9,11,1,3,3,0,0,1,0,7,2,3,4,5,26,21,47,2,2,2,11,9,17,57,41,33
31,lineup_00,3,0,20260856,1,full_ows,1,1,102,10,8,8,0,3,2,2,6,0,1,4,1,3,11,19,25,38,63,8,11,11,0,26,78,6,14,2
31,lineup_00,3,0,20260856,2,hybrid_ows,0,1,102,7,4,2,0,2,3,3,3,0,0,0,0,2,8,4,25,14,39,3,4,4,4,,,71,7,31
31,lineup_00,3,0,20260856,3,road_building,0,1,102,5,5,15,5,0,2,0,0,0,0,13,3,0,2,10,25,28,53,4,4,4,8,12,24,,32,16
32,lineup_00,3,1,20260857,0,roads_and_cities,0,1,126,8,8,10,0,4,2,0,0,0,0,8,2,4,3,17,32,34,66,2,5,5,10,5,41,73,9,17
32,lineup_00,3,1,20260857,1,full_ows,1,1,126,10,6,5,0,2,4,4,6,0,1,1,0,2,12,3,31,18,49,6,7,7,4,58,,110,2,66
32,lineup_00,3,1,20260857,2,hybrid_ows,0,1,126,5,5,13,1,2,0,0,5,0,0,9,1,2,8,8,31,28,59,7,12,12,4,15,83,115,15,11
32,lineup_00,3,1,20260857,3,road_building,0,1,126,9,8,15,4,1,2,1,0,1,0,13,3,1,2,13,31,32,63,7,7,7,5,8,80,124,28,8
33,lineup_00,3,2,20260858,0,roads_and_cities,0,1,119,5,4,12,0,2,1,1,0,0,0,10,0,2,1,13,30,26,56,0,0,0,9,13,,49,57,13
33,lineup_00,3,2,20260858,1,full_ows,0,1,119,9,6,7,0,3,3,3,4,0,0,3,1,3,10,16,30,33,63,0,3,3,0,30,118,6,10,10
33,lineup_00,3,2,20260858,2,hybrid_ows,1,1,119,10,9,11,1,3,1,1,8,0,1,9,2,3,10,15,29,39,68,3,4,4,4,3,23,51,11,7
33,lineup_00,3,2,20260858,3,road_building,0,1,119,7,7,12,5,0,3,0,0,1,0,10,3,0,4,12,29,29,58,4,10,9,16,4,40,,40,20
34,lineup_00,3,3,20260859,0,roads_and_cities,0,1,66,8,8,8,0,3,2,0,0,1,0,6,1,3,2,16,17,28,45,2,3,3,0,25,41,17,49,5
34,lineup_00,3,3,20260859,1,full_ows,1,1,66,10,6,2,0,2,4,4,3,0,1,0,0,2,8,4,16,14,30,0,1,1,4,,,18,6,26
34,lineup_00,3,3,20260859,2,hybrid_ows,0,1,66,2,2,5,2,0,0,0,1,0,0,3,0,0,2,3,16,8,24,1,3,3,0,7,,,7,7
34,lineup_00,3,3,20260859,3,road_building,0,1,66,4,4,8,2,1,2,0,0,0,0,6,1,1,3,3,16,14,30,3,4,4,0,4,28,44,8,36
35,lineup_00,3,4,20260860,0,roads_and_cities,0,1,95,7,6,9,2,2,2,1,0,0,0,7,2,2,2,7,24,20,44,6,6,6,0,5,29,57,41,13
35,lineup_00,3,4,20260860,1,full_ows,0,1,95,6,6,11,0,2,1,0,5,1,0,7,0,2,9,13,24,31,55,4,4,4,4,22,,14,6,38
35,lineup_00,3,4,20260860,2,hybrid_ows,1,1,95,10,6,5,0,2,4,4,7,0,1,3,0,2,12,2,23,19,42,1,3,3,0,15,,79,3,15
35,lineup_00,3,4,20260860,3,road_building,0,1,95,2,2,12,2,0,1,0,0,0,0,10,0,0,2,5,23,17,40,1,1,1,4,4,,,24,4
36,lineup_00,3,5,20260861,0,roads_and_cities,0,1,134,6,4,9,0,2,7,2,0,0,0,5,0,2,11,11,34,29,63,2,2,2,28,1,,25,13,29
36,lineup_00,3,5,20260861,1,full_ows,1,1,134,10,8,9,0,4,2,2,1,0,0,7,2,4,3,12,33,28,61,2,5,5,5,2,14,50,38,2
36,lineup_00,3,5,20260861,2,hybrid_ows,0,1,134,9,8,10,2,2,1,1,7,0,1,8,2,2,9,14,33,35,68,5,10,9,8,15,95,75,7,7
36,lineup_00,3,5,20260861,3,road_building,0,1,134,9,9,9,3,2,1,0,0,1,0,5,3,2,2,16,33,28,61,1,5,5,11,4,28,100,52,4
37,lineup_00,3,6,20260862,0,roads_and_cities,0,1,135,4,3,11,3,0,3,1,0,0,0,9,1,0,4,7,34,21,55,1,3,3,13,13,121,,25,1
37,lineup_00,3,6,20260862,1,full_ows,0,1,135,7,6,8,0,3,1,1,5,0,0,4,1,3,8,21,34,37,71,0,0,0,4,42,130,10,46,6
37,lineup_00,3,6,20260862,2,hybrid_ows,1,1,135,10,8,12,0,3,2,2,5,0,1,8,1,3,9,12,33,33,66,5,9,9,0,23,123,99,11,11
37,lineup_00,3,6,20260862,3,road_building,0,1,135,7,6,15,4,0,3,1,0,1,0,13,2,0,4,12,33,31,64,3,4,4,0,4,60,,12,12
38,lineup_00,3,7,20260863,0,roads_and_cities,0,1,115,7,6,12,0,3,4,1,0,0,0,10,1,3,4,12,29,30,59,4,7,7,4,5,65,21,45,13
38,lineup_00,3,7,20260863,1,full_ows,0,1,115,4,4,11,0,2,1,0,2,0,0,5,0,2,7,13,29,27,56,2,3,3,10,18,,62,2,6
38,lineup_00,3,7,20260863,2,hybrid_ows,1,1,115,10,7,5,1,2,3,3,5,0,1,3,1,2,10,9,28,25,53,4,7,7,8,43,115,51,3,3
38,lineup_00,3,7,20260863,3,road_building,0,1,115,5,4,15,2,0,4,1,0,1,0,13,0,0,4,6,28,23,51,2,3,3,8,4,,,24,36
39,lineup_00,3,8,20260864,0,roads_and_cities,0,1,143,7,6,9,2,2,7,1,0,0,0,7,2,2,11,13,36,35,71,3,4,4,4,5,37,93,1,21
39,lineup_00,3,8,20260864,1,full_ows,0,1,143,5,4,9,0,2,1,1,2,0,0,5,0,2,4,14,36,25,61,2,2,2,9,70,,14,2,46
39,lineup_00,3,8,20260864,2,hybrid_ows,1,1,143,10,8,15,4,1,2,2,5,0,1,11,3,1,8,1,35,24,59,2,3,3,31,3,111,143,11,31
39,lineup_00,3,8,20260864,3,road_building,0,1,143,5,4,15,2,0,2,1,0,1,0,13,0,0,2,6,35,21,56,4,5,5,4,28,,,32,32
40,lineup_00,3,9,20260865,0,roads_and_cities,0,1,66,4,3,8,3,0,3,1,0,0,0,6,1,0,3,1,17,11,28,1,2,2,4,1,37,,41,29
40,lineup_00,3,9,20260865,1,full_ows,1,1,66,10,6,3,0,2,6,4,5,0,1,1,0,2,11,4,16,18,34,1,2,2,4,50,,34,6,34
40,lineup_00,3,9,20260865,2,hybrid_ows,0,1,66,2,2,8,2,0,1,0,3,0,0,4,0,0,5,4,16,13,29,3,7,7,4,31,,,3,31
40,lineup_00,3,9,20260865,3,road_building,0,1,66,6,6,11,4,0,2,0,0,1,0,9,2,0,2,7,16,20,36,3,5,5,0,4,36,,44,12
41,lineup_01,0,0,20260866,0,full_ows,0,1,144,9,8,10,0,3,1,1,6,0,1,6,1,3,11,9,36,30,66,6,11,11,9,49,81,109,1,49
41,lineup_01,0,0,20260866,1,hybrid_ows,0,1,144,7,6,14,0,3,1,1,4,0,0,12,1,3,6,12,36,34,70,5,8,8,8,2,126,66,6,14
41,lineup_01,0,0,20260866,2,road_building,0,1,144,8,7,13,5,0,3,1,0,1,0,11,3,0,3,12,36,29,65,2,6,6,0,3,91,,19,7
41,lineup_01,0,0,20260866,3,five_resource,1,1,144,10,8,15,2,3,4,2,0,0,0,11,3,3,5,14,35,36,71,2,5,5,18,24,80,48,4,4
42,lineup_01,0,1,20260867,0,full_ows,0,1,118,9,5,7,1,1,4,4,7,0,1,5,0,1,14,16,30,36,66,3,6,6,0,37,,113,9,9
42,lineup_01,0,1,20260867,1,hybrid_ows,1,1,118,10,9,14,3,2,1,1,2,1,0,12,3,2,4,14,29,35,64,1,2,2,4,6,86,62,22,6
42,lineup_01,0,1,20260867,2,road_building,0,1,118,4,4,15,4,0,2,0,0,0,0,13,2,0,2,8,29,25,54,2,3,3,0,7,43,,39,35
42,lineup_01,0,1,20260867,3,five_resource,0,1,118,4,4,15,4,0,3,0,0,0,0,9,2,0,5,6,29,22,51,5,5,5,0,4,40,,4,20
43,lineup_01,0,2,20260868,0,full_ows,0,1,139,7,6,10,0,2,1,1,7,0,1,6,0,2,11,11,35,30,65,7,9,9,9,29,,97,9,9
43,lineup_01,0,2,20260868,1,hybrid_ows,0,1,139,9,7,15,1,3,3,2,2,0,0,13,2,3,6,11,35,35,70,4,6,6,21,2,102,34,18,30
43,lineup_01,0,2,20260868,2,road_building,1,1,139,10,9,15,3,2,2,1,0,1,0,13,3,2,2,17,34,37,71,5,8,8,0,7,103,111,19,3
43,lineup_01,0,2,20260868,3,five_resource,0,1,139,7,6,12,2,2,5,1,0,0,0,10,2,2,6,12,34,32,66,5,8,8,8,8,80,128,16,52
44,lineup_01,0,3,20260869,0,full_ows,1,1,93,10,9,6,1,3,1,1,5,0,1,2,2,3,11,10,23,28,51,1,1,1,0,57,89,9,13,5
44,lineup_01,0,3,20260869,1,hybrid_ows,0,1,93,9,6,10,4,0,3,3,4,1,0,6,2,0,8,12,23,28,51,2,5,5,0,2,42,,6,2
44,lineup_01,0,3,20260869,2,road_building,0,1,93,3,3,9,3,0,2,0,0,0,0,7,1,0,2,5,23,15,38,3,5,5,0,7,59,,59,7
44,lineup_01,0,3,20260869,3,five_resource,0,1,93,3,2,6,2,0,4,1,0,0,0,4,0,0,4,8,23,16,39,1,3,3,9,20,,,8,4
45,lineup_01,0,4,20260870,0,full_ows,0,1,94,7,5,10,1,2,2,2,4,0,0,4,1,2,11,8,24,26,50,7,8,8,0,13,89,21,5,37
45,lineup_01,0,4,20260870,1,hybrid_ows,1,1,94,10,8,7,0,3,2,2,7,0,1,5,1,3,10,14,23,33,56,2,9,9,12,30,90,10,6,14
45,lineup_01,0,4,20260870,2,road_building,0,1,94,4,4,10,2,0,0,0,0,1,0,8,0,0,0,4,23,12,35,0,0,0,0,3,,,,23
45,lineup_01,0,4,20260870,3,five_resource,0,1,94,5,4,6,4,0,4,1,0,0,0,4,2,0,4,7,23,17,40,2,4,4,4,16,48,,8,8
46,lineup_01,0,5,20260871,0,full_ows,0,1,127,9,5,6,1,2,4,4,6,0,0,4,1,2,11,9,32,27,59,5,6,6,4,29,117,89,5,5
46,lineup_01,0,5,20260871,1,hybrid_ows,0,1,127,9,9,13,1,3,0,0,7,0,1,9,2,3,8,14,32,36,68,4,6,6,4,2,90,110,6,10
46,lineup_01,0,5,20260871,2,road_building,1,1,127,10,10,10,2,3,0,0,0,1,0,6,3,3,3,21,31,36,67,4,4,4,5,43,115,15,43,3
46,lineup_01,0,5,20260871,3,five_resource,0,1,127,9,8,14,2,3,2,1,0,0,0,12,3,3,3,24,31,45,76,2,2,2,9,4,112,24,12,20
47,lineup_01,0,6,20260872,0,full_ows,1,1,105,10,7,8,1,2,3,3,4,0,1,2,1,2,9,10,26,24,50,5,6,6,8,45,105,21,5,33
47,lineup_01,0,6,20260872,1,hybrid_ows,0,1,105,4,4,11,0,2,0,0,1,0,0,9,0,2,3,7,26,21,47,0,0,0,9,26,,14,6,10
47,lineup_01,0,6,20260872,2,road_building,0,1,105,5,5,12,3,0,5,0,0,1,0,10,1,0,5,6,26,22,48,3,5,5,0,11,63,,7,7
47,lineup_01,0,6,20260872,3,five_resource,0,1,105,5,3,8,3,0,6,2,0,0,0,6,1,0,8,6,26,21,47,1,1,1,0,8,88,,24,32
48,lineup_01,0,7,20260873,0,full_ows,0,1,110,5,4,8,2,0,1,1,8,0,1,4,0,0,12,8,28,24,52,10,11,11,4,9,,,1,25
48,lineup_01,0,7,20260873,1,hybrid_ows,1,1,110,10,8,8,0,4,2,2,5,0,0,6,2,4,8,13,27,33,60,7,8,8,6,2,74,26,10,2
48,lineup_01,0,7,20260873,2,road_building,0,1,110,4,3,12,3,0,2,1,0,0,0,10,1,0,2,4,27,17,44,1,3,3,12,11,59,,27,23
48,lineup_01,0,7,20260873,3,five_resource,0,1,110,8,7,13,3,1,2,1,0,1,0,11,2,1,3,8,27,25,52,7,9,8,4,4,100,64,4,20
49,lineup_01,0,8,20260874,0,full_ows,0,1,142,6,5,8,3,0,1,1,6,0,1,6,1,0,8,10,36,25,61,2,5,5,0,21,141,,13,5
49,lineup_01,0,8,20260874,1,hybrid_ows,1,1,142,11,8,13,0,3,3,3,3,1,0,7,1,3,11,19,35,41,76,1,1,1,4,86,126,62,6,10
49,lineup_01,0,8,20260874,2,road_building,0,1,142,6,5,15,3,1,3,1,0,0,0,13,2,1,3,5,35,24,59,4,5,5,12,27,91,131,67,51
49,lineup_01,0,8,20260874,3,five_resource,0,1,142,4,4,10,4,0,3,0,0,0,0,8,2,0,3,9,35,22,57,2,2,2,8,4,104,,24,76
50,lineup_01,0,9,20260875,0,full_ows,0,1,104,6,3,9,1,1,3,3,3,0,0,5,0,1,7,7,26,20,46,4,4,4,0,5,,5,29,5
50,lineup_01,0,9,20260875,1,hybrid_ows,0,1,104,4,4,3,2,0,1,0,8,0,1,1,0,0,10,4,26,15,41,5,7,7,4,78,,,2,2
50,lineup_01,0,9,20260875,2,road_building,0,1,104,3,2,9,2,0,2,1,0,0,0,7,0,0,3,6,26,16,42,2,2,2,0,23,,,7,7
50,lineup_01,0,9,20260875,3,five_resource,1,1,104,10,9,11,3,2,3,1,0,1,0,9,3,2,5,8,25,27,52,1,2,2,13,8,28,32,48,40
51,lineup_01,1,0,20260876,0,hybrid_ows,0,1,184,6,5,14,3,1,1,1,4,0,0,10,2,1,8,21,46,42,88,11,22,22,8,5,113,153,21,5
51,lineup_01,1,0,20260876,1,road_building,0,1,184,8,8,15,4,1,2,0,0,1,0,13,3,1,2,14,46,33,79,3,4,4,31,6,102,130,26,10
51,lineup_01,1,0,20260876,2,five_resource,0,1,184,8,6,15,2,2,3,2,0,0,0,11,2,2,5,14,46,34,80,6,8,8,22,15,127,171,7,7
51,lineup_01,1,0,20260876,3,full_ows,1,1,184,10,8,5,0,3,2,2,7,0,1,3,1,3,10,13,45,30,75,5,5,5,9,48,172,128,4,16
52,lineup_01,1,1,20260877,0,hybrid_ows,0,1,138,6,4,9,2,1,2,2,1,0,0,5,1,1,6,8,35,21,56,2,5,5,4,29,117,97,5,9
52,lineup_01,1,1,20260877,1,road_building,1,1,138,10,10,15,0,4,3,0,0,1,0,13,2,4,4,26,34,49,83,3,4,4,0,6,90,118,34,2
52,lineup_01,1,1,20260877,2,five_resource,0,1,138,6,5,15,5,0,3,1,0,0,0,13,3,0,3,6,34,25,59,4,4,4,0,7,47,,27,7
52,lineup_01,1,1,20260877,3,full_ows,0,1,138,6,4,8,2,0,2,2,8,0,1,4,0,0,11,10,34,25,59,5,5,5,0,24,,,8,8
53,lineup_01,1,2,20260878,0,hybrid_ows,0,1,122,8,6,10,2,1,2,2,7,0,1,6,1,1,11,5,31,24,55,7,9,9,0,5,109,117,13,17
53,lineup_01,1,2,20260878,1,road_building,1,1,122,10,9,15,3,2,2,1,0,1,0,13,3,2,2,7,30,27,57,4,6,6,12,2,114,22,10,22
53,lineup_01,1,2,20260878,2,five_resource,0,1,122,4,3,12,3,0,5,1,0,0,0,10,1,0,7,6,30,24,54,6,6,6,4,3,115,,15,27
53,lineup_01,1,2,20260878,3,full_ows,0,1,122,4,3,7,1,1,1,1,2,0,0,3,0,1,5,11,30,20,50,1,1,1,16,36,,64,4,12
54,lineup_01,1,3,20260879,0,hybrid_ows,0,1,111,9,8,8,2,2,1,1,6,0,1,4,2,2,10,7,28,25,53,3,8,8,4,5,85,45,9,33
54,lineup_01,1,3,20260879,1,road_building,0,1,111,4,4,15,4,0,1,0,0,0,0,11,2,0,2,6,28,21,49,1,2,2,25,2,50,,6,18
54,lineup_01,1,3,20260879,2,five_resource,1,1,111,10,9,15,5,1,2,1,0,1,0,13,4,1,3,8,27,29,56,12,15,15,4,3,51,111,35,43
54,lineup_01,1,3,20260879,3,full_ows,0,1,111,8,5,5,1,2,3,3,6,0,0,3,1,2,10,8,27,24,51,1,2,2,0,24,108,88,4,8
55,lineup_01,1,4,20260880,0,hybrid_ows,1,1,81,10,7,7,1,2,3,3,5,0,1,3,1,2,10,9,20,25,45,4,8,7,4,37,81,5,1,5
55,lineup_01,1,4,20260880,1,road_building,0,1,81,6,5,12,3,0,3,1,0,1,0,10,1,0,4,3,20,18,38,1,1,1,0,2,58,,38,14
55,lineup_01,1,4,20260880,2,five_resource,0,1,81,6,5,11,5,0,5,1,0,0,0,7,3,0,7,3,20,20,40,2,5,5,5,23,59,,11,11
55,lineup_01,1,4,20260880,3,full_ows,0,1,81,2,2,4,2,0,0,0,4,0,0,2,0,0,4,7,20,13,33,2,4,4,4,44,,,16,8
56,lineup_01,1,5,20260881,0,hybrid_ows,0,1,100,4,4,13,2,1,0,0,2,0,0,9,1,1,3,9,25,23,48,2,2,2,4,21,37,85,29,29
56,lineup_01,1,5,20260881,1,road_building,0,1,100,3,3,10,3,0,3,0,0,0,0,8,1,0,3,7,25,19,44,4,6,6,0,2,78,,22,50
56,lineup_01,1,5,20260881,2,five_resource,0,1,100,5,5,15,3,0,1,0,0,1,0,13,1,0,1,7,25,22,47,3,3,3,0,3,59,,15,23
56,lineup_01,1,5,20260881,3,full_ows,1,1,100,10,5,2,1,1,7,5,7,0,1,0,0,1,17,9,24,27,51,5,5,5,8,,,84,4,8
57,lineup_01,1,6,20260882,0,hybrid_ows,1,1,129,10,7,10,1,3,3,3,3,0,0,6,2,3,9,15,32,35,67,3,4,4,24,13,37,13,1,25
57,lineup_01,1,6,20260882,1,road_building,0,1,129,5,5,15,3,0,3,0,0,1,0,13,1,0,3,8,32,25,57,0,0,0,8,6,30,,14,14
57,lineup_01,1,6,20260882,2,five_resource,0,1,129,4,3,15,3,0,4,1,0,0,0,11,1,0,7,6,32,25,57,3,5,5,14,7,119,,3,27
57,lineup_01,1,6,20260882,3,full_ows,0,1,129,9,8,5,0,3,1,1,5,0,1,3,1,3,6,13,32,26,58,3,8,7,8,20,100,60,8,8
58,lineup_01,1,7,20260883,0,hybrid_ows,1,1,129,10,9,11,1,3,1,1,6,0,1,9,2,3,10,11,33,35,68,3,8,6,4,1,53,73,5,13
58,lineup_01,1,7,20260883,1,road_building,0,1,129,6,6,15,4,0,2,0,0,1,0,13,2,0,2,8,32,25,57,2,3,3,4,2,90,,34,10
58,lineup_01,1,7,20260883,2,five_resource,0,1,129,5,4,13,4,0,2,1,0,0,0,9,2,0,4,13,32,28,60,1,1,1,8,7,107,,31,3
58,lineup_01,1,7,20260883,3,full_ows,0,1,129,7,4,9,0,2,3,3,5,0,0,5,0,2,9,13,32,29,61,4,4,4,10,72,,20,4,8
59,lineup_01,1,8,20260884,0,hybrid_ows,0,1,94,5,4,12,0,2,1,1,1,0,0,10,0,2,3,5,24,20,44,5,8,8,0,9,,37,17,57
59,lineup_01,1,8,20260884,1,road_building,1,1,94,10,10,15,4,2,0,0,0,1,0,11,4,2,1,7,23,25,48,2,3,3,4,2,58,50,26,34
59,lineup_01,1,8,20260884,2,five_resource,0,1,94,6,6,9,2,2,1,0,0,0,0,7,2,2,2,10,23,23,46,6,7,7,0,3,19,55,3,31
59,lineup_01,1,8,20260884,3,full_ows,0,1,94,7,5,9,3,0,2,2,10,0,1,7,1,0,14,6,23,28,51,4,7,7,0,16,92,,8,32
60,lineup_01,1,9,20260885,0,hybrid_ows,1,1,93,10,7,6,1,2,3,3,8,0,1,4,1,2,13,6,23,26,49,2,2,2,4,1,93,33,9,25
60,lineup_01,1,9,20260885,1,road_building,0,1,93,5,5,11,1,1,0,0,0,1,0,9,0,1,1,3,23,14,37,1,1,1,0,2,,78,58,18
60,lineup_01,1,9,20260885,2,five_resource,0,1,93,8,6,15,2,2,2,2,0,0,0,13,2,2,2,7,23,26,49,1,2,2,0,7,79,35,3,19
60,lineup_01,1,9,20260885,3,full_ows,0,1,93,4,4,4,0,2,2,0,6,0,0,2,0,2,9,6,23,19,42,3,6,6,0,40,,64,16,16
61,lineup_01,2,0,20260886,0,road_building,0,1,76,5,5,13,3,0,0,0,0,1,0,11,1,0,1,2,19,15,34,3,3,3,0,1,61,,33,17
61,lineup_01,2,0,20260886,1,five_resource,0,1,76,6,5,8,3,1,5,1,0,0,0,6,2,1,5,5,19,19,38,4,5,5,4,14,34,54,6,6
61,lineup_01,2,0,20260886,2,full_ows,0,1,76,5,3,4,1,1,2,2,4,0,0,2,0,1,8,4,19,15,34,4,4,4,4,31,,51,15,7
61,lineup_01,2,0,20260886,3,hybrid_ows,1,1,76,10,9,12,1,3,1,1,4,0,1,8,2,3,7,4,18,24,42,1,1,1,9,4,56,20,44,16
62,lineup_01,2,1,20260887,0,road_building,0,1,116,5,5,14,5,0,2,0,0,0,0,10,3,0,3,7,29,23,52,6,10,10,0,5,25,,33,9
62,lineup_01,2,1,20260887,1,five_resource,0,1,116,6,6,13,2,2,2,0,0,0,0,11,2,2,2,19,29,36,65,0,1,1,0,6,102,86,6,18
62,lineup_01,2,1,20260887,2,full_ows,0,1,116,7,4,4,0,2,3,3,4,0,0,2,0,2,10,11,29,25,54,0,0,0,4,43,,71,7,3
62,lineup_01,2,1,20260887,3,hybrid_ows,1,1,116,10,8,11,0,2,2,2,6,1,1,7,0,2,10,8,29,27,56,4,7,7,5,12,,12,4,24
63,lineup_01,2,2,20260888,0,road_building,0,1,68,3,2,8,2,0,2,1,0,0,0,6,0,0,2,4,17,12,29,0,1,1,5,5,,,13,5
63,lineup_01,2,2,20260888,1,five_resource,0,1,68,4,3,7,3,0,3,1,0,0,0,5,1,0,3,4,17,13,30,3,3,3,5,14,46,,22,14
63,lineup_01,2,2,20260888,2,full_ows,0,1,68,2,2,12,2,0,0,0,1,0,0,6,0,0,6,3,17,15,32,2,2,2,0,3,,,7,7
63,lineup_01,2,2,20260888,3,hybrid_ows,1,1,68,10,8,13,0,2,2,2,3,1,1,11,0,2,5,5,16,23,39,3,3,3,0,4,,8,16,12
64,lineup_01,2,3,20260889,0,road_building,1,1,145,10,9,15,5,2,2,1,0,0,0,11,5,2,3,18,36,39,75,7,8,8,4,1,45,121,53,17
64,lineup_01,2,3,20260889,1,five_resource,0,1,145,6,6,15,2,1,5,0,0,1,0,13,1,1,7,9,36,31,67,3,7,7,0,2,142,134,26,14
64,lineup_01,2,3,20260889,2,full_ows,0,1,145,9,7,12,1,2,2,2,5,0,1,10,1,2,7,15,36,35,71,13,23,18,15,7,35,111,15,7
64,lineup_01,2,3,20260889,3,hybrid_ows,0,1,145,8,6,9,0,3,2,2,4,0,0,7,1,3,8,17,36,36,72,5,14,13,5,68,120,48,12,12
65,lineup_01,2,4,20260890,0,road_building,0,1,108,2,2,13,2,0,2,0,0,0,0,11,0,0,2,8,27,21,48,4,5,5,0,1,,,41,13
65,lineup_01,2,4,20260890,1,five_resource,0,1,108,6,5,13,3,0,4,1,0,1,0,11,1,0,5,2,27,19,46,1,1,1,8,2,74,,10,86
65,lineup_01,2,4,20260890,2,full_ows,0,1,108,5,3,7,1,1,2,2,5,0,0,3,0,1,10,11,27,25,52,0,1,1,4,35,,15,31,11
65,lineup_01,2,4,20260890,3,hybrid_ows,1,1,108,10,8,15,2,2,2,2,5,0,1,13,2,2,8,12,26,37,63,6,8,8,0,4,92,28,16,28
66,lineup_01,2,5,20260891,0,road_building,0,1,83,4,4,8,2,0,1,0,0,1,0,6,0,0,1,1,21,8,29,1,1,1,0,45,,,77,69
66,lineup_01,2,5,20260891,1,five_resource,0,1,83,5,5,9,1,2,3,0,0,0,0,7,1,2,6,10,21,26,47,1,1,1,5,6,78,10,6,6
66,lineup_01,2,5,20260891,2,full_ows,1,1,83,10,6,3,0,2,6,4,3,0,1,1,0,2,9,4,20,16,36,1,5,5,9,19,,31,3,47
66,lineup_01,2,5,20260891,3,hybrid_ows,0,1,83,2,2,8,2,0,1,0,3,0,0,6,0,0,5,6,20,17,37,3,3,3,10,12,,,8,8
67,lineup_01,2,6,20260892,0,road_building,0,1,118,6,5,15,5,0,2,1,0,0,0,11,3,0,4,5,30,23,53,5,7,7,8,1,25,,17,9
67,lineup_01,2,6,20260892,1,five_resource,1,1,118,10,10,15,2,3,2,0,0,1,0,13,3,3,3,11,29,33,62,3,4,4,12,2,90,14,62,14
67,lineup_01,2,6,20260892,2,full_ows,0,1,118,9,6,3,0,2,4,3,8,0,1,1,0,2,13,7,29,23,52,3,5,5,8,87,,51,7,27
67,lineup_01,2,6,20260892,3,hybrid_ows,0,1,118,5,4,8,0,2,1,1,3,0,0,6,0,2,5,14,29,27,56,0,4,4,0,16,,48,56,16
68,lineup_01,2,7,20260893,0,road_building,0,1,147,5,5,15,5,0,0,0,0,0,0,13,3,0,0,13,37,29,66,6,10,10,0,1,21,,,37
68,lineup_01,2,7,20260893,1,five_resource,0,1,147,9,7,8,1,3,5,2,0,0,0,6,2,3,6,13,37,30,67,0,0,0,8,2,70,98,14,10
68,lineup_01,2,7,20260893,2,full_ows,1,1,147,10,9,12,1,3,1,1,5,1,0,8,2,3,8,8,36,29,65,2,2,2,4,3,115,119,11,7
68,lineup_01,2,7,20260893,3,hybrid_ows,0,1,147,9,7,6,1,2,2,2,6,0,1,2,1,2,11,7,36,23,59,3,3,3,16,116,144,104,12,68
69,lineup_01,2,8,20260894,0,road_building,0,1,130,6,4,12,4,0,7,2,0,0,0,10,2,0,7,7,33,26,59,4,6,6,9,17,109,,5,17
69,lineup_01,2,8,20260894,1,five_resource,1,1,130,10,10,13,0,4,1,0,0,1,0,11,2,4,2,15,32,34,66,8,9,9,14,2,50,18,14,34
69,lineup_01,2,8,20260894,2,full_ows,0,1,130,6,4,8,0,2,2,2,3,0,0,6,0,2,6,13,32,27,59,4,10,10,22,51,,23,55,7
69,lineup_01,2,8,20260894,3,hybrid_ows,0,1,130,8,7,7,3,1,1,1,6,0,1,3,2,1,10,11,32,27,59,3,3,3,8,56,96,108,12,8
70,lineup_01,2,9,20260895,0,road_building,0,1,135,7,7,15,5,0,1,0,0,1,0,13,3,0,1,13,34,30,64,4,5,5,12,13,69,,5,5
70,lineup_01,2,9,20260895,1,five_resource,0,1,135,6,6,15,0,3,4,0,0,0,0,11,1,3,6,9,34,30,64,3,3,3,4,2,130,106,6,22
70,lineup_01,2,9,20260895,2,full_ows,1,1,135,10,7,8,1,3,3,3,4,0,0,4,2,3,10,19,33,38,71,5,8,8,8,27,107,27,7,35
70,lineup_01,2,9,20260895,3,hybrid_ows,0,1,135,9,7,11,1,2,2,2,5,0,1,9,1,2,8,14,33,34,67,5,7,7,8,12,40,60,8,8
71,lineup_01,3,0,20260896,0,five_resource,0,1,98,4,2,13,2,0,8,2,0,0,0,9,0,0,11,5,25,25,50,2,3,3,4,1,,,5,77
71,lineup_01,3,0,20260896,1,full_ows,1,1,98,10,9,6,1,3,1,1,4,0,1,4,2,3,6,9,24,24,48,2,5,5,4,14,54,78,6,14
71,lineup_01,3,0,20260896,2,hybrid_ows,0,1,98,5,3,6,1,1,2,2,2,0,0,2,0,1,6,7,24,16,40,3,5,5,5,11,,27,19,11
71,lineup_01,3,0,20260896,3,road_building,0,1,98,5,5,15,3,0,2,0,0,1,0,13,1,0,2,9,24,25,49,4,5,5,0,4,32,,44,24
72,lineup_01,3,1,20260897,0,five_resource,0,1,63,4,4,6,0,2,3,0,0,0,0,4,0,2,4,3,16,13,29,0,0,0,0,9,,9,5,13
72,lineup_01,3,1,20260897,1,full_ows,0,1,63,4,2,4,2,0,2,2,2,0,0,2,0,0,4,4,16,10,26,3,3,3,0,2,,,10,2
72,lineup_01,3,1,20260897,2,hybrid_ows,1,1,63,10,8,8,0,2,2,2,5,1,1,4,0,2,8,8,15,22,37,4,4,4,5,23,,7,15,15
72,lineup_01,3,1,20260897,3,road_building,0,1,63,2,2,7,2,0,1,0,0,0,0,5,0,0,2,7,15,14,29,1,3,3,4,4,,,36,8
73,lineup_01,3,2,20260898,0,five_resource,1,1,153,10,8,8,0,3,7,2,0,1,0,2,1,3,11,12,38,29,67,4,5,5,20,33,145,113,13,13
73,lineup_01,3,2,20260898,1,full_ows,0,1,153,8,6,8,0,2,2,2,4,0,1,6,0,2,7,18,38,33,71,1,1,1,0,38,,118,10,14
73,lineup_01,3,2,20260898,2,hybrid_ows,0,1,153,5,4,6,0,2,1,1,0,0,0,4,0,2,1,10,38,17,55,1,1,1,37,79,,7,51,7
73,lineup_01,3,2,20260898,3,road_building,0,1,153,5,5,15,5,0,5,0,0,0,0,13,3,0,6,13,38,35,73,10,12,12,8,8,48,,8,16
74,lineup_01,3,3,20260899,0,five_resource,0,1,146,9,8,15,0,4,1,1,0,0,0,11,2,4,4,5,37,26,63,3,4,4,0,5,109,29,9,33
74,lineup_01,3,3,20260899,1,full_ows,1,1,146,10,6,8,0,2,4,4,10,0,1,4,0,2,17,10,36,33,69,5,5,5,8,10,,130,6,66
74,lineup_01,3,3,20260899,2,hybrid_ows,0,1,146,2,2,15,2,0,0,0,0,0,0,13,0,0,0,4,36,17,53,5,8,8,4,15,,,,11
74,lineup_01,3,3,20260899,3,road_building,0,1,146,9,9,15,5,1,4,0,0,1,0,13,4,1,4,10,36,32,68,7,10,9,29,8,32,140,40,56
75,lineup_01,3,4,20260900,0,five_resource,1,1,89,10,10,9,0,4,3,0,0,1,0,7,2,4,4,13,22,30,52,2,2,2,4,1,53,13,21,5
75,lineup_01,3,4,20260900,1,full_ows,0,1,89,8,4,3,0,2,5,4,3,0,0,1,0,2,10,3,22,16,38,2,4,4,13,62,,10,10,38
75,lineup_01,3,4,20260900,2,hybrid_ows,0,1,89,7,6,4,0,2,1,1,6,0,1,2,0,2,8,5,22,17,39,0,0,0,0,15,,35,3,11
75,lineup_01,3,4,20260900,3,road_building,0,1,89,5,5,10,5,0,2,0,0,0,0,6,3,0,3,4,22,16,38,3,4,4,9,4,72,,12,4
76,lineup_01,3,5,20260901,0,five_resource,0,1,119,7,6,15,0,2,4,1,0,1,0,11,0,2,6,7,30,26,56,1,3,3,11,29,,25,5,17
76,lineup_01,3,5,20260901,1,full_ows,0,1,119,5,5,10,1,2,0,0,4,0,0,6,1,2,6,11,30,26,56,1,3,3,12,2,118,14,34,2
76,lineup_01,3,5,20260901,2,hybrid_ows,1,1,119,10,6,7,0,2,4,4,6,0,1,5,0,2,11,4,29,22,51,2,6,6,10,35,,59,11,27
76,lineup_01,3,5,20260901,3,road_building,0,1,119,2,2,13,2,0,1,0,0,0,0,11,0,0,2,11,29,24,53,3,5,5,5,8,,,36,4
77,lineup_01,3,6,20260902,0,five_resource,0,1,156,6,5,13,3,1,3,1,0,0,0,11,2,1,5,10,39,29,68,1,4,4,12,5,125,105,5,5
77,lineup_01,3,6,20260902,1,full_ows,0,1,156,9,6,8,0,2,3,3,7,0,1,6,0,2,11,6,39,25,64,3,4,4,8,30,,134,6,2
77,lineup_01,3,6,20260902,2,hybrid_ows,0,1,156,6,5,11,1,2,1,1,4,0,0,7,1,2,7,14,39,31,70,5,5,5,0,23,155,119,7,15
77,lineup_01,3,6,20260902,3,road_building,1,1,156,10,10,15,4,2,1,0,0,1,0,11,4,2,2,11,38,30,68,7,8,8,20,4,68,144,28,48
78,lineup_01,3,7,20260903,0,five_resource,0,1,122,7,7,14,5,0,2,0,0,1,0,10,3,0,4,9,31,26,57,4,5,5,13,5,61,,5,9
78,lineup_01,3,7,20260903,1,full_ows,1,1,122,10,7,6,1,2,3,3,5,0,1,4,1,2,10,9,30,26,56,8,9,9,4,74,122,30,2,50
78,lineup_01,3,7,20260903,2,hybrid_ows,0,1,122,5,3,8,1,1,2,2,5,0,0,4,0,1,9,10,30,24,54,3,3,3,12,11,,99,7,3
78,lineup_01,3,7,20260903,3,road_building,0,1,122,4,4,15,4,0,2,0,0,0,0,13,2,0,2,8,30,25,55,5,8,8,13,4,64,,24,60
79,lineup_01,3,8,20260904,0,five_resource,0,1,106,7,6,8,2,2,4,1,0,0,0,6,2,2,6,12,27,28,55,4,7,7,4,25,93,17,13,5
79,lineup_01,3,8,20260904,1,full_ows,1,1,106,10,7,5,1,2,3,3,5,0,1,3,1,2,9,8,26,23,49,3,5,5,0,10,106,82,14,26
79,lineup_01,3,8,20260904,2,hybrid_ows,0,1,106,9,9,11,1,4,0,0,5,0,0,7,3,4,7,12,26,33,59,3,3,3,4,23,59,31,19,11
79,lineup_01,3,8,20260904,3,road_building,0,1,106,8,7,9,3,1,3,1,0,1,0,7,2,1,3,8,26,21,47,3,3,3,10,4,40,104,48,48
80,lineup_01,3,9,20260905,0,five_resource,1,1,157,10,9,11,1,4,5,1,0,0,0,9,3,4,7,12,39,35,74,3,6,6,0,9,57,125,5,29
80,lineup_01,3,9,20260905,1,full_ows,0,1,157,3,2,7,2,0,1,1,3,0,0,3,0,0,6,13,39,22,61,1,4,4,8,26,,,14,6
80,lineup_01,3,9,20260905,2,hybrid_ows,0,1,157,8,7,15,1,2,1,1,4,0,1,11,1,2,7,23,39,44,83,3,6,6,4,19,55,7,35,19
80,lineup_01,3,9,20260905,3,road_building,0,1,157,8,6,15,2,1,5,2,0,1,0,13,1,1,5,10,39,30,69,7,10,10,8,4,140,156,32,32
81,lineup_02,0,0,20260906,0,full_ows,1,1,117,10,10,12,0,4,0,0,8,0,1,6,2,4,13,17,29,42,71,2,4,4,12,33,97,9,1,29
81,lineup_02,0,0,20260906,1,hybrid_ows,0,1,117,6,3,5,3,0,3,3,5,0,0,3,1,0,9,6,29,19,48,2,4,4,8,50,74,,6,14
81,lineup_02,0,0,20260906,2,road_building,0,1,117,5,5,15,3,0,0,0,0,1,0,13,1,0,0,6,29,20,49,0,0,0,0,3,115,,,15
81,lineup_02,0,0,20260906,3,port,0,1,117,5,3,14,3,0,3,2,0,0,0,12,1,0,3,9,29,25,54,2,5,5,0,4,104,,52,4
82,lineup_02,0,1,20260907,0,full_ows,1,1,121,10,6,5,0,2,4,4,7,0,1,3,0,2,14,8,30,27,57,6,8,8,5,45,,29,5,5
82,lineup_02,0,1,20260907,1,hybrid_ows,0,1,121,7,7,12,1,2,0,0,2,1,0,6,1,2,5,11,30,25,55,0,1,1,4,34,114,82,6,2
82,lineup_02,0,1,20260907,2,road_building,0,1,121,4,3,8,3,0,3,1,0,0,0,6,1,0,3,9,30,19,49,0,2,2,14,11,115,,7,11
82,lineup_02,0,1,20260907,3,port,0,1,121,3,3,13,3,0,3,0,0,0,0,11,1,0,3,10,30,25,55,4,5,5,0,4,112,,24,24
83,lineup_02,0,2,20260908,0,full_ows,1,1,133,10,9,14,1,3,1,1,4,0,1,12,2,3,7,19,33,43,76,13,16,16,4,9,73,53,9,21
83,lineup_02,0,2,20260908,1,hybrid_ows,0,1,133,9,5,10,1,2,4,4,3,0,0,6,1,2,8,8,33,25,58,2,2,2,16,6,102,122,10,26
83,lineup_02,0,2,20260908,2,road_building,0,1,133,5,5,13,3,0,4,0,0,1,0,11,1,0,5,4,33,21,54,1,4,4,17,3,55,,3,31
83,lineup_02,0,2,20260908,3,port,0,1,133,6,6,14,4,1,3,0,0,0,0,10,3,1,5,26,33,45,78,5,11,11,5,20,48,132,4,4
84,lineup_02,0,3,20260909,0,full_ows,0,1,118,4,2,10,2,0,2,2,6,0,0,6,0,0,11,12,30,29,59,3,8,8,0,25,,,1,25
84,lineup_02,0,3,20260909,1,hybrid_ows,1,1,118,10,8,6,0,3,2,2,6,0,1,2,1,3,11,5,29,22,51,1,2,2,9,54,110,58,10,62
84,lineup_02,0,3,20260909,2,road_building,0,1,118,6,6,11,4,0,1,0,0,1,0,9,2,0,1,6,29,18,47,2,2,2,4,3,111,,27,7
84,lineup_02,0,3,20260909,3,port,0,1,118,4,3,15,3,0,2,1,0,0,0,13,1,0,2,4,29,20,49,3,6,6,0,4,28,,68,56
85,lineup_02,0,4,20260910,0,full_ows,1,1,97,10,8,9,0,3,2,2,8,0,1,5,1,3,13,15,24,37,61,9,11,11,0,69,89,29,5,5
85,lineup_02,0,4,20260910,1,hybrid_ows,0,1,97,8,5,10,3,1,3,3,4,0,0,8,2,1,9,5,24,25,49,2,6,6,4,10,82,90,6,6
85,lineup_02,0,4,20260910,2,road_building,0,1,97,3,3,15,1,1,0,0,0,0,0,13,0,1,0,4,24,18,42,1,2,2,0,3,,19,,23
85,lineup_02,0,4,20260910,3,port,0,1,97,5,5,10,3,0,2,0,0,1,0,6,1,0,3,12,24,22,46,4,6,6,0,12,84,,28,4
86,lineup_02,0,5,20260911,0,full_ows,1,1,117,10,7,11,1,2,3,3,6,0,1,7,1,2,11,5,29,26,55,7,10,10,9,5,37,93,17,17
86,lineup_02,0,5,20260911,1,hybrid_ows,0,1,117,8,6,9,0,3,2,2,0,0,0,5,1,3,5,10,29,24,53,3,5,5,4,30,86,54,2,14
86,lineup_02,0,5,20260911,2,road_building,0,1,117,7,7,15,5,0,1,0,0,1,0,13,3,0,1,11,29,28,57,2,5,5,0,3,59,,23,19
86,lineup_02,0,5,20260911,3,port,0,1,117,3,3,11,3,0,1,0,0,0,0,9,1,0,2,10,29,22,51,6,6,6,0,4,60,,60,4
87,lineup_02,0,6,20260912,0,full_ows,0,1,110,7,5,3,1,1,2,2,5,0,1,1,0,1,10,11,28,23,51,1,2,2,0,69,,49,9,9
87,lineup_02,0,6,20260912,1,hybrid_ows,1,1,110,10,7,14,1,2,3,3,5,1,0,10,1,2,10,11,27,34,61,2,8,5,0,10,66,94,6,6
87,lineup_02,0,6,20260912,2,road_building,0,1,110,4,4,15,2,1,2,0,0,0,0,11,1,1,3,9,27,25,52,3,4,4,10,3,103,63,11,11
87,lineup_02,0,6,20260912,3,port,0,1,110,4,4,7,0,2,2,0,0,0,0,5,0,2,2,10,27,19,46,1,1,1,4,40,,92,16,8
88,lineup_02,0,7,20260913,0,full_ows,0,1,162,8,6,8,0,3,2,2,5,0,0,6,1,3,8,10,41,28,69,8,10,10,17,61,85,9,37,61
88,lineup_02,0,7,20260913,1,hybrid_ows,1,1,162,10,9,12,3,2,1,1,6,0,1,6,3,2,10,16,40,37,77,6,8,8,11,66,150,102,2,42
88,lineup_02,0,7,20260913,2,road_building,0,1,162,9,9,10,3,2,1,0,0,1,0,8,3,2,1,16,40,30,70,3,3,3,25,3,51,143,79,23
88,lineup_02,0,7,20260913,3,port,0,1,162,8,6,12,0,3,4,2,0,0,0,10,1,3,6,14,40,34,74,2,3,3,31,4,148,72,4,28
89,lineup_02,0,8,20260914,0,full_ows,0,1,94,2,2,10,2,0,0,0,3,0,0,6,0,0,5,1,24,12,36,9,13,13,4,29,,,21,29
89,lineup_02,0,8,20260914,1,hybrid_ows,1,1,94,10,6,10,2,1,4,4,8,0,1,8,1,1,14,3,23,27,50,0,4,4,5,26,70,94,2,22
89,lineup_02,0,8,20260914,2,road_building,0,1,94,6,6,14,2,1,3,0,0,1,0,12,1,1,4,6,23,24,47,1,4,4,8,11,67,39,7,67
89,lineup_02,0,8,20260914,3,port,0,1,94,6,5,15,1,2,1,1,0,0,0,11,1,2,2,6,23,22,45,2,3,3,0,8,92,68,28,8
90,lineup_02,0,9,20260915,0,full_ows,0,1,78,3,2,9,2,0,2,1,4,0,0,5,0,0,7,3,20,15,35,8,8,8,0,9,,,5,21
90,lineup_02,0,9,20260915,1,hybrid_ows,1,1,78,10,7,10,3,0,3,3,4,1,1,8,1,0,8,3,19,20,39,0,0,0,0,6,58,,10,66
90,lineup_02,0,9,20260915,2,road_building,0,1,78,2,2,9,2,0,0,0,0,0,0,7,0,0,0,3,19,10,29,0,0,0,0,15,,,,23
90,lineup_02,0,9,20260915,3,port,0,1,78,2,2,2,2,0,3,0,0,0,0,0,0,0,3,3,19,6,25,0,0,0,8,,,,12,8
91,lineup_02,1,0,20260916,0,hybrid_ows,0,1,156,8,8,9,0,3,0,0,5,0,1,5,1,3,7,10,39,26,65,4,6,6,26,1,5,61,21,29
91,lineup_02,1,0,20260916,1,road_building,0,1,156,9,7,15,5,0,3,2,0,1,0,13,3,0,4,19,39,39,78,15,17,17,19,2,58,,22,18
91,lineup_02,1,0,20260916,2,port,0,1,156,9,9,15,1,4,4,0,0,0,0,13,3,4,5,16,39,41,80,6,9,9,50,3,27,95,7,3
91,lineup_02,1,0,20260916,3,full_ows,1,1,156,10,7,13,1,3,3,3,4,0,0,9,2,3,9,19,38,42,80,6,9,9,4,12,112,100,8,8
92,lineup_02,1,1,20260917,0,hybrid_ows,1,1,81,11,10,13,0,3,2,1,5,1,1,9,1,3,8,13,21,34,55,1,4,4,0,5,9,41,13,29
92,lineup_02,1,1,20260917,1,road_building,0,1,81,2,2,7,2,0,1,0,0,0,0,5,0,0,1,1,20,7,27,3,3,3,4,2,,,34,34
92,lineup_02,1,1,20260917,2,port,0,1,81,7,6,9,2,2,4,1,0,0,0,7,2,2,4,11,20,26,46,3,4,4,4,3,59,35,7,43
92,lineup_02,1,1,20260917,3,full_ows,0,1,81,6,3,6,3,0,4,3,4,0,0,2,1,0,11,6,20,20,40,3,4,4,8,12,72,,4,12
93,lineup_02,1,2,20260918,0,hybrid_ows,0,1,142,8,7,10,1,3,1,1,5,0,0,6,2,3,9,21,36,41,77,6,9,9,6,1,113,81,17,1
93,lineup_02,1,2,20260918,1,road_building,1,1,142,10,10,11,0,4,0,0,0,1,0,7,2,4,1,18,35,32,67,3,5,5,15,2,46,70,22,34
93,lineup_02,1,2,20260918,2,port,0,1,142,5,3,6,3,0,6,2,0,0,0,4,1,0,6,13,35,24,59,3,5,5,4,31,107,,11,11
93,lineup_02,1,2,20260918,3,full_ows,0,1,142,8,6,4,0,2,2,2,5,0,1,2,0,2,9,7,35,20,55,5,9,9,17,108,,84,8,12
94,lineup_02,1,3,20260919,0,hybrid_ows,1,1,97,10,9,10,1,3,1,1,4,1,0,4,2,3,7,6,24,22,46,7,9,9,8,9,65,33,9,45
94,lineup_02,1,3,20260919,1,road_building,0,1,97,4,2,11,2,0,4,2,0,0,0,9,0,0,5,6,24,20,44,4,4,4,8,6,,,6,30
94,lineup_02,1,3,20260919,2,port,0,1,97,3,3,5,1,1,3,0,0,0,0,3,0,1,3,15,24,22,46,3,3,3,0,15,,83,15,3
94,lineup_02,1,3,20260919,3,full_ows,0,1,97,7,5,4,1,1,2,2,5,0,1,2,0,1,10,7,24,20,44,3,4,4,0,8,,84,8,4
95,lineup_02,1,4,20260920,0,hybrid_ows,1,1,105,10,8,10,0,3,2,2,3,1,0,8,1,3,7,6,26,25,51,3,8,8,13,1,25,5,13,9
95,lineup_02,1,4,20260920,1,road_building,0,1,105,3,3,11,3,0,3,0,0,0,0,9,1,0,3,6,26,19,45,1,3,3,0,10,90,,50,22
95,lineup_02,1,4,20260920,2,port,0,1,105,5,5,11,5,0,1,0,0,0,0,9,3,0,1,11,26,24,50,4,6,6,8,3,67,,3,23
95,lineup_02,1,4,20260920,3,full_ows,0,1,105,6,4,5,2,0,3,2,5,0,1,3,0,0,9,7,26,19,45,5,9,9,0,16,,,24,4
96,lineup_02,1,5,20260921,0,hybrid_ows,0,1,140,5,5,15,1,1,0,0,3,1,0,13,0,1,3,7,35,24,59,4,4,4,0,21,,137,57,17
96,lineup_02,1,5,20260921,1,road_building,0,1,140,3,3,15,3,0,1,0,0,0,0,13,1,0,1,4,35,19,54,1,2,2,4,2,130,,30,46
96,lineup_02,1,5,20260921,2,port,0,1,140,6,4,13,4,0,5,2,0,0,0,11,2,0,6,11,35,30,65,3,4,4,8,7,67,,15,15
96,lineup_02,1,5,20260921,3,full_ows,1,1,140,10,7,9,3,1,3,3,7,0,1,3,2,1,15,11,34,32,66,9,14,14,4,56,80,116,12,12
97,lineup_02,1,6,20260922,0,hybrid_ows,1,1,145,10,8,15,0,4,2,2,3,0,0,11,2,4,6,17,36,40,76,4,9,9,14,9,125,17,65,45
97,lineup_02,1,6,20260922,1,road_building,0,1,145,8,8,14,4,1,2,0,0,1,0,10,3,1,4,17,36,35,71,4,6,6,17,2,118,46,62,18
97,lineup_02,1,6,20260922,2,port,0,1,145,5,4,10,4,0,3,1,0,0,0,8,2,0,3,21,36,34,70,4,5,5,0,3,55,,31,3
97,lineup_02,1,6,20260922,3,full_ows,0,1,145,9,7,8,1,2,2,2,7,0,1,6,1,2,12,6,36,27,63,4,6,6,12,36,136,76,12,36
98,lineup_02,1,7,20260923,0,hybrid_ows,0,1,119,9,8,15,0,3,1,1,6,0,1,11,1,3,8,10,30,33,63,4,6,6,4,5,101,69,13,9
98,lineup_02,1,7,20260923,1,road_building,0,1,119,8,8,10,4,1,3,0,0,1,0,8,3,1,4,19,30,35,65,4,6,6,4,2,26,106,22,26
98,lineup_02,1,7,20260923,2,port,1,1,119,10,6,7,0,3,6,4,0,0,0,5,1,3,9,11,29,29,58,3,3,3,0,3,91,107,11,3
98,lineup_02,1,7,20260923,3,full_ows,0,1,119,5,5,11,1,2,0,0,3,0,0,7,1,2,4,9,29,23,52,9,14,13,8,28,92,4,12,56
99,lineup_02,1,8,20260924,0,hybrid_ows,1,1,125,10,8,10,0,4,2,2,6,0,0,8,2,4,10,12,31,36,67,4,9,9,13,25,37,21,1,5
99,lineup_02,1,8,20260924,1,road_building,0,1,125,6,6,15,2,2,0,0,0,0,0,13,2,2,1,7,31,25,56,0,0,0,4,2,102,18,26,102
99,lineup_02,1,8,20260924,2,port,0,1,125,9,8,14,2,2,3,1,0,1,0,12,2,2,4,12,31,32,63,2,4,4,0,11,43,111,23,11
99,lineup_02,1,8,20260924,3,full_ows,0,1,125,7,5,3,1,1,4,2,6,0,1,1,0,1,10,10,31,22,53,5,6,6,9,28,,120,4,24
100,lineup_02,1,9,20260925,0,hybrid_ows,0,1,96,8,6,8,0,2,2,2,8,0,1,4,0,2,13,7,24,26,50,6,6,6,4,53,,49,1,13
100,lineup_02,1,9,20260925,1,road_building,0,1,96,2,2,10,2,0,0,0,0,0,0,8,0,0,0,8,24,16,40,0,2,2,0,2,,,,18
100,lineup_02,1,9,20260925,2,port,0,1,96,8,8,7,0,4,1,0,0,0,0,5,2,4,1,14,24,26,50,4,5,5,8,63,75,31,43,19
100,lineup_02,1,9,20260925,3,full_ows,1,1,96,10,7,8,1,2,3,3,5,1,0,4,1,2,11,12,23,30,53,9,9,9,5,20,96,36,4,20
101,lineup_02,2,0,20260926,0,road_building,0,1,116,5,5,15,3,1,3,0,0,0,0,13,2,1,4,11,29,31,60,4,5,5,0,1,77,109,21,45
101,lineup_02,2,0,20260926,1,port,0,1,116,7,7,15,5,0,1,0,0,1,0,13,3,0,1,19,29,36,65,7,7,7,0,6,18,,34,2
101,lineup_02,2,0,20260926,2,full_ows,0,1,116,9,7,6,1,2,2,2,7,0,1,4,1,2,10,11,29,28,57,4,5,5,0,15,115,87,23,15
101,lineup_02,2,0,20260926,3,hybrid_ows,1,1,116,10,7,15,1,3,3,3,4,0,0,11,2,3,10,14,28,40,68,5,6,6,4,8,64,28,8,28
102,lineup_02,2,1,20260927,0,road_building,0,1,160,7,7,15,5,1,2,0,0,0,0,13,4,1,3,11,40,32,72,3,4,4,8,5,117,133,33,5
102,lineup_02,2,1,20260927,1,port,0,1,160,6,6,12,4,0,2,0,0,1,0,10,2,0,3,20,40,35,75,4,8,8,0,2,118,,14,10
102,lineup_02,2,1,20260927,2,full_ows,0,1,160,8,4,3,0,2,5,4,4,0,0,1,0,2,10,15,40,28,68,5,5,5,13,111,,135,7,7
102,lineup_02,2,1,20260927,3,hybrid_ows,1,1,160,10,9,13,1,3,1,1,6,0,1,9,2,3,9,7,39,30,69,6,11,11,4,4,64,140,8,24
103,lineup_02,2,2,20260928,0,road_building,0,1,92,4,4,12,4,0,1,0,0,0,0,10,2,0,1,6,23,19,42,8,11,11,0,1,73,,33,41
103,lineup_02,2,2,20260928,1,port,0,1,92,5,4,6,2,1,5,1,0,0,0,4,1,1,5,5,23,16,39,2,5,5,0,10,74,90,26,54
103,lineup_02,2,2,20260928,2,full_ows,0,1,92,6,3,2,1,1,3,3,2,0,0,0,0,1,5,1,23,7,30,0,0,0,0,,,91,15,91
103,lineup_02,2,2,20260928,3,hybrid_ows,1,1,92,10,9,15,1,2,1,1,7,1,1,9,1,2,14,5,22,31,53,2,3,3,5,12,92,56,8,44
104,lineup_02,2,3,20260929,0,road_building,0,1,80,2,2,7,2,0,1,0,0,0,0,5,0,0,1,4,20,10,30,0,0,0,0,5,,,33,17
104,lineup_02,2,3,20260929,1,port,0,1,80,3,2,7,2,0,3,1,0,0,0,5,0,0,3,3,20,11,31,2,2,2,0,2,,,10,34
104,lineup_02,2,3,20260929,2,full_ows,0,1,80,4,4,6,2,0,0,0,5,1,0,2,0,0,6,4,20,12,32,0,0,0,4,3,,,7,3
104,lineup_02,2,3,20260929,3,hybrid_ows,1,1,80,10,6,4,0,2,5,4,6,0,1,2,0,2,15,11,20,30,50,0,0,0,8,8,,16,32,8
105,lineup_02,2,4,20260930,0,road_building,0,1,147,5,4,15,4,0,2,1,0,0,0,13,2,0,2,7,37,24,61,6,8,8,0,1,113,,17,17
105,lineup_02,2,4,20260930,1,port,0,1,147,7,6,15,4,0,7,1,0,1,0,11,2,0,9,7,37,29,66,1,1,1,15,14,74,,6,26
105,lineup_02,2,4,20260930,2,full_ows,1,1,147,10,9,6,1,3,1,1,6,0,1,4,2,3,10,20,36,39,75,7,9,9,22,11,115,15,11,7
105,lineup_02,2,4,20260930,3,hybrid_ows,0,1,147,8,6,15,0,3,3,2,1,0,0,13,1,3,4,7,36,28,64,6,7,7,12,8,140,104,8,8
106,lineup_02,2,5,20260931,0,road_building,0,1,131,5,3,12,3,0,6,2,0,0,0,10,1,0,6,7,33,24,57,6,6,6,0,17,105,,9,9
106,lineup_02,2,5,20260931,1,port,0,1,131,8,8,14,4,1,3,0,0,1,0,12,3,1,3,15,33,34,67,5,6,6,0,6,42,122,6,18
106,lineup_02,2,5,20260931,2,full_ows,1,1,131,10,8,9,0,3,3,2,4,0,1,3,1,3,12,15,33,34,67,5,5,5,4,39,115,55,3,15
106,lineup_02,2,5,20260931,3,hybrid_ows,0,1,131,6,5,11,3,1,1,1,3,0,0,9,2,1,4,10,32,26,58,2,5,5,8,8,80,112,32,16
107,lineup_02,2,6,20260932,0,road_building,0,1,104,9,9,9,3,2,4,0,0,1,0,7,3,2,4,17,26,33,59,3,5,5,8,1,53,89,9,53
107,lineup_02,2,6,20260932,1,port,0,1,104,4,4,15,4,0,1,0,0,0,0,11,2,0,3,16,26,32,58,1,1,1,0,2,54,,22,18
107,lineup_02,2,6,20260932,2,full_ows,0,1,104,6,3,8,1,1,3,3,4,0,0,4,0,1,11,4,26,20,46,2,4,4,4,23,,75,3,15
107,lineup_02,2,6,20260932,3,hybrid_ows,1,1,104,10,8,6,0,3,2,2,5,0,1,4,1,3,7,11,25,26,51,10,14,14,7,24,84,4,20,12
108,lineup_02,2,7,20260933,0,road_building,0,1,139,7,7,13,5,0,3,0,0,1,0,11,3,0,3,6,35,23,58,0,1,1,8,5,89,,5,49
108,lineup_02,2,7,20260933,1,port,0,1,139,5,5,11,3,1,3,0,0,0,0,9,2,1,3,29,35,44,79,7,16,16,4,2,82,134,18,2
108,lineup_02,2,7,20260933,2,full_ows,1,1,139,10,6,9,0,3,4,4,3,0,0,3,1,3,11,14,34,32,66,2,7,7,16,15,131,55,27,15
108,lineup_02,2,7,20260933,3,hybrid_ows,0,1,139,6,5,10,3,0,1,1,5,0,1,8,1,0,8,13,34,30,64,3,7,7,8,28,132,,20,16
109,lineup_02,2,8,20260934,0,road_building,0,1,151,5,5,14,5,0,2,0,0,0,0,12,3,0,2,7,38,24,62,6,14,14,0,9,141,,5,5
109,lineup_02,2,8,20260934,1,port,0,1,151,6,4,15,2,0,5,2,0,1,0,13,0,0,5,7,38,25,63,2,2,2,12,46,,,22,34
109,lineup_02,2,8,20260934,2,full_ows,1,1,151,10,8,11,2,2,2,2,5,0,1,5,2,2,12,11,37,32,69,8,9,9,4,51,103,119,11,19
109,lineup_02,2,8,20260934,3,hybrid_ows,0,1,151,7,6,15,0,3,1,1,4,0,0,13,1,3,6,22,37,45,82,1,4,4,4,44,140,40,16,20
110,lineup_02,2,9,20260935,0,road_building,1,1,125,10,7,15,3,2,3,3,0,0,0,11,3,2,5,9,31,30,61,1,3,3,4,9,89,65,9,69
110,lineup_02,2,9,20260935,1,port,0,1,125,6,6,12,2,2,1,0,0,0,0,10,2,2,2,10,31,26,57,2,3,3,0,22,78,102,2,2
110,lineup_02,2,9,20260935,2,full_ows,0,1,125,6,4,7,0,2,2,2,4,0,0,5,0,2,6,12,31,25,56,2,9,8,0,7,,15,63,7
110,lineup_02,2,9,20260935,3,hybrid_ows,0,1,125,9,9,11,3,1,0,0,9,1,1,7,2,1,12,13,31,35,66,6,11,11,13,8,48,124,16,8
111,lineup_02,3,0,20260936,0,port,0,1,160,7,7,15,3,1,3,0,0,1,0,13,2,1,5,24,40,45,85,5,8,8,0,1,57,157,21,45
111,lineup_02,3,0,20260936,1,full_ows,0,1,160,9,5,6,1,1,4,4,6,0,1,4,0,1,12,18,40,35,75,2,3,3,9,50,,158,2,2
111,lineup_02,3,0,20260936,2,hybrid_ows,0,1,160,5,4,10,2,1,1,1,4,0,0,4,1,1,7,10,40,23,63,5,9,9,4,71,131,159,3,31
111,lineup_02,3,0,20260936,3,road_building,1,1,160,10,10,15,2,4,1,0,0,0,0,13,4,4,1,26,39,48,87,1,4,4,9,4,56,140,92,12
112,lineup_02,3,1,20260937,0,port,0,1,96,6,5,15,3,0,3,1,0,1,0,13,1,0,3,13,24,30,54,2,4,4,0,1,61,,69,17
112,lineup_02,3,1,20260937,1,full_ows,0,1,96,6,4,5,2,0,3,2,4,0,1,3,0,0,8,7,24,18,42,1,1,1,0,42,,,2,18
112,lineup_02,3,1,20260937,2,hybrid_ows,0,1,96,4,4,3,0,2,3,0,3,0,0,1,0,2,8,10,24,21,45,0,1,1,8,11,,47,7,15
112,lineup_02,3,1,20260937,3,road_building,1,1,96,10,8,15,4,2,3,2,0,0,0,13,4,2,3,14,23,36,59,2,3,3,0,4,20,72,12,20
113,lineup_02,3,2,20260938,0,port,0,1,106,4,3,9,3,0,6,1,0,0,0,7,1,0,6,6,27,20,47,3,5,5,4,5,57,,5,29
113,lineup_02,3,2,20260938,1,full_ows,1,1,106,10,8,6,0,3,2,2,4,0,1,2,1,3,11,11,26,28,54,4,5,5,4,70,98,62,6,10
113,lineup_02,3,2,20260938,2,hybrid_ows,0,1,106,6,4,11,2,1,2,2,3,0,0,7,1,1,6,5,26,20,46,7,10,10,0,19,75,67,3,15
113,lineup_02,3,2,20260938,3,road_building,0,1,106,7,7,10,1,2,2,0,0,1,0,8,1,2,2,7,26,20,46,2,2,2,13,12,56,88,4,4
114,lineup_02,3,3,20260939,0,port,0,1,140,6,4,4,0,2,6,2,0,0,0,2,0,2,7,12,35,23,58,4,5,5,9,25,,57,9,25
114,lineup_02,3,3,20260939,1,full_ows,0,1,140,4,3,7,1,1,1,1,5,0,0,3,0,1,7,6,35,17,52,4,5,5,0,34,,110,6,34
114,lineup_02,3,3,20260939,2,hybrid_ows,0,1,140,7,6,11,2,1,1,1,5,0,1,9,1,1,8,4,35,23,58,3,5,5,8,7,139,103,15,59
114,lineup_02,3,3,20260939,3,road_building,1,1,140,10,9,11,3,2,2,1,0,1,0,9,3,2,3,19,34,36,70,4,10,10,8,4,72,136,40,12
115,lineup_02,3,4,20260940,0,port,0,1,138,6,6,15,4,0,3,0,0,1,0,11,2,0,4,9,35,26,61,5,6,6,0,5,73,,17,21
115,lineup_02,3,4,20260940,1,full_ows,1,1,138,10,8,9,0,3,2,2,6,0,1,5,1,3,11,10,34,30,64,1,4,4,4,34,62,90,2,14
115,lineup_02,3,4,20260940,2,hybrid_ows,0,1,138,7,4,9,4,0,3,3,2,0,0,7,2,0,7,7,34,23,57,5,7,7,16,15,67,,15,11
115,lineup_02,3,4,20260940,3,road_building,0,1,138,3,3,15,3,0,3,0,0,0,0,13,1,0,3,9,34,26,60,3,5,5,20,4,128,,20,12
116,lineup_02,3,5,20260941,0,port,0,1,126,6,6,13,0,3,4,0,0,0,0,9,1,3,5,18,32,36,68,1,2,2,9,41,109,45,13,9
116,lineup_02,3,5,20260941,1,full_ows,1,1,126,10,7,8,1,2,3,3,5,0,1,6,1,2,11,13,31,33,64,2,3,3,8,54,126,26,10,54
116,lineup_02,3,5,20260941,2,hybrid_ows,0,1,126,6,4,7,2,1,2,2,4,0,0,3,1,1,8,11,31,24,55,4,7,7,8,27,103,119,15,11
116,lineup_02,3,5,20260941,3,road_building,0,1,126,5,5,12,3,0,1,0,0,1,0,10,1,0,1,7,31,19,50,4,6,6,0,4,116,,60,8
117,lineup_02,3,6,20260942,0,port,0,1,123,5,4,14,4,0,3,1,0,0,0,12,2,0,3,8,31,25,56,4,7,7,0,17,21,,37,5
117,lineup_02,3,6,20260942,1,full_ows,0,1,123,5,4,4,0,2,1,1,2,0,0,2,0,2,4,6,31,14,45,2,2,2,8,34,,26,2,26
117,lineup_02,3,6,20260942,2,hybrid_ows,1,1,123,11,8,13,0,2,3,3,5,1,1,7,0,2,12,13,30,34,64,1,2,2,6,19,,95,3,3
117,lineup_02,3,6,20260942,3,road_building,0,1,123,5,5,13,5,0,5,0,0,0,0,11,3,0,6,11,30,31,61,2,3,3,4,4,28,,36,4
118,lineup_02,3,7,20260943,0,port,0,1,94,8,7,14,5,0,4,1,0,1,0,12,3,0,5,6,24,26,50,1,3,3,8,1,29,,33,13
118,lineup_02,3,7,20260943,1,full_ows,1,1,94,10,6,6,0,2,4,4,5,0,1,2,0,2,11,6,23,21,44,2,5,5,0,30,,78,14,14
118,lineup_02,3,7,20260943,2,hybrid_ows,0,1,94,3,3,8,3,0,2,0,4,0,0,6,1,0,7,12,23,26,49,2,5,5,0,3,39,,15,15
118,lineup_02,3,7,20260943,3,road_building,0,1,94,3,3,11,3,0,0,0,0,0,0,9,1,0,0,3,23,13,36,3,4,4,0,4,32,,,16
119,lineup_02,3,8,20260944,0,port,0,1,135,5,4,11,4,0,3,1,0,0,0,9,2,0,3,17,34,31,65,5,6,6,0,1,81,,13,5
119,lineup_02,3,8,20260944,1,full_ows,0,1,135,8,6,11,0,2,2,2,5,0,1,5,0,2,11,10,34,28,62,3,5,5,8,10,,54,2,6
119,lineup_02,3,8,20260944,2,hybrid_ows,1,1,135,10,10,15,0,4,0,0,4,1,0,13,2,4,5,14,33,38,71,7,9,9,13,19,99,11,27,31
119,lineup_02,3,8,20260944,3,road_building,0,1,135,9,7,8,1,3,5,2,0,0,0,6,2,3,6,9,33,26,59,2,3,3,12,24,72,120,12,52
120,lineup_02,3,9,20260945,0,port,0,1,152,6,6,11,0,3,1,0,0,0,0,7,1,3,3,14,38,28,66,2,2,2,12,13,101,85,33,13
120,lineup_02,3,9,20260945,1,full_ows,0,1,152,7,6,9,0,2,1,1,6,0,1,5,0,2,10,19,38,36,74,9,12,12,12,66,,114,6,6
120,lineup_02,3,9,20260945,2,hybrid_ows,0,1,152,8,4,7,0,2,4,4,6,0,0,5,0,2,11,15,38,33,71,3,8,6,12,39,,91,3,39
120,lineup_02,3,9,20260945,3,road_building,1,1,152,10,10,11,2,3,1,0,0,1,0,9,3,3,1,19,37,35,72,5,7,7,9,4,68,104,16,12
121,lineup_03,0,0,20260946,0,full_ows,1,1,137,10,7,5,1,2,3,3,4,0,1,3,1,2,8,9,34,23,57,7,11,11,5,13,137,109,13,33
121,lineup_03,0,0,20260946,1,hybrid_ows,0,1,137,7,5,8,1,2,2,2,3,0,0,4,1,2,8,9,34,24,58,0,4,4,21,10,130,82,2,10
121,lineup_03,0,0,20260946,2,roads_and_cities,0,1,137,3,3,14,1,1,3,0,0,0,0,12,0,1,3,5,34,21,55,3,3,3,5,27,,111,7,55
121,lineup_03,0,0,20260946,3,five_resource,0,1,137,5,5,13,3,0,4,0,0,1,0,9,1,0,6,9,34,25,59,1,7,7,8,8,136,,4,4
122,lineup_03,0,1,20260947,0,full_ows,0,1,95,9,6,5,0,3,3,3,5,0,0,3,1,3,9,16,24,32,56,4,6,6,8,17,77,5,1,13
122,lineup_03,0,1,20260947,1,hybrid_ows,0,1,95,7,6,14,0,2,1,1,7,0,1,10,0,2,12,6,24,30,54,5,5,5,8,2,,26,6,14
122,lineup_03,0,1,20260947,2,roads_and_cities,1,1,95,10,9,15,1,3,1,1,0,1,0,13,2,3,1,11,23,30,53,1,3,3,19,15,51,7,87,11
122,lineup_03,0,1,20260947,3,five_resource,0,1,95,4,4,9,4,0,2,0,0,0,0,5,2,0,3,9,23,19,42,2,4,4,8,4,68,,40,4
123,lineup_03,0,2,20260948,0,full_ows,1,1,81,10,8,11,0,2,2,2,3,1,1,5,0,2,8,10,20,25,45,2,5,4,5,17,,5,9,5
123,lineup_03,0,2,20260948,1,hybrid_ows,0,1,81,3,2,4,2,0,1,1,3,0,0,2,0,0,5,6,20,13,33,0,1,1,4,58,,,22,6
123,lineup_03,0,2,20260948,2,roads_and_cities,0,1,81,4,4,11,2,1,3,0,0,0,0,9,1,1,4,1,20,16,36,5,5,5,0,3,79,55,3,23
123,lineup_03,0,2,20260948,3,five_resource,0,1,81,4,3,5,1,1,5,1,0,0,0,3,0,1,5,5,20,14,34,2,2,2,4,4,,16,36,16
124,lineup_03,0,3,20260949,0,full_ows,0,1,120,4,2,8,2,0,2,2,4,0,0,4,0,0,10,7,30,21,51,0,3,3,16,13,,,5,13
124,lineup_03,0,3,20260949,1,hybrid_ows,0,1,120,9,7,4,1,2,3,2,8,0,1,2,1,2,12,12,30,29,59,1,6,6,12,42,118,22,6,6
124,lineup_03,0,3,20260949,2,roads_and_cities,0,1,120,6,6,8,0,3,0,0,0,0,0,6,1,3,0,9,30,19,49,2,2,2,5,43,111,11,,35
124,lineup_03,0,3,20260949,3,five_resource,1,1,120,10,9,15,5,1,3,1,0,1,0,13,4,1,3,8,29,29,58,1,3,3,6,4,24,116,44,52
125,lineup_03,0,4,20260950,0,full_ows,0,1,98,7,5,6,3,0,2,2,4,0,1,2,1,0,8,7,25,18,43,4,6,6,0,5,97,,13,37
125,lineup_03,0,4,20260950,1,hybrid_ows,1,1,98,10,7,10,5,0,3,3,3,1,0,8,3,0,7,4,24,22,46,3,5,5,12,6,74,,2,6
125,lineup_03,0,4,20260950,2,roads_and_cities,0,1,98,4,4,11,0,2,2,0,0,0,0,7,0,2,4,12,24,25,49,1,1,1,16,31,,19,35,11
125,lineup_03,0,4,20260950,3,five_resource,0,1,98,3,3,8,1,1,5,0,0,0,0,6,0,1,6,5,24,18,42,1,1,1,13,24,,20,4,4
126,lineup_03,0,5,20260951,0,full_ows,1,1,105,10,9,12,1,2,1,1,5,1,1,8,1,2,8,16,26,35,61,6,8,8,0,13,105,81,5,1
126,lineup_03,0,5,20260951,1,hybrid_ows,0,1,105,8,5,6,1,2,3,3,5,0,0,2,1,2,11,14,26,30,56,0,0,0,5,62,102,6,18,10
126,lineup_03,0,5,20260951,2,roads_and_cities,0,1,105,4,4,12,0,2,1,0,0,0,0,10,0,2,2,14,26,28,54,1,1,1,16,3,,19,63,31
126,lineup_03,0,5,20260951,3,five_resource,0,1,105,3,2,12,2,0,4,1,0,0,0,10,0,0,4,4,26,18,44,3,8,8,8,24,,,20,20
127,lineup_03,0,6,20260952,0,full_ows,1,1,101,10,7,6,1,2,3,3,6,0,1,4,1,2,11,9,25,27,52,4,6,6,5,13,101,9,5,17
127,lineup_03,0,6,20260952,1,hybrid_ows,0,1,101,6,4,8,0,2,2,2,5,0,0,4,0,2,9,13,25,28,53,1,1,1,0,38,,26,10,6
127,lineup_03,0,6,20260952,2,roads_and_cities,0,1,101,4,4,15,2,0,1,0,0,1,0,13,0,0,1,2,25,16,41,1,2,2,0,3,,,39,35
127,lineup_03,0,6,20260952,3,five_resource,0,1,101,7,7,10,3,2,2,0,0,0,0,6,3,2,4,12,25,27,52,5,6,6,4,4,48,44,4,20
128,lineup_03,0,7,20260953,0,full_ows,0,1,94,4,3,7,1,1,1,1,3,0,0,3,0,1,6,6,24,16,40,3,3,3,0,9,,65,1,21
128,lineup_03,0,7,20260953,1,hybrid_ows,1,1,94,10,8,7,0,3,2,2,4,0,1,5,1,3,8,8,23,25,48,0,3,3,0,2,62,78,6,22
128,lineup_03,0,7,20260953,2,roads_and_cities,0,1,94,7,7,9,1,2,0,0,0,1,0,7,1,2,0,13,23,23,46,0,2,1,0,15,91,43,,11
128,lineup_03,0,7,20260953,3,five_resource,0,1,94,5,4,11,4,0,2,1,0,0,0,9,2,0,2,6,23,19,42,2,4,4,0,8,64,,8,56
129,lineup_03,0,8,20260954,0,full_ows,0,1,86,6,4,7,2,1,2,2,3,0,0,5,1,1,7,9,22,23,45,5,8,8,0,13,65,73,17,25
129,lineup_03,0,8,20260954,1,hybrid_ows,1,1,86,10,9,9,1,2,1,1,8,1,1,3,1,2,11,5,21,22,43,5,11,11,6,6,70,62,6,70
129,lineup_03,0,8,20260954,2,roads_and_cities,0,1,86,3,3,10,1,1,1,0,0,0,0,8,0,1,1,15,21,25,46,4,5,5,0,15,,11,35,11
129,lineup_03,0,8,20260954,3,five_resource,0,1,86,4,2,8,2,0,4,2,0,0,0,6,0,0,6,5,21,17,38,5,7,7,4,4,,,4,8
130,lineup_03,0,9,20260955,0,full_ows,0,1,119,9,6,9,2,1,3,3,5,0,1,5,1,1,10,7,30,24,54,4,8,8,0,73,113,61,5,5
130,lineup_03,0,9,20260955,1,hybrid_ows,0,1,119,5,4,5,0,2,1,1,5,0,0,1,0,2,9,10,30,22,52,5,7,7,8,30,,82,2,6
130,lineup_03,0,9,20260955,2,roads_and_cities,1,1,119,10,9,13,1,3,2,1,0,1,0,11,2,3,3,16,29,35,64,3,5,5,8,3,31,71,19,15
130,lineup_03,0,9,20260955,3,five_resource,0,1,119,3,3,4,1,1,3,0,0,0,0,2,0,1,3,7,29,13,42,1,1,1,4,56,,92,40,12
131,lineup_03,1,0,20260956,0,hybrid_ows,1,1,109,10,8,11,0,3,2,2,7,0,1,7,1,3,11,9,27,31,58,6,7,7,4,17,105,17,13,33
131,lineup_03,1,0,20260956,1,roads_and_cities,0,1,109,8,8,9,2,2,1,0,0,1,0,7,2,2,3,8,27,22,49,0,0,0,4,18,34,54,2,6
131,lineup_03,1,0,20260956,2,five_resource,0,1,109,4,3,12,3,0,2,1,0,0,0,10,1,0,2,4,27,17,44,3,3,3,12,15,87,,3,19
131,lineup_03,1,0,20260956,3,full_ows,0,1,109,4,2,8,2,0,2,2,5,0,0,4,0,0,9,10,27,23,50,2,3,3,0,40,,,4,16
132,lineup_03,1,1,20260957,0,hybrid_ows,0,1,80,4,4,4,2,0,0,0,5,0,1,2,0,0,6,8,20,16,36,3,5,5,4,29,,,13,13
132,lineup_03,1,1,20260957,1,roads_and_cities,0,1,80,5,2,8,2,0,6,3,0,0,0,6,0,0,6,2,20,14,34,1,2,2,0,6,,,10,54
132,lineup_03,1,1,20260957,2,five_resource,0,1,80,2,2,5,2,0,4,0,0,0,0,3,0,0,4,5,20,12,32,1,2,2,4,27,,,43,27
132,lineup_03,1,1,20260957,3,full_ows,1,1,80,10,8,9,2,2,2,2,3,1,0,5,2,2,9,9,19,27,46,5,5,5,0,4,20,48,8,32
133,lineup_03,1,2,20260958,0,hybrid_ows,0,1,86,7,6,8,2,1,1,1,6,0,1,4,1,1,10,5,22,21,43,3,5,5,0,17,81,49,1,25
133,lineup_03,1,2,20260958,1,roads_and_cities,1,1,86,10,9,12,1,3,2,1,0,1,0,10,2,3,2,5,21,22,43,3,3,3,4,2,70,18,62,34
133,lineup_03,1,2,20260958,2,five_resource,0,1,86,4,4,7,4,0,4,0,0,0,0,5,2,0,5,5,21,17,38,4,4,4,4,19,71,,7,7
133,lineup_03,1,2,20260958,3,full_ows,0,1,86,5,2,6,2,0,3,3,3,0,0,2,0,0,8,6,21,16,37,4,7,7,5,36,,,8,8
134,lineup_03,1,3,20260959,0,hybrid_ows,0,1,122,7,7,13,1,3,0,0,3,0,0,11,2,3,5,14,31,35,66,4,4,4,19,9,101,9,29,5
134,lineup_03,1,3,20260959,1,roads_and_cities,1,1,122,11,11,15,1,4,1,0,0,1,0,13,3,4,1,20,30,41,71,2,3,3,18,18,38,18,74,10
134,lineup_03,1,3,20260959,2,five_resource,0,1,122,4,2,7,2,0,7,2,0,0,0,3,0,0,9,2,30,14,44,3,3,3,18,7,,,3,75
134,lineup_03,1,3,20260959,3,full_ows,0,1,122,9,6,7,0,2,3,3,5,0,1,3,0,2,10,9,30,24,54,1,5,5,8,68,,40,8,24
135,lineup_03,1,4,20260960,0,hybrid_ows,1,1,77,10,6,8,0,3,4,4,4,0,0,6,1,3,10,8,19,28,47,3,5,5,5,9,49,5,9,13
135,lineup_03,1,4,20260960,1,roads_and_cities,0,1,77,8,8,12,0,3,1,0,0,1,0,10,1,3,1,5,19,20,39,4,4,4,0,2,58,10,38,46
135,lineup_03,1,4,20260960,2,five_resource,0,1,77,4,4,13,4,0,1,0,0,0,0,9,2,0,3,6,19,20,39,3,5,5,8,7,27,,3,31
135,lineup_03,1,4,20260960,3,full_ows,0,1,77,6,5,3,1,1,4,1,6,0,1,1,0,1,10,5,19,17,36,2,6,6,4,28,,48,8,20
136,lineup_03,1,5,20260961,0,hybrid_ows,1,1,113,10,8,13,0,3,2,2,4,1,0,11,1,3,8,9,28,32,60,2,4,4,7,1,41,21,13,49
136,lineup_03,1,5,20260961,1,roads_and_cities,0,1,113,5,4,9,4,0,3,1,0,0,0,7,2,0,4,12,28,25,53,3,5,5,0,2,90,,54,2
136,lineup_03,1,5,20260961,2,five_resource,0,1,113,7,6,14,4,1,4,1,0,0,0,12,3,1,4,12,28,32,60,11,11,11,0,7,67,111,31,7
136,lineup_03,1,5,20260961,3,full_ows,0,1,113,9,8,12,0,3,1,1,6,0,1,8,1,3,9,6,28,27,55,4,5,5,0,8,84,100,4,28
137,lineup_03,1,6,20260962,0,hybrid_ows,0,1,126,8,5,14,1,2,3,3,2,0,0,12,1,2,6,2,32,23,55,0,1,1,19,5,121,69,1,93
137,lineup_03,1,6,20260962,1,roads_and_cities,1,1,126,10,9,12,1,4,4,1,0,0,0,8,3,4,6,13,31,34,65,3,6,6,16,18,46,34,6,6
137,lineup_03,1,6,20260962,2,five_resource,0,1,126,7,7,15,5,0,3,0,0,1,0,11,3,0,4,11,31,29,60,3,5,5,8,7,95,,19,15
137,lineup_03,1,6,20260962,3,full_ows,0,1,126,7,6,4,0,2,1,1,6,0,1,2,0,2,9,27,31,40,71,7,9,9,4,16,,24,28,8
138,lineup_03,1,7,20260963,0,hybrid_ows,1,1,145,10,8,10,0,4,2,2,4,0,0,6,2,4,7,13,36,32,68,7,9,9,0,33,129,29,17,9
138,lineup_03,1,7,20260963,1,roads_and_cities,0,1,145,7,6,11,0,3,1,1,0,0,0,9,1,3,2,11,36,26,62,1,2,2,15,18,118,66,10,30
138,lineup_03,1,7,20260963,2,five_resource,0,1,145,9,7,14,5,0,4,2,0,1,0,12,3,0,4,12,36,31,67,6,7,7,9,11,99,,11,7
138,lineup_03,1,7,20260963,3,full_ows,0,1,145,6,6,3,0,2,1,0,8,0,1,1,0,2,12,10,36,25,61,5,6,6,22,140,,88,16,4
139,lineup_03,1,8,20260964,0,hybrid_ows,1,1,141,10,8,11,0,4,2,2,4,0,0,7,2,4,9,16,35,38,73,1,2,2,17,37,93,29,45,17
139,lineup_03,1,8,20260964,1,roads_and_cities,0,1,141,7,6,15,4,0,2,1,0,1,0,13,2,0,2,8,35,25,60,3,4,4,8,2,90,,30,30
139,lineup_03,1,8,20260964,2,five_resource,0,1,141,4,4,14,2,1,1,0,0,0,0,12,1,1,1,9,35,24,59,3,4,4,21,15,127,67,71,35
139,lineup_03,1,8,20260964,3,full_ows,0,1,141,9,7,7,1,2,2,2,8,0,1,3,1,2,13,13,35,32,67,7,7,7,0,88,124,64,4,28
140,lineup_03,1,9,20260965,0,hybrid_ows,0,1,91,9,8,8,0,3,1,1,4,0,1,4,1,3,8,7,23,23,46,1,5,5,15,5,69,41,5,25
140,lineup_03,1,9,20260965,1,roads_and_cities,0,1,91,2,2,14,2,0,4,0,0,0,0,12,0,0,5,3,23,20,43,4,4,4,4,6,,,14,6
140,lineup_03,1,9,20260965,2,five_resource,1,1,91,10,9,15,1,3,3,1,0,1,0,13,2,3,3,7,22,28,50,1,1,1,0,15,55,43,7,47
140,lineup_03,1,9,20260965,3,full_ows,0,1,91,8,5,8,1,2,3,3,4,0,0,4,1,2,9,8,22,24,46,2,5,5,0,36,72,44,4,36
141,lineup_03,2,0,20260966,0,roads_and_cities,1,1,129,10,10,12,0,4,3,0,0,1,0,10,2,4,5,13,32,34,66,9,10,10,0,9,33,85,5,1
141,lineup_03,2,0,20260966,1,five_resource,0,1,129,8,8,15,4,2,2,0,0,0,0,11,4,2,3,10,32,30,62,6,7,7,9,26,66,78,18,2
141,lineup_03,2,0,20260966,2,full_ows,0,1,129,6,5,8,1,1,1,1,7,0,1,6,0,1,9,24,32,40,72,4,4,4,0,23,,47,3,7
141,lineup_03,2,0,20260966,3,hybrid_ows,0,1,129,9,5,6,1,2,4,4,2,0,0,2,1,2,8,12,32,25,57,1,4,4,9,52,128,20,28,28
142,lineup_03,2,1,20260967,0,roads_and_cities,0,1,130,8,8,15,4,1,1,0,0,1,0,13,3,1,1,18,33,36,69,8,10,10,0,1,37,121,45,1
142,lineup_03,2,1,20260967,1,five_resource,1,1,130,10,8,8,0,4,4,2,0,0,0,6,2,4,4,8,32,24,56,2,4,4,9,14,58,54,10,22
142,lineup_03,2,1,20260967,2,full_ows,0,1,130,6,4,3,0,2,4,2,5,0,0,1,0,2,12,6,32,21,53,3,3,3,14,79,,99,7,3
142,lineup_03,2,1,20260967,3,hybrid_ows,0,1,130,9,8,9,0,3,1,1,6,0,1,7,1,3,8,8,32,27,59,3,3,3,8,24,72,72,8,8
143,lineup_03,2,2,20260968,0,roads_and_cities,0,1,83,6,5,7,1,2,6,1,0,0,0,5,1,2,6,1,21,15,36,3,3,3,5,9,73,37,5,57
143,lineup_03,2,2,20260968,1,five_resource,0,1,83,5,3,10,3,0,4,2,0,0,0,8,1,0,4,0,21,13,34,4,5,5,4,2,46,,14,
143,lineup_03,2,2,20260968,2,full_ows,1,1,83,10,9,10,1,2,1,1,4,1,1,4,1,2,10,10,20,27,47,2,4,4,0,23,83,7,3,11
143,lineup_03,2,2,20260968,3,hybrid_ows,0,1,83,4,3,5,3,0,1,1,3,0,0,3,1,0,5,5,20,14,34,5,9,9,0,12,80,,24,16
144,lineup_03,2,3,20260969,0,roads_and_cities,0,1,131,7,7,15,3,1,0,0,0,1,0,13,2,1,0,6,33,22,55,3,11,11,8,1,81,101,,57
144,lineup_03,2,3,20260969,1,five_resource,0,1,131,8,8,15,0,4,3,0,0,0,0,13,2,4,4,10,33,33,66,3,8,8,14,2,62,94,6,58
144,lineup_03,2,3,20260969,2,full_ows,1,1,131,10,7,8,1,2,3,3,8,0,1,4,1,2,14,13,32,34,66,5,8,8,28,19,131,15,11,3
144,lineup_03,2,3,20260969,3,hybrid_ows,0,1,131,7,5,11,3,1,2,2,3,0,0,7,2,1,7,19,32,36,68,2,10,10,4,16,92,76,24,16
145,lineup_03,2,4,20260970,0,roads_and_cities,0,1,111,4,4,11,4,0,3,0,0,0,0,9,2,0,4,7,28,22,50,4,5,5,0,25,41,,9,9
145,lineup_03,2,4,20260970,1,five_resource,0,1,111,6,4,12,2,0,3,2,0,1,0,10,0,0,3,7,28,20,48,2,3,3,0,6,,,2,18
145,lineup_03,2,4,20260970,2,full_ows,1,1,111,10,9,6,1,3,1,1,7,0,1,2,2,3,11,8,27,26,53,4,4,4,4,7,87,47,39,31
145,lineup_03,2,4,20260970,3,hybrid_ows,0,1,111,4,2,5,2,0,2,2,3,0,0,1,0,0,7,6,27,14,41,1,2,2,0,100,,,4,36
146,lineup_03,2,5,20260971,0,roads_and_cities,0,1,102,6,6,12,2,2,1,0,0,0,0,8,2,2,2,11,26,25,51,4,6,6,4,13,81,33,5,5
146,lineup_03,2,5,20260971,1,five_resource,1,1,102,10,10,15,2,3,2,0,0,1,0,13,3,3,3,10,25,32,57,3,5,5,4,2,34,98,10,10
146,lineup_03,2,5,20260971,2,full_ows,0,1,102,9,7,3,1,2,3,2,7,0,1,1,1,2,12,9,25,25,50,0,2,2,4,63,83,27,7,39
146,lineup_03,2,5,20260971,3,hybrid_ows,0,1,102,4,3,9,3,0,1,1,4,0,0,7,1,0,6,8,25,22,47,3,5,5,0,4,28,,52,4
147,lineup_03,2,6,20260972,0,roads_and_cities,1,1,101,10,8,14,4,1,5,2,0,1,0,12,3,1,5,1,25,22,47,5,7,7,8,1,25,101,37,37
147,lineup_03,2,6,20260972,1,five_resource,0,1,101,4,2,11,2,0,9,2,0,0,0,9,0,0,11,3,25,23,48,2,2,2,0,6,,,6,58
147,lineup_03,2,6,20260972,2,full_ows,0,1,101,5,4,6,0,2,1,1,1,0,0,2,0,2,4,13,25,21,46,0,1,1,0,35,,15,7,15
147,lineup_03,2,6,20260972,3,hybrid_ows,0,1,101,4,4,10,2,0,0,0,4,0,1,8,0,0,5,9,25,22,47,5,8,8,0,4,,,12,4
148,lineup_03,2,7,20260973,0,roads_and_cities,0,1,106,6,5,15,5,0,1,1,0,0,0,13,3,0,2,6,27,24,51,7,10,10,0,1,97,,41,9
148,lineup_03,2,7,20260973,1,five_resource,1,1,106,10,9,14,3,2,4,1,0,1,0,10,3,2,5,6,26,26,52,2,3,3,8,14,50,18,26,6
148,lineup_03,2,7,20260973,2,full_ows,0,1,106,4,4,9,0,2,0,0,5,0,0,5,0,2,7,9,26,23,49,5,6,6,0,15,,87,7,15
148,lineup_03,2,7,20260973,3,hybrid_ows,0,1,106,9,6,7,0,2,3,3,6,0,1,5,0,2,11,8,26,26,52,3,6,6,4,52,,52,8,24
149,lineup_03,2,8,20260974,0,roads_and_cities,1,1,109,10,8,15,2,2,3,2,0,1,0,13,2,2,4,6,27,27,54,7,9,9,4,1,41,89,17,29
149,lineup_03,2,8,20260974,1,five_resource,0,1,109,7,6,11,0,3,5,1,0,0,0,9,1,3,5,12,27,30,57,5,6,6,0,10,50,46,10,6
149,lineup_03,2,8,20260974,2,full_ows,0,1,109,3,2,4,2,0,1,1,4,0,0,2,0,0,6,8,27,16,43,2,2,2,4,23,,,15,15
149,lineup_03,2,8,20260974,3,hybrid_ows,0,1,109,6,5,15,3,0,1,1,5,0,1,9,1,0,10,8,27,28,55,6,9,9,0,16,28,,4,28
150,lineup_03,2,9,20260975,0,roads_and_cities,0,1,95,5,4,13,4,0,3,1,0,0,0,11,2,0,3,10,24,26,50,6,7,7,0,1,37,,81,13
150,lineup_03,2,9,20260975,1,five_resource,0,1,95,5,4,10,4,0,3,1,0,0,0,8,2,0,3,8,24,21,45,3,3,3,4,6,62,,22,10
150,lineup_03,2,9,20260975,2,full_ows,1,1,95,10,7,6,1,2,5,3,7,0,1,4,1,2,14,8,23,29,52,3,4,4,0,23,91,43,3,19
150,lineup_03,2,9,20260975,3,hybrid_ows,0,1,95,5,5,9,1,1,0,0,1,1,0,5,0,1,3,5,23,14,37,3,3,3,4,20,,84,40,20
151,lineup_03,3,0,20260976,0,five_resource,0,1,147,9,8,15,4,2,3,1,0,0,0,11,4,2,5,24,37,46,83,8,11,10,8,1,49,33,5,17
151,lineup_03,3,0,20260976,1,full_ows,0,1,147,8,5,11,1,2,3,3,2,0,0,7,1,2,7,13,37,30,67,10,15,15,4,34,106,130,18,18
151,lineup_03,3,0,20260976,2,hybrid_ows,1,1,147,10,9,6,1,3,1,1,8,0,1,4,2,3,11,19,36,39,75,8,9,9,0,19,111,123,15,11
151,lineup_03,3,0,20260976,3,roads_and_cities,0,1,147,8,8,15,2,2,2,0,0,1,0,13,2,2,2,12,36,31,67,6,8,8,13,4,104,68,8,4
152,lineup_03,3,1,20260977,0,five_resource,0,1,107,4,4,12,4,0,1,0,0,0,0,8,2,0,2,8,27,20,47,2,4,4,4,9,29,,9,37
152,lineup_03,3,1,20260977,1,full_ows,0,1,107,8,6,7,0,3,2,2,5,0,0,3,1,3,8,6,27,21,48,2,3,3,9,6,94,14,10,46
152,lineup_03,3,1,20260977,2,hybrid_ows,1,1,107,10,8,5,0,3,2,2,5,0,1,3,1,3,8,19,26,34,60,3,3,3,0,7,103,51,15,3
152,lineup_03,3,1,20260977,3,roads_and_cities,0,1,107,8,7,12,1,2,4,1,0,1,0,10,1,2,7,4,26,24,50,1,2,2,0,4,92,72,32,84
153,lineup_03,3,2,20260978,0,five_resource,0,1,135,7,6,15,4,1,5,1,0,0,0,9,3,1,7,10,34,30,64,1,2,2,9,17,85,133,13,13
153,lineup_03,3,2,20260978,1,full_ows,0,1,135,7,4,8,0,2,3,3,4,0,0,6,0,2,8,11,34,27,61,5,6,6,12,14,,34,6,42
153,lineup_03,3,2,20260978,2,hybrid_ows,1,1,135,10,9,9,1,3,1,1,5,0,1,7,2,3,9,12,33,33,66,3,8,8,0,35,67,75,3,15
153,lineup_03,3,2,20260978,3,roads_and_cities,0,1,135,9,9,15,5,1,1,0,0,1,0,13,4,1,1,15,33,34,67,5,14,14,12,8,36,128,16,16
154,lineup_03,3,3,20260979,0,five_resource,0,1,120,3,3,15,3,0,3,0,0,0,0,13,1,0,3,2,30,19,49,3,5,5,8,1,97,,33,25
154,lineup_03,3,3,20260979,1,full_ows,0,1,120,7,5,9,1,1,2,2,6,0,1,3,0,1,13,7,30,24,54,2,3,3,4,90,,118,14,10
154,lineup_03,3,3,20260979,2,hybrid_ows,0,1,120,4,2,15,2,0,2,2,4,0,0,13,0,0,7,3,30,23,53,1,2,2,5,3,,,7,87
154,lineup_03,3,3,20260979,3,roads_and_cities,1,1,120,10,9,15,1,3,2,1,0,1,0,13,2,3,2,14,29,34,63,4,7,7,0,4,96,8,100,20
155,lineup_03,3,4,20260980,0,five_resource,1,1,117,10,10,15,0,4,1,0,0,1,0,11,2,4,2,16,29,35,64,3,4,4,10,1,33,37,29,13
155,lineup_03,3,4,20260980,1,full_ows,0,1,117,8,5,8,3,0,3,3,7,0,1,4,1,0,12,2,29,19,48,6,6,6,8,46,114,,18,46
155,lineup_03,3,4,20260980,2,hybrid_ows,0,1,117,7,5,8,3,1,2,2,6,0,0,6,2,1,10,9,29,28,57,6,10,10,6,27,59,83,3,15
155,lineup_03,3,4,20260980,3,roads_and_cities,0,1,117,4,4,15,0,2,0,0,0,0,0,13,0,2,1,7,29,23,52,6,7,7,0,36,,4,20,44
156,lineup_03,3,5,20260981,0,five_resource,0,1,116,7,5,10,3,1,4,2,0,0,0,8,2,1,5,5,29,21,50,0,0,0,17,1,69,73,13,37
156,lineup_03,3,5,20260981,1,full_ows,0,1,116,7,6,7,0,2,1,1,7,0,1,5,0,2,9,15,29,31,60,3,5,5,16,18,,14,2,18
156,lineup_03,3,5,20260981,2,hybrid_ows,0,1,116,8,6,13,0,2,4,2,1,1,0,11,0,2,5,4,29,22,51,5,7,7,9,3,,55,35,55
156,lineup_03,3,5,20260981,3,roads_and_cities,1,1,116,10,10,15,2,4,0,0,0,0,0,13,4,4,0,11,28,32,60,5,6,6,9,12,64,8,,24
157,lineup_03,3,6,20260982,0,five_resource,1,1,113,10,8,15,2,2,4,2,0,1,0,13,2,2,4,8,28,29,57,2,6,6,0,13,49,101,13,5
157,lineup_03,3,6,20260982,1,full_ows,0,1,113,7,5,4,1,1,2,2,4,0,1,2,0,1,9,5,28,17,45,4,6,6,0,38,,110,2,14
157,lineup_03,3,6,20260982,2,hybrid_ows,0,1,113,3,2,11,2,0,1,1,4,0,0,7,0,0,6,4,28,17,45,2,3,3,12,19,,,15,31
157,lineup_03,3,6,20260982,3,roads_and_cities,0,1,113,9,9,13,3,3,3,0,0,0,0,9,4,3,5,12,28,33,61,9,12,12,0,4,12,52,20,36
158,lineup_03,3,7,20260983,0,five_resource,1,1,125,10,8,15,2,2,4,2,0,1,0,13,2,2,5,7,31,29,60,4,8,8,9,1,125,29,25,9
158,lineup_03,3,7,20260983,1,full_ows,0,1,125,4,2,5,2,0,2,2,4,0,0,3,0,0,8,16,31,27,58,6,7,7,4,42,,,10,6
158,lineup_03,3,7,20260983,2,hybrid_ows,0,1,125,9,8,13,2,2,1,1,7,0,1,9,2,2,10,5,31,28,59,3,6,5,0,3,123,107,7,23
158,lineup_03,3,7,20260983,3,roads_and_cities,0,1,125,5,5,15,3,1,1,0,0,0,0,11,2,1,2,9,31,25,56,8,11,11,4,8,16,116,4,32
159,lineup_03,3,8,20260984,0,five_resource,0,1,111,3,3,7,3,0,6,0,0,0,0,3,1,0,7,7,28,18,46,1,2,2,8,13,85,,13,13
159,lineup_03,3,8,20260984,1,full_ows,0,1,111,5,3,3,1,1,2,2,3,0,0,1,0,1,7,10,28,19,47,1,4,4,0,94,,98,10,10
159,lineup_03,3,8,20260984,2,hybrid_ows,1,1,111,10,8,12,2,1,2,2,4,1,1,8,1,1,9,9,27,28,55,6,10,10,8,11,39,107,7,7
159,lineup_03,3,8,20260984,3,roads_and_cities,0,1,111,3,2,9,2,0,2,1,0,0,0,7,0,0,2,8,27,17,44,3,3,3,8,4,,,12,4
160,lineup_03,3,9,20260985,0,five_resource,0,1,147,8,5,6,3,1,6,3,0,0,0,4,2,1,6,6,37,19,56,3,3,3,4,17,117,109,25,9
160,lineup_03,3,9,20260985,1,full_ows,0,1,147,9,7,8,1,2,2,2,6,0,1,4,1,2,11,11,37,29,66,6,8,8,21,98,126,82,14,14
160,lineup_03,3,9,20260985,2,hybrid_ows,1,1,147,10,10,12,0,4,1,0,3,1,0,10,2,4,6,13,36,35,71,6,11,11,30,27,107,11,3,39
160,lineup_03,3,9,20260985,3,roads_and_cities,0,1,147,6,6,7,0,3,2,0,0,0,0,5,1,3,2,17,36,28,64,3,4,4,16,16,112,72,32,16
161,lineup_04,0,0,20260986,0,full_ows,0,1,163,9,7,6,1,2,2,2,6,0,1,2,1,2,12,22,41,39,80,4,6,6,5,81,149,73,17,17
161,lineup_04,0,0,20260986,1,hybrid_ows,0,1,163,5,5,5,1,2,0,0,5,0,0,3,1,2,6,13,41,25,66,3,7,7,9,14,158,126,2,10
161,lineup_04,0,0,20260986,2,roads_and_cities,1,1,163,10,8,15,2,3,4,2,0,0,0,13,3,3,4,14,40,37,77,4,13,11,9,7,91,151,15,11
161,lineup_04,0,0,20260986,3,port,0,1,163,8,7,15,5,0,2,1,0,1,0,11,3,0,3,10,40,27,67,5,9,9,12,28,120,,20,8
162,lineup_04,0,1,20260987,0,full_ows,0,1,106,9,8,13,0,4,3,1,1,0,0,9,2,4,7,11,27,33,60,3,4,4,4,5,61,29,77,9
162,lineup_04,0,1,20260987,1,hybrid_ows,1,1,106,10,8,6,0,3,2,2,6,0,1,4,1,3,8,10,26,26,52,2,3,3,14,26,82,38,6,34
162,lineup_04,0,1,20260987,2,roads_and_cities,0,1,106,6,6,15,0,2,1,0,0,1,0,11,0,2,3,4,26,20,46,4,5,5,5,3,,79,35,27
162,lineup_04,0,1,20260987,3,port,0,1,106,5,3,8,3,0,6,2,0,0,0,6,1,0,7,9,26,23,49,3,5,5,12,44,76,,4,4
163,lineup_04,0,2,20260988,0,full_ows,0,1,160,6,5,15,3,1,1,1,5,0,0,9,2,1,8,15,40,35,75,5,8,8,9,5,129,121,17,13
163,lineup_04,0,2,20260988,1,hybrid_ows,0,1,160,8,6,7,0,2,2,2,6,0,1,5,0,2,9,11,40,27,67,4,9,8,8,30,,114,2,30
163,lineup_04,0,2,20260988,2,roads_and_cities,0,1,160,8,8,15,2,2,3,0,0,1,0,13,2,2,3,11,40,31,71,10,12,12,14,15,111,135,15,47
163,lineup_04,0,2,20260988,3,port,1,1,160,10,8,15,4,2,2,2,0,0,0,13,4,2,5,28,39,52,91,8,15,14,0,8,92,140,8,4
164,lineup_04,0,3,20260989,0,full_ows,1,1,81,10,7,8,1,1,3,3,5,1,1,4,0,1,10,2,20,17,37,4,6,6,0,21,,81,1,21
164,lineup_04,0,3,20260989,1,hybrid_ows,0,1,81,6,4,8,0,2,2,2,4,0,0,4,0,2,10,13,20,29,49,0,2,2,11,18,,6,22,14
164,lineup_04,0,3,20260989,2,roads_and_cities,0,1,81,5,5,8,3,1,4,0,0,0,0,6,2,1,4,6,20,19,39,4,4,4,0,3,31,67,7,43
164,lineup_04,0,3,20260989,3,port,0,1,81,2,2,11,2,0,0,0,0,0,0,9,0,0,0,6,20,15,35,4,5,5,0,16,,,,12
165,lineup_04,0,4,20260990,0,full_ows,1,1,153,10,9,15,1,2,1,1,6,1,1,11,1,2,11,14,38,39,77,4,4,4,8,1,153,21,5,13
165,lineup_04,0,4,20260990,1,hybrid_ows,0,1,153,6,4,7,0,2,2,2,4,0,0,3,0,2,7,12,38,24,62,1,3,3,8,2,,126,14,26
165,lineup_04,0,4,20260990,2,roads_and_cities,0,1,153,6,6,15,0,3,0,0,0,0,0,13,1,3,1,19,38,37,75,3,3,3,9,3,107,43,79,7
165,lineup_04,0,4,20260990,3,port,0,1,153,9,7,9,1,3,6,2,0,0,0,7,2,3,6,27,38,45,83,5,10,9,12,8,64,104,28,8
166,lineup_04,0,5,20260991,0,full_ows,0,1,118,8,8,13,0,3,0,0,5,0,1,11,1,3,5,12,30,32,62,5,5,5,8,1,45,9,37,21
166,lineup_04,0,5,20260991,1,hybrid_ows,1,1,118,10,9,15,3,2,1,1,4,1,0,11,3,2,7,13,29,36,65,6,7,7,4,2,110,14,30,30
166,lineup_04,0,5,20260991,2,roads_and_cities,0,1,118,9,8,15,0,4,2,1,0,0,0,13,2,4,4,11,29,34,63,5,5,5,9,7,87,19,87,7
166,lineup_04,0,5,20260991,3,port,0,1,118,5,2,6,2,0,7,3,0,0,0,2,0,0,9,10,29,21,50,3,4,4,8,112,,,8,8
167,lineup_04,0,6,20260992,0,full_ows,0,1,163,8,4,10,0,2,4,4,4,0,0,4,0,2,11,16,41,33,74,4,8,8,9,129,,125,1,5
167,lineup_04,0,6,20260992,1,hybrid_ows,0,1,163,9,8,7,0,3,1,1,6,0,1,5,1,3,8,14,41,31,72,2,3,3,30,74,122,54,2,26
167,lineup_04,0,6,20260992,2,roads_and_cities,1,1,163,10,10,15,2,3,0,0,0,1,0,13,3,3,1,12,40,32,72,8,10,10,8,3,23,83,55,19
167,lineup_04,0,6,20260992,3,port,0,1,163,4,4,11,0,2,4,0,0,0,0,9,0,2,5,15,40,31,71,2,7,7,12,4,,136,20,4
168,lineup_04,0,7,20260993,0,full_ows,0,1,127,7,6,6,4,0,1,1,5,0,1,4,2,0,6,10,32,22,54,3,4,4,4,17,101,,17,17
168,lineup_04,0,7,20260993,1,hybrid_ows,0,1,127,4,3,11,3,0,1,1,5,0,0,7,1,0,11,10,32,29,61,2,6,6,6,10,118,,18,14
168,lineup_04,0,7,20260993,2,roads_and_cities,1,1,127,10,9,13,1,3,4,1,0,1,0,11,2,3,4,7,31,27,58,3,4,4,4,15,63,107,11,11
168,lineup_04,0,7,20260993,3,port,0,1,127,9,7,8,1,3,3,2,0,0,0,4,2,3,4,32,31,45,76,2,6,6,0,28,84,44,16,4
169,lineup_04,0,8,20260994,0,full_ows,1,1,125,10,6,9,0,2,4,4,5,0,1,5,0,2,12,10,31,29,60,3,4,4,0,13,,113,17,9
169,lineup_04,0,8,20260994,1,hybrid_ows,0,1,125,3,2,6,2,0,1,1,3,0,0,4,0,0,4,5,31,13,44,2,4,4,4,10,,,2,26
169,lineup_04,0,8,20260994,2,roads_and_cities,0,1,125,6,6,15,2,2,1,0,0,0,0,13,2,2,2,13,31,32,63,6,8,8,8,11,59,51,11,19
169,lineup_04,0,8,20260994,3,port,0,1,125,5,5,15,3,0,6,0,0,1,0,13,1,0,7,8,31,29,60,4,9,9,16,4,76,,8,12
170,lineup_04,0,9,20260995,0,full_ows,0,1,107,8,6,9,0,2,2,2,5,0,1,5,0,2,10,6,27,23,50,2,5,5,0,25,,37,1,25
170,lineup_04,0,9,20260995,1,hybrid_ows,0,1,107,4,3,9,1,1,1,1,5,0,0,5,0,1,7,5,27,18,45,2,5,5,4,38,,78,2,18
170,lineup_04,0,9,20260995,2,roads_and_cities,1,1,107,11,10,11,0,4,4,1,0,1,0,9,2,4,6,14,26,35,61,4,5,5,4,3,47,31,55,11
170,lineup_04,0,9,20260995,3,port,0,1,107,3,3,8,3,0,1,0,0,0,0,6,1,0,1,10,26,18,44,1,2,2,4,24,88,,104,4
171,lineup_04,1,0,20260996,0,hybrid_ows,0,1,122,8,6,9,0,2,2,2,9,0,1,7,0,2,12,9,31,30,61,3,6,5,18,1,,49,13,13
171,lineup_04,1,0,20260996,1,roads_and_cities,1,1,122,10,10,12,2,3,1,0,0,1,0,10,3,3,1,19,30,36,66,1,4,4,10,6,78,38,10,6
171,lineup_04,1,0,20260996,2,port,0,1,122,7,5,7,1,2,6,2,0,0,0,5,1,2,8,13,30,29,59,4,6,6,26,19,75,27,11,11
171,lineup_04,1,0,20260996,3,full_ows,0,1,122,5,4,10,0,2,1,1,0,0,0,4,0,2,4,4,30,14,44,4,4,4,4,8,,48,36,56
172,lineup_04,1,1,20260997,0,hybrid_ows,0,1,115,8,8,7,0,3,0,0,7,0,1,5,1,3,8,9,29,26,55,0,3,3,4,5,89,53,9,21
172,lineup_04,1,1,20260997,1,roads_and_cities,0,1,115,3,3,13,3,0,0,0,0,0,0,11,1,0,0,11,29,23,52,3,3,3,4,6,82,,,6
172,lineup_04,1,1,20260997,2,port,1,1,115,10,7,15,1,2,7,3,0,1,0,11,1,2,9,7,28,30,58,3,3,3,8,7,115,15,7,19
172,lineup_04,1,1,20260997,3,full_ows,0,1,115,5,3,4,1,1,3,2,3,0,0,2,0,1,8,10,28,21,49,6,7,7,4,48,,112,4,4
173,lineup_04,1,2,20260998,0,hybrid_ows,0,1,82,4,4,11,0,2,0,0,5,0,0,9,0,2,5,5,21,21,42,4,4,4,0,1,,65,9,13
173,lineup_04,1,2,20260998,1,roads_and_cities,1,1,82,10,7,13,1,2,3,3,0,1,0,11,1,2,4,5,20,23,43,2,2,2,0,6,62,42,6,54
173,lineup_04,1,2,20260998,2,port,0,1,82,2,2,11,2,0,2,0,0,0,0,9,0,0,2,8,20,19,39,8,9,9,0,7,,,31,3
173,lineup_04,1,2,20260998,3,full_ows,0,1,82,9,7,6,1,2,4,2,7,0,1,2,1,2,14,11,20,30,50,1,2,2,0,24,80,32,4,8
174,lineup_04,1,3,20260999,0,hybrid_ows,1,1,77,10,7,4,1,2,4,3,5,0,1,2,1,2,9,7,19,21,40,0,2,2,8,5,77,41,9,13
174,lineup_04,1,3,20260999,1,roads_and_cities,0,1,77,2,2,9,2,0,1,0,0,0,0,5,0,0,2,7,19,14,33,2,3,3,0,18,,,38,18
174,lineup_04,1,3,20260999,2,port,0,1,77,6,5,9,3,0,2,1,0,1,0,7,1,0,2,4,19,14,33,1,1,1,0,3,31,,19,15
174,lineup_04,1,3,20260999,3,full_ows,0,1,77,4,4,3,0,2,3,0,4,0,0,1,0,2,9,5,19,17,36,3,3,3,4,8,,40,8,8
175,lineup_04,1,4,20261000,0,hybrid_ows,0,1,96,4,4,9,0,2,0,0,4,0,0,7,0,2,5,8,24,22,46,5,7,7,0,5,,45,13,17
175,lineup_04,1,4,20261000,1,roads_and_cities,0,1,96,7,6,13,2,2,1,1,0,0,0,11,2,2,1,8,24,24,48,3,3,3,8,2,78,54,6,14
175,lineup_04,1,4,20261000,2,port,0,1,96,6,4,5,0,2,4,2,0,0,0,3,0,2,4,10,24,19,43,1,1,1,4,43,,67,23,7
175,lineup_04,1,4,20261000,3,full_ows,1,1,96,10,8,13,0,2,2,2,8,1,1,7,0,2,15,13,23,37,60,3,5,5,0,36,,16,12,8
176,lineup_04,1,5,20261001,0,hybrid_ows,0,1,126,7,5,10,1,2,2,2,3,0,0,6,1,2,9,15,32,33,65,4,10,10,8,5,121,41,1,13
176,lineup_04,1,5,20261001,1,roads_and_cities,1,1,126,10,9,15,1,4,3,1,0,0,0,11,3,4,4,9,31,31,62,2,2,2,13,6,114,38,6,10
176,lineup_04,1,5,20261001,2,port,0,1,126,8,6,15,2,1,5,2,0,1,0,13,1,1,5,18,31,38,69,4,4,4,4,3,71,51,15,11
176,lineup_04,1,5,20261001,3,full_ows,0,1,126,8,8,4,0,3,0,0,6,0,1,2,1,3,7,3,31,16,47,3,5,5,24,8,124,40,4,20
177,lineup_04,1,6,20261002,0,hybrid_ows,1,1,109,10,7,9,1,2,3,3,5,0,1,7,1,2,9,4,27,23,50,1,6,6,5,1,37,49,5,33
177,lineup_04,1,6,20261002,1,roads_and_cities,0,1,109,6,6,8,0,2,1,0,0,1,0,6,0,2,1,5,27,14,41,4,5,5,12,30,,70,30,14
177,lineup_04,1,6,20261002,2,port,0,1,109,5,3,13,3,0,5,2,0,0,0,11,1,0,6,6,27,24,51,9,9,9,0,7,63,,19,15
177,lineup_04,1,6,20261002,3,full_ows,0,1,109,2,2,8,2,0,0,0,5,0,0,2,0,0,9,10,27,21,48,5,6,6,4,44,,,8,8
178,lineup_04,1,7,20261003,0,hybrid_ows,0,1,131,9,7,7,1,2,2,2,7,0,1,5,1,2,9,4,33,21,54,1,4,4,31,1,85,37,13,45
178,lineup_04,1,7,20261003,1,roads_and_cities,0,1,131,5,5,7,1,2,2,0,0,0,0,3,1,2,3,11,33,20,53,2,3,3,10,62,98,106,2,34
178,lineup_04,1,7,20261003,2,port,1,1,131,10,10,15,4,2,1,0,0,1,0,13,4,2,1,11,32,31,63,4,9,9,13,3,15,83,63,31
178,lineup_04,1,7,20261003,3,full_ows,0,1,131,9,6,6,0,3,3,3,4,0,0,2,1,3,12,10,32,28,60,3,6,6,19,100,116,64,4,44
179,lineup_04,1,8,20261004,0,hybrid_ows,1,1,149,10,8,7,0,4,2,2,4,0,0,3,2,4,9,14,37,32,69,6,8,8,10,61,125,53,13,5
179,lineup_04,1,8,20261004,1,roads_and_cities,0,1,149,5,4,14,2,1,5,1,0,0,0,12,1,1,6,17,37,37,74,0,3,3,8,14,138,126,14,14
179,lineup_04,1,8,20261004,2,port,0,1,149,9,8,13,2,2,1,1,0,1,0,11,2,2,1,12,37,28,65,5,7,7,8,3,107,139,75,19
179,lineup_04,1,8,20261004,3,full_ows,0,1,149,7,6,3,0,2,2,1,6,0,1,1,0,2,9,7,37,19,56,1,2,2,4,40,,112,4,40
180,lineup_04,1,9,20261005,0,hybrid_ows,1,1,85,10,9,9,1,2,1,1,6,1,1,7,1,2,9,8,21,27,48,2,5,5,0,5,69,45,9,37
180,lineup_04,1,9,20261005,1,roads_and_cities,0,1,85,4,4,7,0,2,3,0,0,0,0,5,0,2,3,6,21,16,37,3,3,3,4,14,,62,10,6
180,lineup_04,1,9,20261005,2,port,0,1,85,3,3,11,3,0,2,0,0,0,0,9,1,0,3,10,21,23,44,2,4,4,0,7,71,,7,7
180,lineup_04,1,9,20261005,3,full_ows,0,1,85,2,2,9,2,0,0,0,3,0,0,5,0,0,5,6,21,16,37,5,8,8,0,4,,,16,4
181,lineup_04,2,0,20261006,0,roads_and_cities,1,1,97,10,9,15,3,2,2,1,0,1,0,13,3,2,2,7,24,27,51,10,11,11,0,1,37,49,9,53
181,lineup_04,2,0,20261006,1,port,0,1,97,5,5,12,5,0,3,0,0,0,0,8,3,0,7,21,24,39,63,3,4,4,0,10,38,,18,26
181,lineup_04,2,0,20261006,2,full_ows,0,1,97,6,4,6,2,0,2,2,7,0,1,4,0,0,9,5,24,18,42,6,7,7,4,3,,,23,19
181,lineup_04,2,0,20261006,3,hybrid_ows,0,1,97,5,3,4,1,1,3,2,3,0,0,2,0,1,7,1,24,11,35,4,6,6,4,40,,88,16,88
182,lineup_04,2,1,20261007,0,roads_and_cities,0,1,92,3,3,10,3,0,5,0,0,0,0,8,1,0,6,2,23,17,40,4,5,5,0,1,33,,13,13
182,lineup_04,2,1,20261007,1,port,0,1,92,4,4,11,4,0,2,0,0,0,0,9,2,0,2,2,23,15,38,5,7,7,0,2,66,,26,22
182,lineup_04,2,1,20261007,2,full_ows,0,1,92,6,3,5,1,1,3,3,3,0,0,3,0,1,7,6,23,17,40,0,1,1,4,43,,87,11,23
182,lineup_04,2,1,20261007,3,hybrid_ows,1,1,92,10,8,12,0,2,2,2,4,1,1,6,0,2,10,7,23,25,48,3,4,4,4,16,,36,4,4
183,lineup_04,2,2,20261008,0,roads_and_cities,0,1,130,8,8,15,4,2,5,0,0,0,0,13,4,2,7,22,33,48,81,6,9,9,0,1,45,117,33,9
183,lineup_04,2,2,20261008,1,port,1,1,130,10,8,15,4,1,3,2,0,1,0,13,3,1,3,9,32,29,61,4,6,6,10,2,42,86,14,42
183,lineup_04,2,2,20261008,2,full_ows,0,1,130,7,5,11,1,1,2,2,6,0,1,5,0,1,11,7,32,24,56,5,11,11,4,7,,123,23,7
183,lineup_04,2,2,20261008,3,hybrid_ows,0,1,130,9,8,15,0,4,1,1,2,0,0,13,2,4,4,6,32,29,61,5,11,11,11,4,116,28,8,8
184,lineup_04,2,3,20261009,0,roads_and_cities,0,1,86,5,4,15,2,1,3,1,0,0,0,11,1,1,4,4,22,21,43,3,6,6,0,1,29,85,17,9
184,lineup_04,2,3,20261009,1,port,1,1,86,10,9,12,1,3,3,1,0,1,0,8,2,3,5,21,21,39,60,3,3,3,0,14,14,50,6,2
184,lineup_04,2,3,20261009,2,full_ows,0,1,86,3,3,5,1,1,1,0,4,0,0,3,0,1,6,5,21,15,36,1,2,2,4,19,,35,15,7
184,lineup_04,2,3,20261009,3,hybrid_ows,0,1,86,6,4,6,2,0,2,2,4,0,1,4,0,0,8,2,21,14,35,0,0,0,8,4,,,4,60
185,lineup_04,2,4,20261010,0,roads_and_cities,0,1,103,9,9,15,5,1,3,0,0,1,0,13,4,1,3,5,26,26,52,11,15,15,4,5,29,61,13,33
185,lineup_04,2,4,20261010,1,port,0,1,103,7,7,15,5,1,2,0,0,0,0,13,4,1,5,13,26,36,62,5,8,8,4,2,6,86,22,50
185,lineup_04,2,4,20261010,2,full_ows,1,1,103,10,6,10,0,2,4,4,5,0,1,8,0,2,10,11,26,31,57,5,8,8,0,27,,19,27,3
185,lineup_04,2,4,20261010,3,hybrid_ows,0,1,103,5,4,14,0,2,1,1,4,0,0,8,0,2,7,6,25,23,48,4,5,5,4,28,,76,4,28
186,lineup_04,2,5,20261011,0,roads_and_cities,0,1,103,3,3,9,1,1,1,0,0,0,0,7,0,1,2,4,26,14,40,2,3,3,0,21,,81,49,13
186,lineup_04,2,5,20261011,1,port,0,1,103,6,5,10,1,2,2,1,0,0,0,8,1,2,2,18,26,31,57,2,3,3,0,34,54,30,10,10
186,lineup_04,2,5,20261011,2,full_ows,1,1,103,10,6,11,0,2,4,4,4,1,0,7,0,2,10,12,25,31,56,3,5,5,0,19,,79,7,15
186,lineup_04,2,5,20261011,3,hybrid_ows,0,1,103,4,4,10,2,0,0,0,8,0,1,6,0,0,11,5,25,22,47,2,2,2,0,4,,,8,32
187,lineup_04,2,6,20261012,0,roads_and_cities,0,1,90,7,6,15,0,3,1,1,0,0,0,13,1,3,1,15,23,33,56,5,9,9,0,1,5,25,13,25
187,lineup_04,2,6,20261012,1,port,1,1,90,12,12,15,2,4,3,0,0,1,0,13,4,4,4,17,22,42,64,1,1,1,0,6,26,22,6,30
187,lineup_04,2,6,20261012,2,full_ows,0,1,90,6,4,3,0,2,4,2,2,0,0,1,0,2,6,6,22,15,37,3,3,3,4,47,,19,19,7
187,lineup_04,2,6,20261012,3,hybrid_ows,0,1,90,8,6,9,0,2,2,2,7,0,1,5,0,2,13,7,22,27,49,6,8,8,11,8,,56,4,52
188,lineup_04,2,7,20261013,0,roads_and_cities,1,1,117,10,10,15,2,3,2,0,0,1,0,13,3,3,2,8,29,29,58,4,9,9,0,1,45,93,25,73
188,lineup_04,2,7,20261013,1,port,0,1,117,5,4,14,2,1,4,1,0,0,0,8,1,1,7,16,29,33,62,4,6,6,4,22,110,26,6,6
188,lineup_04,2,7,20261013,2,full_ows,0,1,117,6,3,4,3,0,3,3,3,0,0,2,1,0,7,8,29,18,47,4,9,9,0,59,99,,7,7
188,lineup_04,2,7,20261013,3,hybrid_ows,0,1,117,5,4,4,2,0,1,1,6,0,1,2,0,0,9,3,29,14,43,4,9,9,20,60,,,12,8
189,lineup_04,2,8,20261014,0,roads_and_cities,1,1,129,10,8,15,0,3,4,2,0,1,0,13,1,3,5,5,32,27,59,7,8,8,13,1,81,61,21,17
189,lineup_04,2,8,20261014,1,port,0,1,129,7,6,15,4,1,2,1,0,0,0,11,3,1,5,15,32,35,67,6,9,9,9,2,86,10,6,22
189,lineup_04,2,8,20261014,2,full_ows,0,1,129,5,5,10,3,0,0,0,9,0,1,6,1,0,11,13,32,31,63,5,9,9,4,19,111,,7,3
189,lineup_04,2,8,20261014,3,hybrid_ows,0,1,129,6,4,14,4,0,2,2,2,0,0,12,2,0,4,9,32,27,59,5,9,9,4,4,28,,20,32
190,lineup_04,2,9,20261015,0,roads_and_cities,0,1,108,3,2,11,2,0,3,1,0,0,0,7,0,0,4,3,27,14,41,2,4,4,4,5,,,65,33
190,lineup_04,2,9,20261015,1,port,0,1,108,3,3,5,3,0,4,0,0,0,0,3,1,0,5,11,27,20,47,1,1,1,0,2,86,,10,18
190,lineup_04,2,9,20261015,2,full_ows,0,1,108,7,5,8,1,1,2,2,4,0,1,6,0,1,9,7,27,23,50,5,6,6,0,23,,103,19,7
190,lineup_04,2,9,20261015,3,hybrid_ows,1,1,108,10,8,9,2,2,2,2,4,1,0,5,2,2,7,7,26,23,49,5,5,5,4,4,100,80,36,32
191,lineup_04,3,0,20261016,0,port,0,1,70,2,2,7,2,0,1,0,0,0,0,5,0,0,2,9,18,16,34,2,5,5,0,5,,,25,5
191,lineup_04,3,0,20261016,1,full_ows,1,1,70,10,8,7,0,3,2,2,3,0,1,5,1,3,6,9,17,24,41,1,1,1,0,14,34,54,2,10
191,lineup_04,3,0,20261016,2,hybrid_ows,0,1,70,4,3,4,1,1,2,1,2,0,0,2,0,1,4,3,17,10,27,0,1,1,4,7,,35,3,7
191,lineup_04,3,0,20261016,3,roads_and_cities,0,1,70,8,8,10,0,3,0,0,0,1,0,8,1,3,0,10,17,22,39,2,2,2,0,12,28,40,,16
192,lineup_04,3,1,20261017,0,port,0,1,106,4,4,11,4,0,2,0,0,0,0,9,2,0,2,4,27,17,44,5,5,5,4,1,65,,73,73
192,lineup_04,3,1,20261017,1,full_ows,1,1,106,10,6,9,2,1,5,4,6,0,1,3,1,1,15,5,26,25,51,3,3,3,0,6,98,74,6,26
192,lineup_04,3,1,20261017,2,hybrid_ows,0,1,106,5,4,10,0,2,2,1,3,0,0,8,0,2,6,12,26,28,54,1,2,2,17,11,,43,75,19
192,lineup_04,3,1,20261017,3,roads_and_cities,0,1,106,6,6,15,0,2,1,0,0,1,0,13,0,2,1,5,26,21,47,8,8,8,5,12,,36,104,4
193,lineup_04,3,2,20261018,0,port,0,1,170,6,5,13,5,0,7,1,0,0,0,11,3,0,9,20,43,43,86,6,6,6,0,37,93,,5,5
193,lineup_04,3,2,20261018,1,full_ows,1,1,170,10,6,8,0,2,4,4,7,0,1,4,0,2,13,11,42,30,72,1,3,3,9,110,,142,2,18
193,lineup_04,3,2,20261018,2,hybrid_ows,0,1,170,9,9,15,1,4,0,0,0,0,0,13,3,4,1,23,42,44,86,5,7,7,23,3,103,55,91,15
193,lineup_04,3,2,20261018,3,roads_and_cities,0,1,170,8,8,15,0,3,1,0,0,1,0,11,1,3,2,13,42,30,72,4,6,6,32,4,128,44,32,32
194,lineup_04,3,3,20261019,0,port,0,1,140,4,3,8,3,0,4,1,0,0,0,4,1,0,5,17,35,27,62,7,10,10,4,45,109,,5,21
194,lineup_04,3,3,20261019,1,full_ows,0,1,140,6,5,9,1,2,1,1,5,0,0,5,1,2,8,16,35,32,67,8,12,12,19,82,138,46,6,14
194,lineup_04,3,3,20261019,2,hybrid_ows,0,1,140,9,6,5,0,2,3,3,6,0,1,3,0,2,12,13,35,30,65,3,11,11,35,87,,67,7,7
194,lineup_04,3,3,20261019,3,roads_and_cities,1,1,140,10,10,10,0,4,0,0,0,1,0,8,2,4,0,3,34,17,51,3,4,4,17,4,80,80,,44
195,lineup_04,3,4,20261020,0,port,0,1,132,5,4,13,4,0,3,1,0,0,0,11,2,0,3,11,33,27,60,3,3,3,5,1,101,,17,37
195,lineup_04,3,4,20261020,1,full_ows,0,1,132,9,8,6,0,3,1,1,8,0,1,2,1,3,13,9,33,28,61,4,5,5,8,74,118,34,14,18
195,lineup_04,3,4,20261020,2,hybrid_ows,0,1,132,7,4,13,0,2,3,3,4,0,0,9,0,2,9,13,33,33,66,2,2,2,6,19,,27,3,19
195,lineup_04,3,4,20261020,3,roads_and_cities,1,1,132,10,10,15,4,2,0,0,0,1,0,13,4,2,0,10,32,29,61,4,5,5,8,12,68,112,,12
196,lineup_04,3,5,20261021,0,port,0,1,83,5,4,10,4,0,3,1,0,0,0,8,2,0,3,9,21,22,43,2,3,3,0,5,73,,5,1
196,lineup_04,3,5,20261021,1,full_ows,0,1,83,6,4,9,0,2,2,2,0,0,0,7,0,2,5,10,21,24,45,2,5,5,0,10,,6,2,6
196,lineup_04,3,5,20261021,2,hybrid_ows,1,1,83,10,10,13,0,3,1,0,6,1,1,9,1,3,8,6,20,27,47,6,6,6,0,7,79,15,19,39
196,lineup_04,3,5,20261021,3,roads_and_cities,0,1,83,4,2,3,2,0,8,2,0,0,0,1,0,0,9,7,20,17,37,2,4,4,0,48,,,20,4
197,lineup_04,3,6,20261022,0,port,0,1,128,3,2,7,2,0,3,1,0,0,0,5,0,0,4,7,32,16,48,2,3,3,4,45,,,17,45
197,lineup_04,3,6,20261022,1,full_ows,0,1,128,4,3,2,1,1,3,1,4,0,0,0,0,1,7,5,32,13,45,4,4,4,0,,,126,2,26
197,lineup_04,3,6,20261022,2,hybrid_ows,0,1,128,6,5,7,1,1,1,1,7,0,1,5,0,1,10,14,32,30,62,1,1,1,4,27,,51,7,23
197,lineup_04,3,6,20261022,3,roads_and_cities,1,1,128,10,8,14,4,1,3,2,0,1,0,12,3,1,4,13,31,33,64,4,5,5,0,16,64,128,8,8
198,lineup_04,3,7,20261023,0,port,0,1,124,3,3,13,3,0,5,0,0,0,0,7,1,0,8,11,31,27,58,4,5,5,0,37,89,,5,1
198,lineup_04,3,7,20261023,1,full_ows,0,1,124,9,5,6,1,2,4,4,2,0,0,4,1,2,8,11,31,26,57,4,4,4,6,54,106,86,2,10
198,lineup_04,3,7,20261023,2,hybrid_ows,0,1,124,7,6,9,0,2,1,1,7,0,1,7,0,2,9,12,31,30,61,3,6,6,0,23,,83,31,7
198,lineup_04,3,7,20261023,3,roads_and_cities,1,1,124,10,10,14,2,3,0,0,0,1,0,12,3,3,0,7,30,25,55,4,4,4,0,8,52,104,,4
199,lineup_04,3,8,20261024,0,port,0,1,108,8,6,15,2,1,5,2,0,1,0,11,1,1,6,6,27,25,52,3,7,7,4,1,33,89,25,13
199,lineup_04,3,8,20261024,1,full_ows,0,1,108,8,6,8,0,2,2,2,6,0,1,6,0,2,11,10,27,29,56,3,4,4,6,34,,22,6,14
199,lineup_04,3,8,20261024,2,hybrid_ows,0,1,108,5,4,4,0,2,1,1,5,0,0,2,0,2,6,6,27,16,43,4,5,5,14,23,,11,47,11
199,lineup_04,3,8,20261024,3,roads_and_cities,1,1,108,10,10,15,2,4,0,0,0,0,0,11,4,4,2,21,26,42,68,6,10,10,4,24,24,84,16,4
200,lineup_04,3,9,20261025,0,port,0,1,78,4,3,9,3,0,5,1,0,0,0,7,1,0,6,4,20,18,38,2,3,3,0,21,69,,5,5
200,lineup_04,3,9,20261025,1,full_ows,1,1,78,10,6,3,0,2,7,4,3,0,1,1,0,2,11,6,19,20,39,3,3,3,4,18,,22,2,18
200,lineup_04,3,9,20261025,2,hybrid_ows,0,1,78,3,3,6,1,1,0,0,2,0,0,4,0,1,4,10,19,19,38,2,3,3,0,15,,19,39,15
200,lineup_04,3,9,20261025,3,roads_and_cities,0,1,78,8,8,13,0,3,0,0,0,1,0,11,1,3,0,12,19,27,46,1,6,6,0,4,40,44,,48
201,lineup_05,0,0,20261026,0,full_ows,0,1,102,5,2,9,2,0,3,3,5,0,0,7,0,0,8,2,26,17,43,9,10,10,8,17,,,1,61
201,lineup_05,0,0,20261026,1,hybrid_ows,1,1,102,10,8,10,0,3,2,2,5,0,1,4,1,3,13,7,25,28,53,3,3,3,0,30,94,26,6,34
201,lineup_05,0,0,20261026,2,five_resource,0,1,102,8,8,12,4,1,2,0,0,1,0,10,3,1,2,8,25,24,49,3,6,6,0,3,27,99,19,35
201,lineup_05,0,0,20261026,3,port,0,1,102,2,2,4,2,0,2,0,0,0,0,2,0,0,2,4,25,8,33,0,0,0,20,20,,,48,24
202,lineup_05,0,1,20261027,0,full_ows,1,1,105,10,6,13,0,2,4,4,2,1,0,7,0,2,9,11,26,29,55,4,4,4,0,21,,21,25,5
202,lineup_05,0,1,20261027,1,hybrid_ows,0,1,105,8,8,7,0,3,0,0,5,0,1,5,1,3,7,14,26,30,56,3,5,4,0,10,26,50,6,34
202,lineup_05,0,1,20261027,2,five_resource,0,1,105,5,5,10,3,1,5,0,0,0,0,8,2,1,6,8,26,25,51,3,5,5,0,7,55,95,11,15
202,lineup_05,0,1,20261027,3,port,0,1,105,3,2,12,2,0,3,1,0,0,0,10,0,0,3,8,26,21,47,2,3,3,0,8,,,24,4
203,lineup_05,0,2,20261028,0,full_ows,0,1,118,7,7,9,1,2,0,0,4,0,1,3,1,2,7,6,30,19,49,5,7,7,0,45,105,17,1,69
203,lineup_05,0,2,20261028,1,hybrid_ows,1,1,118,10,7,11,3,1,3,3,4,1,0,9,2,1,8,14,29,34,63,6,9,9,0,2,78,114,2,18
203,lineup_05,0,2,20261028,2,five_resource,0,1,118,6,4,5,2,1,2,2,0,0,0,3,1,1,3,7,29,15,44,1,1,1,12,7,99,75,15,39
203,lineup_05,0,2,20261028,3,port,0,1,118,4,4,7,0,2,6,0,0,0,0,5,0,2,7,18,29,32,61,1,2,2,0,48,,84,12,12
204,lineup_05,0,3,20261029,0,full_ows,1,1,73,10,6,3,0,2,5,4,6,0,1,1,0,2,11,9,18,23,41,1,2,2,0,37,,21,5,1
204,lineup_05,0,3,20261029,1,hybrid_ows,0,1,73,4,4,11,0,2,0,0,4,0,0,9,0,2,5,10,18,26,44,1,3,2,0,14,,6,2,10
204,lineup_05,0,3,20261029,2,five_resource,0,1,73,6,6,10,4,0,2,0,0,1,0,6,2,0,5,3,18,16,34,1,2,2,0,3,47,,11,59
204,lineup_05,0,3,20261029,3,port,0,1,73,6,6,15,4,1,0,0,0,0,0,13,3,1,1,7,18,25,43,3,5,5,0,12,60,52,56,12
205,lineup_05,0,4,20261030,0,full_ows,0,1,98,5,4,8,0,2,1,1,1,0,0,6,0,2,2,12,25,22,47,1,2,2,0,37,,9,61,25
205,lineup_05,0,4,20261030,1,hybrid_ows,1,1,98,10,6,9,0,2,4,4,6,0,1,5,0,2,13,6,24,26,50,0,0,0,8,26,,6,14,6
205,lineup_05,0,4,20261030,2,five_resource,0,1,98,5,5,12,3,0,5,0,0,1,0,10,1,0,6,5,24,22,46,1,2,2,8,11,91,,15,11
205,lineup_05,0,4,20261030,3,port,0,1,98,4,4,5,0,2,0,0,0,0,0,3,0,2,0,8,24,13,37,0,0,0,12,16,,64,,20
206,lineup_05,0,5,20261031,0,full_ows,0,1,154,7,6,7,2,1,1,1,6,0,1,5,1,1,10,11,39,28,67,1,8,8,4,9,149,57,1,17
206,lineup_05,0,5,20261031,1,hybrid_ows,1,1,154,10,7,15,1,2,3,3,5,1,0,11,1,2,9,4,38,27,65,4,7,6,9,2,142,134,10,70
206,lineup_05,0,5,20261031,2,five_resource,0,1,154,4,4,12,4,0,3,0,0,0,0,8,2,0,5,13,38,28,66,3,5,5,11,27,87,,11,3
206,lineup_05,0,5,20261031,3,port,0,1,154,7,6,15,4,1,1,1,0,0,0,13,3,1,1,26,38,44,82,3,6,6,5,12,56,144,104,24
207,lineup_05,0,6,20261032,0,full_ows,0,1,74,2,2,8,2,0,0,0,4,0,0,4,0,0,6,4,19,14,33,6,10,10,0,17,,,25,17
207,lineup_05,0,6,20261032,1,hybrid_ows,1,1,74,10,8,11,0,2,3,2,5,1,1,7,0,2,10,13,18,32,50,0,0,0,4,22,,10,26,10
207,lineup_05,0,6,20261032,2,five_resource,0,1,74,4,3,8,3,0,3,1,0,0,0,6,1,0,3,3,18,13,31,1,1,1,0,19,59,,3,19
207,lineup_05,0,6,20261032,3,port,0,1,74,2,2,3,2,0,2,0,0,0,0,1,0,0,3,5,18,9,27,1,1,1,4,40,,,4,4
208,lineup_05,0,7,20261033,0,full_ows,0,1,140,6,5,6,1,1,1,1,6,0,1,4,0,1,7,8,35,20,55,2,5,5,4,17,,117,1,17
208,lineup_05,0,7,20261033,1,hybrid_ows,0,1,140,7,6,7,2,2,1,1,0,0,0,3,2,2,3,10,35,20,55,0,3,3,12,2,126,46,34,2
208,lineup_05,0,7,20261033,2,five_resource,0,1,140,7,5,6,1,2,7,2,0,0,0,2,1,2,10,22,35,37,72,0,0,0,4,23,87,39,7,19
208,lineup_05,0,7,20261033,3,port,1,1,140,10,9,15,5,1,4,1,0,1,0,13,4,1,5,11,34,34,68,5,7,7,21,4,20,128,40,4
209,lineup_05,0,8,20261034,0,full_ows,1,1,145,10,7,6,1,2,3,3,8,0,1,4,1,2,14,13,36,34,70,5,10,9,0,49,145,37,5,45
209,lineup_05,0,8,20261034,1,hybrid_ows,0,1,145,6,6,11,0,3,0,0,3,0,0,9,1,3,4,19,36,36,72,2,4,4,0,54,114,62,42,30
209,lineup_05,0,8,20261034,2,five_resource,0,1,145,7,6,12,4,0,3,1,0,1,0,10,2,0,3,11,36,26,62,3,5,5,8,3,131,,63,11
209,lineup_05,0,8,20261034,3,port,0,1,145,5,4,15,4,0,2,1,0,0,0,9,2,0,4,12,36,27,63,4,12,12,8,16,72,,4,48
210,lineup_05,0,9,20261035,0,full_ows,0,1,115,9,6,7,0,2,3,3,5,0,1,3,0,2,10,13,29,28,57,7,9,9,0,17,,37,13,37
210,lineup_05,0,9,20261035,1,hybrid_ows,0,1,115,3,3,8,1,1,0,0,5,0,0,6,0,1,7,5,29,19,48,4,7,7,0,10,,102,18,18
210,lineup_05,0,9,20261035,2,five_resource,1,1,115,10,9,13,1,3,4,1,0,1,0,9,2,3,6,9,28,29,57,2,4,4,4,35,35,107,3,3
210,lineup_05,0,9,20261035,3,port,0,1,115,5,4,14,4,0,2,1,0,0,0,12,2,0,2,8,28,24,52,1,1,1,0,16,108,,24,8
211,lineup_05,1,0,20261036,0,hybrid_ows,1,1,81,10,7,9,3,0,3,3,3,1,1,3,1,0,9,6,20,19,39,0,0,0,0,13,81,,9,5
211,lineup_05,1,0,20261036,1,five_resource,0,1,81,2,2,10,2,0,2,0,0,0,0,8,0,0,3,5,20,16,36,1,1,1,0,14,,,10,10
211,lineup_05,1,0,20261036,2,port,0,1,81,4,4,8,4,0,3,0,0,0,0,6,2,0,3,4,20,15,35,3,4,4,0,3,39,,3,23
211,lineup_05,1,0,20261036,3,full_ows,0,1,81,4,2,9,2,0,2,2,2,0,0,7,0,0,5,7,20,19,39,5,5,5,0,12,,,20,12
212,lineup_05,1,1,20261037,0,hybrid_ows,0,1,136,9,7,6,3,1,2,2,5,0,1,2,2,1,10,6,34,21,55,3,6,6,0,5,117,89,17,17
212,lineup_05,1,1,20261037,1,five_resource,0,1,136,4,4,15,4,0,1,0,0,0,0,13,2,0,1,10,34,26,60,5,5,5,13,2,86,,62,42
212,lineup_05,1,1,20261037,2,port,0,1,136,5,3,4,1,1,7,2,0,0,0,2,0,1,9,22,34,34,68,4,5,5,9,35,,111,7,3
212,lineup_05,1,1,20261037,3,full_ows,1,1,136,10,9,15,1,3,1,1,4,1,0,13,2,3,5,20,33,43,76,8,10,10,4,20,104,68,4,24
213,lineup_05,1,2,20261038,0,hybrid_ows,0,1,96,2,2,9,2,0,0,0,2,0,0,5,0,0,5,7,24,17,41,2,4,4,0,1,,,9,9
213,lineup_05,1,2,20261038,1,five_resource,0,1,96,4,4,9,2,0,1,0,0,1,0,7,0,0,1,5,24,13,37,1,1,1,4,2,,,34,18
213,lineup_05,1,2,20261038,2,port,0,1,96,3,3,9,3,0,1,0,0,0,0,7,1,0,1,15,24,24,48,1,1,1,0,3,87,,71,3
213,lineup_05,1,2,20261038,3,full_ows,1,1,96,10,6,7,2,1,4,4,6,0,1,3,1,1,12,4,23,21,44,2,3,3,0,44,76,96,4,24
214,lineup_05,1,3,20261039,0,hybrid_ows,1,1,133,10,10,13,0,4,0,0,3,0,1,7,2,4,7,16,33,36,69,5,8,8,9,37,109,29,1,9
214,lineup_05,1,3,20261039,1,five_resource,0,1,133,8,7,15,5,0,2,1,0,1,0,13,3,0,3,15,33,34,67,1,4,4,9,2,26,,18,50
214,lineup_05,1,3,20261039,2,port,0,1,133,6,5,3,1,2,10,1,0,0,0,1,1,2,11,29,33,44,77,1,1,1,35,119,127,23,7,3
214,lineup_05,1,3,20261039,3,full_ows,0,1,133,7,4,4,0,2,3,3,1,0,0,2,0,2,4,9,33,17,50,0,5,5,14,112,,40,8,8
215,lineup_05,1,4,20261040,0,hybrid_ows,1,1,97,10,8,7,0,3,3,2,4,0,1,5,1,3,8,9,24,26,50,1,4,4,0,1,65,33,25,25
215,lineup_05,1,4,20261040,1,five_resource,0,1,97,4,4,9,2,1,0,0,0,0,0,7,1,1,0,6,24,15,39,2,2,2,0,2,66,50,,22
215,lineup_05,1,4,20261040,2,port,0,1,97,4,4,10,2,0,6,0,0,1,0,6,0,0,7,5,24,18,42,6,6,6,12,15,,,15,11
215,lineup_05,1,4,20261040,3,full_ows,0,1,97,7,4,6,0,2,3,3,3,0,0,4,0,2,9,7,24,22,46,2,2,2,13,8,,60,4,20
216,lineup_05,1,5,20261041,0,hybrid_ows,0,1,60,3,2,7,2,0,1,1,3,0,0,5,0,0,5,3,15,13,28,0,1,1,0,1,,,17,21
216,lineup_05,1,5,20261041,1,five_resource,0,1,60,4,3,7,3,0,2,1,0,0,0,3,1,0,3,2,15,9,24,0,1,1,0,2,58,,14,14
216,lineup_05,1,5,20261041,2,port,0,1,60,5,4,6,0,2,1,1,0,0,0,4,0,2,2,3,15,11,26,0,0,0,0,3,,27,7,3
216,lineup_05,1,5,20261041,3,full_ows,1,1,60,10,8,7,0,2,3,2,4,1,1,3,0,2,9,3,14,17,31,3,5,5,0,20,,24,4,20
217,lineup_05,1,6,20261042,0,hybrid_ows,0,1,138,8,6,15,0,3,2,2,4,0,0,13,1,3,8,12,35,37,72,4,7,7,13,5,133,45,17,5
217,lineup_05,1,6,20261042,1,five_resource,1,1,138,10,9,12,5,1,2,1,0,1,0,10,4,1,3,11,34,29,63,3,4,4,8,2,94,138,30,30
217,lineup_05,1,6,20261042,2,port,0,1,138,3,2,12,2,0,4,1,0,0,0,10,0,0,4,9,34,23,57,5,5,5,4,39,,,63,39
217,lineup_05,1,6,20261042,3,full_ows,0,1,138,8,7,8,1,2,1,1,6,0,1,2,1,2,10,12,34,27,61,2,4,4,8,36,136,76,8,8
218,lineup_05,1,7,20261043,0,hybrid_ows,1,1,105,10,9,8,1,3,1,1,5,0,1,6,2,3,8,7,26,26,52,4,6,6,0,5,89,25,9,5
218,lineup_05,1,7,20261043,1,five_resource,0,1,105,3,3,9,3,0,4,0,0,0,0,7,1,0,4,5,26,17,43,3,4,4,0,2,74,,50,10
218,lineup_05,1,7,20261043,2,port,0,1,105,7,6,11,4,0,3,1,0,1,0,9,2,0,3,9,26,23,49,2,2,2,0,3,39,,7,39
218,lineup_05,1,7,20261043,3,full_ows,0,1,105,6,3,9,3,0,3,3,3,0,0,3,1,0,10,5,26,19,45,4,7,7,4,4,100,,8,8
219,lineup_05,1,8,20261044,0,hybrid_ows,0,1,118,9,7,13,1,2,5,2,5,0,1,9,1,2,15,13,30,40,70,4,8,8,0,9,117,65,13,9
219,lineup_05,1,8,20261044,1,five_resource,1,1,118,10,10,15,2,4,2,0,0,0,0,13,4,4,2,13,29,36,65,6,7,7,9,6,38,98,2,22
219,lineup_05,1,8,20261044,2,port,0,1,118,9,9,15,5,1,1,0,0,1,0,13,4,1,1,12,29,31,60,2,3,3,13,3,27,83,111,39
219,lineup_05,1,8,20261044,3,full_ows,0,1,118,6,3,4,1,1,3,3,4,0,0,2,0,1,7,8,29,18,47,1,6,6,4,32,,92,8,28
220,lineup_05,1,9,20261045,0,hybrid_ows,0,1,112,8,7,10,1,2,1,1,2,1,0,6,1,2,4,16,28,29,57,3,4,4,0,5,109,61,1,5
220,lineup_05,1,9,20261045,1,five_resource,0,1,112,7,5,8,1,2,2,2,0,0,0,6,1,2,2,8,28,19,47,2,3,3,0,6,74,50,14,10
220,lineup_05,1,9,20261045,2,port,0,1,112,3,3,4,1,1,3,0,0,0,0,2,0,1,5,11,28,19,47,0,0,0,17,11,,67,15,11
220,lineup_05,1,9,20261045,3,full_ows,1,1,112,10,8,8,0,3,2,2,9,0,1,4,1,3,14,14,27,36,63,2,2,2,4,56,96,24,4,8
221,lineup_05,2,0,20261046,0,five_resource,0,1,124,8,7,15,5,1,2,1,0,0,0,13,4,1,2,9,31,29,60,7,7,7,9,1,73,65,45,29
221,lineup_05,2,0,20261046,1,port,0,1,124,7,7,10,1,3,2,0,0,0,0,8,2,3,3,27,31,43,74,1,1,1,4,14,46,14,10,22
221,lineup_05,2,0,20261046,2,full_ows,0,1,124,4,3,10,1,1,1,1,4,0,0,6,0,1,8,12,31,27,58,4,4,4,0,43,,91,31,11
221,lineup_05,2,0,20261046,3,hybrid_ows,1,1,124,10,7,13,3,0,3,3,8,1,1,11,1,0,12,2,30,26,56,7,12,12,8,8,124,,4,20
222,lineup_05,2,1,20261047,0,five_resource,1,1,149,10,8,15,2,3,4,2,0,0,0,13,3,3,4,14,37,37,74,4,6,6,8,1,105,141,17,17
222,lineup_05,2,1,20261047,1,port,0,1,149,5,5,13,5,0,1,0,0,0,0,9,3,0,2,13,37,27,64,5,6,6,12,2,82,,22,34
222,lineup_05,2,1,20261047,2,full_ows,0,1,149,7,5,4,1,1,2,2,7,0,1,2,0,1,11,10,37,24,61,5,11,11,4,47,,135,7,35
222,lineup_05,2,1,20261047,3,hybrid_ows,0,1,149,9,8,15,0,3,2,1,4,1,0,13,1,3,8,13,37,38,75,9,11,11,34,4,100,48,4,20
223,lineup_05,2,2,20261048,0,five_resource,1,1,93,10,9,12,1,3,4,1,0,1,0,10,2,3,5,6,23,26,49,3,3,3,4,1,69,29,1,41
223,lineup_05,2,2,20261048,1,port,0,1,93,2,2,11,2,0,2,0,0,0,0,9,0,0,3,3,23,15,38,2,3,3,4,6,,,6,46
223,lineup_05,2,2,20261048,2,full_ows,0,1,93,6,6,5,0,2,0,0,3,0,1,3,0,2,3,7,23,15,38,2,3,3,0,27,,35,27,11
223,lineup_05,2,2,20261048,3,hybrid_ows,0,1,93,6,3,10,3,0,3,3,2,0,0,8,1,0,5,6,23,20,43,7,8,8,4,4,52,,4,24
224,lineup_05,2,3,20261049,0,five_resource,0,1,104,4,3,13,3,0,3,1,0,0,0,11,1,0,4,7,26,23,49,2,3,3,4,1,89,,33,9
224,lineup_05,2,3,20261049,1,port,0,1,104,3,3,5,3,0,3,0,0,0,0,3,1,0,3,13,26,20,46,2,2,2,0,18,50,,6,6
224,lineup_05,2,3,20261049,2,full_ows,0,1,104,7,7,6,1,2,0,0,5,0,1,4,1,2,7,15,26,29,55,1,3,3,0,55,99,51,23,7
224,lineup_05,2,3,20261049,3,hybrid_ows,1,1,104,10,6,12,0,2,4,4,4,1,0,6,0,2,11,11,25,30,55,2,4,4,0,8,,16,8,40
225,lineup_05,2,4,20261050,0,five_resource,0,1,142,5,5,15,5,0,2,0,0,0,0,13,3,0,4,12,36,32,68,8,13,12,8,1,53,,29,61
225,lineup_05,2,4,20261050,1,port,1,1,142,10,10,14,2,3,1,0,0,1,0,12,3,3,1,14,35,33,68,0,3,3,8,14,102,122,6,18
225,lineup_05,2,4,20261050,2,full_ows,0,1,142,9,4,4,0,2,7,5,4,0,0,2,0,2,13,8,35,25,60,1,8,8,9,127,,87,11,11
225,lineup_05,2,4,20261050,3,hybrid_ows,0,1,142,8,8,11,0,3,0,0,7,0,1,9,1,3,7,11,35,31,66,4,5,5,13,8,44,88,8,8
226,lineup_05,2,5,20261051,0,five_resource,0,1,68,5,4,9,2,0,2,1,0,1,0,7,0,0,2,1,17,10,27,3,3,3,0,29,,,1,5
226,lineup_05,2,5,20261051,1,port,0,1,68,3,3,8,1,1,3,0,0,0,0,6,0,1,3,2,17,12,29,0,0,0,0,2,,66,14,14
226,lineup_05,2,5,20261051,2,full_ows,0,1,68,6,4,4,0,2,2,2,4,0,0,2,0,2,9,2,17,15,32,2,3,3,5,55,,55,15,31
226,lineup_05,2,5,20261051,3,hybrid_ows,1,1,68,10,8,8,0,3,2,2,6,0,1,2,1,3,11,14,16,31,47,3,3,3,5,60,64,12,16,8
227,lineup_05,2,6,20261052,0,five_resource,0,1,115,9,8,15,4,1,2,1,0,1,0,13,3,1,3,5,29,25,54,8,14,14,9,1,13,69,33,29
227,lineup_05,2,6,20261052,1,port,0,1,115,6,5,13,5,0,3,1,0,0,0,11,3,0,4,10,29,28,57,3,7,7,0,10,34,,26,50
227,lineup_05,2,6,20261052,2,full_ows,1,1,115,10,9,6,1,3,1,1,6,0,1,4,2,3,8,12,28,29,57,5,13,13,4,51,91,71,3,23
227,lineup_05,2,6,20261052,3,hybrid_ows,0,1,115,9,7,8,1,3,2,2,5,0,0,2,2,3,10,23,28,40,68,6,9,9,9,12,88,28,40,4
228,lineup_05,2,7,20261053,0,five_resource,0,1,92,4,3,14,3,0,2,1,0,0,0,10,1,0,3,5,23,19,42,4,4,4,0,1,49,,29,17
228,lineup_05,2,7,20261053,1,port,0,1,92,2,2,6,2,0,5,0,0,0,0,4,0,0,6,4,23,14,37,2,3,3,4,26,,,18,18
228,lineup_05,2,7,20261053,2,full_ows,0,1,92,8,5,4,1,1,3,3,5,0,1,2,0,1,9,8,23,20,43,4,5,5,4,39,,83,11,11
228,lineup_05,2,7,20261053,3,hybrid_ows,1,1,92,10,9,13,1,3,1,1,3,1,0,9,2,3,7,4,22,25,47,2,3,3,14,16,80,20,8,60
229,lineup_05,2,8,20261054,0,five_resource,0,1,90,5,5,13,5,0,4,0,0,0,0,11,3,0,6,7,23,27,50,3,5,5,0,1,53,,5,45
229,lineup_05,2,8,20261054,1,port,1,1,90,10,9,15,1,3,2,1,0,1,0,13,2,3,2,9,22,29,51,3,3,3,0,2,70,34,70,14
229,lineup_05,2,8,20261054,2,full_ows,0,1,90,6,4,7,0,2,2,2,1,0,0,5,0,2,4,10,22,21,43,2,6,6,0,55,,31,11,11
229,lineup_05,2,8,20261054,3,hybrid_ows,0,1,90,8,6,8,4,0,3,2,6,0,1,4,2,0,11,5,22,22,44,4,5,5,5,4,48,,28,4
230,lineup_05,2,9,20261055,0,five_resource,1,1,165,10,10,15,4,2,1,0,0,1,0,13,4,2,1,21,41,41,82,6,6,6,16,17,25,133,65,13
230,lineup_05,2,9,20261055,1,port,0,1,165,9,9,15,3,3,2,0,0,0,0,13,4,3,2,24,41,46,87,4,6,6,10,2,30,142,18,10
230,lineup_05,2,9,20261055,2,full_ows,0,1,165,9,6,12,0,3,3,3,5,0,0,8,1,3,12,22,41,46,87,8,12,11,31,15,127,3,11,11
230,lineup_05,2,9,20261055,3,hybrid_ows,0,1,165,9,7,9,1,2,2,2,7,0,1,7,1,2,10,22,41,42,83,5,8,8,25,28,160,56,4,4
231,lineup_05,3,0,20261056,0,port,0,1,112,5,3,10,3,0,4,2,0,0,0,8,1,0,7,5,28,21,49,2,2,2,4,9,105,,9,29
231,lineup_05,3,0,20261056,1,full_ows,0,1,112,9,7,6,1,2,2,2,7,0,1,4,1,2,9,7,28,23,51,2,5,5,4,38,110,90,2,26
231,lineup_05,3,0,20261056,2,hybrid_ows,0,1,112,4,4,9,0,2,0,0,3,0,0,5,0,2,4,8,28,19,47,2,6,5,0,19,,67,11,11
231,lineup_05,3,0,20261056,3,five_resource,1,1,112,10,9,15,5,1,4,1,0,1,0,13,4,1,5,7,27,30,57,9,12,12,4,8,84,112,4,16
232,lineup_05,3,1,20261057,0,port,0,1,128,7,4,9,2,1,6,3,0,0,0,7,1,1,7,15,32,31,63,2,2,2,17,13,109,117,5,21
232,lineup_05,3,1,20261057,1,full_ows,0,1,128,9,8,7,0,3,1,1,7,0,1,3,1,3,12,13,32,32,64,6,7,7,8,30,118,6,2,22
232,lineup_05,3,1,20261057,2,hybrid_ows,0,1,128,7,6,15,0,3,1,1,4,0,0,11,1,3,6,12,32,33,65,8,9,9,0,3,83,63,3,11
232,lineup_05,3,1,20261057,3,five_resource,1,1,128,10,10,15,2,3,0,0,0,1,0,13,3,3,0,17,31,36,67,6,7,7,4,4,28,116,,28
233,lineup_05,3,2,20261058,0,port,0,1,123,9,7,10,1,3,4,2,0,0,0,8,2,3,5,26,31,44,75,3,5,5,0,37,77,13,21,9
233,lineup_05,3,2,20261058,1,full_ows,0,1,123,7,6,9,0,2,1,1,6,0,1,7,0,2,8,21,31,38,69,3,4,4,5,26,,30,14,6
233,lineup_05,3,2,20261058,2,hybrid_ows,1,1,123,10,9,13,1,3,1,1,5,1,0,9,2,3,9,11,30,34,64,5,7,7,13,7,91,83,19,15
233,lineup_05,3,2,20261058,3,five_resource,0,1,123,6,5,12,3,1,2,1,0,0,0,8,2,1,3,15,30,29,59,3,4,4,8,4,20,120,8,4
234,lineup_05,3,3,20261059,0,port,0,1,119,4,4,14,4,0,1,0,0,0,0,12,2,0,2,11,30,27,57,5,6,6,0,1,81,,17,21
234,lineup_05,3,3,20261059,1,full_ows,0,1,119,5,2,7,2,0,3,3,2,0,0,3,0,0,7,9,30,19,49,3,6,6,0,26,,,6,6
234,lineup_05,3,3,20261059,2,hybrid_ows,1,1,119,11,10,12,2,2,1,1,9,1,1,8,2,2,12,17,29,41,70,4,10,10,8,3,23,51,3,35
234,lineup_05,3,3,20261059,3,five_resource,0,1,119,5,4,15,4,0,3,1,0,0,0,13,2,0,4,7,29,26,55,5,8,8,12,16,72,,8,8
235,lineup_05,3,4,20261060,0,port,0,1,115,5,4,11,4,0,4,1,0,0,0,9,2,0,5,12,29,28,57,5,5,5,0,9,57,,5,9
235,lineup_05,3,4,20261060,1,full_ows,0,1,115,4,2,5,2,0,2,2,3,0,0,1,0,0,9,8,29,18,47,1,1,1,8,38,,,2,22
235,lineup_05,3,4,20261060,2,hybrid_ows,1,1,115,10,8,9,2,2,2,2,5,0,1,7,2,2,7,11,28,29,57,3,4,4,8,11,91,99,31,31
235,lineup_05,3,4,20261060,3,five_resource,0,1,115,6,6,15,2,1,3,0,0,1,0,11,1,1,4,7,28,24,52,2,5,5,4,4,104,12,24,12
236,lineup_05,3,5,20261061,0,port,1,1,125,10,7,9,1,3,7,3,0,0,0,7,2,3,7,9,31,28,59,3,5,5,21,53,53,33,13,9
236,lineup_05,3,5,20261061,1,full_ows,0,1,125,6,6,12,0,2,0,0,5,0,1,6,0,2,10,16,31,34,65,2,8,6,21,34,,14,22,30
236,lineup_05,3,5,20261061,2,hybrid_ows,0,1,125,8,6,8,0,3,2,2,2,0,0,6,1,3,5,19,31,34,65,4,8,8,13,39,119,19,47,31
236,lineup_05,3,5,20261061,3,five_resource,0,1,125,8,8,9,2,2,3,0,0,1,0,7,2,2,3,9,31,23,54,6,15,15,8,12,44,100,12,60
237,lineup_05,3,6,20261062,0,port,0,1,76,8,7,11,3,2,1,1,0,0,0,9,3,2,2,8,19,24,43,1,2,2,4,17,33,17,13,33
237,lineup_05,3,6,20261062,1,full_ows,0,1,76,4,3,4,1,1,1,1,2,0,0,2,0,1,3,8,19,14,33,2,3,3,0,14,,54,34,6
237,lineup_05,3,6,20261062,2,hybrid_ows,0,1,76,7,6,10,0,2,4,1,3,0,1,8,0,2,7,10,19,27,46,3,7,7,5,11,,7,51,11
237,lineup_05,3,6,20261062,3,five_resource,1,1,76,10,10,15,4,2,0,0,0,1,0,13,4,2,0,10,18,29,47,7,11,11,0,4,16,48,,8
238,lineup_05,3,7,20261063,0,port,1,1,101,10,10,9,0,4,4,0,0,1,0,5,2,4,6,17,25,34,59,2,2,2,0,5,53,65,37,1
238,lineup_05,3,7,20261063,1,full_ows,0,1,101,4,2,4,2,0,2,2,3,0,0,2,0,0,5,6,25,13,38,1,1,1,10,10,,,14,18
238,lineup_05,3,7,20261063,2,hybrid_ows,0,1,101,9,7,4,1,2,2,2,4,0,1,2,1,2,8,9,25,22,47,1,2,2,0,67,75,15,3,51
238,lineup_05,3,7,20261063,3,five_resource,0,1,101,4,4,11,0,2,2,0,0,0,0,9,0,2,3,8,25,22,47,4,9,9,4,24,,36,4,20
239,lineup_05,3,8,20261064,0,port,0,1,68,5,3,8,3,0,3,2,0,0,0,2,1,0,5,4,17,12,29,3,3,3,0,1,33,,21,17
239,lineup_05,3,8,20261064,1,full_ows,0,1,68,6,4,4,0,2,4,2,1,0,0,2,0,2,7,10,17,21,38,0,0,0,0,10,,22,42,6
239,lineup_05,3,8,20261064,2,hybrid_ows,0,1,68,7,6,6,0,2,1,1,4,0,1,4,0,2,6,10,17,22,39,2,3,3,9,15,,39,11,15
239,lineup_05,3,8,20261064,3,five_resource,1,1,68,10,10,10,0,4,0,0,0,1,0,8,2,4,0,7,16,21,37,3,8,7,0,20,52,12,,12
240,lineup_05,3,9,20261065,0,port,0,1,87,7,7,15,5,0,2,0,0,1,0,13,3,0,2,9,22,27,49,2,4,4,0,5,53,,17,9
240,lineup_05,3,9,20261065,1,full_ows,0,1,87,7,4,6,0,2,3,3,1,0,0,2,0,2,7,7,22,18,40,6,9,9,0,18,,10,2,26
240,lineup_05,3,9,20261065,2,hybrid_ows,1,1,87,10,8,10,0,3,2,2,3,0,1,6,1,3,7,10,21,27,48,2,4,4,14,19,23,55,7,39
240,lineup_05,3,9,20261065,3,five_resource,0,1,87,2,2,14,2,0,5,0,0,0,0,12,0,0,6,2,21,20,41,4,6,6,4,8,,,4,44
241,lineup_06,0,0,20261066,0,full_ows,1,1,105,10,6,9,0,2,5,4,3,0,1,3,0,2,11,6,26,22,48,1,3,3,4,9,,17,1,9
241,lineup_06,0,0,20261066,1,road_building,0,1,105,2,2,14,2,0,1,0,0,0,0,12,0,0,2,4,26,18,44,1,1,1,4,2,,,18,22
241,lineup_06,0,0,20261066,2,roads_and_cities,0,1,105,6,6,14,0,2,4,0,0,1,0,12,0,2,4,9,26,27,53,1,1,1,4,15,,43,7,35
241,lineup_06,0,0,20261066,3,five_resource,0,1,105,6,5,7,3,1,6,1,0,0,0,5,2,1,7,16,26,31,57,7,9,9,5,4,20,44,12,12
242,lineup_06,0,1,20261067,0,full_ows,1,1,117,10,7,11,1,2,3,3,3,0,1,9,1,2,7,12,29,31,60,1,2,2,0,5,117,97,13,5
242,lineup_06,0,1,20261067,1,road_building,0,1,117,5,4,11,2,0,3,1,0,1,0,9,0,0,4,21,29,34,63,2,4,4,0,2,,,26,2
242,lineup_06,0,1,20261067,2,roads_and_cities,0,1,117,5,4,11,0,2,3,1,0,0,0,7,0,2,5,16,29,30,59,1,2,2,13,67,,3,15,27
242,lineup_06,0,1,20261067,3,five_resource,0,1,117,4,4,9,0,2,7,0,0,0,0,5,0,2,9,9,29,25,54,1,4,4,12,24,,100,4,8
243,lineup_06,0,2,20261068,0,full_ows,0,1,150,9,6,6,0,2,6,3,6,0,1,4,0,2,15,11,38,32,70,3,5,5,25,5,,17,49,5
243,lineup_06,0,2,20261068,1,road_building,1,1,150,10,10,15,4,2,1,0,0,1,0,13,4,2,2,26,37,47,84,1,6,6,0,14,30,134,26,10
243,lineup_06,0,2,20261068,2,roads_and_cities,0,1,150,7,6,15,0,3,4,1,0,0,0,13,1,3,4,13,37,34,71,2,3,3,27,7,111,27,35,3
243,lineup_06,0,2,20261068,3,five_resource,0,1,150,6,5,15,5,0,3,1,0,0,0,11,3,0,4,14,37,32,69,4,8,8,0,4,80,,56,16
244,lineup_06,0,3,20261069,0,full_ows,0,1,170,7,6,9,0,2,1,1,4,0,1,7,0,2,5,12,43,26,69,3,16,14,12,13,,133,17,25
244,lineup_06,0,3,20261069,1,road_building,1,1,170,10,10,15,2,3,2,0,0,1,0,13,3,3,3,22,42,44,86,2,7,7,30,2,10,142,78,10
244,lineup_06,0,3,20261069,2,roads_and_cities,0,1,170,8,7,12,3,2,5,1,0,0,0,10,3,2,6,18,42,39,81,9,11,11,4,31,123,143,11,11
244,lineup_06,0,3,20261069,3,five_resource,0,1,170,7,4,8,2,1,8,3,0,0,0,4,1,1,11,10,42,27,69,1,3,3,4,12,156,124,24,12
245,lineup_06,0,4,20261070,0,full_ows,0,1,135,7,5,13,1,1,2,2,4,0,1,7,0,1,9,6,34,23,57,6,13,12,8,5,,133,13,65
245,lineup_06,0,4,20261070,1,road_building,0,1,135,6,5,15,3,0,1,1,0,1,0,13,1,0,1,6,34,21,55,0,1,1,14,2,98,,62,62
245,lineup_06,0,4,20261070,2,roads_and_cities,1,1,135,10,10,15,2,4,2,0,0,0,0,13,4,4,3,19,33,43,76,6,7,7,0,15,31,103,3,11
245,lineup_06,0,4,20261070,3,five_resource,0,1,135,8,6,9,2,2,10,2,0,0,0,7,2,2,12,8,33,31,64,1,8,8,22,8,28,112,4,80
246,lineup_06,0,5,20261071,0,full_ows,0,1,79,8,6,4,0,2,5,2,5,0,1,2,0,2,12,5,20,21,41,4,4,4,0,5,,61,1,29
246,lineup_06,0,5,20261071,1,road_building,0,1,79,4,2,3,2,0,3,2,0,0,0,1,0,0,3,4,20,8,28,1,1,1,0,38,,,14,18
246,lineup_06,0,5,20261071,2,roads_and_cities,1,1,79,10,10,15,0,4,1,0,0,1,0,11,2,4,2,1,19,20,39,1,2,2,18,7,55,3,23,55
246,lineup_06,0,5,20261071,3,five_resource,0,1,79,5,4,11,4,0,2,1,0,0,0,7,2,0,4,6,19,19,38,3,5,4,0,4,44,,16,24
247,lineup_06,0,6,20261072,0,full_ows,0,1,151,7,6,11,0,2,1,1,8,0,1,9,0,2,13,23,38,47,85,4,10,10,23,5,,85,9,5
247,lineup_06,0,6,20261072,1,road_building,0,1,151,7,7,15,5,1,2,0,0,0,0,13,4,1,2,18,38,38,76,1,6,6,25,6,50,118,38,14
247,lineup_06,0,6,20261072,2,roads_and_cities,1,1,151,10,8,15,0,3,4,2,0,1,0,13,1,3,4,10,37,31,68,5,7,7,15,39,71,51,11,23
247,lineup_06,0,6,20261072,3,five_resource,0,1,151,7,5,13,5,0,6,2,0,0,0,11,3,0,6,13,37,33,70,3,9,6,0,16,44,,4,16
248,lineup_06,0,7,20261073,0,full_ows,0,1,95,6,4,2,2,0,2,2,6,0,1,0,0,0,9,5,24,14,38,7,7,7,0,,,,5,41
248,lineup_06,0,7,20261073,1,road_building,0,1,95,8,5,9,3,1,6,3,0,0,0,3,2,1,8,11,24,25,49,2,2,2,0,78,90,30,6,14
248,lineup_06,0,7,20261073,2,roads_and_cities,1,1,95,10,10,12,0,4,1,0,0,1,0,10,2,4,2,15,23,33,56,0,0,0,4,3,75,35,39,11
248,lineup_06,0,7,20261073,3,five_resource,0,1,95,4,4,6,0,2,4,0,0,0,0,4,0,2,6,6,23,18,41,0,0,0,5,8,,60,20,12
249,lineup_06,0,8,20261074,0,full_ows,1,1,145,10,8,10,0,3,2,2,4,0,1,4,1,3,12,15,36,35,71,2,2,2,8,5,137,45,13,5
249,lineup_06,0,8,20261074,1,road_building,0,1,145,7,6,15,4,0,1,1,0,1,0,13,2,0,1,4,36,20,56,2,2,2,9,2,106,,98,54
249,lineup_06,0,8,20261074,2,roads_and_cities,0,1,145,6,5,15,1,2,4,1,0,0,0,13,1,2,4,13,36,33,69,1,1,1,17,7,139,51,67,11
249,lineup_06,0,8,20261074,3,five_resource,0,1,145,5,4,13,4,0,8,1,0,0,0,11,2,0,8,16,36,37,73,4,7,7,12,24,72,,4,12
250,lineup_06,0,9,20261075,0,full_ows,1,1,77,10,6,7,0,2,4,4,3,0,1,3,0,2,8,9,19,22,41,5,7,7,0,25,,21,1,5
250,lineup_06,0,9,20261075,1,road_building,0,1,77,6,6,10,2,1,0,0,0,1,0,8,1,1,1,9,19,20,39,1,1,1,0,18,34,14,42,10
250,lineup_06,0,9,20261075,2,roads_and_cities,0,1,77,5,5,10,1,2,2,0,0,0,0,8,1,2,2,3,19,16,35,1,1,1,4,7,47,59,51,7
250,lineup_06,0,9,20261075,3,five_resource,0,1,77,4,4,9,0,2,1,0,0,0,0,7,0,2,3,11,19,23,42,0,2,1,0,8,,44,40,4
251,lineup_06,1,0,20261076,0,road_building,0,1,107,4,3,13,3,0,3,1,0,0,0,11,1,0,4,8,27,24,51,2,2,2,0,1,61,,9,9
251,lineup_06,1,0,20261076,1,roads_and_cities,0,1,107,6,5,11,1,2,3,1,0,0,0,9,1,2,4,6,27,22,49,3,6,6,0,14,102,78,70,22
251,lineup_06,1,0,20261076,2,five_resource,1,1,107,10,8,14,4,1,8,2,0,1,0,10,3,1,10,8,26,32,58,2,2,2,21,3,63,19,11,15
251,lineup_06,1,0,20261076,3,full_ows,0,1,107,7,6,7,0,2,1,1,4,0,1,3,0,2,7,6,26,18,44,1,2,2,4,32,,84,4,12
252,lineup_06,1,1,20261077,0,road_building,0,1,143,6,4,12,4,0,4,2,0,0,0,10,2,0,5,8,36,25,61,2,5,5,13,25,97,,5,5
252,lineup_06,1,1,20261077,1,roads_and_cities,0,1,143,5,5,15,3,1,0,0,0,0,0,13,2,1,0,9,36,25,61,3,3,3,20,2,46,126,,2
252,lineup_06,1,1,20261077,2,five_resource,1,1,143,10,7,14,3,1,6,3,0,1,0,8,2,1,10,14,35,35,70,9,18,18,4,7,71,119,19,71
252,lineup_06,1,1,20261077,3,full_ows,0,1,143,9,9,8,1,3,0,0,9,0,1,6,2,3,10,9,35,30,65,5,7,7,18,16,48,100,4,16
253,lineup_06,1,2,20261078,0,road_building,0,1,163,9,7,15,1,3,6,2,0,0,0,13,2,3,7,16,41,41,82,5,12,12,14,5,61,125,9,41
253,lineup_06,1,2,20261078,1,roads_and_cities,0,1,163,9,9,15,3,3,6,0,0,0,0,11,4,3,9,17,41,44,85,2,11,11,13,2,26,98,30,50
253,lineup_06,1,2,20261078,2,five_resource,1,1,163,10,9,15,3,2,3,1,0,1,0,12,3,2,4,16,40,37,77,5,11,11,5,3,103,143,63,11
253,lineup_06,1,2,20261078,3,full_ows,0,1,163,5,3,6,1,1,2,2,2,0,0,4,0,1,5,10,40,20,60,3,6,6,4,8,,152,28,8
254,lineup_06,1,3,20261079,0,road_building,0,1,108,5,5,14,3,1,5,0,0,0,0,10,2,1,6,8,27,27,54,4,4,4,0,5,85,45,13,29
254,lineup_06,1,3,20261079,1,roads_and_cities,0,1,108,8,8,13,0,4,1,0,0,0,0,11,2,4,2,8,27,27,54,2,4,4,5,2,82,70,58,50
254,lineup_06,1,3,20261079,2,five_resource,0,1,108,4,4,11,2,0,1,0,0,1,0,7,0,0,2,7,27,16,43,0,1,1,8,43,,,27,47
254,lineup_06,1,3,20261079,3,full_ows,1,1,108,10,5,3,1,1,5,5,7,0,1,1,0,1,15,5,26,22,48,3,3,3,4,96,,108,4,12
255,lineup_06,1,4,20261080,0,road_building,0,1,120,7,6,10,4,0,5,1,0,1,0,8,2,0,7,7,30,24,54,6,9,9,13,1,53,,13,13
255,lineup_06,1,4,20261080,1,roads_and_cities,0,1,120,9,8,14,0,4,2,1,0,0,0,12,2,4,3,15,30,36,66,6,8,8,8,6,30,10,54,14
255,lineup_06,1,4,20261080,2,five_resource,0,1,120,7,7,12,1,3,3,0,0,0,0,10,2,3,3,22,30,40,70,6,12,12,0,3,39,99,19,15
255,lineup_06,1,4,20261080,3,full_ows,1,1,120,10,7,10,1,2,3,3,6,0,1,4,1,2,12,12,29,31,60,5,8,8,10,80,120,24,4,40
256,lineup_06,1,5,20261081,0,road_building,0,1,116,5,5,8,3,1,3,0,0,0,0,6,2,1,3,10,29,22,51,3,3,3,9,1,57,109,5,37
256,lineup_06,1,5,20261081,1,roads_and_cities,0,1,116,9,8,10,0,3,2,1,0,1,0,8,1,3,3,11,29,26,55,5,8,8,9,14,110,34,22,6
256,lineup_06,1,5,20261081,2,five_resource,0,1,116,7,6,12,2,2,4,1,0,0,0,8,2,2,7,11,29,30,59,6,11,11,0,43,55,95,7,15
256,lineup_06,1,5,20261081,3,full_ows,1,1,116,10,7,7,1,2,3,3,7,0,1,3,1,2,12,15,28,33,61,2,5,5,0,40,96,112,8,16
257,lineup_06,1,6,20261082,0,road_building,0,1,120,6,5,15,3,0,4,1,0,1,0,13,1,0,5,5,30,24,54,4,5,5,4,1,77,,25,13
257,lineup_06,1,6,20261082,1,roads_and_cities,0,1,120,6,6,15,0,3,3,0,0,0,0,13,1,3,3,9,30,29,59,4,5,5,21,10,94,42,2,22
257,lineup_06,1,6,20261082,2,five_resource,0,1,120,8,8,11,0,4,0,0,0,0,0,9,2,4,0,20,30,35,65,2,5,5,8,7,59,15,,7
257,lineup_06,1,6,20261082,3,full_ows,1,1,120,10,6,9,2,1,4,4,8,0,1,3,1,1,17,10,29,32,61,5,7,7,4,36,104,120,8,12
258,lineup_06,1,7,20261083,0,road_building,0,1,118,8,6,15,4,0,3,2,0,1,0,13,2,0,4,13,30,32,62,7,8,8,0,9,17,,29,9
258,lineup_06,1,7,20261083,1,roads_and_cities,1,1,118,10,9,15,1,4,5,1,0,0,0,11,3,4,6,12,29,36,65,3,4,4,20,2,82,26,6,30
258,lineup_06,1,7,20261083,2,five_resource,0,1,118,4,3,15,1,1,3,1,0,0,0,13,0,1,3,4,29,21,50,6,6,6,14,3,,91,3,31
258,lineup_06,1,7,20261083,3,full_ows,0,1,118,7,6,4,0,2,1,1,4,0,1,2,0,2,6,4,29,14,43,0,1,1,8,76,,40,4,52
259,lineup_06,1,8,20261084,0,road_building,0,1,118,8,6,15,4,1,4,2,0,0,0,13,3,1,4,8,30,29,59,2,2,2,4,1,97,89,33,25
259,lineup_06,1,8,20261084,1,roads_and_cities,1,1,118,10,10,13,0,4,3,0,0,1,0,7,2,4,7,13,29,33,62,2,2,2,15,26,74,54,6,26
259,lineup_06,1,8,20261084,2,five_resource,0,1,118,7,6,12,2,2,5,1,0,0,0,10,2,2,6,20,29,40,69,6,7,7,0,11,43,67,23,11
259,lineup_06,1,8,20261084,3,full_ows,0,1,118,8,6,5,0,2,2,2,5,0,1,3,0,2,7,12,29,24,53,2,3,3,4,16,,24,8,8
260,lineup_06,1,9,20261085,0,road_building,0,1,111,6,6,13,4,0,4,0,0,1,0,11,2,0,5,7,28,25,53,2,3,3,4,9,85,,45,9
260,lineup_06,1,9,20261085,1,roads_and_cities,0,1,111,7,7,15,3,2,0,0,0,0,0,13,3,2,0,16,28,34,62,4,8,8,0,10,46,38,,10
260,lineup_06,1,9,20261085,2,five_resource,1,1,111,10,9,10,1,4,3,1,0,0,0,8,3,4,5,16,27,36,63,1,1,1,4,23,51,31,19,19
260,lineup_06,1,9,20261085,3,full_ows,0,1,111,8,4,6,2,0,4,4,9,0,1,2,0,0,15,3,27,20,47,0,3,3,10,40,,,8,8
261,lineup_06,2,0,20261086,0,roads_and_cities,0,1,122,7,6,7,0,3,7,1,0,0,0,5,1,3,7,8,31,24,55,3,5,5,4,1,89,97,9,5
261,lineup_06,2,0,20261086,1,five_resource,1,1,122,10,8,12,2,2,2,2,0,1,0,10,2,2,3,17,30,34,64,4,4,4,0,18,78,114,14,6
261,lineup_06,2,0,20261086,2,full_ows,0,1,122,6,4,4,2,0,4,2,6,0,1,2,0,0,13,6,30,21,51,1,3,3,13,23,,,11,7
261,lineup_06,2,0,20261086,3,road_building,0,1,122,3,3,9,1,1,2,0,0,0,0,7,0,1,2,4,30,14,44,2,3,3,0,4,,52,16,4
262,lineup_06,2,1,20261087,0,roads_and_cities,1,1,157,11,11,15,1,4,2,0,0,1,0,13,3,4,3,15,39,38,77,5,8,8,0,1,29,45,13,49
262,lineup_06,2,1,20261087,1,five_resource,0,1,157,8,5,7,3,1,6,3,0,0,0,3,2,1,8,17,39,31,70,2,2,2,4,42,138,122,6,2
262,lineup_06,2,1,20261087,2,full_ows,0,1,157,8,6,9,2,1,2,2,7,0,1,5,1,1,12,14,39,33,72,3,3,3,4,39,139,147,7,11
262,lineup_06,2,1,20261087,3,road_building,0,1,157,4,4,15,2,1,2,0,0,0,0,13,1,1,2,14,39,31,70,5,7,7,17,4,92,132,36,8
263,lineup_06,2,2,20261088,0,roads_and_cities,0,1,86,6,6,12,2,1,2,0,0,1,0,8,1,1,3,8,22,21,43,4,8,8,0,1,81,77,25,5
263,lineup_06,2,2,20261088,1,five_resource,1,1,86,10,9,9,1,4,2,1,0,0,0,7,3,4,3,9,21,26,47,1,2,2,0,6,50,30,6,6
263,lineup_06,2,2,20261088,2,full_ows,0,1,86,5,5,6,3,0,0,0,4,0,1,4,1,0,5,6,21,16,37,1,1,1,4,7,59,,27,23
263,lineup_06,2,2,20261088,3,road_building,0,1,86,4,4,11,4,0,0,0,0,0,0,9,2,0,1,10,21,22,43,4,5,5,4,4,40,,68,8
264,lineup_06,2,3,20261089,0,roads_and_cities,0,1,123,2,2,15,2,0,1,0,0,0,0,13,0,0,2,5,31,20,51,4,5,5,9,1,,,85,37
264,lineup_06,2,3,20261089,1,five_resource,0,1,123,8,6,13,4,0,2,2,0,1,0,11,2,0,3,9,31,25,56,1,7,7,4,2,114,,18,18
264,lineup_06,2,3,20261089,2,full_ows,1,1,123,10,8,9,0,3,2,2,5,0,1,3,1,3,10,15,30,32,62,4,5,5,9,7,35,83,3,11
264,lineup_06,2,3,20261089,3,road_building,0,1,123,2,2,11,2,0,1,0,0,0,0,9,0,0,1,6,30,16,46,0,0,0,5,4,,,116,4
265,lineup_06,2,4,20261090,0,roads_and_cities,0,1,79,5,4,11,0,2,2,1,0,0,0,9,0,2,2,4,20,17,37,2,2,2,0,1,,65,21,21
265,lineup_06,2,4,20261090,1,five_resource,0,1,79,4,4,8,2,1,1,0,0,0,0,6,1,1,2,3,20,13,33,4,4,4,0,10,34,62,10,66
265,lineup_06,2,4,20261090,2,full_ows,1,1,79,10,8,9,0,3,2,2,3,0,1,5,1,3,7,6,19,22,41,2,4,4,0,3,71,39,3,19
265,lineup_06,2,4,20261090,3,road_building,0,1,79,4,4,11,2,0,0,0,0,1,0,9,0,0,0,1,19,10,29,0,0,0,9,12,,,,72
266,lineup_06,2,5,20261091,0,roads_and_cities,0,1,116,7,7,8,1,3,2,0,0,0,0,6,2,3,2,10,29,23,52,2,11,11,4,25,85,65,5,29
266,lineup_06,2,5,20261091,1,five_resource,0,1,116,5,5,15,1,2,3,0,0,0,0,11,1,2,6,10,29,30,59,2,3,3,12,2,74,82,30,22
266,lineup_06,2,5,20261091,2,full_ows,0,1,116,8,5,3,1,1,4,3,9,0,1,1,0,1,15,9,29,26,55,1,11,9,5,51,,95,7,3
266,lineup_06,2,5,20261091,3,road_building,1,1,116,10,8,13,4,1,2,2,0,1,0,11,3,1,2,12,28,29,57,6,7,7,0,8,80,116,104,80
267,lineup_06,2,6,20261092,0,roads_and_cities,1,1,121,10,9,15,1,3,1,1,0,1,0,13,2,3,1,13,30,32,62,8,8,8,13,9,53,97,53,9
267,lineup_06,2,6,20261092,1,five_resource,0,1,121,6,5,9,1,2,6,1,0,0,0,5,1,2,9,9,30,26,56,2,3,3,9,2,98,54,26,6
267,lineup_06,2,6,20261092,2,full_ows,0,1,121,8,5,11,1,1,3,3,9,0,1,7,0,1,15,9,30,32,62,5,10,9,6,27,,31,3,27
267,lineup_06,2,6,20261092,3,road_building,0,1,121,2,2,8,2,0,0,0,0,0,0,6,0,0,0,9,30,15,45,2,6,6,0,20,,,,20
268,lineup_06,2,7,20261093,0,roads_and_cities,0,1,99,9,9,15,1,3,1,0,0,1,0,13,2,3,1,15,25,34,59,2,3,3,0,1,85,29,9,9
268,lineup_06,2,7,20261093,1,five_resource,0,1,99,4,3,8,3,0,6,1,0,0,0,4,1,0,8,4,25,17,42,0,2,2,4,42,90,,6,6
268,lineup_06,2,7,20261093,2,full_ows,1,1,99,10,6,3,0,2,5,4,4,0,1,1,0,2,12,10,24,25,49,6,7,7,8,67,,51,7,7
268,lineup_06,2,7,20261093,3,road_building,0,1,99,2,2,9,2,0,1,0,0,0,0,7,0,0,1,5,24,13,37,5,8,8,0,4,,,32,4
269,lineup_06,2,8,20261094,0,roads_and_cities,0,1,175,6,6,15,2,1,2,0,0,1,0,11,1,1,3,14,44,30,74,7,9,9,8,17,153,165,29,5
269,lineup_06,2,8,20261094,1,five_resource,0,1,175,9,7,10,1,3,4,2,0,0,0,8,2,3,5,11,44,29,73,5,7,7,17,2,42,146,18,18
269,lineup_06,2,8,20261094,2,full_ows,1,1,175,10,7,9,1,2,3,3,8,0,1,5,1,2,14,26,43,48,91,3,6,6,8,11,123,15,19,3
269,lineup_06,2,8,20261094,3,road_building,0,1,175,2,2,12,2,0,2,0,0,0,0,10,0,0,3,10,43,23,66,7,9,9,20,16,,,32,16
270,lineup_06,2,9,20261095,0,roads_and_cities,0,1,98,6,5,11,1,2,1,1,0,0,0,7,1,2,3,14,25,27,52,2,5,5,0,1,89,13,29,29
270,lineup_06,2,9,20261095,1,five_resource,1,1,98,10,9,14,1,3,3,1,0,1,0,12,2,3,4,11,24,32,56,4,4,4,9,10,34,50,6,62
270,lineup_06,2,9,20261095,2,full_ows,0,1,98,8,6,3,0,2,6,2,9,0,1,1,0,2,17,5,24,25,49,1,1,1,0,51,,71,3,11
270,lineup_06,2,9,20261095,3,road_building,0,1,98,2,2,8,2,0,0,0,0,0,0,6,0,0,0,4,24,10,34,0,0,0,0,4,,,,28
271,lineup_06,3,0,20261096,0,five_resource,1,1,125,10,10,15,4,2,3,0,0,1,0,11,4,2,5,14,31,36,67,6,9,9,4,5,17,109,13,5
271,lineup_06,3,0,20261096,1,full_ows,0,1,125,9,6,5,0,2,3,3,7,0,1,3,0,2,11,12,31,28,59,3,4,4,6,106,,70,10,2
271,lineup_06,3,0,20261096,2,road_building,0,1,125,3,3,15,3,0,0,0,0,0,0,11,1,0,2,12,31,26,57,4,6,6,4,3,111,,43,7
271,lineup_06,3,0,20261096,3,roads_and_cities,0,1,125,9,7,9,1,3,6,2,0,0,0,7,2,3,7,11,31,30,61,1,3,3,16,4,48,64,4,16
272,lineup_06,3,1,20261097,0,five_resource,0,1,126,9,7,8,1,3,7,2,0,0,0,6,2,3,9,13,32,33,65,6,6,6,10,1,85,65,13,33
272,lineup_06,3,1,20261097,1,full_ows,1,1,126,10,8,5,0,3,2,2,5,0,1,3,1,3,9,18,31,34,65,2,5,5,4,6,102,26,18,6
272,lineup_06,3,1,20261097,2,road_building,0,1,126,8,8,15,2,2,4,0,0,1,0,13,2,2,4,15,31,36,67,8,10,10,0,3,67,119,71,19
272,lineup_06,3,1,20261097,3,roads_and_cities,0,1,126,8,7,7,1,3,2,1,0,0,0,3,2,3,3,11,31,22,53,2,2,2,8,64,96,36,56,36
273,lineup_06,3,2,20261098,0,five_resource,0,1,142,2,2,15,2,0,2,0,0,0,0,11,0,0,3,7,36,21,57,5,11,11,0,9,,,13,33
273,lineup_06,3,2,20261098,1,full_ows,1,1,142,10,7,13,1,2,3,3,6,0,1,11,1,2,11,16,35,41,76,3,3,3,4,22,142,98,2,22
273,lineup_06,3,2,20261098,2,road_building,0,1,142,7,6,15,4,0,3,1,0,1,0,13,2,0,5,9,35,29,64,3,4,4,20,7,59,,7,27
273,lineup_06,3,2,20261098,3,roads_and_cities,0,1,142,4,3,14,3,0,5,1,0,0,0,10,1,0,6,8,35,25,60,1,5,5,4,28,72,,16,76
274,lineup_06,3,3,20261099,0,five_resource,0,1,150,8,6,15,4,1,5,2,0,0,0,13,3,1,5,11,38,33,71,7,8,8,17,13,73,149,9,41
274,lineup_06,3,3,20261099,1,full_ows,1,1,150,10,8,5,0,3,2,2,8,0,1,1,1,3,14,20,37,39,76,4,7,7,13,118,130,58,6,2
274,lineup_06,3,3,20261099,2,road_building,0,1,150,6,6,15,4,0,1,0,0,1,0,11,2,0,2,13,37,28,65,3,4,4,17,3,107,,11,11
274,lineup_06,3,3,20261099,3,roads_and_cities,0,1,150,5,4,8,0,2,3,1,0,0,0,6,0,2,4,7,37,19,56,2,3,3,5,12,,40,36,12
275,lineup_06,3,4,20261100,0,five_resource,0,1,112,6,5,15,3,1,4,1,0,0,0,12,2,1,5,7,28,27,55,0,4,4,4,5,37,89,41,41
275,lineup_06,3,4,20261100,1,full_ows,0,1,112,7,4,5,2,0,3,3,6,0,1,3,0,0,12,5,28,20,48,2,2,2,0,38,,,6,18
275,lineup_06,3,4,20261100,2,road_building,0,1,112,6,6,15,4,0,1,0,0,1,0,13,2,0,1,5,28,21,49,3,6,6,0,3,47,,23,23
275,lineup_06,3,4,20261100,3,roads_and_cities,1,1,112,10,9,15,1,4,5,1,0,0,0,11,3,4,7,9,27,34,61,7,12,12,5,16,104,68,8,8
276,lineup_06,3,5,20261101,0,five_resource,0,1,112,7,5,11,3,1,7,2,0,0,0,7,2,1,9,8,28,27,55,2,6,6,4,9,45,85,13,17
276,lineup_06,3,5,20261101,1,full_ows,0,1,112,8,6,3,0,2,3,2,6,0,1,1,0,2,11,10,28,24,52,0,0,0,13,74,,46,2,14
276,lineup_06,3,5,20261101,2,road_building,0,1,112,4,4,15,4,0,0,0,0,0,0,13,2,0,0,6,28,21,49,0,3,3,8,3,103,,,23
276,lineup_06,3,5,20261101,3,roads_and_cities,1,1,112,10,9,15,1,3,4,1,0,1,0,13,2,3,5,15,27,38,65,5,7,7,0,12,68,56,12,8
277,lineup_06,3,6,20261102,0,five_resource,1,1,117,10,10,15,2,3,3,0,0,1,0,11,3,3,4,19,29,40,69,6,7,7,0,1,81,97,33,13
277,lineup_06,3,6,20261102,1,full_ows,0,1,117,9,5,8,1,1,4,4,4,0,1,4,0,1,12,11,29,28,57,4,4,4,0,10,,90,2,6
277,lineup_06,3,6,20261102,2,road_building,0,1,117,2,2,14,2,0,4,0,0,0,0,12,0,0,5,5,29,22,51,4,5,5,4,3,,,23,63
277,lineup_06,3,6,20261102,3,roads_and_cities,0,1,117,5,4,15,0,2,2,1,0,0,0,13,0,2,2,9,29,26,55,2,3,3,0,32,,20,40,12
278,lineup_06,3,7,20261103,0,five_resource,0,1,119,6,4,6,0,2,6,2,0,0,0,2,0,2,8,11,30,23,53,3,3,3,14,73,,73,17,21
278,lineup_06,3,7,20261103,1,full_ows,0,1,119,7,4,6,2,0,4,3,4,0,1,4,0,0,8,4,30,16,46,0,2,2,13,62,,,10,62
278,lineup_06,3,7,20261103,2,road_building,1,1,119,10,10,12,4,2,1,0,0,1,0,10,4,2,1,18,29,35,64,6,7,7,0,15,39,103,59,35
278,lineup_06,3,7,20261103,3,roads_and_cities,0,1,119,6,6,14,0,3,4,0,0,0,0,10,1,3,6,15,29,35,64,1,2,2,0,40,88,8,36,28
279,lineup_06,3,8,20261104,0,five_resource,0,1,134,4,2,12,2,0,5,2,0,0,0,10,0,0,6,12,34,28,62,0,0,0,8,1,,,17,17
279,lineup_06,3,8,20261104,1,full_ows,1,1,134,10,8,11,0,3,2,2,5,0,1,5,1,3,12,12,33,33,66,2,5,5,10,22,134,94,2,26
279,lineup_06,3,8,20261104,2,road_building,0,1,134,6,6,13,4,0,4,0,0,1,0,11,2,0,4,10,33,27,60,4,6,6,17,3,27,,47,19
279,lineup_06,3,8,20261104,3,roads_and_cities,0,1,134,6,5,11,1,2,3,1,0,0,0,9,1,2,3,10,33,25,58,5,5,5,21,24,128,8,8,20
280,lineup_06,3,9,20261105,0,five_resource,0,1,102,6,4,11,4,0,4,2,0,0,0,7,2,0,7,11,26,27,53,2,9,9,0,5,57,,9,69
280,lineup_06,3,9,20261105,1,full_ows,1,1,102,10,8,6,0,3,2,2,10,0,1,4,1,3,13,12,25,33,58,0,0,0,4,66,102,42,2,22
280,lineup_06,3,9,20261105,2,road_building,0,1,102,5,5,10,3,0,0,0,0,1,0,8,1,0,0,2,25,11,36,1,1,1,8,3,67,,,55
280,lineup_06,3,9,20261105,3,roads_and_cities,0,1,102,6,5,8,3,1,3,1,0,0,0,4,2,1,5,11,25,23,48,3,3,3,4,8,24,40,20,8
281,lineup_07,0,0,20261106,0,full_ows,0,1,107,9,6,8,0,2,3,3,8,0,1,6,0,2,14,13,27,35,62,2,3,3,12,29,,9,13,29
281,lineup_07,0,0,20261106,1,road_building,0,1,107,7,5,14,3,1,3,2,0,0,0,12,2,1,4,8,27,27,54,4,4,4,4,6,82,62,18,18
281,lineup_07,0,0,20261106,2,roads_and_cities,1,1,107,10,10,11,0,4,0,0,0,1,0,7,2,4,1,17,26,31,57,1,3,3,13,15,59,23,43,15
281,lineup_07,0,0,20261106,3,port,0,1,107,4,4,2,0,2,6,0,0,0,0,0,0,2,6,23,26,31,57,1,1,1,0,,,84,8,8
282,lineup_07,0,1,20261107,0,full_ows,0,1,111,7,4,8,2,0,3,3,8,0,1,4,0,0,13,8,28,25,53,3,4,4,0,5,,,1,5
282,lineup_07,0,1,20261107,1,road_building,0,1,111,2,2,11,2,0,2,0,0,0,0,9,0,0,2,6,28,17,45,0,0,0,0,14,,,26,26
282,lineup_07,0,1,20261107,2,roads_and_cities,1,1,111,10,10,9,0,4,1,0,0,1,0,7,2,4,1,10,27,24,51,1,1,1,8,3,91,19,43,23
282,lineup_07,0,1,20261107,3,port,0,1,111,6,4,9,2,1,5,2,0,0,0,5,1,1,9,20,27,36,63,2,3,3,4,44,96,52,4,4
283,lineup_07,0,2,20261108,0,full_ows,1,1,81,10,6,8,0,2,4,4,5,0,1,4,0,2,11,9,20,26,46,2,3,3,0,25,,21,1,9
283,lineup_07,0,2,20261108,1,road_building,0,1,81,2,2,10,2,0,3,0,0,0,0,8,0,0,3,4,20,15,35,0,0,0,4,2,,,26,10
283,lineup_07,0,2,20261108,2,roads_and_cities,0,1,81,7,7,9,1,3,2,0,0,0,0,7,2,3,4,3,20,19,39,2,2,2,4,15,63,15,7,23
283,lineup_07,0,2,20261108,3,port,0,1,81,6,6,13,4,0,2,0,0,1,0,11,2,0,2,7,20,22,42,3,4,4,0,4,40,,60,4
284,lineup_07,0,3,20261109,0,full_ows,1,1,89,10,6,10,0,2,4,4,7,0,1,4,0,2,17,12,22,35,57,4,6,6,0,57,,29,5,9
284,lineup_07,0,3,20261109,1,road_building,0,1,89,3,3,5,3,0,3,0,0,0,0,3,1,0,3,6,22,13,35,0,0,0,0,10,82,,42,2
284,lineup_07,0,3,20261109,2,roads_and_cities,0,1,89,7,6,10,4,0,1,1,0,1,0,8,2,0,1,5,22,16,38,2,3,3,0,11,51,,23,11
284,lineup_07,0,3,20261109,3,port,0,1,89,4,4,7,2,1,4,0,0,0,0,5,1,1,4,10,22,21,43,3,5,5,9,28,60,68,44,28
285,lineup_07,0,4,20261110,0,full_ows,0,1,135,9,8,12,0,3,1,1,5,0,1,6,1,3,10,18,34,38,72,1,4,4,8,5,93,13,33,5
285,lineup_07,0,4,20261110,1,road_building,0,1,135,5,3,12,1,1,4,2,0,0,0,10,0,1,4,8,34,23,57,0,2,2,8,2,,122,10,22
285,lineup_07,0,4,20261110,2,roads_and_cities,1,1,135,10,10,15,2,3,0,0,0,1,0,13,3,3,0,11,33,30,63,0,0,0,6,3,111,31,,31
285,lineup_07,0,4,20261110,3,port,0,1,135,7,5,4,1,2,9,2,0,0,0,2,1,2,11,13,33,29,62,1,3,2,12,12,112,104,4,12
286,lineup_07,0,5,20261111,0,full_ows,0,1,139,7,6,13,0,2,1,1,9,0,1,9,0,2,14,13,35,38,73,1,8,7,9,1,,73,5,25
286,lineup_07,0,5,20261111,1,road_building,0,1,139,9,9,11,1,3,1,0,0,1,0,9,2,3,1,22,35,37,72,1,3,3,4,2,78,110,34,30
286,lineup_07,0,5,20261111,2,roads_and_cities,1,1,139,10,7,9,1,3,5,3,0,0,0,7,2,3,6,15,34,33,67,5,7,7,0,15,103,27,15,71
286,lineup_07,0,5,20261111,3,port,0,1,139,6,5,15,5,0,3,1,0,0,0,11,3,0,4,31,34,49,83,7,15,15,4,12,32,,20,8
287,lineup_07,0,6,20261112,0,full_ows,0,1,160,8,7,13,1,2,1,1,4,0,1,7,1,2,8,12,40,30,70,3,7,7,13,17,117,85,5,17
287,lineup_07,0,6,20261112,1,road_building,0,1,160,8,7,15,5,0,2,1,0,1,0,13,3,0,2,12,40,30,70,4,8,8,8,2,26,,122,38
287,lineup_07,0,6,20261112,2,roads_and_cities,0,1,160,6,6,15,2,2,6,0,0,0,0,13,2,2,8,11,40,36,76,2,5,5,4,7,75,143,27,7
287,lineup_07,0,6,20261112,3,port,1,1,160,10,7,13,3,2,6,3,0,0,0,11,3,2,7,18,39,41,80,2,7,7,17,8,68,148,16,8
288,lineup_07,0,7,20261113,0,full_ows,1,1,109,10,6,8,0,2,4,4,3,0,1,4,0,2,10,6,27,22,49,1,3,3,4,29,,93,13,17
288,lineup_07,0,7,20261113,1,road_building,0,1,109,2,2,15,2,0,2,0,0,0,0,13,0,0,2,3,27,18,45,3,4,4,0,2,,,34,14
288,lineup_07,0,7,20261113,2,roads_and_cities,0,1,109,6,6,13,0,2,3,0,0,1,0,11,0,2,3,8,27,24,51,2,3,3,8,43,,19,39,19
288,lineup_07,0,7,20261113,3,port,0,1,109,5,5,8,3,1,3,0,0,0,0,6,2,1,5,10,27,24,51,2,4,4,0,8,32,52,28,8
289,lineup_07,0,8,20261114,0,full_ows,1,1,157,10,8,9,0,3,3,2,7,0,1,5,1,3,11,15,39,35,74,7,12,12,8,13,153,125,13,9
289,lineup_07,0,8,20261114,1,road_building,0,1,157,7,7,15,5,0,2,0,0,1,0,13,3,0,3,15,39,34,73,0,3,3,9,2,118,,14,14
289,lineup_07,0,8,20261114,2,roads_and_cities,0,1,157,9,8,15,0,4,2,1,0,0,0,13,2,4,2,25,39,46,85,6,11,10,34,3,79,11,47,11
289,lineup_07,0,8,20261114,3,port,0,1,157,5,3,10,3,0,6,2,0,0,0,8,1,0,9,29,39,47,86,2,4,4,4,24,124,,16,8
290,lineup_07,0,9,20261115,0,full_ows,0,1,175,9,7,14,1,2,2,2,8,0,1,8,1,2,13,13,44,37,81,7,16,16,4,13,169,133,17,1
290,lineup_07,0,9,20261115,1,road_building,0,1,175,4,4,9,0,2,3,0,0,0,0,7,0,2,5,10,44,24,68,4,5,5,14,2,,146,50,50
290,lineup_07,0,9,20261115,2,roads_and_cities,1,1,175,10,8,14,0,3,3,2,0,1,0,12,1,3,4,13,43,33,76,3,6,6,8,3,39,127,19,19
290,lineup_07,0,9,20261115,3,port,0,1,175,7,6,15,2,2,3,1,0,0,0,13,2,2,3,13,43,33,76,8,13,13,12,4,92,144,20,8
291,lineup_07,1,0,20261116,0,road_building,0,1,147,9,8,15,4,1,4,1,0,1,0,13,3,1,5,8,37,30,67,4,8,8,8,13,81,141,5,9
291,lineup_07,1,0,20261116,1,roads_and_cities,0,1,147,9,8,8,0,4,5,1,0,0,0,6,2,4,8,24,37,44,81,1,3,3,28,42,78,34,22,22
291,lineup_07,1,0,20261116,2,port,1,1,147,10,9,15,1,4,4,1,0,0,0,13,3,4,4,22,36,46,82,6,11,11,21,3,79,63,11,7
291,lineup_07,1,0,20261116,3,full_ows,0,1,147,9,7,13,1,2,2,2,5,0,1,9,1,2,8,20,36,40,76,3,12,12,8,4,144,20,52,4
292,lineup_07,1,1,20261117,0,road_building,0,1,106,7,7,15,3,2,2,0,0,0,0,13,3,2,2,8,27,28,55,2,5,5,5,9,45,61,37,49
292,lineup_07,1,1,20261117,1,roads_and_cities,1,1,106,10,10,15,0,4,0,0,0,1,0,11,2,4,1,16,26,34,60,1,5,5,25,6,82,10,46,26
292,lineup_07,1,1,20261117,2,port,0,1,106,8,4,8,4,0,9,4,0,0,0,6,2,0,9,9,26,26,52,1,6,6,8,3,31,,7,55
292,lineup_07,1,1,20261117,3,full_ows,0,1,106,5,4,9,2,0,3,1,3,0,1,5,0,0,10,6,26,21,47,4,6,6,4,20,,,4,20
293,lineup_07,1,2,20261118,0,road_building,0,1,118,8,7,15,5,0,2,1,0,1,0,13,3,0,2,4,30,22,52,5,6,6,0,1,93,,29,29
293,lineup_07,1,2,20261118,1,roads_and_cities,1,1,118,10,9,15,1,4,3,1,0,0,0,11,3,4,5,8,29,31,60,2,4,4,5,2,106,50,14,62
293,lineup_07,1,2,20261118,2,port,0,1,118,5,4,6,0,2,6,1,0,0,0,4,0,2,7,17,29,30,59,4,7,7,8,63,,95,7,7
293,lineup_07,1,2,20261118,3,full_ows,0,1,118,9,7,11,1,2,2,2,6,0,1,7,1,2,11,15,29,36,65,3,7,7,9,52,116,16,8,8
294,lineup_07,1,3,20261119,0,road_building,0,1,116,2,2,13,2,0,2,0,0,0,0,11,0,0,2,7,29,20,49,0,0,0,0,9,,,13,13
294,lineup_07,1,3,20261119,1,roads_and_cities,0,1,116,6,6,7,0,3,4,0,0,0,0,5,1,3,6,8,29,23,52,0,0,0,5,2,106,46,10,10
294,lineup_07,1,3,20261119,2,port,0,1,116,7,5,8,3,0,8,2,0,1,0,6,1,0,8,17,29,32,61,2,5,5,0,3,107,,19,7
294,lineup_07,1,3,20261119,3,full_ows,1,1,116,10,7,8,1,2,3,3,3,0,1,4,1,2,9,13,28,29,57,2,2,2,8,16,116,76,8,8
295,lineup_07,1,4,20261120,0,road_building,0,1,182,5,5,15,3,1,2,0,0,0,0,13,2,1,4,11,46,31,77,5,7,7,38,5,101,177,17,21
295,lineup_07,1,4,20261120,1,roads_and_cities,1,1,182,10,8,13,2,3,6,2,0,0,0,11,3,3,7,10,45,34,79,3,6,6,13,2,134,162,34,18
295,lineup_07,1,4,20261120,2,port,0,1,182,9,7,15,5,1,6,2,0,0,0,11,4,1,8,16,45,40,85,5,10,10,32,7,87,167,7,19
295,lineup_07,1,4,20261120,3,full_ows,0,1,182,9,8,14,0,2,1,1,4,1,1,10,0,2,6,14,45,32,77,3,6,6,23,4,,108,32,4
296,lineup_07,1,5,20261121,0,road_building,0,1,84,2,2,11,2,0,1,0,0,0,0,9,0,0,1,3,21,13,34,0,1,1,0,1,,,69,13
296,lineup_07,1,5,20261121,1,roads_and_cities,0,1,84,5,4,8,0,2,7,1,0,0,0,6,0,2,9,10,21,27,48,0,0,0,8,30,,6,2,6
296,lineup_07,1,5,20261121,2,port,0,1,84,7,7,14,5,0,0,0,0,1,0,10,3,0,1,7,21,21,42,2,2,2,0,11,43,,47,19
296,lineup_07,1,5,20261121,3,full_ows,1,1,84,10,6,5,0,2,5,4,5,0,1,1,0,2,12,9,20,24,44,3,3,3,0,56,,20,12,8
297,lineup_07,1,6,20261122,0,road_building,0,1,83,4,4,15,4,0,2,0,0,0,0,13,2,0,2,8,21,25,46,5,6,6,0,1,17,,41,33
297,lineup_07,1,6,20261122,1,roads_and_cities,0,1,83,3,3,7,3,0,1,0,0,0,0,5,1,0,2,4,21,12,33,3,3,3,0,6,42,,50,6
297,lineup_07,1,6,20261122,2,port,1,1,83,10,9,11,3,2,2,1,0,1,0,9,3,2,2,7,20,23,43,2,4,4,4,11,31,59,15,7
297,lineup_07,1,6,20261122,3,full_ows,0,1,83,7,4,4,2,0,3,3,5,0,1,2,0,0,9,4,20,15,35,1,1,1,8,28,,,8,8
298,lineup_07,1,7,20261123,0,road_building,0,1,102,9,8,15,2,3,2,1,0,0,0,13,3,3,3,19,26,41,67,1,11,11,4,5,5,21,37,21
298,lineup_07,1,7,20261123,1,roads_and_cities,1,1,102,10,10,15,2,3,2,0,0,1,0,13,3,3,3,10,25,32,57,5,6,6,10,2,78,50,14,38
298,lineup_07,1,7,20261123,2,port,0,1,102,4,3,3,1,1,7,1,0,0,0,1,0,1,7,14,25,23,48,3,8,8,0,75,,31,47,23
298,lineup_07,1,7,20261123,3,full_ows,0,1,102,8,5,3,1,1,5,3,6,0,1,1,0,1,12,4,25,18,43,3,6,6,4,92,,32,4,44
299,lineup_07,1,8,20261124,0,road_building,1,1,101,10,7,12,5,0,8,3,0,1,0,10,3,0,8,4,25,25,50,4,5,5,8,1,17,,13,29
299,lineup_07,1,8,20261124,1,roads_and_cities,0,1,101,4,4,7,0,2,2,0,0,0,0,5,0,2,3,5,25,15,40,1,2,2,0,14,,26,6,34
299,lineup_07,1,8,20261124,2,port,0,1,101,6,5,11,3,1,6,1,0,0,0,7,2,1,8,7,25,25,50,7,15,14,9,31,39,71,19,19
299,lineup_07,1,8,20261124,3,full_ows,0,1,101,6,5,8,3,0,1,1,3,0,1,4,1,0,6,6,25,17,42,3,5,5,4,36,84,,8,36
300,lineup_07,1,9,20261125,0,road_building,0,1,179,8,7,15,3,1,3,1,0,1,0,13,2,1,4,15,45,35,80,4,8,8,16,1,65,165,13,17
300,lineup_07,1,9,20261125,1,roads_and_cities,0,1,179,9,8,14,0,4,4,1,0,0,0,12,2,4,5,19,45,42,87,4,6,6,12,2,122,110,2,10
300,lineup_07,1,9,20261125,2,port,1,1,179,10,8,15,4,2,8,2,0,0,0,13,4,2,9,13,44,41,85,6,12,12,25,7,23,163,3,7
300,lineup_07,1,9,20261125,3,full_ows,0,1,179,9,8,8,0,3,1,1,3,0,1,2,1,3,7,14,44,27,71,6,6,6,11,16,164,116,8,16
301,lineup_07,2,0,20261126,0,roads_and_cities,1,1,97,10,9,15,1,3,2,1,0,1,0,13,2,3,2,7,24,27,51,5,6,6,10,1,81,13,21,5
301,lineup_07,2,0,20261126,1,port,0,1,97,7,7,9,3,2,4,0,0,0,0,7,3,2,4,10,24,26,50,2,2,2,0,6,90,58,18,10
301,lineup_07,2,0,20261126,2,full_ows,0,1,97,6,6,6,0,2,3,0,4,0,1,4,0,2,8,7,24,21,45,3,5,5,5,19,,31,67,19
301,lineup_07,2,0,20261126,3,road_building,0,1,97,5,3,10,3,0,3,2,0,0,0,8,1,0,3,2,24,14,38,1,2,2,4,4,96,,32,32
302,lineup_07,2,1,20261127,0,roads_and_cities,1,1,105,10,10,13,0,4,1,0,0,1,0,11,2,4,1,18,26,36,62,1,2,2,4,13,65,41,9,9
302,lineup_07,2,1,20261127,1,port,0,1,105,3,2,7,2,0,3,1,0,0,0,5,0,0,3,13,26,21,47,5,5,5,0,2,,,2,2
302,lineup_07,2,1,20261127,2,full_ows,0,1,105,7,6,3,0,2,2,1,5,0,1,1,0,2,9,11,26,23,49,0,3,3,20,75,,7,3,15
302,lineup_07,2,1,20261127,3,road_building,0,1,105,7,6,14,2,2,3,1,0,0,0,10,2,2,4,8,26,26,52,6,8,8,4,4,80,44,20,40
303,lineup_07,2,2,20261128,0,roads_and_cities,0,1,134,9,6,14,0,3,5,3,0,0,0,12,1,3,8,20,34,44,78,2,14,13,0,37,101,33,5,37
303,lineup_07,2,2,20261128,1,port,1,1,134,10,9,12,1,4,2,1,0,0,0,10,3,4,2,24,33,43,76,3,5,5,15,2,34,42,18,38
303,lineup_07,2,2,20261128,2,full_ows,0,1,134,9,8,10,0,3,1,1,9,0,1,4,1,3,13,17,33,38,71,8,9,9,0,27,119,87,3,15
303,lineup_07,2,2,20261128,3,road_building,0,1,134,7,7,15,5,0,2,0,0,1,0,13,3,0,2,9,33,27,60,4,4,4,9,12,36,,80,32
304,lineup_07,2,3,20261129,0,roads_and_cities,0,1,112,3,2,7,2,0,4,1,0,0,0,5,0,0,4,7,28,16,44,1,1,1,0,13,,,53,41
304,lineup_07,2,3,20261129,1,port,0,1,112,4,3,13,3,0,1,1,0,0,0,9,1,0,3,14,28,27,55,2,3,3,4,2,86,,10,2
304,lineup_07,2,3,20261129,2,full_ows,0,1,112,5,5,8,1,1,0,0,3,0,1,6,0,1,4,10,28,21,49,1,2,2,0,3,,107,7,3
304,lineup_07,2,3,20261129,3,road_building,1,1,112,10,8,11,4,1,8,2,0,1,0,9,3,1,9,8,27,30,57,4,6,6,12,8,44,112,8,8
305,lineup_07,2,4,20261130,0,roads_and_cities,0,1,95,5,4,7,2,1,6,1,0,0,0,5,1,1,6,7,24,20,44,2,3,3,4,17,73,49,1,17
305,lineup_07,2,4,20261130,1,port,0,1,95,7,5,14,3,0,5,2,0,1,0,10,1,0,6,3,24,20,44,1,2,2,4,2,54,,6,62
305,lineup_07,2,4,20261130,2,full_ows,1,1,95,10,8,7,0,3,2,2,5,0,1,3,1,3,12,7,23,26,49,4,7,7,9,19,83,59,11,15
305,lineup_07,2,4,20261130,3,road_building,0,1,95,2,2,12,2,0,1,0,0,0,0,10,0,0,1,6,23,17,40,6,7,7,4,4,,,20,40
306,lineup_07,2,5,20261131,0,roads_and_cities,0,1,114,7,5,9,3,1,8,2,0,0,0,7,2,1,8,7,29,25,54,6,10,10,0,1,41,109,5,69
306,lineup_07,2,5,20261131,1,port,1,1,114,10,10,14,2,3,2,0,0,1,0,12,3,3,6,24,28,48,76,2,5,5,9,2,54,22,18,10
306,lineup_07,2,5,20261131,2,full_ows,0,1,114,6,4,9,2,0,2,2,6,0,1,3,0,0,10,7,28,20,48,5,9,9,4,3,,,7,43
306,lineup_07,2,5,20261131,3,road_building,0,1,114,6,5,15,3,1,1,1,0,0,0,13,2,1,1,11,28,28,56,4,7,7,0,8,96,32,84,24
307,lineup_07,2,6,20261132,0,roads_and_cities,0,1,139,8,8,15,0,4,5,0,0,0,0,13,2,4,6,12,35,37,72,2,6,6,4,1,25,97,9,13
307,lineup_07,2,6,20261132,1,port,0,1,139,9,7,15,3,2,9,2,0,0,0,11,3,2,10,20,35,46,81,8,13,10,6,38,58,134,2,10
307,lineup_07,2,6,20261132,2,full_ows,1,1,139,10,9,7,1,4,1,1,2,0,0,5,3,4,5,23,34,40,74,10,18,17,10,51,95,43,3,15
307,lineup_07,2,6,20261132,3,road_building,0,1,139,9,7,14,5,0,3,2,0,1,0,12,3,0,4,9,34,28,62,7,9,9,8,8,112,,40,12
308,lineup_07,2,7,20261133,0,roads_and_cities,0,1,82,7,6,15,0,3,3,1,0,0,0,13,1,3,3,10,21,30,51,2,3,3,0,1,73,25,13,29
308,lineup_07,2,7,20261133,1,port,1,1,82,10,10,13,0,4,0,0,0,1,0,11,2,4,1,23,20,41,61,4,4,4,0,22,50,6,34,6
308,lineup_07,2,7,20261133,2,full_ows,0,1,82,5,4,7,0,2,1,1,2,0,0,5,0,2,3,10,20,20,40,3,7,6,4,3,,11,19,19
308,lineup_07,2,7,20261133,3,road_building,0,1,82,5,5,15,5,0,1,0,0,0,0,13,3,0,2,5,20,23,43,4,6,6,0,4,12,,24,32
309,lineup_07,2,8,20261134,0,roads_and_cities,0,1,140,6,6,14,0,3,1,0,0,0,0,12,1,3,1,13,35,30,65,3,3,3,14,5,97,65,45,29
309,lineup_07,2,8,20261134,1,port,0,1,140,6,4,12,4,0,8,2,0,0,0,6,2,0,10,15,35,33,68,4,9,9,0,98,106,,2,54
309,lineup_07,2,8,20261134,2,full_ows,0,1,140,9,7,8,1,2,2,2,5,0,1,6,1,2,10,14,35,33,68,9,13,12,18,43,127,63,3,39
309,lineup_07,2,8,20261134,3,road_building,1,1,140,10,9,10,5,1,3,1,0,1,0,8,4,1,4,12,34,29,63,3,5,5,13,4,8,128,24,8
310,lineup_07,2,9,20261135,0,roads_and_cities,0,1,148,9,9,14,1,4,1,0,0,0,0,12,3,4,1,13,37,33,70,3,10,9,25,1,49,101,117,33
310,lineup_07,2,9,20261135,1,port,0,1,148,8,8,15,0,4,3,0,0,0,0,13,2,4,5,18,37,42,79,5,7,7,21,2,14,114,82,6
310,lineup_07,2,9,20261135,2,full_ows,0,1,148,9,6,15,0,2,3,3,5,0,1,11,0,2,11,15,37,39,76,6,19,13,9,7,,67,19,7
310,lineup_07,2,9,20261135,3,road_building,1,1,148,10,8,15,4,1,8,2,0,1,0,13,3,1,8,23,36,48,84,13,13,13,0,4,16,148,32,24
311,lineup_07,3,0,20261136,0,port,0,1,66,5,5,10,3,0,3,0,0,1,0,8,1,0,4,7,17,20,37,3,5,5,0,1,45,,33,13
311,lineup_07,3,0,20261136,1,full_ows,1,1,66,10,6,2,0,2,6,4,5,0,1,0,0,2,12,1,16,15,31,4,5,5,0,,,38,2,54
311,lineup_07,3,0,20261136,2,road_building,0,1,66,5,4,5,0,2,1,1,0,0,0,3,0,2,1,5,16,11,27,1,2,2,0,31,,15,31,7
311,lineup_07,3,0,20261136,3,roads_and_cities,0,1,66,3,3,10,1,1,5,0,0,0,0,8,0,1,5,2,16,16,32,4,6,6,0,16,,52,8,8
312,lineup_07,3,1,20261137,0,port,1,1,85,10,10,15,0,4,1,0,0,1,0,13,2,4,1,8,21,28,49,6,6,6,0,5,9,25,49,5
312,lineup_07,3,1,20261137,1,full_ows,0,1,85,7,6,7,2,1,1,1,4,0,1,5,1,1,6,5,21,18,39,1,1,1,0,10,58,78,42,34
312,lineup_07,3,1,20261137,2,road_building,0,1,85,2,2,15,2,0,0,0,0,0,0,13,0,0,0,4,21,17,38,0,0,0,9,3,,,,23
312,lineup_07,3,1,20261137,3,roads_and_cities,0,1,85,4,3,7,1,1,2,1,0,0,0,5,0,1,2,8,21,16,37,1,1,1,4,24,,60,4,4
313,lineup_07,3,2,20261138,0,port,0,1,122,6,6,13,4,0,3,0,0,1,0,11,2,0,3,7,31,23,54,8,9,9,0,1,57,,29,17
313,lineup_07,3,2,20261138,1,full_ows,1,1,122,10,7,9,1,2,3,3,8,0,1,5,1,2,13,17,30,38,68,1,2,2,4,46,122,18,14,6
313,lineup_07,3,2,20261138,2,road_building,0,1,122,6,6,15,4,1,1,0,0,0,0,13,3,1,2,15,30,34,64,4,4,4,12,3,55,119,63,55
313,lineup_07,3,2,20261138,3,roads_and_cities,0,1,122,9,7,15,1,3,5,2,0,0,0,13,2,3,7,15,30,40,70,6,6,6,18,20,84,48,16,40
314,lineup_07,3,3,20261139,0,port,0,1,80,5,3,4,1,1,5,2,0,0,0,2,0,1,6,2,20,11,31,4,4,4,4,65,,17,29,29
314,lineup_07,3,3,20261139,1,full_ows,0,1,80,8,5,8,1,1,3,3,4,0,1,4,0,1,9,6,20,20,40,1,2,2,0,18,,70,2,18
314,lineup_07,3,3,20261139,2,road_building,0,1,80,7,7,13,5,0,0,0,0,1,0,11,3,0,0,3,20,17,37,4,6,6,0,3,51,,,19
314,lineup_07,3,3,20261139,3,roads_and_cities,1,1,80,10,10,15,2,4,3,0,0,0,0,13,4,4,3,16,19,40,59,0,1,1,9,20,36,12,28,4
315,lineup_07,3,4,20261140,0,port,0,1,104,5,4,8,4,0,4,1,0,0,0,6,2,0,6,6,26,20,46,4,6,6,0,5,33,,17,33
315,lineup_07,3,4,20261140,1,full_ows,0,1,104,5,4,4,2,0,1,1,5,0,1,2,0,0,6,5,26,13,39,2,2,2,0,78,,,18,42
315,lineup_07,3,4,20261140,2,road_building,0,1,104,5,4,8,4,0,4,1,0,0,0,4,2,0,6,12,26,24,50,2,2,2,4,7,35,,11,3
315,lineup_07,3,4,20261140,3,roads_and_cities,1,1,104,10,8,14,2,2,3,2,0,1,0,10,2,2,4,3,25,21,46,5,6,6,0,20,72,92,4,16
316,lineup_07,3,5,20261141,0,port,0,1,102,3,3,10,3,0,4,0,0,0,0,8,1,0,5,6,26,20,46,4,5,5,12,5,65,,13,5
316,lineup_07,3,5,20261141,1,full_ows,1,1,102,10,7,6,1,2,4,3,7,0,1,2,1,2,14,8,25,27,52,0,1,1,17,50,102,74,2,38
316,lineup_07,3,5,20261141,2,road_building,0,1,102,6,5,9,3,0,2,1,0,1,0,7,1,0,3,4,25,15,40,1,2,2,4,11,71,,79,11
316,lineup_07,3,5,20261141,3,roads_and_cities,0,1,102,5,4,6,0,2,3,1,0,0,0,4,0,2,3,11,25,20,45,2,3,3,8,68,,32,24,32
317,lineup_07,3,6,20261142,0,port,0,1,140,7,6,15,2,2,3,1,0,0,0,13,2,2,4,30,35,51,86,7,8,8,0,1,61,129,57,1
317,lineup_07,3,6,20261142,1,full_ows,0,1,140,6,4,8,2,0,2,2,9,0,1,4,0,0,15,12,35,31,66,2,7,6,0,6,,,2,10
317,lineup_07,3,6,20261142,2,road_building,0,1,140,5,5,15,5,0,1,0,0,0,0,13,3,0,1,11,35,28,63,1,1,1,8,3,51,,27,19
317,lineup_07,3,6,20261142,3,roads_and_cities,1,1,140,10,8,13,4,1,4,2,0,1,0,9,3,1,5,10,34,28,62,4,7,7,4,16,36,140,4,60
318,lineup_07,3,7,20261143,0,port,0,1,70,8,7,8,1,2,3,1,0,1,0,2,1,2,5,10,18,20,38,1,1,1,0,9,45,21,17,1
318,lineup_07,3,7,20261143,1,full_ows,1,1,70,10,6,5,0,2,4,4,6,0,1,3,0,2,13,18,17,36,53,4,5,5,0,26,,6,22,2
318,lineup_07,3,7,20261143,2,road_building,0,1,70,3,3,10,3,0,1,0,0,0,0,8,1,0,1,4,17,14,31,3,3,3,0,7,27,,47,31
318,lineup_07,3,7,20261143,3,roads_and_cities,0,1,70,7,7,7,1,3,0,0,0,0,0,5,2,3,0,9,17,19,36,3,3,3,14,16,28,4,,16
319,lineup_07,3,8,20261144,0,port,0,1,148,7,6,15,4,1,3,1,0,0,0,11,3,1,4,17,37,36,73,2,6,6,0,1,37,145,57,1
319,lineup_07,3,8,20261144,1,full_ows,0,1,148,9,6,7,0,2,4,3,9,0,1,5,0,2,16,5,37,28,65,3,5,5,8,50,,74,2,78
319,lineup_07,3,8,20261144,2,road_building,0,1,148,9,8,15,4,1,3,1,0,1,0,13,3,1,3,10,37,30,67,7,7,7,17,3,43,147,63,35
319,lineup_07,3,8,20261144,3,roads_and_cities,1,1,148,10,10,15,2,4,1,0,0,0,0,13,4,4,2,11,36,34,70,4,10,9,31,12,48,28,4,20
320,lineup_07,3,9,20261145,0,port,0,1,130,4,4,13,4,0,7,0,0,0,0,9,2,0,10,26,33,47,80,3,5,5,0,25,37,,5,13
320,lineup_07,3,9,20261145,1,full_ows,1,1,130,10,6,8,2,1,4,4,4,0,1,4,1,1,11,8,32,25,57,1,2,2,4,22,130,114,2,14
320,lineup_07,3,9,20261145,2,road_building,0,1,130,9,8,12,4,1,2,1,0,1,0,10,3,1,2,11,32,27,59,6,7,7,4,7,83,127,39,11
320,lineup_07,3,9,20261145,3,roads_and_cities,0,1,130,4,4,15,0,2,2,0,0,0,0,13,0,2,2,12,32,29,61,5,6,6,4,12,,16,44,24
321,lineup_08,0,0,20261146,0,full_ows,1,1,53,10,8,7,0,2,2,2,4,1,1,5,0,2,6,6,13,19,32,2,5,5,0,5,,13,21,21
321,lineup_08,0,0,20261146,1,road_building,0,1,53,2,2,7,2,0,1,0,0,0,0,5,0,0,1,2,13,8,21,0,0,0,4,2,,,50,6
321,lineup_08,0,0,20261146,2,five_resource,0,1,53,5,4,9,2,1,4,1,0,0,0,7,1,1,5,5,13,19,32,0,1,1,5,11,35,11,23,35
321,lineup_08,0,0,20261146,3,port,0,1,53,5,4,6,4,0,4,1,0,0,0,4,2,0,4,3,13,13,26,3,4,4,0,8,20,,4,20
322,lineup_08,0,1,20261147,0,full_ows,1,1,101,10,7,6,1,2,3,3,7,0,1,4,1,2,12,12,25,31,56,1,4,4,13,33,101,5,5,25
322,lineup_08,0,1,20261147,1,road_building,0,1,101,6,6,9,4,0,1,0,0,1,0,7,2,0,2,6,25,17,42,2,5,5,5,2,30,,34,14
322,lineup_08,0,1,20261147,2,five_resource,0,1,101,5,5,8,3,1,3,0,0,0,0,4,2,1,4,4,25,15,40,2,2,2,8,19,75,67,3,39
322,lineup_08,0,1,20261147,3,port,0,1,101,5,3,7,3,0,5,2,0,0,0,3,1,0,7,13,25,24,49,2,6,6,0,16,88,,8,20
323,lineup_08,0,2,20261148,0,full_ows,0,1,115,8,5,6,3,0,3,3,5,0,1,4,1,0,10,8,29,23,52,1,4,4,0,33,105,,5,9
323,lineup_08,0,2,20261148,1,road_building,0,1,115,5,4,15,4,0,2,1,0,0,0,13,2,0,2,3,29,20,49,1,3,3,4,6,62,,6,6
323,lineup_08,0,2,20261148,2,five_resource,1,1,115,10,10,13,2,3,3,0,0,1,0,9,3,3,4,15,28,34,62,3,4,4,0,3,63,103,7,15
323,lineup_08,0,2,20261148,3,port,0,1,115,3,2,11,2,0,3,1,0,0,0,7,0,0,4,11,28,22,50,1,3,3,4,12,,,12,8
324,lineup_08,0,3,20261149,0,full_ows,1,1,121,10,7,10,1,2,3,3,8,0,1,6,1,2,15,23,30,47,77,8,12,11,12,21,121,45,5,17
324,lineup_08,0,3,20261149,1,road_building,0,1,121,9,9,13,5,1,0,0,0,1,0,11,4,1,0,15,30,31,61,1,3,3,14,2,22,70,,10
324,lineup_08,0,3,20261149,2,five_resource,0,1,121,7,6,15,4,1,6,1,0,0,0,13,3,1,6,16,30,39,69,5,7,7,0,3,51,107,7,7
324,lineup_08,0,3,20261149,3,port,0,1,121,6,5,6,1,2,2,1,0,0,0,2,1,2,4,17,30,26,56,0,2,2,8,92,120,36,4,4
325,lineup_08,0,4,20261150,0,full_ows,0,1,131,9,8,10,0,3,1,1,5,0,1,8,1,3,9,15,33,36,69,5,10,10,0,49,81,21,5,13
325,lineup_08,0,4,20261150,1,road_building,0,1,131,7,7,15,5,0,4,0,0,1,0,13,3,0,4,15,33,35,68,3,7,7,17,2,22,,30,22
325,lineup_08,0,4,20261150,2,five_resource,1,1,131,10,8,15,0,4,5,2,0,0,0,11,2,4,6,11,32,34,66,4,8,8,20,7,35,103,19,43
325,lineup_08,0,4,20261150,3,port,0,1,131,5,3,13,3,0,5,2,0,0,0,11,1,0,6,14,32,32,64,4,6,6,4,24,80,,4,4
326,lineup_08,0,5,20261151,0,full_ows,0,1,98,6,4,4,0,2,2,2,1,0,0,2,0,2,3,7,25,14,39,0,2,2,0,17,,37,5,5
326,lineup_08,0,5,20261151,1,road_building,1,1,98,10,10,9,2,3,0,0,0,1,0,7,3,3,0,13,24,26,50,1,1,1,0,2,42,14,,22
326,lineup_08,0,5,20261151,2,five_resource,0,1,98,4,2,5,2,0,6,2,0,0,0,3,0,0,9,10,24,22,46,1,1,1,4,3,,,27,3
326,lineup_08,0,5,20261151,3,port,0,1,98,5,4,8,0,2,4,1,0,0,0,4,0,2,5,11,24,22,46,0,1,1,16,24,,16,44,12
327,lineup_08,0,6,20261152,0,full_ows,0,1,111,8,7,7,1,2,1,1,7,0,1,5,1,2,9,10,28,27,55,7,8,8,0,1,109,89,13,13
327,lineup_08,0,6,20261152,1,road_building,0,1,111,7,7,15,5,0,3,0,0,1,0,13,3,0,3,9,28,28,56,0,2,2,0,22,50,,18,6
327,lineup_08,0,6,20261152,2,five_resource,1,1,111,10,8,10,0,4,3,2,0,0,0,8,2,4,5,29,27,48,75,2,3,3,4,23,47,7,39,11
327,lineup_08,0,6,20261152,3,port,0,1,111,7,5,15,1,2,5,2,0,0,0,9,1,2,8,13,27,33,60,1,4,4,8,8,48,32,16,8
328,lineup_08,0,7,20261153,0,full_ows,1,1,101,10,8,11,0,3,2,2,8,0,1,5,1,3,15,12,25,36,61,4,12,12,4,57,97,9,1,29
328,lineup_08,0,7,20261153,1,road_building,0,1,101,6,6,15,2,1,1,0,0,1,0,13,1,1,1,3,25,19,44,2,3,3,12,10,54,86,34,42
328,lineup_08,0,7,20261153,2,five_resource,0,1,101,7,6,11,2,2,6,1,0,0,0,9,2,2,6,10,25,29,54,3,5,5,12,7,47,27,11,43
328,lineup_08,0,7,20261153,3,port,0,1,101,9,7,15,5,1,2,2,0,0,0,13,4,1,3,10,25,31,56,4,4,4,9,4,12,84,68,12
329,lineup_08,0,8,20261154,0,full_ows,0,1,163,9,6,7,0,2,3,3,8,0,1,3,0,2,14,7,41,26,67,2,4,4,45,13,,65,13,21
329,lineup_08,0,8,20261154,1,road_building,0,1,163,7,7,13,3,1,3,0,0,1,0,11,2,1,3,16,41,33,74,1,6,6,22,2,66,146,14,14
329,lineup_08,0,8,20261154,2,five_resource,1,1,163,10,9,15,1,4,2,1,0,0,0,13,3,4,2,16,40,38,78,4,10,9,28,3,23,115,11,11
329,lineup_08,0,8,20261154,3,port,0,1,163,9,8,15,2,3,4,1,0,0,0,13,3,3,6,16,40,41,81,11,25,19,41,8,32,104,12,12
330,lineup_08,0,9,20261155,0,full_ows,1,1,89,10,8,9,0,2,3,2,7,1,1,3,0,2,14,8,22,27,49,3,4,4,10,69,,33,1,17
330,lineup_08,0,9,20261155,1,road_building,0,1,89,3,3,10,3,0,2,0,0,0,0,8,1,0,2,5,22,16,38,1,1,1,0,2,46,,74,10
330,lineup_08,0,9,20261155,2,five_resource,0,1,89,5,4,12,4,0,4,1,0,0,0,10,2,0,5,6,22,23,45,4,7,7,4,3,43,,11,19
330,lineup_08,0,9,20261155,3,port,0,1,89,5,3,6,3,0,3,2,0,0,0,4,1,0,4,4,22,13,35,2,2,2,4,28,52,,8,20
331,lineup_08,1,0,20261156,0,road_building,0,1,104,7,7,12,5,0,2,0,0,1,0,10,3,0,3,7,26,23,49,3,5,5,0,1,69,,17,17
331,lineup_08,1,0,20261156,1,five_resource,0,1,104,4,4,12,2,1,3,0,0,0,0,10,1,1,4,8,26,24,50,1,2,2,4,2,50,86,22,38
331,lineup_08,1,0,20261156,2,port,0,1,104,4,3,10,3,0,5,1,0,0,0,6,1,0,8,13,26,28,54,6,8,8,0,43,83,,3,3
331,lineup_08,1,0,20261156,3,full_ows,1,1,104,10,6,3,0,2,4,4,6,0,1,1,0,2,10,6,25,19,44,1,1,1,4,92,,12,4,32
332,lineup_08,1,1,20261157,0,road_building,0,1,127,6,5,11,3,0,4,1,0,1,0,9,1,0,4,1,32,15,47,3,7,7,8,1,57,,49,77
332,lineup_08,1,1,20261157,1,five_resource,0,1,127,8,7,15,3,2,3,1,0,0,0,13,3,2,5,11,32,34,66,4,6,6,6,2,42,78,62,26
332,lineup_08,1,1,20261157,2,port,1,1,127,10,9,15,1,4,5,1,0,0,0,11,3,4,6,23,31,47,78,4,10,10,0,3,47,107,11,27
332,lineup_08,1,1,20261157,3,full_ows,0,1,127,9,7,12,1,2,2,2,5,0,1,8,1,2,10,16,31,37,68,4,6,6,0,36,124,12,4,16
333,lineup_08,1,2,20261158,0,road_building,0,1,108,3,3,15,3,0,2,0,0,0,0,13,1,0,4,5,27,23,50,1,2,2,8,5,81,,13,29
333,lineup_08,1,2,20261158,1,five_resource,0,1,108,4,4,6,2,1,4,0,0,0,0,4,1,1,5,9,27,20,47,5,7,7,0,62,82,10,2,22
333,lineup_08,1,2,20261158,2,port,0,1,108,4,3,6,3,0,3,1,0,0,0,2,1,0,4,7,27,14,41,0,2,2,17,47,107,,11,7
333,lineup_08,1,2,20261158,3,full_ows,1,1,108,10,6,9,2,0,4,4,6,1,1,5,0,0,12,8,27,25,52,5,9,9,0,8,,,12,8
334,lineup_08,1,3,20261159,0,road_building,0,1,136,4,3,12,3,0,4,1,0,0,0,10,1,0,6,2,34,19,53,0,3,3,16,5,129,,5,17
334,lineup_08,1,3,20261159,1,five_resource,0,1,136,3,3,13,3,0,4,0,0,0,0,11,1,0,4,8,34,24,58,1,1,1,25,6,114,,14,6
334,lineup_08,1,3,20261159,2,port,0,1,136,7,6,11,4,0,5,1,0,1,0,9,2,0,5,27,34,43,77,6,7,7,5,15,47,,3,3
334,lineup_08,1,3,20261159,3,full_ows,1,1,136,10,7,9,1,2,3,3,3,0,1,3,1,2,10,14,33,30,63,6,7,7,5,28,136,44,4,20
335,lineup_08,1,4,20261160,0,road_building,0,1,98,6,6,14,2,2,5,0,0,0,0,12,2,2,5,6,25,27,52,9,11,11,6,1,21,37,25,29
335,lineup_08,1,4,20261160,1,five_resource,1,1,98,10,7,15,3,1,6,3,0,1,0,11,2,1,8,5,24,27,51,1,2,2,4,22,94,54,6,6
335,lineup_08,1,4,20261160,2,port,0,1,98,8,8,10,0,4,3,0,0,0,0,8,2,4,4,13,24,31,55,1,2,2,4,3,63,23,11,15
335,lineup_08,1,4,20261160,3,full_ows,0,1,98,5,4,6,0,2,1,1,1,0,0,2,0,2,5,5,24,14,38,2,3,3,4,32,,76,16,16
336,lineup_08,1,5,20261161,0,road_building,0,1,123,8,7,14,3,1,3,1,0,1,0,12,2,1,3,12,31,30,61,3,5,5,0,1,105,61,21,13
336,lineup_08,1,5,20261161,1,five_resource,0,1,123,7,7,13,3,2,2,0,0,0,0,11,3,2,3,13,31,32,63,8,11,11,0,2,30,106,10,22
336,lineup_08,1,5,20261161,2,port,1,1,123,10,6,6,0,3,9,4,0,0,0,2,1,3,12,6,30,24,54,1,9,6,27,47,111,71,3,23
336,lineup_08,1,5,20261161,3,full_ows,0,1,123,6,6,10,0,2,0,0,5,0,1,6,0,2,7,5,30,20,50,4,6,6,4,4,,72,4,12
337,lineup_08,1,6,20261162,0,road_building,0,1,88,4,3,7,3,0,3,1,0,0,0,5,1,0,3,6,22,15,37,0,0,0,5,1,73,,29,9
337,lineup_08,1,6,20261162,1,five_resource,0,1,88,4,3,5,3,0,4,1,0,0,0,3,1,0,6,5,22,15,37,0,0,0,5,26,86,,14,18
337,lineup_08,1,6,20261162,2,port,0,1,88,5,5,10,5,0,2,0,0,0,0,8,3,0,2,16,22,29,51,2,4,4,0,3,35,,79,19
337,lineup_08,1,6,20261162,3,full_ows,1,1,88,11,10,14,0,3,1,1,3,1,1,12,1,3,5,14,21,35,56,2,4,4,9,8,40,20,12,8
338,lineup_08,1,7,20261163,0,road_building,1,1,121,10,8,13,4,1,2,2,0,1,0,9,3,1,4,10,30,27,57,3,5,5,8,1,61,65,17,69
338,lineup_08,1,7,20261163,1,five_resource,0,1,121,6,5,15,5,0,2,1,0,0,0,11,3,0,3,12,30,29,59,3,5,5,10,2,46,,38,38
338,lineup_08,1,7,20261163,2,port,0,1,121,5,5,12,1,2,1,0,0,0,0,10,1,2,1,17,30,31,61,9,14,14,0,19,63,11,51,3
338,lineup_08,1,7,20261163,3,full_ows,0,1,121,8,6,12,0,2,2,2,12,0,1,10,0,2,17,19,30,48,78,2,6,6,20,32,,12,4,8
339,lineup_08,1,8,20261164,0,road_building,0,1,142,9,8,15,4,1,3,1,0,1,0,13,3,1,4,17,36,38,74,1,3,3,4,1,37,137,41,13
339,lineup_08,1,8,20261164,1,five_resource,1,1,142,10,9,15,5,2,3,1,0,0,0,11,5,2,5,25,35,48,83,3,6,6,0,2,30,90,14,10
339,lineup_08,1,8,20261164,2,port,0,1,142,4,4,10,4,0,5,0,0,0,0,8,2,0,6,12,35,28,63,8,12,12,14,27,43,,7,3
339,lineup_08,1,8,20261164,3,full_ows,0,1,142,9,6,6,0,2,3,3,5,0,1,2,0,2,10,10,35,24,59,3,6,6,8,52,,36,4,12
340,lineup_08,1,9,20261165,0,road_building,0,1,138,9,7,12,3,1,6,2,0,1,0,8,2,1,8,5,35,24,59,5,8,8,15,1,93,133,17,65
340,lineup_08,1,9,20261165,1,five_resource,1,1,138,10,9,15,1,4,4,1,0,0,0,13,3,4,4,12,34,36,70,7,10,10,0,14,102,82,18,14
340,lineup_08,1,9,20261165,2,port,0,1,138,6,5,13,5,0,3,1,0,0,0,11,3,0,3,25,34,42,76,7,12,12,4,3,55,,19,3
340,lineup_08,1,9,20261165,3,full_ows,0,1,138,6,5,6,1,1,1,1,6,0,1,4,0,1,10,7,34,22,56,4,9,9,0,12,,132,16,4
341,lineup_08,2,0,20261166,0,five_resource,0,1,91,5,5,4,1,2,3,0,0,0,0,2,1,2,5,9,23,19,42,2,3,3,17,49,85,37,9,49
341,lineup_08,2,0,20261166,1,port,0,1,91,9,8,10,0,3,1,1,0,1,0,8,1,3,1,4,23,17,40,0,3,3,4,2,74,54,66,14
341,lineup_08,2,0,20261166,2,full_ows,1,1,91,10,6,5,0,2,5,4,10,0,1,1,0,2,16,5,22,24,46,1,4,4,10,35,,43,7,7
341,lineup_08,2,0,20261166,3,road_building,0,1,91,2,2,9,2,0,1,0,0,0,0,7,0,0,3,2,22,12,34,2,2,2,8,4,,,20,24
342,lineup_08,2,1,20261167,0,five_resource,1,1,65,10,10,15,2,3,1,0,0,1,0,13,3,3,1,13,16,33,49,2,7,7,4,1,25,9,61,13
342,lineup_08,2,1,20261167,1,port,0,1,65,6,6,11,2,2,3,0,0,0,0,9,2,2,3,10,16,26,42,3,3,3,4,6,42,6,10,18
342,lineup_08,2,1,20261167,2,full_ows,0,1,65,7,6,6,0,2,2,1,5,0,1,2,0,2,9,8,16,21,37,2,3,3,4,7,,23,11,7
342,lineup_08,2,1,20261167,3,road_building,0,1,65,5,4,8,4,0,1,1,0,0,0,6,2,0,1,6,16,15,31,0,3,3,0,16,48,,32,4
343,lineup_08,2,2,20261168,0,five_resource,1,1,105,10,7,13,1,3,6,3,0,0,0,11,2,3,6,4,26,26,52,3,4,4,0,5,81,49,13,45
343,lineup_08,2,2,20261168,1,port,0,1,105,5,5,15,3,0,1,0,0,1,0,13,1,0,1,8,26,23,49,2,2,2,8,2,94,,14,6
343,lineup_08,2,2,20261168,2,full_ows,0,1,105,6,4,7,2,0,2,2,6,0,1,3,0,0,13,6,26,22,48,4,8,8,0,23,,,19,15
343,lineup_08,2,2,20261168,3,road_building,0,1,105,5,5,15,5,0,4,0,0,0,0,11,3,0,5,9,26,28,54,6,10,10,0,4,8,,36,16
344,lineup_08,2,3,20261169,0,five_resource,0,1,99,8,7,10,5,0,3,1,0,1,0,8,3,0,3,5,25,19,44,3,4,4,0,9,73,,13,49
344,lineup_08,2,3,20261169,1,port,0,1,99,6,6,13,2,2,1,0,0,0,0,11,2,2,1,18,25,34,59,3,3,3,0,10,42,30,62,6
344,lineup_08,2,3,20261169,2,full_ows,1,1,99,10,6,9,0,2,4,4,8,0,1,5,0,2,14,13,24,34,58,3,5,5,4,15,,23,3,7
344,lineup_08,2,3,20261169,3,road_building,0,1,99,6,6,15,0,3,1,0,0,0,0,11,1,3,3,8,24,26,50,5,5,5,4,8,72,28,4,4
345,lineup_08,2,4,20261170,0,five_resource,0,1,115,7,5,10,3,1,3,2,0,0,0,8,2,1,4,11,29,26,55,3,4,4,8,1,81,101,5,21
345,lineup_08,2,4,20261170,1,port,0,1,115,4,3,10,1,1,3,1,0,0,0,6,0,1,4,10,29,21,50,2,3,3,0,10,,58,26,10
345,lineup_08,2,4,20261170,2,full_ows,1,1,115,10,9,12,1,2,1,1,11,1,1,8,1,2,16,7,28,34,62,6,8,8,16,23,115,3,7,3
345,lineup_08,2,4,20261170,3,road_building,0,1,115,6,5,15,3,1,1,1,0,0,0,13,2,1,1,5,28,22,50,2,2,2,11,8,80,88,52,20
346,lineup_08,2,5,20261171,0,five_resource,0,1,116,5,5,9,5,0,2,0,0,0,0,7,3,0,4,13,29,27,56,3,6,6,0,21,53,,13,5
346,lineup_08,2,5,20261171,1,port,0,1,116,4,2,15,2,0,5,2,0,0,0,11,0,0,6,4,29,21,50,3,4,4,4,2,,,10,6
346,lineup_08,2,5,20261171,2,full_ows,0,1,116,6,5,6,1,1,1,1,7,0,1,2,0,1,11,4,29,18,47,1,4,4,8,23,,107,3,47
346,lineup_08,2,5,20261171,3,road_building,1,1,116,10,8,15,2,2,4,2,0,1,0,13,2,2,4,12,28,33,61,5,6,6,4,4,76,112,36,4
347,lineup_08,2,6,20261172,0,five_resource,0,1,152,4,3,15,3,0,5,1,0,0,0,13,1,0,5,7,38,26,64,3,6,6,9,5,133,,25,21
347,lineup_08,2,6,20261172,1,port,0,1,152,8,6,11,4,1,10,2,0,0,0,7,3,1,12,3,38,26,64,5,8,8,4,26,102,138,2,114
347,lineup_08,2,6,20261172,2,full_ows,0,1,152,5,3,14,1,1,2,2,2,0,0,10,0,1,8,14,38,33,71,7,17,17,0,27,,131,3,7
347,lineup_08,2,6,20261172,3,road_building,1,1,152,10,10,15,4,2,0,0,0,1,0,13,4,2,0,17,37,36,73,1,4,4,12,8,88,136,,28
348,lineup_08,2,7,20261173,0,five_resource,0,1,154,9,7,15,1,2,6,2,0,1,0,11,1,2,9,7,39,30,69,9,11,11,5,5,109,85,13,41
348,lineup_08,2,7,20261173,1,port,1,1,154,10,9,15,1,4,4,1,0,0,0,13,3,4,4,23,38,47,85,11,13,13,19,14,34,10,34,6
348,lineup_08,2,7,20261173,2,full_ows,0,1,154,7,6,5,0,2,1,1,6,0,1,3,0,2,9,10,38,24,62,4,8,8,14,19,,59,15,11
348,lineup_08,2,7,20261173,3,road_building,0,1,154,7,6,15,4,1,2,1,0,0,0,11,3,1,3,16,38,34,72,5,6,6,27,4,136,88,56,4
349,lineup_08,2,8,20261174,0,five_resource,1,1,117,10,8,15,0,4,4,2,0,0,0,13,2,4,5,12,29,36,65,3,4,4,10,1,17,57,5,21
349,lineup_08,2,8,20261174,1,port,0,1,117,8,8,15,0,3,1,0,0,1,0,13,1,3,1,9,29,27,56,3,3,3,4,2,106,62,66,10
349,lineup_08,2,8,20261174,2,full_ows,0,1,117,6,6,10,2,1,0,0,7,0,1,6,1,1,11,11,29,30,59,4,6,6,12,15,95,51,7,7
349,lineup_08,2,8,20261174,3,road_building,0,1,117,5,3,10,3,0,4,2,0,0,0,8,1,0,4,2,29,15,44,4,6,6,9,4,104,,28,8
350,lineup_08,2,9,20261175,0,five_resource,1,1,89,10,9,9,1,3,3,1,0,1,0,7,2,3,3,7,22,22,44,4,6,6,0,1,77,33,5,21
350,lineup_08,2,9,20261175,1,port,0,1,89,5,3,6,1,1,2,2,0,0,0,4,0,1,3,8,22,16,38,2,3,3,0,6,,74,2,2
350,lineup_08,2,9,20261175,2,full_ows,0,1,89,6,5,5,1,1,1,1,3,0,1,1,0,1,5,5,22,12,34,2,2,2,4,39,,19,3,31
350,lineup_08,2,9,20261175,3,road_building,0,1,89,3,2,11,2,0,5,1,0,0,0,9,0,0,7,6,22,22,44,2,3,3,0,16,,,16,8
351,lineup_08,3,0,20261176,0,port,0,1,106,7,6,13,4,1,3,1,0,0,0,9,3,1,5,9,27,27,54,1,5,5,5,1,57,97,13,37
351,lineup_08,3,0,20261176,1,full_ows,1,1,106,10,9,8,1,3,2,1,7,0,1,4,2,3,13,20,26,42,68,2,5,5,0,30,50,10,26,18
351,lineup_08,3,0,20261176,2,road_building,0,1,106,4,4,15,2,0,1,0,0,1,0,13,0,0,1,3,26,17,43,5,6,6,0,7,,,51,7
351,lineup_08,3,0,20261176,3,five_resource,0,1,106,6,3,10,3,0,6,3,0,0,0,8,1,0,6,3,26,18,44,3,4,4,8,12,100,,28,20
352,lineup_08,3,1,20261177,0,port,0,1,116,2,2,15,2,0,2,0,0,0,0,13,0,0,2,9,29,24,53,0,1,1,0,1,,,37,17
352,lineup_08,3,1,20261177,1,full_ows,0,1,116,7,6,3,0,2,2,1,4,0,1,1,0,2,7,8,29,18,47,1,1,1,5,98,,74,10,6
352,lineup_08,3,1,20261177,2,road_building,0,1,116,8,7,15,5,0,1,1,0,1,0,13,3,0,1,4,29,21,50,2,2,2,8,3,99,,99,39
352,lineup_08,3,1,20261177,3,five_resource,1,1,116,10,8,12,4,2,9,2,0,0,0,8,4,2,12,27,28,53,81,5,5,5,4,28,32,64,28,12
353,lineup_08,3,2,20261178,0,port,0,1,140,7,6,15,4,1,6,1,0,0,0,9,3,1,10,17,35,40,75,5,7,7,4,9,89,137,9,5
353,lineup_08,3,2,20261178,1,full_ows,0,1,140,9,6,5,0,2,3,3,4,0,1,3,0,2,8,9,35,22,57,1,3,3,13,10,,54,10,6
353,lineup_08,3,2,20261178,2,road_building,0,1,140,5,5,15,5,0,1,0,0,0,0,13,3,0,2,6,35,24,59,4,4,4,8,7,107,,11,3
353,lineup_08,3,2,20261178,3,five_resource,1,1,140,10,9,15,1,3,5,1,0,1,0,13,2,3,5,10,34,33,67,5,10,10,13,4,60,84,8,16
354,lineup_08,3,3,20261179,0,port,0,1,144,7,6,11,4,1,3,1,0,0,0,9,3,1,3,12,36,28,64,0,3,3,10,13,65,125,9,9
354,lineup_08,3,3,20261179,1,full_ows,0,1,144,8,6,7,0,2,2,2,4,0,1,3,0,2,9,16,36,30,66,3,3,3,0,6,,114,22,2
354,lineup_08,3,3,20261179,2,road_building,0,1,144,7,5,15,3,1,4,2,0,0,0,13,2,1,4,11,36,31,67,5,8,8,14,7,79,123,51,7
354,lineup_08,3,3,20261179,3,five_resource,1,1,144,10,10,15,0,4,7,0,0,1,0,13,2,4,9,20,35,48,83,7,7,7,12,4,56,80,20,4
355,lineup_08,3,4,20261180,0,port,0,1,114,3,3,10,3,0,2,0,0,0,0,8,1,0,2,18,29,29,58,2,3,3,4,9,53,,65,1
355,lineup_08,3,4,20261180,1,full_ows,1,1,114,10,6,7,0,2,4,4,6,0,1,3,0,2,13,13,28,31,59,0,2,2,8,26,,6,10,10
355,lineup_08,3,4,20261180,2,road_building,0,1,114,7,7,11,5,0,5,0,0,1,0,9,3,0,6,10,28,28,56,2,4,4,0,3,59,,7,7
355,lineup_08,3,4,20261180,3,five_resource,0,1,114,4,3,10,3,0,3,1,0,0,0,6,1,0,4,6,28,17,45,1,1,1,8,4,88,,24,16
356,lineup_08,3,5,20261181,0,port,0,1,140,5,4,12,0,2,4,1,0,0,0,8,0,2,6,9,35,25,60,2,2,2,0,9,,69,9,5
356,lineup_08,3,5,20261181,1,full_ows,0,1,140,7,5,10,1,1,2,2,4,0,1,6,0,1,9,13,35,29,64,2,5,5,0,30,,138,6,6
356,lineup_08,3,5,20261181,2,road_building,0,1,140,7,7,15,5,1,4,0,0,0,0,13,4,1,5,23,35,46,81,4,5,5,18,3,23,131,31,19
356,lineup_08,3,5,20261181,3,five_resource,1,1,140,10,8,13,0,3,5,2,0,1,0,11,1,3,5,7,34,27,61,7,10,10,8,8,88,52,24,8
357,lineup_08,3,6,20261182,0,port,0,1,166,7,6,15,4,0,2,1,0,1,0,13,2,0,2,10,42,27,69,3,9,8,4,13,97,,41,29
357,lineup_08,3,6,20261182,1,full_ows,1,1,166,10,8,8,0,3,2,2,7,0,1,4,1,3,12,8,41,28,69,3,7,7,8,2,150,130,22,14
357,lineup_08,3,6,20261182,2,road_building,0,1,166,6,5,15,5,0,3,1,0,0,0,13,3,0,3,11,41,30,71,6,7,7,26,7,59,,59,43
357,lineup_08,3,6,20261182,3,five_resource,0,1,166,7,6,9,0,3,5,1,0,0,0,5,1,3,8,12,41,29,70,3,9,8,23,20,84,116,8,28
358,lineup_08,3,7,20261183,0,port,0,1,83,2,2,4,2,0,2,0,0,0,0,2,0,0,2,11,21,15,36,1,3,3,0,9,,,29,5
358,lineup_08,3,7,20261183,1,full_ows,0,1,83,7,6,3,0,2,3,1,9,0,1,1,0,2,13,10,21,26,47,1,2,2,9,82,,38,14,10
358,lineup_08,3,7,20261183,2,road_building,1,1,83,10,8,9,2,2,4,2,0,1,0,7,2,2,6,8,20,25,45,3,3,3,4,3,55,43,3,7
358,lineup_08,3,7,20261183,3,five_resource,0,1,83,6,4,7,2,1,3,2,0,0,0,5,1,1,4,7,20,18,38,4,6,6,4,4,80,40,24,44
359,lineup_08,3,8,20261184,0,port,0,1,112,3,2,6,2,0,7,1,0,0,0,4,0,0,7,14,28,25,53,1,2,2,8,17,,,17,9
359,lineup_08,3,8,20261184,1,full_ows,0,1,112,6,6,10,0,2,0,0,1,1,0,8,0,2,3,8,28,21,49,4,6,6,0,6,,6,82,26
359,lineup_08,3,8,20261184,2,road_building,0,1,112,2,2,15,2,0,0,0,0,0,0,13,0,0,0,2,28,15,43,1,1,1,4,3,,,,15
359,lineup_08,3,8,20261184,3,five_resource,1,1,112,10,7,9,1,3,5,3,0,0,0,7,2,3,7,13,27,32,59,4,8,8,14,8,40,32,16,12
360,lineup_08,3,9,20261185,0,port,0,1,102,5,3,5,3,0,4,2,0,0,0,3,1,0,5,7,26,16,42,2,2,2,0,13,57,,9,5
360,lineup_08,3,9,20261185,1,full_ows,1,1,102,10,9,9,1,3,1,1,8,0,1,5,2,3,13,10,25,33,58,0,3,3,19,34,82,22,18,6
360,lineup_08,3,9,20261185,2,road_building,0,1,102,7,5,9,3,0,3,2,0,1,0,7,1,0,3,6,25,17,42,1,1,1,8,15,71,,15,7
360,lineup_08,3,9,20261185,3,five_resource,0,1,102,4,4,7,4,0,3,0,0,0,0,3,2,0,4,4,25,13,38,1,1,1,0,4,52,,28,24
361,lineup_09,0,0,20261186,0,full_ows,0,1,99,6,6,6,0,2,0,0,6,0,1,4,0,2,7,2,25,15,40,3,6,6,0,25,,69,5,49
361,lineup_09,0,0,20261186,1,roads_and_cities,0,1,99,6,5,11,3,1,2,1,0,0,0,9,2,1,4,4,25,20,45,4,6,6,4,2,70,78,30,38
361,lineup_09,0,0,20261186,2,five_resource,1,1,99,10,8,15,4,1,5,2,0,1,0,9,3,1,8,3,24,24,48,2,3,3,0,27,63,11,7,55
361,lineup_09,0,0,20261186,3,port,0,1,99,4,2,3,2,0,6,2,0,0,0,1,0,0,6,8,24,15,39,0,0,0,12,88,,,36,36
362,lineup_09,0,1,20261187,0,full_ows,1,1,97,10,8,3,0,3,4,2,7,0,1,1,1,3,13,5,24,23,47,3,10,9,0,21,97,65,13,81
362,lineup_09,0,1,20261187,1,roads_and_cities,0,1,97,6,6,8,0,3,0,0,0,0,0,6,1,3,0,9,24,19,43,0,0,0,4,2,78,30,,18
362,lineup_09,0,1,20261187,2,five_resource,0,1,97,7,6,11,0,2,4,1,0,1,0,9,0,2,5,1,24,17,41,4,5,5,4,11,,67,7,79
362,lineup_09,0,1,20261187,3,port,0,1,97,5,3,3,1,1,6,2,0,0,0,1,0,1,7,18,24,27,51,0,0,0,4,32,,96,8,4
363,lineup_09,0,2,20261188,0,full_ows,0,1,118,9,8,11,0,3,1,1,5,0,1,7,1,3,9,21,30,41,71,3,8,7,13,17,105,9,53,13
363,lineup_09,0,2,20261188,1,roads_and_cities,1,1,118,10,10,15,0,4,1,0,0,1,0,13,2,4,1,11,29,31,60,1,2,2,4,2,82,50,90,38
363,lineup_09,0,2,20261188,2,five_resource,0,1,118,3,3,12,3,0,3,0,0,0,0,10,1,0,4,7,29,22,51,3,4,4,4,7,115,,15,15
363,lineup_09,0,2,20261188,3,port,0,1,118,8,4,2,0,2,10,4,0,0,0,0,0,2,11,11,29,24,53,0,0,0,8,,,28,4,16
364,lineup_09,0,3,20261189,0,full_ows,1,1,113,10,6,8,0,2,4,4,4,0,1,4,0,2,10,14,28,30,58,3,3,3,5,29,,45,17,1
364,lineup_09,0,3,20261189,1,roads_and_cities,0,1,113,2,2,12,2,0,1,0,0,0,0,10,0,0,1,6,28,17,45,2,2,2,0,10,,,50,10
364,lineup_09,0,3,20261189,2,five_resource,0,1,113,3,3,13,3,0,2,0,0,0,0,11,1,0,3,3,28,18,46,3,5,5,8,3,95,,63,55
364,lineup_09,0,3,20261189,3,port,0,1,113,7,6,9,4,0,8,1,0,1,0,7,2,0,9,11,28,29,57,2,5,5,12,28,48,,12,8
365,lineup_09,0,4,20261190,0,full_ows,1,1,77,10,8,5,0,3,2,2,6,0,1,3,1,3,10,6,19,23,42,2,3,3,11,9,61,5,1,41
365,lineup_09,0,4,20261190,1,roads_and_cities,0,1,77,7,5,9,1,2,5,2,0,0,0,5,1,2,7,5,19,20,39,0,1,1,9,2,54,26,2,10
365,lineup_09,0,4,20261190,2,five_resource,0,1,77,6,6,10,0,2,0,0,0,1,0,8,0,2,1,4,19,15,34,0,6,6,4,15,,15,43,15
365,lineup_09,0,4,20261190,3,port,0,1,77,4,3,3,1,1,7,1,0,0,0,1,0,1,7,4,19,13,32,4,4,4,4,56,,72,8,4
366,lineup_09,0,5,20261191,0,full_ows,1,1,161,10,8,7,0,3,2,2,7,0,1,3,1,3,11,14,40,32,72,5,8,8,4,93,157,101,5,5
366,lineup_09,0,5,20261191,1,roads_and_cities,0,1,161,7,6,9,2,2,1,1,0,0,0,5,2,2,2,12,40,23,63,2,5,5,4,86,110,146,14,30
366,lineup_09,0,5,20261191,2,five_resource,0,1,161,9,9,15,5,1,2,0,0,1,0,13,4,1,3,15,40,36,76,0,6,6,13,3,79,143,39,19
366,lineup_09,0,5,20261191,3,port,0,1,161,4,2,6,2,0,7,2,0,0,0,4,0,0,9,21,40,34,74,3,8,8,13,44,,,8,8
367,lineup_09,0,6,20261192,0,full_ows,0,1,140,8,5,8,1,1,3,3,7,0,1,4,0,1,14,8,35,27,62,2,6,6,0,49,,121,1,17
367,lineup_09,0,6,20261192,1,roads_and_cities,0,1,140,5,5,11,5,0,1,0,0,0,0,9,3,0,1,14,35,27,62,1,3,3,4,2,58,,70,2
367,lineup_09,0,6,20261192,2,five_resource,0,1,140,7,5,14,1,1,6,2,0,1,0,10,0,1,8,10,35,29,64,2,5,5,0,3,,123,11,23
367,lineup_09,0,6,20261192,3,port,1,1,140,10,10,15,2,4,2,0,0,0,0,13,4,4,2,23,34,46,80,4,9,9,11,4,28,112,68,52
368,lineup_09,0,7,20261193,0,full_ows,0,1,140,8,6,3,0,2,3,2,9,0,1,1,0,2,14,12,35,29,64,4,6,6,4,105,,97,1,17
368,lineup_09,0,7,20261193,1,roads_and_cities,0,1,140,9,8,12,0,4,3,1,0,0,0,10,2,4,3,24,35,43,78,2,2,2,4,2,18,70,94,2
368,lineup_09,0,7,20261193,2,five_resource,0,1,140,8,7,15,5,1,2,1,0,0,0,11,4,1,5,15,35,36,71,4,5,5,10,3,39,135,27,19
368,lineup_09,0,7,20261193,3,port,1,1,140,10,9,15,5,1,2,1,0,1,0,13,4,1,2,13,34,33,67,5,5,5,0,4,72,128,116,24
369,lineup_09,0,8,20261194,0,full_ows,1,1,53,10,6,3,0,2,4,4,3,0,1,1,0,2,9,4,13,16,29,2,2,2,0,49,,17,1,21
369,lineup_09,0,8,20261194,1,roads_and_cities,0,1,53,3,3,7,3,0,1,0,0,0,0,5,1,0,1,4,13,11,24,1,2,2,5,18,26,,46,2
369,lineup_09,0,8,20261194,2,five_resource,0,1,53,6,6,10,4,0,1,0,0,1,0,6,2,0,3,6,13,17,30,0,2,2,0,11,39,,3,19
369,lineup_09,0,8,20261194,3,port,0,1,53,3,3,7,3,0,2,0,0,0,0,3,1,0,3,2,13,9,22,0,3,3,0,8,28,,4,24
370,lineup_09,0,9,20261195,0,full_ows,0,1,130,8,7,12,1,2,1,1,6,0,1,6,1,2,12,8,33,29,62,7,19,19,0,29,121,73,13,13
370,lineup_09,0,9,20261195,1,roads_and_cities,1,1,130,10,9,15,1,4,3,1,0,0,0,13,3,4,3,18,32,41,73,4,4,4,0,2,114,70,26,14
370,lineup_09,0,9,20261195,2,five_resource,0,1,130,7,4,12,2,1,5,3,0,0,0,10,1,1,6,12,32,30,62,4,5,5,0,39,119,107,15,7
370,lineup_09,0,9,20261195,3,port,0,1,130,7,7,15,5,0,4,0,0,1,0,13,3,0,4,12,32,32,64,2,12,11,0,4,36,,44,8
371,lineup_09,1,0,20261196,0,roads_and_cities,0,1,140,5,4,8,2,1,4,1,0,0,0,6,1,1,6,18,35,32,67,2,2,2,0,9,133,93,5,13
371,lineup_09,1,0,20261196,1,five_resource,0,1,140,3,2,4,2,0,4,1,0,0,0,2,0,0,4,5,35,11,46,0,0,0,17,58,,,38,38
371,lineup_09,1,0,20261196,2,port,0,1,140,9,8,15,4,1,4,1,0,1,0,13,3,1,6,10,35,33,68,4,5,5,9,7,39,139,35,15
371,lineup_09,1,0,20261196,3,full_ows,1,1,140,10,8,9,0,3,2,2,5,0,1,3,1,3,9,13,34,29,63,2,4,4,4,40,140,104,12,40
372,lineup_09,1,1,20261197,0,roads_and_cities,1,1,109,10,7,8,1,3,4,3,0,0,0,6,2,3,6,10,27,27,54,8,11,11,6,9,89,41,21,9
372,lineup_09,1,1,20261197,1,five_resource,0,1,109,7,7,9,3,1,3,0,0,1,0,7,2,1,3,13,27,26,53,4,6,6,12,2,30,94,10,10
372,lineup_09,1,1,20261197,2,port,0,1,109,4,3,8,3,0,4,1,0,0,0,6,1,0,5,9,27,21,48,3,4,4,0,31,35,,3,43
372,lineup_09,1,1,20261197,3,full_ows,0,1,109,7,6,8,0,2,1,1,7,0,1,2,0,2,11,11,27,26,53,5,7,7,4,16,,76,4,20
373,lineup_09,1,2,20261198,0,roads_and_cities,1,1,105,10,9,15,5,1,2,1,0,1,0,13,4,1,3,5,26,26,52,4,5,5,4,1,49,81,5,33
373,lineup_09,1,2,20261198,1,five_resource,0,1,105,2,2,11,2,0,1,0,0,0,0,9,0,0,1,4,26,14,40,1,1,1,4,2,,,58,6
373,lineup_09,1,2,20261198,2,port,0,1,105,4,4,12,4,0,1,0,0,0,0,10,2,0,2,14,26,28,54,7,11,11,0,7,59,,35,7
373,lineup_09,1,2,20261198,3,full_ows,0,1,105,7,4,7,2,0,3,3,7,0,1,3,0,0,12,7,26,22,48,3,5,5,0,80,,,12,4
374,lineup_09,1,3,20261199,0,roads_and_cities,0,1,112,6,6,15,2,2,1,0,0,0,0,13,2,2,1,9,28,27,55,3,6,6,8,1,97,5,97,13
374,lineup_09,1,3,20261199,1,five_resource,0,1,112,7,5,12,3,0,6,2,0,1,0,8,1,0,9,9,28,27,55,4,7,7,4,30,54,,6,6
374,lineup_09,1,3,20261199,2,port,0,1,112,3,3,11,3,0,5,0,0,0,0,9,1,0,5,8,28,23,51,6,7,7,12,3,103,,31,43
374,lineup_09,1,3,20261199,3,full_ows,1,1,112,10,7,7,1,2,3,3,4,0,1,3,1,2,10,11,27,27,54,2,3,3,8,28,112,8,8,28
375,lineup_09,1,4,20261200,0,roads_and_cities,0,1,76,4,4,8,0,2,1,0,0,0,0,6,0,2,1,7,19,16,35,0,1,1,5,1,,21,65,1
375,lineup_09,1,4,20261200,1,five_resource,0,1,76,6,4,8,4,0,3,2,0,0,0,6,2,0,3,3,19,14,33,2,2,2,0,2,74,,38,22
375,lineup_09,1,4,20261200,2,port,0,1,76,4,4,8,4,0,3,0,0,0,0,4,2,0,4,5,19,15,34,1,4,4,0,7,31,,27,7
375,lineup_09,1,4,20261200,3,full_ows,1,1,76,10,8,11,0,2,2,2,3,1,1,9,0,2,7,10,19,28,47,2,6,6,4,8,,24,16,8
376,lineup_09,1,5,20261201,0,roads_and_cities,0,1,92,4,4,13,2,1,5,0,0,0,0,11,1,1,5,7,23,25,48,4,7,7,4,9,33,73,45,5
376,lineup_09,1,5,20261201,1,five_resource,0,1,92,7,6,11,4,0,3,1,0,1,0,9,2,0,3,6,23,20,43,5,6,6,0,18,66,,14,14
376,lineup_09,1,5,20261201,2,port,0,1,92,4,4,7,2,1,2,0,0,0,0,5,1,1,5,12,23,24,47,2,4,4,16,51,67,11,3,3
376,lineup_09,1,5,20261201,3,full_ows,1,1,92,10,6,7,0,2,5,4,3,0,1,1,0,2,11,9,23,23,46,4,10,7,8,32,,28,16,20
377,lineup_09,1,6,20261202,0,roads_and_cities,0,1,158,9,9,15,1,4,2,0,0,0,0,11,3,4,4,21,40,43,83,5,10,10,0,13,69,97,33,49
377,lineup_09,1,6,20261202,1,five_resource,1,1,158,10,9,15,3,2,4,1,0,1,0,13,3,2,4,12,39,34,73,2,4,4,12,6,62,78,2,78
377,lineup_09,1,6,20261202,2,port,0,1,158,9,8,7,0,4,4,1,0,0,0,3,2,4,5,28,39,42,81,3,3,3,12,43,123,59,27,23
377,lineup_09,1,6,20261202,3,full_ows,0,1,158,9,6,11,0,2,3,3,6,0,1,9,0,2,12,7,39,30,69,8,13,13,4,32,,136,4,32
378,lineup_09,1,7,20261203,0,roads_and_cities,0,1,110,5,4,15,2,0,1,1,0,1,0,13,0,0,1,15,28,29,57,4,7,7,4,5,,,81,5
378,lineup_09,1,7,20261203,1,five_resource,1,1,110,10,9,15,3,3,4,1,0,0,0,13,4,3,4,14,27,38,65,2,2,2,8,2,18,42,70,26
378,lineup_09,1,7,20261203,2,port,0,1,110,5,5,8,1,2,4,0,0,0,0,2,1,2,7,31,27,43,70,5,5,5,5,23,31,39,19,3
378,lineup_09,1,7,20261203,3,full_ows,0,1,110,9,6,5,0,2,3,3,7,0,1,3,0,2,13,7,27,25,52,1,1,1,8,44,,8,56,44
379,lineup_09,1,8,20261204,0,roads_and_cities,1,1,117,10,10,9,0,4,5,0,0,1,0,7,2,4,5,18,29,36,65,4,7,6,16,9,33,45,41,1
379,lineup_09,1,8,20261204,1,five_resource,0,1,117,6,2,8,2,0,9,4,0,0,0,6,0,0,10,3,29,19,48,2,5,5,0,42,,,18,86
379,lineup_09,1,8,20261204,2,port,0,1,117,4,4,9,4,0,2,0,0,0,0,7,2,0,3,15,29,27,56,6,11,11,0,7,59,,83,11
379,lineup_09,1,8,20261204,3,full_ows,0,1,117,6,5,2,1,1,2,1,3,0,1,0,0,1,7,4,29,12,41,2,5,5,13,,,84,8,16
380,lineup_09,1,9,20261205,0,roads_and_cities,0,1,92,5,5,6,1,2,1,0,0,0,0,4,1,2,1,11,23,19,42,6,8,8,0,25,61,25,45,17
380,lineup_09,1,9,20261205,1,five_resource,0,1,92,4,4,12,4,0,1,0,0,0,0,10,2,0,1,2,23,15,38,7,8,8,8,2,38,,58,66
380,lineup_09,1,9,20261205,2,port,0,1,92,6,4,13,2,0,4,2,0,1,0,11,0,0,5,1,23,17,40,2,5,5,0,3,,,15,91
380,lineup_09,1,9,20261205,3,full_ows,1,1,92,10,7,7,1,2,3,3,11,0,1,3,1,2,18,10,22,34,56,2,7,7,4,8,92,20,4,8
381,lineup_09,2,0,20261206,0,five_resource,1,1,109,10,10,15,2,3,2,0,0,1,0,11,3,3,3,10,27,30,57,4,4,4,0,5,33,77,13,5
381,lineup_09,2,0,20261206,1,port,0,1,109,5,5,15,5,0,0,0,0,0,0,13,3,0,0,16,27,32,59,2,4,4,0,2,38,,,38
381,lineup_09,2,0,20261206,2,full_ows,0,1,109,9,5,3,1,1,4,4,3,0,1,1,0,1,10,4,27,16,43,3,4,4,12,63,,107,15,7
381,lineup_09,2,0,20261206,3,roads_and_cities,0,1,109,8,8,14,0,4,2,0,0,0,0,12,2,4,3,16,27,37,64,8,9,9,4,20,64,8,76,8
382,lineup_09,2,1,20261207,0,five_resource,1,1,117,10,10,15,2,3,1,0,0,1,0,13,3,3,1,22,29,42,71,2,2,2,8,1,49,13,85,17
382,lineup_09,2,1,20261207,1,port,0,1,117,4,4,15,4,0,2,0,0,0,0,13,2,0,2,6,29,23,52,6,6,6,0,6,86,,90,6
382,lineup_09,2,1,20261207,2,full_ows,0,1,117,9,7,10,1,2,3,2,6,0,1,6,1,2,12,9,29,30,59,3,8,8,4,47,103,3,7,15
382,lineup_09,2,1,20261207,3,roads_and_cities,0,1,117,9,7,12,1,3,4,2,0,0,0,8,2,3,5,6,29,24,53,1,6,6,12,4,56,68,12,4
383,lineup_09,2,2,20261208,0,five_resource,0,1,103,5,4,15,2,0,4,1,0,1,0,11,0,0,6,2,26,19,45,5,5,5,0,5,,,5,5
383,lineup_09,2,2,20261208,1,port,0,1,103,6,5,13,5,0,3,1,0,0,0,11,3,0,3,17,26,34,60,3,5,5,0,2,42,,38,6
383,lineup_09,2,2,20261208,2,full_ows,1,1,103,10,7,11,1,2,4,3,7,0,1,7,1,2,15,13,25,38,63,2,3,3,11,55,103,15,23,15
383,lineup_09,2,2,20261208,3,roads_and_cities,0,1,103,5,5,7,1,2,1,0,0,0,0,5,1,2,1,7,25,16,41,1,1,1,4,44,96,8,80,16
384,lineup_09,2,3,20261209,0,five_resource,0,1,91,7,7,5,1,3,2,0,0,0,0,3,2,3,3,7,23,18,41,0,0,0,4,1,69,45,25,9
384,lineup_09,2,3,20261209,1,port,0,1,91,4,4,5,0,2,2,0,0,0,0,3,0,2,3,7,23,15,38,1,1,1,0,2,,54,18,2
384,lineup_09,2,3,20261209,2,full_ows,1,1,91,10,6,4,0,2,4,4,6,0,1,2,0,2,11,5,22,20,42,2,6,6,0,23,,47,11,3
384,lineup_09,2,3,20261209,3,roads_and_cities,0,1,91,9,9,8,1,3,0,0,0,1,0,6,2,3,1,4,22,16,38,3,5,5,9,8,84,52,36,20
385,lineup_09,2,4,20261210,0,five_resource,1,1,81,10,9,14,1,3,5,1,0,1,0,12,2,3,6,6,20,29,49,7,9,9,4,1,37,17,9,25
385,lineup_09,2,4,20261210,1,port,0,1,81,5,5,11,3,1,1,0,0,0,0,9,2,1,2,13,20,27,47,4,5,5,0,14,34,78,46,14
385,lineup_09,2,4,20261210,2,full_ows,0,1,81,5,4,5,0,2,1,1,1,0,0,3,0,2,3,11,20,19,39,1,3,3,0,47,,3,11,11
385,lineup_09,2,4,20261210,3,roads_and_cities,0,1,81,4,4,14,4,0,0,0,0,0,0,12,2,0,0,6,20,20,40,6,9,9,0,4,48,,,24
386,lineup_09,2,5,20261211,0,five_resource,0,1,131,7,6,14,4,0,4,1,0,1,0,10,2,0,5,13,33,30,63,3,8,8,0,5,37,,17,9
386,lineup_09,2,5,20261211,1,port,0,1,131,4,4,15,4,0,2,0,0,0,0,13,2,0,3,5,33,23,56,3,4,4,4,2,110,,46,10
386,lineup_09,2,5,20261211,2,full_ows,1,1,131,10,8,7,0,3,2,2,6,0,1,3,1,3,10,10,32,27,59,6,8,8,9,19,123,71,3,7
386,lineup_09,2,5,20261211,3,roads_and_cities,0,1,131,5,3,4,1,1,5,2,0,0,0,2,0,1,7,11,32,21,53,1,1,1,13,92,,92,4,4
387,lineup_09,2,6,20261212,0,five_resource,1,1,145,10,7,13,1,3,6,3,0,0,0,11,2,3,7,13,36,36,72,5,8,8,8,5,45,109,9,21
387,lineup_09,2,6,20261212,1,port,0,1,145,8,8,15,4,2,4,0,0,0,0,13,4,2,6,14,36,39,75,4,6,6,4,2,66,126,30,10
387,lineup_09,2,6,20261212,2,full_ows,0,1,145,6,4,7,2,0,2,2,7,0,1,3,0,0,11,13,36,27,63,3,3,3,0,75,,,3,3
387,lineup_09,2,6,20261212,3,roads_and_cities,0,1,145,7,7,15,3,1,0,0,0,1,0,11,2,1,1,8,36,23,59,4,6,6,15,4,104,120,32,16
388,lineup_09,2,7,20261213,0,five_resource,0,1,80,5,3,6,1,1,3,2,0,0,0,4,0,1,3,2,20,10,30,4,6,6,5,1,,37,5,65
388,lineup_09,2,7,20261213,1,port,0,1,80,3,3,8,3,0,1,0,0,0,0,6,1,0,2,12,20,21,41,3,3,3,0,2,22,,26,2
388,lineup_09,2,7,20261213,2,full_ows,0,1,80,7,6,6,0,2,1,1,7,0,1,4,0,2,8,5,20,19,39,2,3,3,0,15,,43,7,31
388,lineup_09,2,7,20261213,3,roads_and_cities,1,1,80,10,9,15,1,3,2,1,0,1,0,13,2,3,3,10,19,31,50,4,4,4,8,12,40,16,8,8
389,lineup_09,2,8,20261214,0,five_resource,0,1,116,9,9,12,1,4,1,0,0,0,0,10,3,4,1,15,29,33,62,2,4,4,0,33,45,37,101,13
389,lineup_09,2,8,20261214,1,port,0,1,116,7,7,15,5,0,2,0,0,1,0,11,3,0,4,7,29,25,54,2,2,2,4,2,50,,62,14
389,lineup_09,2,8,20261214,2,full_ows,0,1,116,9,6,8,0,2,3,3,3,0,1,6,0,2,8,18,29,34,63,3,4,4,9,11,,47,3,7
389,lineup_09,2,8,20261214,3,roads_and_cities,1,1,116,10,10,15,2,4,0,0,0,0,0,13,4,4,0,10,28,31,59,5,7,7,4,4,88,76,,24
390,lineup_09,2,9,20261215,0,five_resource,0,1,132,5,4,15,0,2,7,1,0,0,0,13,0,2,8,5,33,28,61,4,5,5,9,5,,21,17,13
390,lineup_09,2,9,20261215,1,port,0,1,132,5,5,11,3,1,1,0,0,0,0,9,2,1,2,15,33,29,62,5,13,10,13,6,34,118,14,22
390,lineup_09,2,9,20261215,2,full_ows,0,1,132,8,5,4,1,1,4,3,4,0,1,2,0,1,10,9,33,22,55,3,6,6,0,75,,127,3,15
390,lineup_09,2,9,20261215,3,roads_and_cities,1,1,132,10,9,15,3,2,4,1,0,1,0,11,3,2,5,15,32,36,68,8,27,17,0,8,52,124,4,52
391,lineup_09,3,0,20261216,0,port,1,1,113,10,8,12,0,4,5,2,0,0,0,10,2,4,6,28,28,50,78,2,4,4,6,29,61,41,5,9
391,lineup_09,3,0,20261216,1,full_ows,0,1,113,5,4,10,2,0,1,1,1,1,0,6,0,0,3,11,28,20,48,1,1,1,0,14,,,10,10
391,lineup_09,3,0,20261216,2,roads_and_cities,0,1,113,3,3,11,3,0,4,0,0,0,0,7,1,0,5,6,28,19,47,4,7,7,0,3,91,,31,39
391,lineup_09,3,0,20261216,3,five_resource,0,1,113,7,6,10,4,1,6,1,0,0,0,8,3,1,9,14,28,35,63,7,9,9,4,8,60,28,4,28
392,lineup_09,3,1,20261217,0,port,0,1,148,7,5,13,5,0,6,2,0,0,0,11,3,0,6,18,37,38,75,3,5,5,4,33,97,,21,17
392,lineup_09,3,1,20261217,1,full_ows,0,1,148,8,7,10,1,2,1,1,6,0,1,4,1,2,11,11,37,29,66,5,6,6,5,54,138,26,2,34
392,lineup_09,3,1,20261217,2,roads_and_cities,0,1,148,9,9,12,1,4,2,0,0,0,0,10,3,4,3,23,37,43,80,5,9,9,13,7,111,83,7,23
392,lineup_09,3,1,20261217,3,five_resource,1,1,148,10,8,15,4,1,4,2,0,1,0,13,3,1,5,12,36,34,70,1,5,5,12,12,116,80,36,12
393,lineup_09,3,2,20261218,0,port,0,1,134,8,7,12,5,0,5,1,0,1,0,10,3,0,5,8,34,26,60,4,7,6,5,1,101,,9,25
393,lineup_09,3,2,20261218,1,full_ows,1,1,134,10,8,10,0,3,2,2,8,0,1,6,1,3,13,10,33,33,66,4,6,6,14,30,106,74,2,50
393,lineup_09,3,2,20261218,2,roads_and_cities,0,1,134,3,3,15,3,0,0,0,0,0,0,13,1,0,0,10,33,24,57,7,8,8,4,27,123,,,11
393,lineup_09,3,2,20261218,3,five_resource,0,1,134,6,4,10,4,0,4,2,0,0,0,6,2,0,7,17,33,32,65,4,6,6,0,16,68,,12,8
394,lineup_09,3,3,20261219,0,port,0,1,135,4,4,14,4,0,4,0,0,0,0,10,2,0,6,10,34,28,62,1,4,4,4,37,73,,13,13
394,lineup_09,3,3,20261219,1,full_ows,0,1,135,8,6,6,0,2,2,2,6,0,1,4,0,2,11,18,34,35,69,4,7,7,9,90,,14,2,34
394,lineup_09,3,3,20261219,2,roads_and_cities,1,1,135,10,8,15,2,2,4,2,0,1,0,13,2,2,4,8,33,29,62,3,5,5,12,7,71,51,23,11
394,lineup_09,3,3,20261219,3,five_resource,0,1,135,4,3,9,3,0,4,1,0,0,0,7,1,0,4,9,33,21,54,6,7,7,0,20,104,,8,20
395,lineup_09,3,4,20261220,0,port,0,1,134,5,5,15,5,0,5,0,0,0,0,11,3,0,6,18,34,38,72,5,10,10,0,1,29,,5,25
395,lineup_09,3,4,20261220,1,full_ows,1,1,134,10,6,2,0,2,4,4,4,0,1,0,0,2,10,5,33,17,50,0,2,2,10,,,122,30,14
395,lineup_09,3,4,20261220,2,roads_and_cities,0,1,134,6,5,14,3,1,4,1,0,0,0,12,2,1,4,7,33,26,59,3,4,4,12,11,71,131,11,23
395,lineup_09,3,4,20261220,3,five_resource,0,1,134,6,6,15,4,0,2,0,0,1,0,11,2,0,5,10,33,28,61,6,7,7,8,4,116,,4,20
396,lineup_09,3,5,20261221,0,port,0,1,131,3,2,13,2,0,3,1,0,0,0,9,0,0,6,13,33,28,61,4,6,6,0,5,,,25,5
396,lineup_09,3,5,20261221,1,full_ows,0,1,131,9,6,8,0,2,3,3,9,0,1,4,0,2,15,10,33,31,64,1,6,5,0,42,,26,2,34
396,lineup_09,3,5,20261221,2,roads_and_cities,1,1,131,10,9,15,1,4,2,1,0,0,0,13,3,4,2,15,32,37,69,2,3,3,13,3,83,31,43,19
396,lineup_09,3,5,20261221,3,five_resource,0,1,131,7,7,15,3,1,2,0,0,1,0,13,2,1,2,8,32,26,58,4,6,6,8,4,56,116,72,36
397,lineup_09,3,6,20261222,0,port,1,1,189,10,9,13,3,2,4,1,0,1,0,9,3,2,6,28,47,48,95,3,5,5,4,9,153,177,13,5
397,lineup_09,3,6,20261222,1,full_ows,0,1,189,8,5,6,1,1,3,3,5,0,1,4,0,1,9,14,47,28,75,3,6,6,31,46,,154,6,6
397,lineup_09,3,6,20261222,2,roads_and_cities,0,1,189,6,6,15,4,1,2,0,0,0,0,13,3,1,4,11,47,32,79,4,10,10,17,3,147,159,11,3
397,lineup_09,3,6,20261222,3,five_resource,0,1,189,7,6,12,2,2,5,1,0,0,0,8,2,2,6,11,47,29,76,3,5,5,4,28,80,140,4,28
398,lineup_09,3,7,20261223,0,port,0,1,131,6,3,12,3,0,6,3,0,0,0,10,1,0,8,8,33,27,60,5,7,7,8,17,37,,9,37
398,lineup_09,3,7,20261223,1,full_ows,0,1,131,7,5,8,1,1,2,2,3,0,1,2,0,1,9,11,33,23,56,3,4,4,4,42,,50,2,18
398,lineup_09,3,7,20261223,2,roads_and_cities,1,1,131,10,10,15,2,4,6,0,0,0,0,13,4,4,6,11,32,38,70,4,6,6,8,3,99,71,51,35
398,lineup_09,3,7,20261223,3,five_resource,0,1,131,4,4,14,2,0,2,0,0,1,0,12,0,0,2,5,32,19,51,4,8,8,4,4,,,36,24
399,lineup_09,3,8,20261224,0,port,0,1,132,5,4,6,2,1,5,1,0,0,0,4,1,1,7,14,33,27,60,7,8,8,0,33,105,117,5,13
399,lineup_09,3,8,20261224,1,full_ows,0,1,132,8,5,8,1,1,3,3,7,0,1,4,0,1,13,17,33,35,68,2,2,2,0,58,,122,14,2
399,lineup_09,3,8,20261224,2,roads_and_cities,0,1,132,6,5,15,3,1,2,1,0,0,0,13,2,1,2,15,33,33,66,4,4,4,0,3,91,131,23,11
399,lineup_09,3,8,20261224,3,five_resource,1,1,132,10,10,15,2,3,3,0,0,1,0,13,3,3,3,7,32,29,61,10,10,10,9,4,24,96,28,52
400,lineup_09,3,9,20261225,0,port,1,1,149,10,8,15,2,2,4,2,0,1,0,13,2,2,4,8,37,29,66,0,1,1,26,1,65,129,5,25
400,lineup_09,3,9,20261225,1,full_ows,0,1,149,8,7,9,1,2,1,1,6,0,1,3,1,2,11,13,37,30,67,6,9,9,8,98,146,130,2,30
400,lineup_09,3,9,20261225,2,roads_and_cities,0,1,149,9,9,9,1,4,4,0,0,0,0,7,3,4,6,6,37,26,63,4,5,5,4,3,119,99,7,43
400,lineup_09,3,9,20261225,3,five_resource,0,1,149,6,4,12,2,1,4,2,0,0,0,10,1,1,4,13,37,29,66,5,7,7,4,16,120,116,12,16
401,lineup_10,0,0,20261226,0,hybrid_ows,0,1,100,7,6,7,4,0,1,1,5,0,1,3,2,0,9,7,25,21,46,2,3,3,9,21,61,,13,1
401,lineup_10,0,0,20261226,1,road_building,0,1,100,4,3,14,3,0,2,1,0,0,0,10,1,0,3,4,25,18,43,2,2,2,8,6,82,,22,22
401,lineup_10,0,0,20261226,2,roads_and_cities,0,1,100,4,4,10,2,1,3,0,0,0,0,8,1,1,3,5,25,18,43,4,4,4,13,3,91,71,27,55
401,lineup_10,0,0,20261226,3,five_resource,1,1,100,10,9,14,5,1,4,1,0,1,0,12,4,1,4,9,24,30,54,5,5,5,0,4,8,80,4,60
402,lineup_10,0,1,20261227,0,hybrid_ows,1,1,77,10,8,5,0,3,2,2,5,0,1,3,1,3,8,8,19,23,42,3,3,3,5,9,61,53,13,21
402,lineup_10,0,1,20261227,1,road_building,0,1,77,5,5,11,3,0,1,0,0,1,0,7,1,0,2,4,19,14,33,1,1,1,4,2,22,,10,10
402,lineup_10,0,1,20261227,2,roads_and_cities,0,1,77,6,5,5,1,2,1,1,0,0,0,3,1,2,2,7,19,15,34,0,1,1,0,11,55,19,23,19
402,lineup_10,0,1,20261227,3,five_resource,0,1,77,3,2,7,2,0,4,1,0,0,0,5,0,0,4,5,19,14,33,4,6,6,0,16,,,8,8
403,lineup_10,0,2,20261228,0,hybrid_ows,0,1,164,7,7,9,1,2,0,0,7,0,1,5,1,2,11,8,41,27,68,9,10,10,8,13,137,149,1,41
403,lineup_10,0,2,20261228,1,road_building,0,1,164,4,3,13,3,0,4,1,0,0,0,11,1,0,4,12,41,28,69,3,4,4,12,2,154,,14,46
403,lineup_10,0,2,20261228,2,roads_and_cities,0,1,164,8,8,12,0,4,1,0,0,0,0,8,2,4,2,13,41,29,70,4,5,5,9,11,115,75,15,83
403,lineup_10,0,2,20261228,3,five_resource,1,1,164,10,6,15,4,0,7,4,0,1,0,13,2,0,8,7,40,30,70,5,6,6,8,4,160,,4,32
404,lineup_10,0,3,20261229,0,hybrid_ows,1,1,85,11,8,10,0,2,3,3,5,1,1,4,0,2,12,8,21,26,47,0,0,0,7,5,,53,1,5
404,lineup_10,0,3,20261229,1,road_building,0,1,85,2,2,10,2,0,0,0,0,0,0,8,0,0,0,1,21,9,30,1,1,1,0,2,,,,30
404,lineup_10,0,3,20261229,2,roads_and_cities,0,1,85,3,3,12,3,0,0,0,0,0,0,10,1,0,0,9,21,20,41,2,3,3,0,3,55,,,3
404,lineup_10,0,3,20261229,3,five_resource,0,1,85,3,3,11,1,1,0,0,0,0,0,9,0,1,1,9,21,20,41,5,5,5,4,12,,56,52,12
405,lineup_10,0,4,20261230,0,hybrid_ows,0,1,131,9,7,13,1,2,2,2,4,0,1,7,1,2,8,11,33,29,62,3,3,3,10,25,101,69,5,9
405,lineup_10,0,4,20261230,1,road_building,0,1,131,4,4,15,4,0,1,0,0,0,0,13,2,0,1,9,33,25,58,4,5,5,8,2,50,,30,10
405,lineup_10,0,4,20261230,2,roads_and_cities,1,1,131,10,7,15,1,3,6,3,0,0,0,13,2,3,8,20,32,46,78,4,7,6,29,11,83,7,31,11
405,lineup_10,0,4,20261230,3,five_resource,0,1,131,9,9,15,5,1,5,0,0,1,0,13,4,1,6,14,32,38,70,7,8,8,4,4,28,100,20,40
406,lineup_10,0,5,20261231,0,hybrid_ows,0,1,140,9,8,9,0,3,1,1,9,0,1,5,1,3,13,13,35,35,70,7,7,7,8,25,117,69,5,5
406,lineup_10,0,5,20261231,1,road_building,0,1,140,6,3,9,3,0,5,3,0,0,0,7,1,0,6,12,35,26,61,1,2,2,12,18,78,,6,6
406,lineup_10,0,5,20261231,2,roads_and_cities,0,1,140,9,8,15,0,4,2,1,0,0,0,13,2,4,3,14,35,36,71,3,3,3,49,7,35,19,31,7
406,lineup_10,0,5,20261231,3,five_resource,1,1,140,10,10,15,4,2,3,0,0,1,0,13,4,2,3,28,34,50,84,9,10,10,8,4,8,116,68,8
407,lineup_10,0,6,20261232,0,hybrid_ows,0,1,96,9,6,7,0,2,4,3,3,0,1,5,0,2,9,6,24,22,46,0,1,1,4,17,,73,5,29
407,lineup_10,0,6,20261232,1,road_building,0,1,96,4,4,10,2,0,0,0,0,1,0,8,0,0,0,2,24,10,34,0,0,0,0,2,,,,10
407,lineup_10,0,6,20261232,2,roads_and_cities,0,1,96,4,4,11,0,2,1,0,0,0,0,9,0,2,1,5,24,17,41,3,3,3,0,15,,71,27,7
407,lineup_10,0,6,20261232,3,five_resource,1,1,96,10,10,15,2,4,2,0,0,0,0,13,4,4,3,9,23,33,56,0,2,2,8,4,16,32,12,16
408,lineup_10,0,7,20261233,0,hybrid_ows,0,1,126,8,6,7,2,1,2,2,5,0,1,5,1,1,9,15,32,31,63,3,11,11,0,17,121,113,5,9
408,lineup_10,0,7,20261233,1,road_building,1,1,126,10,10,15,4,2,2,0,0,1,0,13,4,2,2,10,31,31,62,1,1,1,22,6,62,54,10,62
408,lineup_10,0,7,20261233,2,roads_and_cities,0,1,126,7,5,8,1,2,8,2,0,0,0,4,1,2,10,10,31,27,58,0,0,0,4,31,123,87,7,23
408,lineup_10,0,7,20261233,3,five_resource,0,1,126,6,5,13,3,1,2,1,0,0,0,9,2,1,4,11,31,27,58,1,2,2,0,4,68,124,8,36
409,lineup_10,0,8,20261234,0,hybrid_ows,0,1,147,6,5,6,1,1,1,1,6,0,1,4,0,1,7,14,37,26,63,3,7,7,4,29,,133,25,9
409,lineup_10,0,8,20261234,1,road_building,0,1,147,8,7,15,5,0,1,1,0,1,0,11,3,0,3,18,37,35,72,4,5,5,12,2,22,,30,2
409,lineup_10,0,8,20261234,2,roads_and_cities,1,1,147,10,7,12,3,2,8,3,0,0,0,10,3,2,9,8,36,32,68,3,3,3,12,19,39,47,3,27
409,lineup_10,0,8,20261234,3,five_resource,0,1,147,2,2,8,2,0,3,0,0,0,0,5,0,0,6,10,36,21,57,0,2,2,13,48,,,16,16
410,lineup_10,0,9,20261235,0,hybrid_ows,0,1,131,8,7,10,1,2,1,1,7,0,1,6,1,2,10,12,33,31,64,5,6,6,27,17,129,9,5,13
410,lineup_10,0,9,20261235,1,road_building,0,1,131,5,4,9,2,0,1,1,0,1,0,5,0,0,2,5,33,12,45,1,2,2,17,26,,,46,10
410,lineup_10,0,9,20261235,2,roads_and_cities,1,1,131,10,8,7,0,4,5,2,0,0,0,5,2,4,7,12,32,30,62,5,5,5,16,55,87,67,15,7
410,lineup_10,0,9,20261235,3,five_resource,0,1,131,8,7,9,1,3,5,1,0,0,0,7,2,3,6,9,32,27,59,9,10,10,8,16,72,64,4,4
411,lineup_10,1,0,20261236,0,road_building,0,1,130,3,3,15,3,0,2,0,0,0,0,13,1,0,2,2,33,18,51,6,10,10,4,1,117,,73,73
411,lineup_10,1,0,20261236,1,roads_and_cities,1,1,130,10,10,14,2,3,1,0,0,1,0,10,3,3,4,19,32,39,71,5,8,8,8,6,42,34,14,6
411,lineup_10,1,0,20261236,2,five_resource,0,1,130,7,4,14,4,0,5,3,0,0,0,10,2,0,7,13,32,32,64,6,10,10,8,39,51,,79,39
411,lineup_10,1,0,20261236,3,hybrid_ows,0,1,130,8,6,5,0,2,2,2,9,0,1,3,0,2,12,11,32,28,60,2,5,5,10,60,,36,4,4
412,lineup_10,1,1,20261237,0,road_building,0,1,123,6,6,15,4,0,1,0,0,1,0,11,2,0,2,1,31,16,47,4,5,5,0,1,117,,61,101
412,lineup_10,1,1,20261237,1,roads_and_cities,0,1,123,5,4,15,2,1,6,1,0,0,0,11,1,1,8,7,31,28,59,5,8,8,4,2,50,102,14,14
412,lineup_10,1,1,20261237,2,five_resource,1,1,123,10,7,7,1,3,7,3,0,0,0,5,2,3,9,10,30,29,59,3,6,6,0,3,99,107,15,7
412,lineup_10,1,1,20261237,3,hybrid_ows,0,1,123,5,4,5,2,0,1,1,4,0,1,3,0,0,6,9,30,18,48,2,3,3,4,52,,,4,16
413,lineup_10,1,2,20261238,0,road_building,0,1,152,7,7,15,3,2,1,0,0,0,0,11,3,2,2,24,38,42,80,1,1,1,4,1,81,141,21,13
413,lineup_10,1,2,20261238,1,roads_and_cities,0,1,152,4,4,12,0,2,1,0,0,0,0,10,0,2,1,16,38,29,67,0,2,2,13,42,,14,34,14
413,lineup_10,1,2,20261238,2,five_resource,0,1,152,7,7,15,1,3,8,0,0,0,0,13,2,3,9,10,38,37,75,8,11,11,8,3,83,115,31,51
413,lineup_10,1,2,20261238,3,hybrid_ows,1,1,152,10,6,11,0,2,4,4,2,1,0,9,0,2,9,22,37,42,79,4,6,6,12,24,,48,32,24
414,lineup_10,1,3,20261239,0,road_building,0,1,112,3,3,8,3,0,1,0,0,0,0,6,1,0,2,10,28,19,47,4,4,4,0,9,81,,29,33
414,lineup_10,1,3,20261239,1,roads_and_cities,0,1,112,6,6,11,2,1,1,0,0,1,0,9,1,1,1,5,28,17,45,3,3,3,4,6,98,74,62,6
414,lineup_10,1,3,20261239,2,five_resource,0,1,112,4,2,15,2,0,7,2,0,0,0,13,0,0,8,4,28,25,53,2,3,3,0,7,,,7,43
414,lineup_10,1,3,20261239,3,hybrid_ows,1,1,112,10,7,8,1,2,3,3,7,0,1,2,1,2,14,9,27,28,55,2,3,3,8,24,112,28,4,24
415,lineup_10,1,4,20261240,0,road_building,0,1,100,4,3,15,3,0,2,1,0,0,0,13,1,0,2,3,25,19,44,2,2,2,0,1,89,,13,13
415,lineup_10,1,4,20261240,1,roads_and_cities,0,1,100,8,6,6,0,3,3,2,0,0,0,4,1,3,4,8,25,20,45,0,0,0,7,34,82,10,26,10
415,lineup_10,1,4,20261240,2,five_resource,0,1,100,4,3,13,3,0,1,1,0,0,0,9,1,0,3,9,25,22,47,5,5,5,4,7,31,,47,3
415,lineup_10,1,4,20261240,3,hybrid_ows,1,1,100,10,9,10,1,2,3,1,9,1,1,6,1,2,15,4,24,28,52,5,9,8,0,12,100,64,8,8
416,lineup_10,1,5,20261241,0,road_building,0,1,119,8,6,15,4,1,4,2,0,0,0,11,3,1,6,10,30,31,61,3,3,3,5,17,21,117,5,1
416,lineup_10,1,5,20261241,1,roads_and_cities,0,1,119,7,7,11,1,3,1,0,0,0,0,9,2,3,1,27,30,42,72,1,4,4,8,6,86,14,66,2
416,lineup_10,1,5,20261241,2,five_resource,1,1,119,10,8,15,4,1,3,2,0,1,0,13,3,1,4,12,29,33,62,6,6,6,0,3,23,119,35,27
416,lineup_10,1,5,20261241,3,hybrid_ows,0,1,119,5,4,11,2,0,1,1,3,0,1,7,0,0,7,7,29,21,50,3,4,4,8,44,,,8,24
417,lineup_10,1,6,20261242,0,road_building,0,1,142,7,7,15,1,3,6,0,0,0,0,13,2,3,8,18,36,44,80,2,7,7,4,1,77,101,33,81
417,lineup_10,1,6,20261242,1,roads_and_cities,1,1,142,10,8,14,0,4,3,2,0,0,0,12,2,4,4,23,35,45,80,5,8,8,0,6,106,78,2,2
417,lineup_10,1,6,20261242,2,five_resource,0,1,142,7,5,15,5,0,6,2,0,0,0,13,3,0,7,8,35,31,66,5,7,7,4,3,51,,47,39
417,lineup_10,1,6,20261242,3,hybrid_ows,0,1,142,7,6,14,2,0,1,1,5,1,1,12,0,0,6,11,35,29,64,6,9,9,16,12,,,92,12
418,lineup_10,1,7,20261243,0,road_building,0,1,104,5,5,15,3,0,2,0,0,1,0,13,1,0,2,9,26,25,51,3,3,3,0,5,45,,37,5
418,lineup_10,1,7,20261243,1,roads_and_cities,0,1,104,5,4,7,2,1,3,1,0,0,0,5,1,1,4,9,26,20,46,1,2,2,8,6,82,66,30,6
418,lineup_10,1,7,20261243,2,five_resource,0,1,104,4,2,13,2,0,7,2,0,0,0,9,0,0,9,3,26,21,47,2,3,3,10,19,,,7,35
418,lineup_10,1,7,20261243,3,hybrid_ows,1,1,104,10,8,10,0,3,2,2,3,0,1,6,1,3,8,10,25,28,53,3,4,4,0,4,92,40,64,56
419,lineup_10,1,8,20261244,0,road_building,0,1,92,4,3,9,1,1,3,1,0,0,0,7,0,1,3,4,23,15,38,1,2,2,0,9,,85,49,9
419,lineup_10,1,8,20261244,1,roads_and_cities,0,1,92,6,6,11,4,0,3,0,0,1,0,9,2,0,4,6,23,21,44,3,3,3,0,2,42,,14,10
419,lineup_10,1,8,20261244,2,five_resource,0,1,92,5,4,10,0,2,4,1,0,0,0,8,0,2,6,17,23,33,56,1,2,2,0,43,,11,15,7
419,lineup_10,1,8,20261244,3,hybrid_ows,1,1,92,10,7,9,1,2,3,3,6,0,1,3,1,2,12,18,22,36,58,1,1,1,5,8,92,32,4,4
420,lineup_10,1,9,20261245,0,road_building,1,1,109,10,7,12,3,1,7,3,0,1,0,10,2,1,8,6,27,27,54,3,3,3,4,17,21,105,57,17
420,lineup_10,1,9,20261245,1,roads_and_cities,0,1,109,3,2,12,2,0,4,1,0,0,0,8,0,0,6,14,27,28,55,2,3,3,0,22,,,18,14
420,lineup_10,1,9,20261245,2,five_resource,0,1,109,9,8,14,4,2,4,1,0,0,0,12,4,2,4,16,27,38,65,8,12,12,4,3,47,11,15,15
420,lineup_10,1,9,20261245,3,hybrid_ows,0,1,109,6,6,10,0,2,0,0,4,0,1,6,0,2,7,19,27,34,61,1,4,4,8,32,,12,48,16
421,lineup_10,2,0,20261246,0,roads_and_cities,0,1,162,8,8,13,2,3,2,0,0,0,0,11,3,3,5,12,41,34,75,8,9,9,13,1,93,53,9,25
421,lineup_10,2,0,20261246,1,five_resource,1,1,162,10,8,15,4,2,6,2,0,0,0,13,4,2,6,24,40,49,89,3,5,5,21,6,22,106,14,10
421,lineup_10,2,0,20261246,2,hybrid_ows,0,1,162,8,6,12,0,2,2,2,7,0,1,6,0,2,12,18,40,38,78,3,4,4,17,63,,43,7,23
421,lineup_10,2,0,20261246,3,road_building,0,1,162,9,8,11,4,1,2,1,0,1,0,9,3,1,2,8,40,23,63,3,3,3,36,4,60,140,32,24
422,lineup_10,2,1,20261247,0,roads_and_cities,0,1,103,3,2,13,2,0,4,1,0,0,0,11,0,0,5,12,26,28,54,4,5,5,0,9,,,5,5
422,lineup_10,2,1,20261247,1,five_resource,0,1,103,8,6,7,0,3,5,2,0,0,0,3,1,3,7,6,26,20,46,2,2,2,0,10,54,62,30,10
422,lineup_10,2,1,20261247,2,hybrid_ows,1,1,103,10,8,10,0,2,2,2,5,1,1,6,0,2,9,14,25,31,56,3,4,4,0,35,,3,19,15
422,lineup_10,2,1,20261247,3,road_building,0,1,103,2,2,15,2,0,3,0,0,0,0,13,0,0,4,4,25,21,46,2,2,2,8,8,,,60,8
423,lineup_10,2,2,20261248,0,roads_and_cities,0,1,119,4,4,10,0,2,4,0,0,0,0,8,0,2,6,5,30,21,51,7,8,8,4,53,,81,5,53
423,lineup_10,2,2,20261248,1,five_resource,0,1,119,7,6,14,4,0,4,1,0,1,0,10,2,0,5,14,30,31,61,2,2,2,0,34,82,,26,6
423,lineup_10,2,2,20261248,2,hybrid_ows,1,1,119,10,6,6,2,1,4,4,4,0,1,2,1,1,11,5,29,20,49,6,6,6,0,43,119,99,3,31
423,lineup_10,2,2,20261248,3,road_building,0,1,119,3,3,15,1,1,3,0,0,0,0,13,0,1,3,9,29,26,55,2,2,2,0,8,,36,64,8
424,lineup_10,2,3,20261249,0,roads_and_cities,0,1,108,6,6,15,2,2,1,0,0,0,0,13,2,2,2,22,27,41,68,5,7,7,4,1,29,21,69,9
424,lineup_10,2,3,20261249,1,five_resource,0,1,108,7,4,10,2,1,8,3,0,0,0,8,1,1,9,6,27,25,52,1,2,2,0,10,70,94,6,10
424,lineup_10,2,3,20261249,2,hybrid_ows,0,1,108,9,8,10,0,3,1,1,3,0,1,8,1,3,5,12,27,29,56,3,5,5,16,7,83,35,19,7
424,lineup_10,2,3,20261249,3,road_building,1,1,108,10,10,13,2,3,3,0,0,1,0,9,3,3,5,10,26,30,56,3,3,3,5,20,80,44,4,8
425,lineup_10,2,4,20261250,0,roads_and_cities,0,1,91,4,4,6,0,2,0,0,0,0,0,4,0,2,0,8,23,14,37,0,0,0,0,5,,45,,5
425,lineup_10,2,4,20261250,1,five_resource,0,1,91,4,3,5,1,1,4,1,0,0,0,3,0,1,5,7,23,16,39,0,0,0,0,18,,86,26,18
425,lineup_10,2,4,20261250,2,hybrid_ows,1,1,91,10,8,13,0,2,2,2,4,1,1,7,0,2,8,5,22,22,44,6,6,6,10,43,,15,3,31
425,lineup_10,2,4,20261250,3,road_building,0,1,91,7,5,11,5,0,5,2,0,0,0,9,3,0,5,8,22,25,47,2,2,2,9,4,40,,4,16
426,lineup_10,2,5,20261251,0,roads_and_cities,0,1,111,5,5,11,1,1,4,0,0,1,0,9,0,1,4,7,28,21,49,1,2,2,5,5,,101,33,9
426,lineup_10,2,5,20261251,1,five_resource,0,1,111,5,5,8,3,1,2,0,0,0,0,4,2,1,5,10,28,22,50,6,7,7,4,2,58,102,58,30
426,lineup_10,2,5,20261251,2,hybrid_ows,1,1,111,10,5,7,1,1,5,5,6,0,1,3,0,1,14,7,27,25,52,3,4,4,4,75,,111,11,7
426,lineup_10,2,5,20261251,3,road_building,0,1,111,4,4,15,4,0,2,0,0,0,0,13,2,0,2,8,27,25,52,3,4,4,0,4,12,,24,40
427,lineup_10,2,6,20261252,0,roads_and_cities,1,1,129,10,9,15,1,3,2,1,0,1,0,13,2,3,2,12,32,32,64,8,10,9,4,5,89,49,5,41
427,lineup_10,2,6,20261252,1,five_resource,0,1,129,9,6,11,0,3,6,3,0,0,0,9,1,3,6,11,32,30,62,1,1,1,0,54,106,14,10,38
427,lineup_10,2,6,20261252,2,hybrid_ows,0,1,129,9,8,9,0,3,5,1,5,0,1,7,1,3,13,8,32,32,64,2,2,2,10,7,123,83,3,7
427,lineup_10,2,6,20261252,3,road_building,0,1,129,5,5,15,5,0,2,0,0,0,0,11,3,0,4,14,32,32,64,1,2,2,8,4,32,,16,4
428,lineup_10,2,7,20261253,0,roads_and_cities,0,1,67,4,4,4,0,2,2,0,0,0,0,2,0,2,2,7,17,13,30,1,1,1,4,5,,25,13,5
428,lineup_10,2,7,20261253,1,five_resource,0,1,67,2,2,6,2,0,3,0,0,0,0,4,0,0,4,4,17,12,29,0,1,1,0,2,,,38,6
428,lineup_10,2,7,20261253,2,hybrid_ows,1,1,67,10,8,9,0,3,2,2,1,1,0,5,1,3,5,7,16,21,37,1,2,2,4,7,63,19,3,7
428,lineup_10,2,7,20261253,3,road_building,0,1,67,3,2,6,2,0,2,1,0,0,0,4,0,0,2,1,16,7,23,1,1,1,4,12,,,12,44
429,lineup_10,2,8,20261254,0,roads_and_cities,0,1,159,6,5,12,5,0,2,1,0,0,0,8,3,0,3,9,40,23,63,1,2,2,0,21,49,,13,1
429,lineup_10,2,8,20261254,1,five_resource,0,1,159,6,5,11,3,1,7,1,0,0,0,9,2,1,9,15,40,36,76,5,5,5,4,42,138,46,6,22
429,lineup_10,2,8,20261254,2,hybrid_ows,1,1,159,10,7,13,1,2,3,3,6,0,1,9,1,2,12,7,39,31,70,3,4,4,14,3,79,135,19,15
429,lineup_10,2,8,20261254,3,road_building,0,1,159,6,6,15,0,2,1,0,0,1,0,13,0,2,1,10,39,26,65,1,2,2,21,8,,76,100,48
430,lineup_10,2,9,20261255,0,roads_and_cities,0,1,115,6,6,15,0,3,3,0,0,0,0,13,1,3,3,12,29,32,61,2,2,2,0,1,73,21,81,21
430,lineup_10,2,9,20261255,1,five_resource,0,1,115,7,6,11,4,1,6,1,0,0,0,7,3,1,9,5,29,25,54,2,3,3,4,26,30,114,2,30
430,lineup_10,2,9,20261255,2,hybrid_ows,1,1,115,10,6,7,0,2,4,4,5,0,1,3,0,2,12,9,28,26,54,1,5,5,13,35,,15,27,35
430,lineup_10,2,9,20261255,3,road_building,0,1,115,6,6,14,2,1,0,0,0,1,0,12,1,1,0,4,28,18,46,2,2,2,13,4,108,112,,60
431,lineup_10,3,0,20261256,0,five_resource,0,1,94,8,8,11,0,3,0,0,0,1,0,5,1,3,3,8,24,20,44,2,2,2,0,29,85,9,5,21
431,lineup_10,3,0,20261256,1,hybrid_ows,1,1,94,10,6,4,0,2,4,4,6,0,1,2,0,2,10,5,23,19,42,4,4,4,0,26,,82,6,18
431,lineup_10,3,0,20261256,2,road_building,0,1,94,2,2,15,2,0,1,0,0,0,0,13,0,0,1,3,23,17,40,1,1,1,18,3,,,39,51
431,lineup_10,3,0,20261256,3,roads_and_cities,0,1,94,8,7,9,1,3,4,1,0,0,0,7,2,3,5,16,23,33,56,6,6,6,4,20,56,16,4,8
432,lineup_10,3,1,20261257,0,five_resource,1,1,125,10,9,12,1,3,4,1,0,1,0,10,2,3,4,15,31,34,65,3,6,6,4,9,73,25,1,13
432,lineup_10,3,1,20261257,1,hybrid_ows,0,1,125,8,6,10,0,2,2,2,7,0,1,4,0,2,14,15,31,35,66,8,8,8,5,90,,70,6,10
432,lineup_10,3,1,20261257,2,road_building,0,1,125,9,8,15,4,2,3,1,0,0,0,13,4,2,3,17,31,39,70,7,12,12,4,3,35,103,15,31
432,lineup_10,3,1,20261257,3,roads_and_cities,0,1,125,3,2,7,2,0,3,1,0,0,0,5,0,0,4,11,31,20,51,4,5,5,5,24,,,16,8
433,lineup_10,3,2,20261258,0,five_resource,0,1,120,6,4,14,4,0,3,2,0,0,0,12,2,0,5,14,30,33,63,4,6,6,0,5,41,,13,5
433,lineup_10,3,2,20261258,1,hybrid_ows,0,1,120,8,6,2,0,2,4,2,7,0,1,0,0,2,12,6,30,20,50,0,1,1,4,,,58,10,26
433,lineup_10,3,2,20261258,2,road_building,0,1,120,9,8,15,0,4,3,1,0,0,0,13,2,4,4,18,30,41,71,6,7,7,9,7,79,35,15,15
433,lineup_10,3,2,20261258,3,roads_and_cities,1,1,120,10,10,15,2,3,4,0,0,1,0,13,3,3,4,17,29,40,69,4,9,9,0,8,24,96,44,20
434,lineup_10,3,3,20261259,0,five_resource,1,1,53,10,10,15,0,4,2,0,0,1,0,11,2,4,3,2,13,22,35,1,3,3,0,9,9,21,25,29
434,lineup_10,3,3,20261259,1,hybrid_ows,0,1,53,5,5,3,1,1,0,0,4,0,1,1,0,1,4,3,13,9,22,3,4,4,4,22,,50,2,22
434,lineup_10,3,3,20261259,2,road_building,0,1,53,5,4,11,4,0,2,1,0,0,0,9,2,0,2,1,13,14,27,4,7,7,0,3,7,,15,51
434,lineup_10,3,3,20261259,3,roads_and_cities,0,1,53,3,2,6,2,0,1,1,0,0,0,4,0,0,4,2,13,10,23,2,4,4,4,4,,,4,28
435,lineup_10,3,4,20261260,0,five_resource,0,1,176,7,6,15,4,1,3,1,0,0,0,11,3,1,6,11,44,32,76,8,11,11,14,5,33,165,5,53
435,lineup_10,3,4,20261260,1,hybrid_ows,0,1,176,7,6,15,0,2,1,1,5,0,1,13,0,2,7,7,44,29,73,1,3,3,70,2,,98,2,18
435,lineup_10,3,4,20261260,2,road_building,0,1,176,9,7,15,3,2,7,2,0,0,0,13,3,2,7,9,44,34,78,6,9,9,29,3,107,135,7,47
435,lineup_10,3,4,20261260,3,roads_and_cities,1,1,176,10,9,11,3,2,4,1,0,1,0,9,3,2,5,22,43,41,84,6,7,7,0,32,32,160,16,12
436,lineup_10,3,5,20261261,0,five_resource,0,1,102,3,3,8,3,0,0,0,0,0,0,6,1,0,1,16,26,24,50,1,1,1,0,13,21,,73,33
436,lineup_10,3,5,20261261,1,hybrid_ows,1,1,102,10,8,5,0,3,2,2,7,0,1,3,1,3,10,8,25,25,50,1,3,3,6,6,38,50,6,6
436,lineup_10,3,5,20261261,2,road_building,0,1,102,5,4,10,4,0,4,1,0,0,0,8,2,0,4,10,25,24,49,5,7,7,4,3,67,,15,11
436,lineup_10,3,5,20261261,3,roads_and_cities,0,1,102,9,7,15,1,2,5,2,0,1,0,9,1,2,8,9,25,29,54,5,8,8,8,12,88,24,20,20
437,lineup_10,3,6,20261262,0,five_resource,0,1,146,8,6,11,2,2,4,2,0,0,0,9,2,2,6,21,37,40,77,3,5,5,4,17,69,121,5,5
437,lineup_10,3,6,20261262,1,hybrid_ows,1,1,146,10,8,9,2,2,2,2,8,0,1,5,2,2,12,12,36,33,69,2,5,5,12,54,110,50,2,42
437,lineup_10,3,6,20261262,2,road_building,0,1,146,9,8,15,4,1,2,1,0,1,0,13,3,1,3,11,36,31,67,6,8,8,4,3,103,139,31,15
437,lineup_10,3,6,20261262,3,roads_and_cities,0,1,146,6,6,15,0,3,3,0,0,0,0,11,1,3,4,10,36,29,65,5,7,7,26,20,44,56,4,12
438,lineup_10,3,7,20261263,0,five_resource,0,1,76,3,2,12,2,0,4,1,0,0,0,10,0,0,4,2,19,16,35,0,2,2,8,5,,,13,41
438,lineup_10,3,7,20261263,1,hybrid_ows,0,1,76,8,6,7,0,2,3,2,3,0,1,3,0,2,7,7,19,19,38,4,4,4,0,42,,14,6,42
438,lineup_10,3,7,20261263,2,road_building,0,1,76,4,3,10,1,1,2,1,0,0,0,8,0,1,2,3,19,14,33,2,3,3,9,15,,31,15,31
438,lineup_10,3,7,20261263,3,roads_and_cities,1,1,76,10,10,10,0,4,0,0,0,1,0,8,2,4,0,6,18,20,38,4,7,7,4,4,52,28,,12
439,lineup_10,3,8,20261264,0,five_resource,0,1,118,5,4,10,2,0,5,1,0,1,0,6,0,0,6,8,30,20,50,0,3,3,5,13,,,25,21
439,lineup_10,3,8,20261264,1,hybrid_ows,1,1,118,10,7,6,1,2,4,3,6,0,1,2,1,2,12,7,29,24,53,3,6,6,0,10,118,34,2,58
439,lineup_10,3,8,20261264,2,road_building,0,1,118,3,2,11,2,0,4,1,0,0,0,9,0,0,5,6,29,20,49,3,5,5,4,3,,,11,31
439,lineup_10,3,8,20261264,3,roads_and_cities,0,1,118,3,3,10,3,0,1,0,0,0,0,8,1,0,2,8,29,19,48,2,2,2,4,16,104,,60,24
440,lineup_10,3,9,20261265,0,five_resource,0,1,123,9,9,12,1,4,2,0,0,0,0,10,3,4,4,18,31,39,70,3,3,3,5,1,25,85,53,37
440,lineup_10,3,9,20261265,1,hybrid_ows,0,1,123,6,5,7,3,0,1,1,5,0,1,3,1,0,8,8,31,20,51,3,5,5,8,42,98,,22,22
440,lineup_10,3,9,20261265,2,road_building,1,1,123,10,8,15,4,1,4,2,0,1,0,13,3,1,4,14,30,35,65,7,7,7,8,7,67,111,39,3
440,lineup_10,3,9,20261265,3,roads_and_cities,0,1,123,9,9,15,1,4,2,0,0,0,0,13,3,4,2,20,30,42,72,8,10,10,0,8,52,32,24,8
441,lineup_11,0,0,20261266,0,hybrid_ows,0,1,146,9,8,12,2,2,1,1,5,0,1,6,2,2,11,13,37,34,71,11,19,19,9,13,89,117,9,49
441,lineup_11,0,0,20261266,1,road_building,1,1,146,10,7,15,5,1,4,3,0,0,0,13,4,1,5,12,36,35,71,5,7,7,4,10,74,138,30,10
441,lineup_11,0,0,20261266,2,roads_and_cities,0,1,146,6,6,15,2,1,2,0,0,1,0,13,1,1,2,11,36,28,64,3,3,3,4,3,83,123,51,11
441,lineup_11,0,0,20261266,3,port,0,1,146,4,3,9,1,1,7,1,0,0,0,7,0,1,7,10,36,25,61,2,3,3,0,48,,116,16,12
442,lineup_11,0,1,20261267,0,hybrid_ows,1,1,77,10,8,7,0,2,3,2,5,1,1,3,0,2,10,12,19,27,46,0,0,0,8,13,,25,5,13
442,lineup_11,0,1,20261267,1,road_building,0,1,77,4,4,8,4,0,2,0,0,0,0,6,2,0,2,6,19,16,35,3,3,3,0,6,58,,30,2
442,lineup_11,0,1,20261267,2,roads_and_cities,0,1,77,7,5,6,1,2,3,2,0,0,0,4,1,2,3,8,19,18,37,1,1,1,4,19,75,59,3,11
442,lineup_11,0,1,20261267,3,port,0,1,77,6,5,5,1,2,3,1,0,0,0,3,1,2,4,12,19,22,41,3,4,4,0,28,44,24,8,20
443,lineup_11,0,2,20261268,0,hybrid_ows,1,1,125,10,7,6,1,2,3,3,6,0,1,2,1,2,13,4,31,22,53,7,11,11,8,89,125,109,13,13
443,lineup_11,0,2,20261268,1,road_building,0,1,125,4,4,11,2,0,3,0,0,1,0,9,0,0,3,7,31,19,50,1,1,1,13,6,,,18,6
443,lineup_11,0,2,20261268,2,roads_and_cities,0,1,125,6,4,5,2,1,7,2,0,0,0,3,1,1,8,5,31,18,49,3,3,3,0,63,91,115,7,39
443,lineup_11,0,2,20261268,3,port,0,1,125,5,5,15,5,0,1,0,0,0,0,13,3,0,1,9,31,26,57,4,7,7,13,4,48,,68,12
444,lineup_11,0,3,20261269,0,hybrid_ows,1,1,77,10,6,3,0,2,9,4,3,0,1,1,0,2,12,9,19,24,43,2,2,2,4,9,,17,29,9
444,lineup_11,0,3,20261269,1,road_building,0,1,77,4,4,11,2,0,1,0,0,1,0,9,0,0,3,7,19,19,38,0,0,0,4,2,,,14,6
444,lineup_11,0,3,20261269,2,roads_and_cities,0,1,77,4,4,9,0,2,0,0,0,0,0,7,0,2,0,7,19,16,35,2,2,2,0,3,,31,,19
444,lineup_11,0,3,20261269,3,port,0,1,77,3,2,2,2,0,6,1,0,0,0,0,0,0,6,7,19,13,32,0,0,0,0,,,,12,8
445,lineup_11,0,4,20261270,0,hybrid_ows,0,1,135,8,4,7,2,0,4,4,7,0,1,3,0,0,15,5,34,23,57,2,2,2,5,33,,,1,9
445,lineup_11,0,4,20261270,1,road_building,0,1,135,2,2,12,2,0,1,0,0,0,0,10,0,0,1,15,34,26,60,1,5,5,0,14,,,102,14
445,lineup_11,0,4,20261270,2,roads_and_cities,1,1,135,10,10,12,0,4,2,0,0,1,0,10,2,4,3,14,33,33,66,4,6,6,12,39,111,31,3,7
445,lineup_11,0,4,20261270,3,port,0,1,135,3,2,15,2,0,5,1,0,0,0,11,0,0,6,9,33,26,59,2,3,3,0,40,,,4,4
446,lineup_11,0,5,20261271,0,hybrid_ows,1,1,137,10,7,9,1,2,3,3,8,0,1,5,1,2,13,19,34,40,74,6,9,9,4,49,137,37,1,9
446,lineup_11,0,5,20261271,1,road_building,0,1,137,8,7,12,5,0,1,1,0,1,0,10,3,0,2,6,34,21,55,3,4,4,12,6,82,,62,26
446,lineup_11,0,5,20261271,2,roads_and_cities,0,1,137,6,6,13,4,1,4,0,0,0,0,9,3,1,6,16,34,35,69,4,5,5,9,3,59,127,19,11
446,lineup_11,0,5,20261271,3,port,0,1,137,5,4,10,2,1,3,1,0,0,0,8,1,1,4,12,34,26,60,5,7,7,4,20,96,112,4,4
447,lineup_11,0,6,20261272,0,hybrid_ows,1,1,109,10,6,6,0,2,4,4,6,0,1,2,0,2,13,6,27,23,50,4,5,5,8,77,,81,1,13
447,lineup_11,0,6,20261272,1,road_building,0,1,109,4,4,10,2,0,1,0,0,1,0,6,0,0,2,5,27,13,40,3,4,4,0,42,,,22,6
447,lineup_11,0,6,20261272,2,roads_and_cities,0,1,109,8,7,6,1,3,6,1,0,0,0,4,2,3,7,12,27,28,55,1,4,3,0,19,91,15,7,19
447,lineup_11,0,6,20261272,3,port,0,1,109,2,2,12,2,0,2,0,0,0,0,10,0,0,3,17,27,30,57,6,7,7,4,4,,,16,4
448,lineup_11,0,7,20261273,0,hybrid_ows,1,1,141,10,7,9,1,2,3,3,9,0,1,5,1,2,16,13,35,37,72,3,4,4,0,9,113,109,5,21
448,lineup_11,0,7,20261273,1,road_building,0,1,141,5,5,15,5,0,3,0,0,0,0,11,3,0,4,11,35,29,64,0,1,1,8,2,110,,14,22
448,lineup_11,0,7,20261273,2,roads_and_cities,0,1,141,7,7,12,3,2,1,0,0,0,0,10,3,2,1,12,35,28,63,5,6,6,14,3,123,27,3,27
448,lineup_11,0,7,20261273,3,port,0,1,141,7,5,15,1,1,3,2,0,1,0,13,0,1,4,8,35,26,61,2,6,6,14,4,,108,12,8
449,lineup_11,0,8,20261274,0,hybrid_ows,0,1,126,9,8,8,0,3,1,1,7,0,1,4,1,3,12,10,32,30,62,2,6,6,17,5,113,57,9,25
449,lineup_11,0,8,20261274,1,road_building,1,1,126,10,9,12,1,3,2,1,0,1,0,10,2,3,3,10,31,28,59,4,4,4,0,2,70,114,58,74
449,lineup_11,0,8,20261274,2,roads_and_cities,0,1,126,6,5,8,1,2,4,1,0,0,0,6,1,2,4,5,31,18,49,7,9,9,0,23,75,111,3,23
449,lineup_11,0,8,20261274,3,port,0,1,126,8,6,15,4,1,5,2,0,0,0,11,3,1,6,13,31,34,65,7,8,8,13,8,32,116,8,8
450,lineup_11,0,9,20261275,0,hybrid_ows,1,1,89,10,6,4,0,2,4,4,5,0,1,2,0,2,11,8,22,23,45,4,5,5,8,41,,61,25,5
450,lineup_11,0,9,20261275,1,road_building,0,1,89,2,2,10,2,0,1,0,0,0,0,8,0,0,1,4,22,13,35,1,1,1,0,34,,,42,34
450,lineup_11,0,9,20261275,2,roads_and_cities,0,1,89,7,7,12,1,2,1,0,0,1,0,10,1,2,1,11,22,25,47,2,2,2,12,11,87,23,87,31
450,lineup_11,0,9,20261275,3,port,0,1,89,2,2,9,2,0,5,0,0,0,0,5,0,0,7,2,22,14,36,6,7,7,4,12,,,4,20
451,lineup_11,1,0,20261276,0,road_building,0,1,100,3,2,13,2,0,3,1,0,0,0,11,0,0,5,6,25,22,47,4,4,4,0,5,,,13,13
451,lineup_11,1,0,20261276,1,roads_and_cities,0,1,100,5,4,10,0,2,3,1,0,0,0,8,0,2,3,3,25,16,41,2,5,5,0,14,,42,6,2
451,lineup_11,1,0,20261276,2,port,0,1,100,4,4,14,4,0,3,0,0,0,0,12,2,0,3,4,25,21,46,4,9,9,0,3,59,,11,31
451,lineup_11,1,0,20261276,3,hybrid_ows,1,1,100,11,8,10,0,2,4,3,6,1,1,4,0,2,14,7,25,27,52,6,12,9,0,8,,40,4,28
452,lineup_11,1,1,20261277,0,road_building,0,1,92,2,2,8,2,0,0,0,0,0,0,6,0,0,0,4,23,10,33,0,1,1,0,13,,,,13
452,lineup_11,1,1,20261277,1,roads_and_cities,0,1,92,3,3,7,3,0,1,0,0,0,0,5,1,0,1,4,23,11,34,1,2,2,0,6,78,,58,38
452,lineup_11,1,1,20261277,2,port,0,1,92,5,2,2,2,0,7,3,0,0,0,0,0,0,8,8,23,16,39,0,1,1,0,,,,11,7
452,lineup_11,1,1,20261277,3,hybrid_ows,1,1,92,10,8,7,0,2,3,2,8,1,1,3,0,2,14,14,22,33,55,0,1,1,0,24,,44,4,12
453,lineup_11,1,2,20261278,0,road_building,0,1,122,5,4,15,4,0,4,1,0,0,0,13,2,0,6,7,31,28,59,8,10,10,0,1,33,,45,37
453,lineup_11,1,2,20261278,1,roads_and_cities,1,1,122,10,9,15,1,3,3,1,0,1,0,13,2,3,3,17,30,38,68,3,5,5,0,10,38,38,66,10
453,lineup_11,1,2,20261278,2,port,0,1,122,7,5,13,3,1,5,2,0,0,0,11,2,1,5,11,30,30,60,2,5,5,13,7,75,107,27,7
453,lineup_11,1,2,20261278,3,hybrid_ows,0,1,122,7,6,15,0,2,1,1,6,0,1,9,0,2,11,13,30,35,65,2,8,7,12,4,,56,8,4
454,lineup_11,1,3,20261279,0,road_building,0,1,122,8,7,15,5,0,5,1,0,1,0,13,3,0,7,7,31,30,61,5,6,6,5,5,85,,13,5
454,lineup_11,1,3,20261279,1,roads_and_cities,1,1,122,10,9,15,1,4,2,1,0,0,0,13,3,4,2,12,30,34,64,1,3,3,8,10,94,42,30,14
454,lineup_11,1,3,20261279,2,port,0,1,122,5,4,11,2,1,5,1,0,0,0,7,1,1,8,23,30,40,70,8,15,15,4,43,115,75,23,19
454,lineup_11,1,3,20261279,3,hybrid_ows,0,1,122,9,7,3,1,2,3,2,5,0,1,1,1,2,8,11,30,23,53,2,6,6,4,56,116,64,4,4
455,lineup_11,1,4,20261280,0,road_building,0,1,104,4,4,15,2,0,2,0,0,1,0,13,0,0,2,1,26,16,42,2,4,4,0,1,,,65,101
455,lineup_11,1,4,20261280,1,roads_and_cities,0,1,104,8,7,12,1,3,1,1,0,0,0,10,2,3,1,8,26,24,50,2,2,2,8,6,34,50,86,2
455,lineup_11,1,4,20261280,2,port,0,1,104,4,2,2,2,0,11,2,0,0,0,0,0,0,15,10,26,25,51,1,2,2,4,,,,3,15
455,lineup_11,1,4,20261280,3,hybrid_ows,1,1,104,10,8,8,0,3,2,2,4,0,1,4,1,3,7,10,25,25,50,3,3,3,4,32,96,24,8,16
456,lineup_11,1,5,20261281,0,road_building,0,1,134,7,6,15,4,1,3,1,0,0,0,13,3,1,3,12,34,32,66,3,5,5,9,5,25,133,13,9
456,lineup_11,1,5,20261281,1,roads_and_cities,1,1,134,10,9,15,1,4,4,1,0,0,0,13,3,4,5,17,33,42,75,4,7,7,23,10,74,18,2,18
456,lineup_11,1,5,20261281,2,port,0,1,134,6,5,14,3,0,3,1,0,1,0,12,1,0,4,17,33,34,67,5,11,11,9,3,83,,11,3
456,lineup_11,1,5,20261281,3,hybrid_ows,0,1,134,7,5,7,1,1,2,2,8,0,1,3,0,1,13,10,33,27,60,2,5,5,12,96,,20,4,28
457,lineup_11,1,6,20261282,0,road_building,1,1,125,10,10,15,4,2,3,0,0,1,0,13,4,2,4,20,31,43,74,6,12,9,4,1,21,109,53,29
457,lineup_11,1,6,20261282,1,roads_and_cities,0,1,125,9,6,12,2,2,6,3,0,0,0,10,2,2,6,8,31,28,59,3,7,7,0,2,70,114,22,86
457,lineup_11,1,6,20261282,2,port,0,1,125,6,6,13,4,1,0,0,0,0,0,11,3,1,2,15,31,32,63,6,7,7,5,3,55,123,95,7
457,lineup_11,1,6,20261282,3,hybrid_ows,0,1,125,8,6,10,0,2,2,2,9,0,1,6,0,2,13,13,31,34,65,5,11,11,12,48,,56,4,20
458,lineup_11,1,7,20261283,0,road_building,0,1,132,3,2,15,2,0,5,1,0,0,0,13,0,0,5,8,33,26,59,6,10,10,0,1,,,9,9
458,lineup_11,1,7,20261283,1,roads_and_cities,0,1,132,7,5,15,3,1,4,2,0,0,0,13,2,1,4,16,33,36,69,2,2,2,0,10,58,122,26,26
458,lineup_11,1,7,20261283,2,port,0,1,132,8,8,15,0,3,1,0,0,1,0,13,1,3,1,22,33,40,73,1,1,1,4,15,123,39,11,7
458,lineup_11,1,7,20261283,3,hybrid_ows,1,1,132,10,8,8,2,2,2,2,7,0,1,2,2,2,15,7,32,28,60,3,8,8,9,64,108,80,4,24
459,lineup_11,1,8,20261284,0,road_building,0,1,99,2,2,14,2,0,1,0,0,0,0,12,0,0,1,2,25,15,40,2,3,3,0,5,,,77,17
459,lineup_11,1,8,20261284,1,roads_and_cities,0,1,99,2,2,12,2,0,2,0,0,0,0,8,0,0,4,7,25,19,44,1,1,1,0,2,,,26,2
459,lineup_11,1,8,20261284,2,port,1,1,99,10,6,11,4,0,6,4,0,1,0,9,2,0,7,5,24,23,47,0,2,2,12,3,71,,11,27
459,lineup_11,1,8,20261284,3,hybrid_ows,0,1,99,5,4,7,2,0,1,1,6,0,1,3,0,0,9,5,24,17,41,2,5,5,12,8,,,4,36
460,lineup_11,1,9,20261285,0,road_building,1,1,109,10,8,11,2,2,6,2,0,1,0,9,2,2,9,9,27,31,58,5,9,9,20,1,5,53,29,25
460,lineup_11,1,9,20261285,1,roads_and_cities,0,1,109,8,7,8,1,3,3,1,0,0,0,6,2,3,3,4,27,18,45,5,10,10,0,14,26,58,6,14
460,lineup_11,1,9,20261285,2,port,0,1,109,3,3,15,3,0,3,0,0,0,0,13,1,0,3,7,27,24,51,1,6,6,12,11,15,,47,11
460,lineup_11,1,9,20261285,3,hybrid_ows,0,1,109,7,5,8,1,1,2,2,6,0,1,4,0,1,10,6,27,21,48,4,8,8,5,16,,108,16,8
461,lineup_11,2,0,20261286,0,roads_and_cities,0,1,123,5,5,15,1,1,3,0,0,1,0,13,0,1,3,6,31,23,54,1,4,4,12,1,,81,45,13
461,lineup_11,2,0,20261286,1,port,0,1,123,5,4,15,2,1,2,1,0,0,0,13,1,1,4,15,31,34,65,2,2,2,8,6,58,70,6,22
461,lineup_11,2,0,20261286,2,hybrid_ows,1,1,123,10,6,7,0,2,4,4,6,0,1,3,0,2,13,13,30,31,61,3,3,3,0,11,,63,11,11
461,lineup_11,2,0,20261286,3,road_building,0,1,123,4,4,15,4,0,2,0,0,0,0,12,2,0,3,11,30,28,58,4,6,6,4,4,44,,24,20
462,lineup_11,2,1,20261287,0,roads_and_cities,0,1,110,5,2,9,2,0,5,3,0,0,0,7,0,0,5,8,28,20,48,4,5,5,0,1,,,13,13
462,lineup_11,2,1,20261287,1,port,1,1,110,10,10,9,2,3,2,0,0,1,0,7,3,3,2,13,27,28,55,1,4,4,8,26,66,38,46,22
462,lineup_11,2,1,20261287,2,hybrid_ows,0,1,110,6,6,10,4,0,0,0,7,0,1,8,2,0,10,7,27,27,54,4,6,6,0,3,99,,7,7
462,lineup_11,2,1,20261287,3,road_building,0,1,110,6,5,15,1,2,2,1,0,0,0,13,1,2,3,11,27,30,57,2,2,2,4,4,104,32,64,28
463,lineup_11,2,2,20261288,0,roads_and_cities,1,1,149,10,10,15,2,3,2,0,0,1,0,13,3,3,3,14,37,36,73,8,13,12,5,1,105,121,89,13
463,lineup_11,2,2,20261288,1,port,0,1,149,9,7,9,1,3,5,2,0,0,0,7,2,3,6,14,37,32,69,2,2,2,0,26,50,102,2,10
463,lineup_11,2,2,20261288,2,hybrid_ows,0,1,149,7,5,10,3,0,2,2,4,0,1,4,1,0,8,10,37,23,60,0,5,2,12,11,147,,23,7
463,lineup_11,2,2,20261288,3,road_building,0,1,149,4,3,15,1,1,6,1,0,0,0,13,0,1,8,8,37,30,67,1,1,1,4,24,,144,16,16
464,lineup_11,2,3,20261289,0,roads_and_cities,0,1,127,6,4,12,0,2,4,2,0,0,0,8,0,2,7,16,32,33,65,1,2,2,8,17,,49,5,5
464,lineup_11,2,3,20261289,1,port,0,1,127,3,3,8,3,0,2,0,0,0,0,6,1,0,3,9,32,19,51,1,1,1,0,2,66,,14,10
464,lineup_11,2,3,20261289,2,hybrid_ows,1,1,127,10,7,7,1,1,3,3,10,1,1,3,0,1,14,6,31,24,55,5,10,10,4,19,,127,7,27
464,lineup_11,2,3,20261289,3,road_building,0,1,127,4,4,15,4,0,0,0,0,0,0,13,2,0,1,7,31,23,54,1,10,9,4,4,32,,44,4
465,lineup_11,2,4,20261290,0,roads_and_cities,0,1,103,6,5,11,1,2,1,1,0,0,0,9,1,2,1,13,26,26,52,0,0,0,6,9,97,17,85,9
465,lineup_11,2,4,20261290,1,port,0,1,103,8,6,11,4,1,4,2,0,0,0,9,3,1,5,10,26,28,54,3,3,3,4,2,34,18,6,26
465,lineup_11,2,4,20261290,2,hybrid_ows,1,1,103,10,9,14,1,3,4,1,8,0,1,10,2,3,16,12,25,43,68,3,6,6,4,3,63,11,23,15
465,lineup_11,2,4,20261290,3,road_building,0,1,103,8,7,14,5,0,3,1,0,1,0,12,3,0,3,6,25,24,49,2,4,4,13,4,40,,60,48
466,lineup_11,2,5,20261291,0,roads_and_cities,0,1,87,6,5,8,3,1,4,1,0,0,0,6,2,1,5,9,22,23,45,0,2,2,0,21,41,21,1,25
466,lineup_11,2,5,20261291,1,port,0,1,87,4,3,10,3,0,3,1,0,0,0,6,1,0,4,8,22,19,41,2,2,2,4,22,46,,6,6
466,lineup_11,2,5,20261291,2,hybrid_ows,1,1,87,10,8,14,0,2,3,2,5,1,1,10,0,2,12,6,21,30,51,7,7,7,0,15,,11,3,27
466,lineup_11,2,5,20261291,3,road_building,0,1,87,4,3,13,3,0,4,1,0,0,0,11,1,0,4,4,21,20,41,3,4,4,8,4,16,,28,40
467,lineup_11,2,6,20261292,0,roads_and_cities,0,1,159,6,5,12,1,2,3,1,0,0,0,10,1,2,4,8,40,25,65,5,5,5,4,21,125,105,9,21
467,lineup_11,2,6,20261292,1,port,0,1,159,6,6,15,2,2,3,0,0,0,0,12,2,2,4,27,40,47,87,3,4,4,4,2,86,138,70,2
467,lineup_11,2,6,20261292,2,hybrid_ows,1,1,159,10,6,9,2,1,4,4,9,0,1,7,1,1,15,5,39,29,68,4,7,7,8,27,143,159,7,15
467,lineup_11,2,6,20261292,3,road_building,0,1,159,4,4,15,2,0,1,0,0,1,0,13,0,0,2,9,39,24,63,3,3,3,10,4,,,72,8
468,lineup_11,2,7,20261293,0,roads_and_cities,1,1,101,10,7,15,1,2,4,3,0,1,0,13,1,2,6,5,25,27,52,5,6,6,4,5,65,25,5,49
468,lineup_11,2,7,20261293,1,port,0,1,101,4,4,10,4,0,6,0,0,0,0,6,2,0,7,17,25,32,57,5,5,5,5,18,62,,6,14
468,lineup_11,2,7,20261293,2,hybrid_ows,0,1,101,9,8,9,0,3,2,1,5,0,1,7,1,3,8,9,25,28,53,3,7,7,0,7,71,39,19,19
468,lineup_11,2,7,20261293,3,road_building,0,1,101,2,2,13,2,0,2,0,0,0,0,11,0,0,2,9,25,22,47,2,2,2,0,32,,,24,4
469,lineup_11,2,8,20261294,0,roads_and_cities,1,1,121,10,9,15,1,3,4,1,0,1,0,13,2,3,5,6,30,29,59,4,5,5,4,13,69,13,29,29
469,lineup_11,2,8,20261294,1,port,0,1,121,5,5,14,5,0,0,0,0,0,0,10,3,0,1,22,30,36,66,6,6,6,0,14,42,,86,6
469,lineup_11,2,8,20261294,2,hybrid_ows,0,1,121,7,6,10,0,2,2,1,8,0,1,8,0,2,11,9,30,30,60,4,6,6,8,15,,55,3,15
469,lineup_11,2,8,20261294,3,road_building,0,1,121,7,4,10,4,0,7,3,0,0,0,8,2,0,8,10,30,28,58,6,9,9,4,4,64,,4,40
470,lineup_11,2,9,20261295,0,roads_and_cities,0,1,158,7,5,14,1,1,7,2,0,1,0,12,0,1,8,10,40,31,71,7,9,9,4,5,,137,9,1
470,lineup_11,2,9,20261295,1,port,1,1,158,10,8,12,2,3,6,2,0,0,0,8,3,3,8,18,39,40,79,5,7,7,12,38,58,126,6,30
470,lineup_11,2,9,20261295,2,hybrid_ows,0,1,158,7,6,15,0,2,1,1,3,0,1,11,0,2,7,21,39,41,80,2,2,2,0,3,,75,11,3
470,lineup_11,2,9,20261295,3,road_building,0,1,158,2,2,13,2,0,2,0,0,0,0,11,0,0,2,4,39,17,56,1,5,5,21,4,,,8,24
471,lineup_11,3,0,20261296,0,port,0,1,120,8,8,10,2,3,1,0,0,0,0,8,3,3,1,28,30,43,73,7,7,7,4,9,53,33,5,1
471,lineup_11,3,0,20261296,1,hybrid_ows,0,1,120,8,4,13,2,0,4,4,6,0,1,7,0,0,12,3,30,22,52,1,1,1,4,10,,,22,18
471,lineup_11,3,0,20261296,2,road_building,0,1,120,6,6,15,4,1,5,0,0,0,0,13,3,1,7,16,30,40,70,4,7,7,4,3,67,107,83,3
471,lineup_11,3,0,20261296,3,roads_and_cities,1,1,120,10,10,13,0,4,0,0,0,1,0,11,2,4,1,7,29,25,54,7,9,9,4,20,96,4,116,68
472,lineup_11,3,1,20261297,0,port,0,1,142,7,7,15,5,1,5,0,0,0,0,13,4,1,6,15,36,39,75,6,7,7,4,1,25,133,13,9
472,lineup_11,3,1,20261297,1,hybrid_ows,1,1,142,10,6,9,2,1,4,4,8,0,1,3,1,1,17,6,35,28,63,4,5,5,8,2,142,130,10,2
472,lineup_11,3,1,20261297,2,road_building,0,1,142,8,7,15,5,0,2,1,0,1,0,13,3,0,2,17,35,35,70,5,10,10,4,3,43,,23,15
472,lineup_11,3,1,20261297,3,roads_and_cities,0,1,142,8,8,14,0,4,0,0,0,0,0,12,2,4,0,13,35,31,66,2,3,3,13,4,68,88,,8
473,lineup_11,3,2,20261298,0,port,0,1,96,5,4,11,4,0,3,1,0,0,0,9,2,0,4,12,24,27,51,4,5,5,0,1,57,,37,9
473,lineup_11,3,2,20261298,1,hybrid_ows,0,1,96,4,4,12,0,2,0,0,1,0,0,6,0,2,3,8,24,19,43,1,2,2,0,22,,38,14,22
473,lineup_11,3,2,20261298,2,road_building,0,1,96,3,3,15,3,0,2,0,0,0,0,13,1,0,2,5,24,21,45,3,3,3,0,15,83,,43,15
473,lineup_11,3,2,20261298,3,roads_and_cities,1,1,96,10,10,15,2,3,1,0,0,1,0,13,3,3,4,15,23,38,61,2,2,2,0,4,40,32,24,12
474,lineup_11,3,3,20261299,0,port,0,1,102,3,3,15,3,0,3,0,0,0,0,11,1,0,5,10,26,27,53,6,6,6,0,9,13,,5,17
474,lineup_11,3,3,20261299,1,hybrid_ows,1,1,102,10,6,3,0,2,5,4,6,0,1,1,0,2,14,6,25,23,48,2,3,3,9,86,,10,18,42
474,lineup_11,3,3,20261299,2,road_building,0,1,102,3,2,14,2,0,3,1,0,0,0,12,0,0,3,7,25,22,47,0,3,3,0,3,,,39,27
474,lineup_11,3,3,20261299,3,roads_and_cities,0,1,102,5,5,15,3,0,2,0,0,1,0,13,1,0,2,10,25,26,51,2,3,3,0,8,36,,20,12
475,lineup_11,3,4,20261300,0,port,1,1,141,10,10,15,2,3,1,0,0,1,0,13,3,3,1,15,35,35,70,6,8,8,16,17,33,109,17,9
475,lineup_11,3,4,20261300,1,hybrid_ows,0,1,141,7,4,3,2,0,4,3,8,0,1,1,0,0,13,11,35,25,60,3,4,4,22,138,,,22,10
475,lineup_11,3,4,20261300,2,road_building,0,1,141,5,4,15,4,0,2,1,0,0,0,13,2,0,4,9,35,28,63,6,7,7,0,3,123,,19,19
475,lineup_11,3,4,20261300,3,roads_and_cities,0,1,141,9,8,15,0,4,5,1,0,0,0,11,2,4,7,18,35,42,77,5,9,9,8,4,108,16,8,4
476,lineup_11,3,5,20261301,0,port,0,1,114,4,2,13,2,0,3,2,0,0,0,11,0,0,4,7,29,22,51,4,6,6,0,13,,,9,9
476,lineup_11,3,5,20261301,1,hybrid_ows,1,1,114,10,7,12,1,2,3,3,13,0,1,6,1,2,21,10,28,40,68,6,6,6,15,90,114,10,6,26
476,lineup_11,3,5,20261301,2,road_building,0,1,114,5,5,15,3,0,0,0,0,1,0,13,1,0,0,6,28,20,48,5,5,5,0,3,83,,,3
476,lineup_11,3,5,20261301,3,roads_and_cities,0,1,114,5,5,11,1,2,0,0,0,0,0,9,1,2,0,11,28,23,51,3,6,6,0,4,100,52,,4
477,lineup_11,3,6,20261302,0,port,0,1,118,8,6,11,0,3,7,2,0,0,0,7,1,3,8,5,30,24,54,3,3,3,4,49,69,45,5,65
477,lineup_11,3,6,20261302,1,hybrid_ows,1,1,118,10,9,11,1,2,1,1,7,1,1,7,1,2,13,14,29,37,66,4,6,6,0,6,118,42,2,18
477,lineup_11,3,6,20261302,2,road_building,0,1,118,4,3,13,3,0,2,1,0,0,0,11,1,0,2,11,29,25,54,6,10,9,8,7,91,,43,7
477,lineup_11,3,6,20261302,3,roads_and_cities,0,1,118,7,6,12,0,3,2,1,0,0,0,10,1,3,2,18,29,34,63,2,4,3,25,28,92,12,16,8
478,lineup_11,3,7,20261303,0,port,0,1,112,7,7,15,5,0,2,0,0,1,0,13,3,0,4,15,28,35,63,2,3,3,4,9,41,,93,1
478,lineup_11,3,7,20261303,1,hybrid_ows,0,1,112,9,6,7,0,2,6,3,8,0,1,3,0,2,15,7,28,27,55,3,3,3,0,38,,62,6,26
478,lineup_11,3,7,20261303,2,road_building,0,1,112,5,5,15,5,0,0,0,0,0,0,13,3,0,0,6,28,22,50,1,2,2,9,3,31,,,19
478,lineup_11,3,7,20261303,3,roads_and_cities,1,1,112,10,9,15,1,4,4,1,0,0,0,13,3,4,4,12,27,36,63,2,7,7,12,16,56,16,4,12
479,lineup_11,3,8,20261304,0,port,0,1,118,5,5,11,5,0,3,0,0,0,0,9,3,0,4,11,30,27,57,6,8,8,0,5,73,,5,1
479,lineup_11,3,8,20261304,1,hybrid_ows,1,1,118,10,7,14,1,1,3,3,4,1,1,8,0,1,10,4,29,23,52,0,2,2,18,6,,102,10,26
479,lineup_11,3,8,20261304,2,road_building,0,1,118,2,2,7,2,0,3,0,0,0,0,5,0,0,3,9,29,17,46,0,1,1,4,51,,,19,11
479,lineup_11,3,8,20261304,3,roads_and_cities,0,1,118,3,3,11,1,1,1,0,0,0,0,9,0,1,1,10,29,21,50,0,0,0,0,24,,12,36,24
480,lineup_11,3,9,20261305,0,port,0,1,98,5,4,7,4,0,5,1,0,0,0,5,2,0,8,17,25,32,57,5,7,7,0,21,57,,5,17
480,lineup_11,3,9,20261305,1,hybrid_ows,1,1,98,10,6,8,0,2,4,4,7,0,1,4,0,2,13,2,24,21,45,1,2,2,4,10,,94,6,50
480,lineup_11,3,9,20261305,2,road_building,0,1,98,6,6,7,4,0,1,0,0,1,0,5,2,0,1,5,24,13,37,3,4,4,12,7,63,,35,31
480,lineup_11,3,9,20261305,3,roads_and_cities,0,1,98,4,4,8,0,2,2,0,0,0,0,4,0,2,3,6,24,15,39,0,0,0,8,4,,48,12,8
481,lineup_12,0,0,20261306,0,hybrid_ows,1,1,97,10,8,10,0,2,2,2,4,1,1,6,0,2,7,11,24,26,50,4,7,6,0,21,,69,13,13
481,lineup_12,0,0,20261306,1,road_building,0,1,97,6,5,15,5,0,1,1,0,0,0,13,3,0,1,7,24,24,48,2,4,4,0,2,6,,54,14
481,lineup_12,0,0,20261306,2,five_resource,0,1,97,5,5,10,3,1,1,0,0,0,0,6,2,1,5,11,24,25,49,2,2,2,4,27,55,35,3,35
481,lineup_12,0,0,20261306,3,port,0,1,97,4,4,8,0,2,2,0,0,0,0,6,0,2,3,20,24,31,55,1,1,1,0,8,,24,52,4
482,lineup_12,0,1,20261307,0,hybrid_ows,0,1,154,7,6,9,2,1,1,1,7,0,1,7,1,1,11,12,39,32,71,11,12,12,0,5,93,109,9,17
482,lineup_12,0,1,20261307,1,road_building,1,1,154,10,9,15,5,1,2,1,0,1,0,13,4,1,2,7,38,27,65,3,4,4,15,14,134,110,54,38
482,lineup_12,0,1,20261307,2,five_resource,0,1,154,5,3,13,3,0,5,2,0,0,0,7,1,0,7,6,38,21,59,5,6,6,13,31,127,,15,15
482,lineup_12,0,1,20261307,3,port,0,1,154,4,3,8,3,0,4,1,0,0,0,6,1,0,5,16,38,28,66,8,9,9,9,12,64,,4,4
483,lineup_12,0,2,20261308,0,hybrid_ows,0,1,147,7,5,15,3,0,2,2,5,0,1,11,1,0,9,11,37,32,69,5,11,11,4,5,137,,25,5
483,lineup_12,0,2,20261308,1,road_building,0,1,147,6,5,15,5,0,3,1,0,0,0,13,3,0,3,8,37,27,64,4,5,5,23,2,54,,30,30
483,lineup_12,0,2,20261308,2,five_resource,1,1,147,10,8,11,0,4,5,2,0,0,0,7,2,4,7,17,36,37,73,4,6,6,24,3,51,107,7,71
483,lineup_12,0,2,20261308,3,port,0,1,147,7,7,13,5,0,4,0,0,1,0,11,3,0,6,16,36,36,72,4,6,6,0,4,120,,8,4
484,lineup_12,0,3,20261309,0,hybrid_ows,1,1,69,10,6,8,0,2,4,4,3,0,1,4,0,2,11,9,18,26,44,5,6,6,0,9,,5,9,13
484,lineup_12,0,3,20261309,1,road_building,0,1,69,5,5,9,3,0,3,0,0,1,0,7,1,0,3,1,17,12,29,2,2,2,4,2,58,,22,14
484,lineup_12,0,3,20261309,2,five_resource,0,1,69,3,3,4,1,1,4,0,0,0,0,2,0,1,5,3,17,11,28,1,2,2,0,23,,39,7,23
484,lineup_12,0,3,20261309,3,port,0,1,69,3,3,11,3,0,4,0,0,0,0,7,1,0,5,7,17,20,37,3,5,5,0,8,64,,12,4
485,lineup_12,0,4,20261310,0,hybrid_ows,0,1,136,7,5,7,1,1,2,2,4,0,1,5,0,1,6,11,34,23,57,2,2,2,4,17,,29,37,9
485,lineup_12,0,4,20261310,1,road_building,0,1,136,6,5,15,5,0,3,1,0,0,0,13,3,0,3,12,34,31,65,3,3,3,0,2,118,,46,6
485,lineup_12,0,4,20261310,2,five_resource,0,1,136,7,6,12,2,2,7,1,0,0,0,10,2,2,11,17,34,42,76,4,6,6,15,3,67,15,11,7
485,lineup_12,0,4,20261310,3,port,1,1,136,10,9,15,1,3,5,1,0,1,0,13,2,3,5,19,33,42,75,4,7,7,8,4,64,32,4,56
486,lineup_12,0,5,20261311,0,hybrid_ows,1,1,117,10,7,11,1,2,3,3,4,0,1,5,1,2,11,6,29,25,54,5,8,8,0,9,33,109,13,9
486,lineup_12,0,5,20261311,1,road_building,0,1,117,6,5,15,5,0,2,1,0,0,0,13,3,0,3,8,29,27,56,5,5,5,0,10,38,,30,30
486,lineup_12,0,5,20261311,2,five_resource,0,1,117,4,3,11,3,0,7,1,0,0,0,9,1,0,8,2,29,20,49,2,2,2,0,3,99,,7,27
486,lineup_12,0,5,20261311,3,port,0,1,117,6,6,14,4,0,3,0,0,1,0,12,2,0,3,8,29,25,54,4,6,6,0,4,88,,52,20
487,lineup_12,0,6,20261312,0,hybrid_ows,0,1,108,9,8,9,0,3,1,1,5,0,1,5,1,3,9,12,27,30,57,2,6,6,18,41,105,13,17,41
487,lineup_12,0,6,20261312,1,road_building,0,1,108,5,4,8,4,0,2,1,0,0,0,6,2,0,3,11,27,22,49,3,3,3,4,2,54,,18,30
487,lineup_12,0,6,20261312,2,five_resource,0,1,108,5,2,2,2,0,10,3,0,0,0,0,0,0,10,9,27,19,46,2,3,3,8,,,,3,3
487,lineup_12,0,6,20261312,3,port,1,1,108,10,10,14,2,3,2,0,0,1,0,12,3,3,3,15,26,36,62,3,5,5,4,4,36,68,32,8
488,lineup_12,0,7,20261313,0,hybrid_ows,0,1,162,9,8,7,0,3,1,1,5,0,1,3,1,3,10,16,41,33,74,1,8,8,16,49,97,29,21,13
488,lineup_12,0,7,20261313,1,road_building,1,1,162,10,9,15,3,3,1,1,0,0,0,13,4,3,1,23,40,44,84,6,7,7,12,2,30,86,98,26
488,lineup_12,0,7,20261313,2,five_resource,0,1,162,7,6,15,4,0,6,1,0,1,0,11,2,0,7,5,40,25,65,3,4,4,8,23,83,,23,19
488,lineup_12,0,7,20261313,3,port,0,1,162,8,6,12,4,1,6,2,0,0,0,10,3,1,7,12,40,33,73,4,7,7,20,8,60,160,24,4
489,lineup_12,0,8,20261314,0,hybrid_ows,0,1,127,8,7,12,1,2,1,1,8,0,1,10,1,2,11,11,32,35,67,6,11,11,4,5,113,81,5,5
489,lineup_12,0,8,20261314,1,road_building,0,1,127,8,8,15,2,2,4,0,0,1,0,13,2,2,5,12,32,34,66,2,4,4,22,2,22,102,70,22
489,lineup_12,0,8,20261314,2,five_resource,1,1,127,10,7,11,5,1,6,3,0,0,0,7,4,1,7,23,31,42,73,3,4,4,5,7,15,107,31,27
489,lineup_12,0,8,20261314,3,port,0,1,127,6,5,10,1,2,1,1,0,0,0,8,1,2,2,20,31,33,64,8,9,9,4,4,112,68,44,8
490,lineup_12,0,9,20261315,0,hybrid_ows,1,1,121,10,8,8,0,2,2,2,6,1,1,2,0,2,11,8,30,23,53,1,2,2,0,57,,65,5,9
490,lineup_12,0,9,20261315,1,road_building,0,1,121,3,2,14,2,0,1,1,0,0,0,12,0,0,2,5,30,19,49,0,0,0,4,2,,,42,38
490,lineup_12,0,9,20261315,2,five_resource,0,1,121,5,4,6,2,1,5,1,0,0,0,4,1,1,6,13,30,25,55,3,5,5,17,35,35,63,7,11
490,lineup_12,0,9,20261315,3,port,0,1,121,4,3,7,3,0,5,1,0,0,0,5,1,0,6,10,30,22,52,2,2,2,8,36,112,,12,4
491,lineup_12,1,0,20261316,0,road_building,0,1,72,4,4,12,2,0,1,0,0,1,0,10,0,0,2,7,18,19,37,2,2,2,4,1,,,9,9
491,lineup_12,1,0,20261316,1,five_resource,0,1,72,3,3,11,1,1,0,0,0,0,0,9,0,1,0,6,18,16,34,0,2,2,0,2,,14,,22
491,lineup_12,1,0,20261316,2,port,0,1,72,2,2,10,2,0,3,0,0,0,0,8,0,0,3,4,18,15,33,2,3,3,4,3,,,27,3
491,lineup_12,1,0,20261316,3,hybrid_ows,1,1,72,10,6,3,0,2,5,4,5,0,1,1,0,2,13,5,17,21,38,3,4,4,4,44,,12,4,20
492,lineup_12,1,1,20261317,0,road_building,0,1,152,9,6,10,2,2,3,3,0,0,0,8,2,2,4,10,38,26,64,5,8,8,17,1,109,141,29,33
492,lineup_12,1,1,20261317,1,five_resource,0,1,152,9,7,15,5,0,8,2,0,1,0,13,3,0,10,12,38,38,76,6,11,11,0,14,46,,6,34
492,lineup_12,1,1,20261317,2,port,0,1,152,9,9,15,1,4,2,0,0,0,0,11,3,4,4,36,38,58,96,7,10,10,13,7,79,39,19,7
492,lineup_12,1,1,20261317,3,hybrid_ows,1,1,152,10,10,15,0,4,0,0,7,0,1,13,2,4,7,14,37,40,77,6,10,10,22,16,120,24,12,28
493,lineup_12,1,2,20261318,0,road_building,0,1,88,4,4,12,0,2,3,0,0,0,0,10,0,2,5,3,22,20,42,1,3,3,4,5,,21,17,65
493,lineup_12,1,2,20261318,1,five_resource,0,1,88,6,6,15,4,0,0,0,0,1,0,11,2,0,1,6,22,20,42,3,5,5,0,2,62,,6,46
493,lineup_12,1,2,20261318,2,port,0,1,88,6,3,5,3,0,6,3,0,0,0,3,1,0,8,14,22,26,48,4,7,7,0,19,59,,3,3
493,lineup_12,1,2,20261318,3,hybrid_ows,1,1,88,10,8,15,2,2,2,2,8,0,1,11,2,2,11,5,21,31,52,7,9,9,0,8,52,84,4,44
494,lineup_12,1,3,20261319,0,road_building,0,1,94,3,2,7,2,0,3,1,0,0,0,5,0,0,3,6,24,14,38,3,5,5,0,1,,,13,25
494,lineup_12,1,3,20261319,1,five_resource,1,1,94,10,8,6,0,4,3,2,0,0,0,4,2,4,3,3,23,16,39,0,0,0,4,10,38,50,2,38
494,lineup_12,1,3,20261319,2,port,0,1,94,6,6,11,4,0,2,0,0,1,0,9,2,0,3,16,23,30,53,1,1,1,4,19,55,,31,15
494,lineup_12,1,3,20261319,3,hybrid_ows,0,1,94,6,4,7,2,0,2,2,5,0,1,3,0,0,10,11,23,24,47,1,1,1,4,8,,,32,8
495,lineup_12,1,4,20261320,0,road_building,1,1,113,10,9,15,3,3,2,1,0,0,0,13,4,3,3,11,28,34,62,5,7,7,0,1,17,93,25,33
495,lineup_12,1,4,20261320,1,five_resource,0,1,113,7,6,11,4,1,5,1,0,0,0,9,3,1,6,13,28,32,60,3,6,6,4,6,14,94,10,26
495,lineup_12,1,4,20261320,2,port,0,1,113,7,5,11,3,0,4,2,0,1,0,9,1,0,4,3,28,17,45,2,7,7,4,3,71,,3,31
495,lineup_12,1,4,20261320,3,hybrid_ows,0,1,113,5,4,10,2,0,1,1,7,0,1,4,0,0,12,5,28,21,49,3,8,8,8,16,,,4,8
496,lineup_12,1,5,20261321,0,road_building,0,1,108,4,4,11,2,0,4,0,0,1,0,9,0,0,4,5,27,18,45,3,4,4,0,1,,,41,33
496,lineup_12,1,5,20261321,1,five_resource,0,1,108,3,3,10,3,0,5,0,0,0,0,8,1,0,6,8,27,23,50,2,7,7,0,2,74,,6,30
496,lineup_12,1,5,20261321,2,port,0,1,108,5,5,15,5,0,1,0,0,0,0,11,3,0,2,16,27,32,59,2,6,6,0,7,27,,43,7
496,lineup_12,1,5,20261321,3,hybrid_ows,1,1,108,10,6,9,2,1,4,4,3,0,1,7,1,1,9,9,27,27,54,5,7,7,0,8,24,12,20,12
497,lineup_12,1,6,20261322,0,road_building,0,1,135,6,5,15,5,0,6,1,0,0,0,13,3,0,8,15,34,39,73,1,2,2,0,9,53,,9,9
497,lineup_12,1,6,20261322,1,five_resource,0,1,135,4,3,7,1,1,2,1,0,0,0,5,0,1,2,11,34,19,53,0,1,1,13,18,,134,62,2
497,lineup_12,1,6,20261322,2,port,1,1,135,10,8,15,4,1,7,2,0,1,0,11,3,1,8,9,33,32,65,6,9,9,5,7,75,135,7,11
497,lineup_12,1,6,20261322,3,hybrid_ows,0,1,135,7,6,13,2,1,1,1,4,0,1,11,1,1,7,13,33,33,66,3,4,4,10,16,108,68,8,8
498,lineup_12,1,7,20261323,0,road_building,0,1,72,3,2,6,2,0,2,1,0,0,0,4,0,0,2,6,18,12,30,2,3,3,0,9,,,9,17
498,lineup_12,1,7,20261323,1,five_resource,0,1,72,9,9,9,1,3,2,0,0,1,0,7,2,3,2,10,18,24,42,0,0,0,0,6,46,10,18,6
498,lineup_12,1,7,20261323,2,port,0,1,72,2,2,5,2,0,3,0,0,0,0,1,0,0,5,9,18,15,33,1,2,2,0,71,,,3,3
498,lineup_12,1,7,20261323,3,hybrid_ows,1,1,72,10,7,6,1,2,3,3,4,0,1,2,1,2,10,12,17,27,44,1,3,3,4,52,72,28,8,4
499,lineup_12,1,8,20261324,0,road_building,0,1,150,5,3,15,3,0,4,2,0,0,0,13,1,0,4,6,38,24,62,6,7,7,0,1,125,,65,25
499,lineup_12,1,8,20261324,1,five_resource,1,1,150,10,7,14,3,2,6,3,0,0,0,12,3,2,8,9,37,34,71,2,2,2,17,22,106,134,2,10
499,lineup_12,1,8,20261324,2,port,0,1,150,6,6,15,0,3,4,0,0,0,0,13,1,3,5,28,37,50,87,1,1,1,13,11,39,91,27,7
499,lineup_12,1,8,20261324,3,hybrid_ows,0,1,150,7,7,14,3,0,0,0,5,1,1,8,1,0,8,12,37,29,66,3,3,3,17,8,148,,28,8
500,lineup_12,1,9,20261325,0,road_building,0,1,110,9,7,11,5,0,6,2,0,1,0,9,3,0,6,16,28,34,62,7,8,8,4,1,25,,41,29
500,lineup_12,1,9,20261325,1,five_resource,1,1,110,10,8,10,0,4,4,2,0,0,0,8,2,4,6,16,27,36,63,4,7,7,4,10,50,82,10,26
500,lineup_12,1,9,20261325,2,port,0,1,110,4,4,12,4,0,5,0,0,0,0,8,2,0,6,10,27,26,53,7,12,12,4,15,83,,15,3
500,lineup_12,1,9,20261325,3,hybrid_ows,0,1,110,5,4,11,2,0,2,1,3,0,1,9,0,0,7,6,27,22,49,3,9,9,0,12,,,20,20
501,lineup_12,2,0,20261326,0,five_resource,0,1,124,9,6,13,0,3,6,3,0,0,0,11,1,3,6,12,31,33,64,0,0,0,8,5,73,29,17,5
501,lineup_12,2,0,20261326,1,port,0,1,124,3,3,12,3,0,0,0,0,0,0,10,1,0,0,20,31,31,62,5,5,5,0,10,122,,,10
501,lineup_12,2,0,20261326,2,hybrid_ows,0,1,124,8,6,15,0,2,2,2,8,0,1,9,0,2,15,16,31,42,73,6,12,12,10,15,,19,3,7
501,lineup_12,2,0,20261326,3,road_building,1,1,124,10,10,13,2,3,3,0,0,1,0,11,3,3,4,18,30,39,69,9,12,12,0,16,72,56,32,20
502,lineup_12,2,1,20261327,0,five_resource,0,1,104,5,5,9,1,2,3,0,0,0,0,7,1,2,4,6,26,20,46,3,5,5,8,1,69,33,13,33
502,lineup_12,2,1,20261327,1,port,0,1,104,6,4,8,4,0,3,2,0,0,0,6,2,0,3,10,26,21,47,3,4,4,0,6,46,,10,6
502,lineup_12,2,1,20261327,2,hybrid_ows,0,1,104,5,4,9,2,0,1,1,5,0,1,5,0,0,8,7,26,20,46,1,5,5,8,31,,,3,35
502,lineup_12,2,1,20261327,3,road_building,1,1,104,10,9,11,1,3,2,1,0,1,0,9,2,3,3,23,25,40,65,2,4,4,8,4,36,64,72,4
503,lineup_12,2,2,20261328,0,five_resource,1,1,145,10,8,15,0,4,6,2,0,0,0,11,2,4,8,7,36,32,68,5,10,8,29,1,53,73,9,17
503,lineup_12,2,2,20261328,1,port,0,1,145,8,8,11,2,3,4,0,0,0,0,9,3,3,5,16,36,36,72,6,6,6,10,2,90,118,6,2
503,lineup_12,2,2,20261328,2,hybrid_ows,0,1,145,9,6,15,0,2,3,3,4,0,1,11,0,2,10,13,36,36,72,7,8,8,8,11,,63,15,19
503,lineup_12,2,2,20261328,3,road_building,0,1,145,7,7,15,5,0,2,0,0,1,0,13,3,0,2,8,36,26,62,5,8,8,5,4,88,,96,100
504,lineup_12,2,3,20261329,0,five_resource,0,1,138,9,6,8,0,3,10,3,0,0,0,4,1,3,12,14,35,34,69,2,7,7,14,101,133,69,1,17
504,lineup_12,2,3,20261329,1,port,1,1,138,10,10,15,2,3,3,0,0,1,0,13,3,3,3,18,34,40,74,3,4,4,0,6,94,118,18,14
504,lineup_12,2,3,20261329,2,hybrid_ows,0,1,138,8,6,7,0,2,2,2,4,0,1,3,0,2,10,6,34,21,55,7,10,10,21,7,,19,7,55
504,lineup_12,2,3,20261329,3,road_building,0,1,138,2,2,14,2,0,0,0,0,0,0,12,0,0,0,6,34,18,52,1,4,4,0,20,,,,20
505,lineup_12,2,4,20261330,0,five_resource,0,1,87,5,3,9,3,0,3,2,0,0,0,7,1,0,4,5,22,17,39,1,1,1,0,1,77,,13,25
505,lineup_12,2,4,20261330,1,port,0,1,87,5,4,12,4,0,4,1,0,0,0,8,2,0,7,4,22,21,43,1,1,1,0,2,42,,22,10
505,lineup_12,2,4,20261330,2,hybrid_ows,1,1,87,10,8,13,0,2,2,2,8,1,1,9,0,2,12,5,21,28,49,2,2,2,0,7,,15,3,23
505,lineup_12,2,4,20261330,3,road_building,0,1,87,6,6,15,4,1,2,0,0,0,0,13,3,1,2,4,21,23,44,3,4,4,0,8,72,28,4,40
506,lineup_12,2,5,20261331,0,five_resource,0,1,131,8,7,15,5,0,3,1,0,1,0,13,3,0,3,4,33,23,56,5,11,11,0,1,37,,17,9
506,lineup_12,2,5,20261331,1,port,0,1,131,6,5,6,1,2,3,1,0,0,0,4,1,2,6,13,33,26,59,5,8,8,4,14,106,114,2,14
506,lineup_12,2,5,20261331,2,hybrid_ows,1,1,131,10,8,9,0,3,2,2,9,0,1,7,1,3,12,17,32,40,72,2,6,6,13,31,123,11,3,15
506,lineup_12,2,5,20261331,3,road_building,0,1,131,8,7,15,3,2,4,1,0,0,0,13,3,2,4,19,32,41,73,1,3,3,4,4,44,124,64,12
507,lineup_12,2,6,20261332,0,five_resource,0,1,75,2,2,9,2,0,3,0,0,0,0,5,0,0,5,4,19,14,33,3,4,4,0,21,,,5,17
507,lineup_12,2,6,20261332,1,port,0,1,75,4,3,11,3,0,4,1,0,0,0,7,1,0,5,11,19,24,43,2,3,3,0,2,34,,18,2
507,lineup_12,2,6,20261332,2,hybrid_ows,1,1,75,10,8,9,0,3,4,2,3,0,1,7,1,3,9,7,18,27,45,3,3,3,0,7,63,19,15,7
507,lineup_12,2,6,20261332,3,road_building,0,1,75,6,4,8,2,0,4,2,0,1,0,6,0,0,5,7,18,18,36,3,4,4,4,4,,,20,8
508,lineup_12,2,7,20261333,0,five_resource,0,1,132,9,9,12,1,4,2,0,0,0,0,8,3,4,3,12,33,30,63,2,3,3,0,9,21,65,5,25
508,lineup_12,2,7,20261333,1,port,0,1,132,5,5,15,5,0,2,0,0,0,0,11,3,0,4,16,33,34,67,2,6,6,0,6,58,,14,10
508,lineup_12,2,7,20261333,2,hybrid_ows,0,1,132,8,7,11,1,2,1,1,5,0,1,9,1,2,9,17,33,38,71,4,5,5,4,3,91,75,11,11
508,lineup_12,2,7,20261333,3,road_building,1,1,132,10,8,14,0,3,3,2,0,1,0,12,1,3,3,15,32,34,66,4,4,4,9,4,108,56,88,12
509,lineup_12,2,8,20261334,0,five_resource,0,1,131,8,7,14,3,2,3,1,0,0,0,12,3,2,4,10,33,31,64,5,10,10,8,5,57,121,1,41
509,lineup_12,2,8,20261334,1,port,0,1,131,9,9,15,1,3,3,0,0,1,0,11,2,3,6,10,33,32,65,5,6,6,9,6,74,58,6,18
509,lineup_12,2,8,20261334,2,hybrid_ows,1,1,131,10,8,10,0,3,2,2,8,0,1,6,1,3,12,11,32,33,65,2,3,3,19,3,119,31,7,3
509,lineup_12,2,8,20261334,3,road_building,0,1,131,9,7,15,5,1,3,2,0,0,0,13,4,1,3,11,32,32,64,3,3,3,8,8,80,112,8,12
510,lineup_12,2,9,20261335,0,five_resource,1,1,125,10,8,15,0,3,6,2,0,1,0,11,1,3,7,14,31,36,67,7,11,11,0,5,37,97,21,49
510,lineup_12,2,9,20261335,1,port,0,1,125,7,7,15,3,2,2,0,0,0,0,13,3,2,2,23,31,43,74,5,7,7,4,2,46,14,6,18
510,lineup_12,2,9,20261335,2,hybrid_ows,0,1,125,9,6,4,0,2,4,3,5,0,1,2,0,2,13,6,31,23,54,7,10,10,4,35,,79,3,35
510,lineup_12,2,9,20261335,3,road_building,0,1,125,5,5,15,5,0,3,0,0,0,0,13,3,0,3,6,31,25,56,2,4,4,8,4,76,,24,24
511,lineup_12,3,0,20261336,0,port,0,1,119,7,7,15,1,3,2,0,0,0,0,11,2,3,5,25,30,46,76,3,3,3,0,73,97,45,5,21
511,lineup_12,3,0,20261336,1,hybrid_ows,0,1,119,6,4,4,2,0,3,2,7,0,1,2,0,0,12,10,30,24,54,3,3,3,0,46,,,2,6
511,lineup_12,3,0,20261336,2,road_building,1,1,119,10,8,12,2,2,4,2,0,1,0,10,2,2,4,9,29,27,56,4,8,8,4,3,95,111,19,7
511,lineup_12,3,0,20261336,3,five_resource,0,1,119,6,5,13,3,1,4,1,0,0,0,11,2,1,4,9,29,27,56,7,10,10,4,16,68,12,20,20
512,lineup_12,3,1,20261337,0,port,0,1,98,9,8,14,4,1,3,1,0,1,0,12,3,1,3,13,25,32,57,4,6,6,0,13,53,93,65,1
512,lineup_12,3,1,20261337,1,hybrid_ows,1,1,98,10,8,4,0,3,2,2,8,0,1,2,1,3,12,7,24,25,49,4,7,7,0,54,94,70,2,14
512,lineup_12,3,1,20261337,2,road_building,0,1,98,6,4,15,4,0,4,2,0,0,0,13,2,0,5,6,24,26,50,2,5,5,0,3,71,,27,27
512,lineup_12,3,1,20261337,3,five_resource,0,1,98,6,6,12,0,3,3,0,0,0,0,8,1,3,5,9,24,26,50,5,7,7,0,4,60,8,12,20
513,lineup_12,3,2,20261338,0,port,0,1,126,8,7,15,1,3,2,1,0,0,0,13,2,3,2,13,32,33,65,7,8,8,11,1,61,97,41,33
513,lineup_12,3,2,20261338,1,hybrid_ows,1,1,126,10,8,15,0,2,4,2,7,1,1,11,0,2,15,22,31,50,81,4,6,6,0,2,,10,50,18
513,lineup_12,3,2,20261338,2,road_building,0,1,126,2,2,15,2,0,0,0,0,0,0,13,0,0,0,6,31,19,50,0,0,0,4,3,,,,39
513,lineup_12,3,2,20261338,3,five_resource,0,1,126,8,6,6,2,2,5,2,0,0,0,4,2,2,5,16,31,29,60,6,6,6,8,8,28,76,12,4
514,lineup_12,3,3,20261339,0,port,0,1,116,6,5,13,5,0,2,1,0,0,0,9,3,0,3,7,29,22,51,5,7,7,0,5,57,,17,17
514,lineup_12,3,3,20261339,1,hybrid_ows,0,1,116,7,5,9,1,1,2,2,4,0,1,5,0,1,8,5,29,19,48,1,2,2,9,2,,70,10,6
514,lineup_12,3,3,20261339,2,road_building,0,1,116,3,3,15,1,1,1,0,0,0,0,13,0,1,1,6,29,21,50,1,3,3,0,7,,67,107,15
514,lineup_12,3,3,20261339,3,five_resource,1,1,116,10,8,15,4,1,6,2,0,1,0,13,3,1,7,11,28,35,63,6,9,9,5,12,96,108,4,20
515,lineup_12,3,4,20261340,0,port,0,1,99,4,3,9,3,0,3,1,0,0,0,7,1,0,4,8,25,20,45,5,5,5,0,13,29,,5,9
515,lineup_12,3,4,20261340,1,hybrid_ows,0,1,99,9,7,7,1,2,2,2,8,0,1,5,1,2,12,7,25,27,52,1,1,1,22,6,90,18,2,34
515,lineup_12,3,4,20261340,2,road_building,1,1,99,10,9,8,1,3,2,1,0,1,0,6,2,3,2,9,24,22,46,4,4,4,8,11,79,27,51,27
515,lineup_12,3,4,20261340,3,five_resource,0,1,99,5,4,8,2,1,5,1,0,0,0,4,1,1,7,9,24,22,46,3,4,4,0,4,80,16,4,20
516,lineup_12,3,5,20261341,0,port,0,1,150,6,4,10,4,0,4,2,0,0,0,8,2,0,6,26,38,42,80,2,4,4,14,5,85,,53,21
516,lineup_12,3,5,20261341,1,hybrid_ows,1,1,150,10,9,14,1,2,1,1,7,1,1,8,1,2,12,10,37,33,70,2,4,4,17,14,150,34,2,14
516,lineup_12,3,5,20261341,2,road_building,0,1,150,4,4,15,4,0,1,0,0,0,0,13,2,0,1,7,37,23,60,3,6,6,0,7,127,,107,7
516,lineup_12,3,5,20261341,3,five_resource,0,1,150,9,7,13,3,2,6,2,0,0,0,11,3,2,6,8,37,30,67,6,10,10,4,4,112,132,12,72
517,lineup_12,3,6,20261342,0,port,0,1,148,4,3,6,3,0,3,1,0,0,0,2,1,0,5,22,37,30,67,1,1,1,16,13,109,,29,13
517,lineup_12,3,6,20261342,1,hybrid_ows,0,1,148,6,5,8,1,1,1,1,3,0,1,4,0,1,5,7,37,17,54,5,8,8,4,30,,130,18,18
517,lineup_12,3,6,20261342,2,road_building,0,1,148,5,4,12,4,0,2,1,0,0,0,10,2,0,2,7,37,21,58,3,6,6,4,7,107,,59,19
517,lineup_12,3,6,20261342,3,five_resource,1,1,148,11,9,11,1,3,10,2,0,1,0,9,2,3,13,14,36,41,77,6,9,9,17,84,108,12,8,28
518,lineup_12,3,7,20261343,0,port,0,1,119,2,2,14,2,0,1,0,0,0,0,10,0,0,3,10,30,23,53,3,4,4,0,9,,,69,25
518,lineup_12,3,7,20261343,1,hybrid_ows,0,1,119,9,6,6,0,2,3,3,8,0,1,4,0,2,13,11,30,30,60,1,1,1,5,14,,62,2,18
518,lineup_12,3,7,20261343,2,road_building,1,1,119,10,8,15,4,1,4,2,0,1,0,11,3,1,5,13,29,33,62,3,3,3,12,11,47,119,23,11
518,lineup_12,3,7,20261343,3,five_resource,0,1,119,6,6,9,2,2,3,0,0,0,0,7,2,2,4,11,29,26,55,3,4,4,4,32,52,68,8,64
519,lineup_12,3,8,20261344,0,port,0,1,142,7,4,10,4,0,8,3,0,0,0,6,2,0,9,10,36,27,63,6,7,7,4,73,125,,13,5
519,lineup_12,3,8,20261344,1,hybrid_ows,1,1,142,10,10,11,2,2,0,0,5,1,1,9,2,2,7,10,35,30,65,1,3,3,0,2,106,138,10,10
519,lineup_12,3,8,20261344,2,road_building,0,1,142,5,5,15,5,0,1,0,0,0,0,13,3,0,3,7,35,26,61,4,5,5,13,11,115,,15,7
519,lineup_12,3,8,20261344,3,five_resource,0,1,142,6,4,12,2,1,5,2,0,0,0,8,1,1,6,6,35,22,57,0,1,1,4,8,136,140,32,16
520,lineup_12,3,9,20261345,0,port,1,1,97,11,11,15,1,4,3,0,0,1,0,9,3,4,7,9,24,32,56,3,3,3,14,9,29,33,25,5
520,lineup_12,3,9,20261345,1,hybrid_ows,0,1,97,5,5,4,1,1,0,0,4,0,1,2,0,1,4,6,24,13,37,2,2,2,0,10,,46,6,6
520,lineup_12,3,9,20261345,2,road_building,0,1,97,3,2,10,2,0,3,1,0,0,0,8,0,0,3,5,24,16,40,6,7,7,4,3,,,11,3
520,lineup_12,3,9,20261345,3,five_resource,0,1,97,3,2,12,2,0,3,1,0,0,0,10,0,0,3,3,24,16,40,9,9,9,4,32,,,20,20
521,lineup_13,0,0,20261346,0,hybrid_ows,0,1,114,7,4,12,2,0,3,3,7,0,1,8,0,0,14,6,29,28,57,8,14,14,0,1,,,17,17
521,lineup_13,0,0,20261346,1,roads_and_cities,1,1,114,10,10,15,0,4,0,0,0,1,0,13,2,4,0,12,28,31,59,3,4,4,4,6,54,86,,30
521,lineup_13,0,0,20261346,2,five_resource,0,1,114,5,4,15,2,1,7,1,0,0,0,11,1,1,9,5,28,27,55,6,7,7,4,3,71,47,3,11
521,lineup_13,0,0,20261346,3,port,0,1,114,6,5,9,1,2,2,1,0,0,0,7,1,2,2,14,28,26,54,1,1,1,4,20,96,40,56,4
522,lineup_13,0,1,20261347,0,hybrid_ows,0,1,139,7,6,6,0,2,1,1,6,0,1,4,0,2,10,10,35,26,61,0,2,2,8,17,,53,5,9
522,lineup_13,0,1,20261347,1,roads_and_cities,0,1,139,8,7,13,3,1,4,1,0,1,0,11,2,1,4,11,35,29,64,4,4,4,4,6,50,106,6,58
522,lineup_13,0,1,20261347,2,five_resource,1,1,139,10,8,8,0,4,4,2,0,0,0,6,2,4,5,15,34,32,66,1,2,2,16,7,63,35,11,7
522,lineup_13,0,1,20261347,3,port,0,1,139,5,4,6,2,1,5,1,0,0,0,2,1,1,6,14,34,24,58,1,2,2,16,108,136,56,20,16
523,lineup_13,0,2,20261348,0,hybrid_ows,1,1,113,10,7,7,1,2,3,3,4,0,1,3,1,2,10,3,28,19,47,5,9,9,8,21,113,77,1,57
523,lineup_13,0,2,20261348,1,roads_and_cities,0,1,113,7,7,15,1,2,0,0,0,1,0,13,1,2,1,10,28,27,55,0,0,0,4,18,102,30,42,22
523,lineup_13,0,2,20261348,2,five_resource,0,1,113,3,2,7,2,0,6,1,0,0,0,5,0,0,6,4,28,15,43,2,2,2,0,19,,,27,19
523,lineup_13,0,2,20261348,3,port,0,1,113,6,5,9,3,1,6,1,0,0,0,5,2,1,8,11,28,27,55,2,3,3,0,32,84,104,8,8
524,lineup_13,0,3,20261349,0,hybrid_ows,1,1,105,10,9,11,1,3,1,1,7,0,1,9,2,3,11,6,26,31,57,1,2,2,0,21,101,41,1,37
524,lineup_13,0,3,20261349,1,roads_and_cities,0,1,105,4,3,13,3,0,3,1,0,0,0,11,1,0,3,11,26,26,52,8,8,8,4,2,30,,18,2
524,lineup_13,0,3,20261349,2,five_resource,0,1,105,9,7,15,5,0,6,2,0,1,0,11,3,0,7,6,26,27,53,3,6,6,4,19,35,,7,27
524,lineup_13,0,3,20261349,3,port,0,1,105,6,5,12,5,0,3,1,0,0,0,10,3,0,4,8,26,25,51,5,8,8,0,4,52,,24,36
525,lineup_13,0,4,20261350,0,hybrid_ows,1,1,121,10,7,15,3,0,3,3,6,1,1,11,1,0,12,3,30,27,57,6,10,10,0,17,121,,5,17
525,lineup_13,0,4,20261350,1,roads_and_cities,0,1,121,9,9,14,1,4,1,0,0,0,0,12,3,4,1,20,30,40,70,2,3,3,8,2,34,58,66,46
525,lineup_13,0,4,20261350,2,five_resource,0,1,121,4,3,8,3,0,3,1,0,0,0,6,1,0,3,4,30,14,44,2,5,5,0,35,111,,47,55
525,lineup_13,0,4,20261350,3,port,0,1,121,5,4,13,4,0,7,1,0,0,0,11,2,0,9,11,30,33,63,3,4,4,0,4,80,,8,12
526,lineup_13,0,5,20261351,0,hybrid_ows,0,1,71,8,6,5,0,2,4,2,3,0,1,3,0,2,9,6,18,20,38,2,6,6,0,5,,9,21,41
526,lineup_13,0,5,20261351,1,roads_and_cities,0,1,71,4,3,12,3,0,1,1,0,0,0,10,1,0,1,4,18,16,34,1,2,2,4,2,62,,22,2
526,lineup_13,0,5,20261351,2,five_resource,1,1,71,11,10,12,0,4,3,1,0,1,0,10,2,4,3,13,17,32,49,3,4,4,11,3,23,11,19,15
526,lineup_13,0,5,20261351,3,port,0,1,71,3,3,5,1,1,4,0,0,0,0,3,0,1,4,4,17,12,29,2,2,2,4,52,,68,8,20
527,lineup_13,0,6,20261352,0,hybrid_ows,1,1,141,10,9,9,1,3,1,1,7,0,1,5,2,3,12,22,35,44,79,5,8,8,7,17,121,21,5,5
527,lineup_13,0,6,20261352,1,roads_and_cities,0,1,141,6,6,15,0,3,0,0,0,0,0,13,1,3,0,12,35,29,64,2,3,3,11,10,42,102,,10
527,lineup_13,0,6,20261352,2,five_resource,0,1,141,9,8,14,2,2,4,1,0,1,0,10,2,2,5,11,35,30,65,2,3,3,4,3,31,87,47,43
527,lineup_13,0,6,20261352,3,port,0,1,141,7,4,9,4,0,7,3,0,0,0,7,2,0,8,14,35,31,66,3,5,5,17,4,40,,8,8
528,lineup_13,0,7,20261353,0,hybrid_ows,1,1,105,10,8,8,0,3,2,2,5,0,1,4,1,3,9,9,26,26,52,2,2,2,6,89,105,69,13,41
528,lineup_13,0,7,20261353,1,roads_and_cities,0,1,105,9,8,8,0,3,2,1,0,1,0,6,1,3,2,11,26,23,49,0,5,3,18,6,98,34,50,6
528,lineup_13,0,7,20261353,2,five_resource,0,1,105,6,5,8,3,1,5,1,0,0,0,4,2,1,8,12,26,27,53,1,3,3,0,7,63,103,3,31
528,lineup_13,0,7,20261353,3,port,0,1,105,4,3,6,3,0,5,1,0,0,0,4,1,0,6,12,26,23,49,4,5,5,0,44,72,,16,4
529,lineup_13,0,8,20261354,0,hybrid_ows,1,1,81,10,7,7,1,2,3,3,4,0,1,3,1,2,9,6,20,21,41,3,7,7,0,17,81,41,1,41
529,lineup_13,0,8,20261354,1,roads_and_cities,0,1,81,9,8,13,2,2,3,1,0,1,0,11,2,2,3,6,20,24,44,4,5,5,0,14,38,42,46,42
529,lineup_13,0,8,20261354,2,five_resource,0,1,81,4,4,7,4,0,5,0,0,0,0,3,2,0,6,4,20,15,35,5,5,5,0,7,59,,3,15
529,lineup_13,0,8,20261354,3,port,0,1,81,4,3,6,3,0,4,1,0,0,0,4,1,0,7,7,20,19,39,4,5,5,8,12,28,,12,12
530,lineup_13,0,9,20261355,0,hybrid_ows,0,1,83,7,6,4,0,2,1,1,4,0,1,2,0,2,6,7,21,17,38,1,2,2,4,33,,61,13,9
530,lineup_13,0,9,20261355,1,roads_and_cities,0,1,83,3,3,9,3,0,0,0,0,0,0,5,1,0,1,5,21,12,33,1,1,1,0,2,66,,46,18
530,lineup_13,0,9,20261355,2,five_resource,1,1,83,10,7,11,3,1,6,3,0,1,0,9,2,1,7,6,20,25,45,3,3,3,5,7,55,71,3,55
530,lineup_13,0,9,20261355,3,port,0,1,83,2,2,7,2,0,4,0,0,0,0,3,0,0,5,10,20,18,38,2,3,3,0,4,,,12,4
531,lineup_13,1,0,20261356,0,roads_and_cities,0,1,146,8,7,14,3,1,4,1,0,1,0,10,2,1,6,11,37,30,67,5,7,7,10,13,29,109,17,37
531,lineup_13,1,0,20261356,1,five_resource,1,1,146,10,9,14,1,4,2,1,0,0,0,12,3,4,3,8,36,30,66,5,5,5,4,2,74,54,34,54
531,lineup_13,1,0,20261356,2,port,0,1,146,8,6,12,4,1,5,2,0,0,0,8,3,1,8,19,36,39,75,6,6,6,12,23,99,135,7,11
531,lineup_13,1,0,20261356,3,hybrid_ows,0,1,146,9,8,6,0,3,1,1,7,0,1,4,1,3,8,11,36,27,63,3,8,8,6,24,76,112,4,16
532,lineup_13,1,1,20261357,0,roads_and_cities,1,1,141,10,8,15,0,4,6,2,0,0,0,13,2,4,7,18,35,44,79,6,8,7,0,17,105,33,5,17
532,lineup_13,1,1,20261357,1,five_resource,0,1,141,7,5,15,5,0,5,2,0,0,0,12,3,0,7,20,35,42,77,3,5,5,0,2,22,,26,34
532,lineup_13,1,1,20261357,2,port,0,1,141,6,5,15,3,0,4,1,0,1,0,11,1,0,6,14,35,32,67,5,7,7,8,35,71,,15,15
532,lineup_13,1,1,20261357,3,hybrid_ows,0,1,141,5,5,12,3,0,0,0,4,0,1,10,1,0,5,4,35,20,55,2,4,4,12,4,140,,12,40
533,lineup_13,1,2,20261358,0,roads_and_cities,0,1,84,6,5,9,1,2,4,1,0,0,0,7,1,2,4,7,21,21,42,3,3,3,0,25,65,9,17,17
533,lineup_13,1,2,20261358,1,five_resource,0,1,84,7,6,10,2,1,4,1,0,1,0,6,1,1,5,9,21,22,43,3,4,4,4,14,42,74,2,6
533,lineup_13,1,2,20261358,2,port,0,1,84,3,3,5,3,0,4,0,0,0,0,3,1,0,4,8,21,16,37,3,3,3,0,31,83,,3,31
533,lineup_13,1,2,20261358,3,hybrid_ows,1,1,84,10,7,9,1,2,3,3,4,0,1,5,1,2,12,11,20,31,51,4,10,10,4,20,84,24,16,16
534,lineup_13,1,3,20261359,0,roads_and_cities,0,1,106,7,6,8,0,3,4,1,0,0,0,6,1,3,8,15,27,33,60,4,7,7,4,1,41,29,9,9
534,lineup_13,1,3,20261359,1,five_resource,1,1,106,10,8,12,0,4,5,2,0,0,0,8,2,4,6,11,26,31,57,3,3,3,4,6,42,90,30,66
534,lineup_13,1,3,20261359,2,port,0,1,106,7,6,13,4,0,3,1,0,1,0,11,2,0,3,6,26,22,48,8,10,10,4,11,15,,3,43
534,lineup_13,1,3,20261359,3,hybrid_ows,0,1,106,9,8,11,0,3,1,1,6,0,1,7,1,3,8,24,26,43,69,2,2,2,4,24,40,24,44,4
535,lineup_13,1,4,20261360,0,roads_and_cities,0,1,134,8,6,10,0,3,6,2,0,0,0,6,1,3,9,15,34,34,68,1,2,2,22,13,113,5,21,13
535,lineup_13,1,4,20261360,1,five_resource,1,1,134,10,9,15,5,1,2,1,0,1,0,11,4,1,3,16,33,35,68,1,1,1,0,2,22,126,38,10
535,lineup_13,1,4,20261360,2,port,0,1,134,6,6,15,0,3,0,0,0,0,0,13,1,3,0,17,33,34,67,2,2,2,4,23,51,11,,3
535,lineup_13,1,4,20261360,3,hybrid_ows,0,1,134,8,6,5,0,2,2,2,9,0,1,3,0,2,13,11,33,29,62,7,7,7,17,96,,28,4,20
536,lineup_13,1,5,20261361,0,roads_and_cities,0,1,140,7,6,15,2,2,4,1,0,0,0,13,2,2,4,5,35,26,61,2,7,7,10,1,97,101,81,13
536,lineup_13,1,5,20261361,1,five_resource,0,1,140,6,4,11,0,2,5,2,0,0,0,9,0,2,6,3,35,20,55,6,9,9,13,2,,70,14,46
536,lineup_13,1,5,20261361,2,port,0,1,140,6,5,15,5,0,2,1,0,0,0,13,3,0,4,19,35,39,74,6,12,12,4,11,51,,31,11
536,lineup_13,1,5,20261361,3,hybrid_ows,1,1,140,10,9,14,3,1,1,1,7,1,1,8,2,1,11,7,34,29,63,7,9,9,0,12,80,140,4,20
537,lineup_13,1,6,20261362,0,roads_and_cities,0,1,104,6,6,14,2,2,2,0,0,0,0,12,2,2,4,6,26,26,52,5,5,5,0,9,65,85,49,17
537,lineup_13,1,6,20261362,1,five_resource,0,1,104,3,2,7,2,0,5,1,0,0,0,3,0,0,7,4,26,14,40,2,3,3,4,6,,,6,2
537,lineup_13,1,6,20261362,2,port,0,1,104,5,4,9,4,0,2,1,0,0,0,7,2,0,2,9,26,20,46,4,5,5,4,3,55,,15,35
537,lineup_13,1,6,20261362,3,hybrid_ows,1,1,104,10,8,12,0,2,2,2,5,1,1,10,0,2,8,12,25,32,57,1,3,3,0,4,,56,16,8
538,lineup_13,1,7,20261363,0,roads_and_cities,1,1,77,10,7,11,3,1,4,3,0,1,0,7,2,1,5,3,19,18,37,5,5,5,8,9,9,41,17,53
538,lineup_13,1,7,20261363,1,five_resource,0,1,77,2,2,7,2,0,3,0,0,0,0,5,0,0,3,3,19,11,30,4,4,4,4,14,,,6,6
538,lineup_13,1,7,20261363,2,port,0,1,77,2,2,9,2,0,0,0,0,0,0,7,0,0,0,3,19,10,29,0,0,0,8,3,,,,11
538,lineup_13,1,7,20261363,3,hybrid_ows,0,1,77,5,4,9,2,0,2,1,5,0,1,5,0,0,8,7,19,20,39,2,4,4,0,4,,,28,8
539,lineup_13,1,8,20261364,0,roads_and_cities,0,1,120,7,6,15,4,0,2,1,0,1,0,13,2,0,2,10,30,27,57,3,3,3,4,1,45,,41,5
539,lineup_13,1,8,20261364,1,five_resource,0,1,120,3,2,11,2,0,6,1,0,0,0,7,0,0,9,10,30,26,56,2,4,4,0,18,,,2,6
539,lineup_13,1,8,20261364,2,port,0,1,120,4,4,8,4,0,3,0,0,0,0,6,2,0,3,14,30,25,55,2,4,4,4,27,107,,23,23
539,lineup_13,1,8,20261364,3,hybrid_ows,1,1,120,10,7,6,1,2,3,3,5,0,1,2,1,2,11,7,29,23,52,3,6,6,11,68,120,36,8,8
540,lineup_13,1,9,20261365,0,roads_and_cities,0,1,84,2,2,7,2,0,3,0,0,0,0,5,0,0,3,8,21,16,37,2,4,4,0,13,,,33,1
540,lineup_13,1,9,20261365,1,five_resource,0,1,84,6,6,11,0,2,0,0,0,1,0,7,0,2,3,5,21,17,38,0,1,1,16,6,,22,6,50
540,lineup_13,1,9,20261365,2,port,0,1,84,4,3,3,1,1,3,1,0,0,0,1,0,1,3,14,21,19,40,1,1,1,8,59,,15,35,3
540,lineup_13,1,9,20261365,3,hybrid_ows,1,1,84,10,8,8,0,3,2,2,3,0,1,6,1,3,5,9,20,24,44,2,2,2,4,4,80,20,36,8
541,lineup_13,2,0,20261366,0,five_resource,0,1,183,9,8,15,4,2,6,1,0,0,0,13,4,2,6,24,46,49,95,7,10,10,15,9,45,157,57,9
541,lineup_13,2,0,20261366,1,port,0,1,183,8,8,15,2,2,1,0,0,1,0,13,2,2,2,13,46,32,78,7,9,9,17,30,146,126,90,6
541,lineup_13,2,0,20261366,2,hybrid_ows,1,1,183,10,7,7,1,2,3,3,4,0,1,3,1,2,10,20,45,36,81,3,15,15,21,27,183,151,23,7
541,lineup_13,2,0,20261366,3,roads_and_cities,0,1,183,9,8,13,0,4,6,1,0,0,0,11,2,4,7,22,45,46,91,7,10,10,10,8,128,100,12,36
542,lineup_13,2,1,20261367,0,five_resource,0,1,95,8,6,10,0,3,5,2,0,0,0,8,1,3,7,7,24,26,50,7,7,7,4,1,77,13,5,45
542,lineup_13,2,1,20261367,1,port,0,1,95,8,8,15,0,3,2,0,0,1,0,9,1,3,4,26,24,43,67,2,4,4,4,10,90,38,22,6
542,lineup_13,2,1,20261367,2,hybrid_ows,1,1,95,10,8,5,0,3,2,2,6,0,1,3,1,3,10,9,23,26,49,3,4,4,8,27,87,15,3,19
542,lineup_13,2,1,20261367,3,roads_and_cities,0,1,95,6,5,7,1,2,4,1,0,0,0,5,1,2,4,8,23,20,43,4,4,4,8,24,92,64,12,40
543,lineup_13,2,2,20261368,0,five_resource,0,1,59,3,3,4,1,1,4,0,0,0,0,2,0,1,5,1,15,9,24,1,1,1,4,33,,17,9,21
543,lineup_13,2,2,20261368,1,port,0,1,59,2,2,5,2,0,2,0,0,0,0,3,0,0,3,6,15,12,27,2,3,3,0,22,,,30,6
543,lineup_13,2,2,20261368,2,hybrid_ows,1,1,59,10,7,6,1,1,3,3,4,1,1,2,0,1,10,2,14,15,29,0,0,0,0,35,,55,3,59
543,lineup_13,2,2,20261368,3,roads_and_cities,0,1,59,4,3,3,1,1,2,1,0,0,0,1,0,1,2,5,14,9,23,0,1,1,4,24,,16,36,4
544,lineup_13,2,3,20261369,0,five_resource,0,1,138,9,9,15,5,1,5,0,0,1,0,13,4,1,5,9,35,32,67,6,13,13,14,5,17,117,73,21
544,lineup_13,2,3,20261369,1,port,1,1,138,10,9,15,1,4,5,1,0,0,0,13,3,4,6,23,34,49,83,4,4,4,13,2,58,122,14,46
544,lineup_13,2,3,20261369,2,hybrid_ows,0,1,138,9,6,8,0,2,3,3,4,0,1,4,0,2,11,12,34,29,63,3,13,13,4,19,,35,3,15
544,lineup_13,2,3,20261369,3,roads_and_cities,0,1,138,6,5,12,3,1,1,1,0,0,0,10,2,1,1,15,34,29,63,5,7,7,4,16,56,48,100,28
545,lineup_13,2,4,20261370,0,five_resource,0,1,119,5,5,9,1,2,2,0,0,0,0,5,1,2,4,11,30,23,53,2,2,2,8,61,85,37,9,9
545,lineup_13,2,4,20261370,1,port,0,1,119,6,5,11,3,1,3,1,0,0,0,9,2,1,3,17,30,32,62,2,2,2,0,2,38,114,54,10
545,lineup_13,2,4,20261370,2,hybrid_ows,1,1,119,10,6,7,0,2,4,4,9,0,1,3,0,2,16,14,29,35,64,2,2,2,4,15,,67,27,11
545,lineup_13,2,4,20261370,3,roads_and_cities,0,1,119,5,5,9,3,0,1,0,0,1,0,7,1,0,2,14,29,24,53,2,3,3,16,12,60,,52,12
546,lineup_13,2,5,20261371,0,five_resource,0,1,75,3,3,7,3,0,3,0,0,0,0,5,1,0,4,4,19,14,33,5,6,6,0,5,53,,21,5
546,lineup_13,2,5,20261371,1,port,0,1,75,6,5,13,3,0,2,1,0,1,0,11,1,0,2,2,19,16,35,1,1,1,0,10,62,,6,62
546,lineup_13,2,5,20261371,2,hybrid_ows,1,1,75,10,8,6,0,3,2,2,3,0,1,2,1,3,9,9,18,24,42,1,1,1,0,23,67,11,3,19
546,lineup_13,2,5,20261371,3,roads_and_cities,0,1,75,4,2,6,2,0,7,2,0,0,0,4,0,0,7,3,18,14,32,2,4,4,0,12,,,12,12
547,lineup_13,2,6,20261372,0,five_resource,1,1,97,10,9,11,1,3,5,1,0,1,0,7,2,3,8,7,24,27,51,8,11,11,6,17,29,73,9,13
547,lineup_13,2,6,20261372,1,port,0,1,97,4,3,6,3,0,5,1,0,0,0,4,1,0,6,5,24,16,40,6,8,8,4,38,78,,18,38
547,lineup_13,2,6,20261372,2,hybrid_ows,0,1,97,8,6,5,0,2,2,2,6,0,1,3,0,2,9,6,24,20,44,3,4,4,0,47,,75,3,7
547,lineup_13,2,6,20261372,3,roads_and_cities,0,1,97,7,6,8,0,3,2,1,0,0,0,6,1,3,2,12,24,24,48,9,10,10,0,12,76,44,8,8
548,lineup_13,2,7,20261373,0,five_resource,0,1,127,3,3,14,3,0,4,0,0,0,0,8,1,0,6,9,32,24,56,0,5,5,4,1,41,,33,21
548,lineup_13,2,7,20261373,1,port,0,1,127,7,6,14,4,0,3,1,0,1,0,12,2,0,3,16,32,33,65,5,7,7,0,2,50,,22,10
548,lineup_13,2,7,20261373,2,hybrid_ows,1,1,127,10,6,7,2,1,4,4,5,0,1,5,1,1,12,9,31,28,59,4,4,4,0,35,111,127,15,7
548,lineup_13,2,7,20261373,3,roads_and_cities,0,1,127,4,4,10,0,2,3,0,0,0,0,8,0,2,4,10,31,24,55,5,5,5,0,8,,56,72,24
549,lineup_13,2,8,20261374,0,five_resource,0,1,107,7,6,10,0,3,3,1,0,0,0,8,1,3,4,7,27,23,50,4,7,7,4,25,29,21,13,9
549,lineup_13,2,8,20261374,1,port,0,1,107,5,4,15,2,0,3,1,0,1,0,11,0,0,5,8,27,24,51,5,7,7,0,6,,,10,10
549,lineup_13,2,8,20261374,2,hybrid_ows,1,1,107,10,7,7,3,1,3,3,9,0,1,3,2,1,14,17,26,37,63,6,10,10,10,35,95,27,11,11
549,lineup_13,2,8,20261374,3,roads_and_cities,0,1,107,5,5,15,3,1,1,0,0,0,0,13,2,1,2,9,26,27,53,6,10,10,0,20,52,100,24,44
550,lineup_13,2,9,20261375,0,five_resource,1,1,113,10,10,11,0,4,4,0,0,1,0,9,2,4,5,15,28,35,63,2,2,2,0,1,29,85,53,5
550,lineup_13,2,9,20261375,1,port,0,1,113,4,3,11,3,0,1,1,0,0,0,9,1,0,3,12,28,25,53,5,5,5,0,42,78,,6,26
550,lineup_13,2,9,20261375,2,hybrid_ows,0,1,113,4,3,8,1,1,1,1,2,0,0,4,0,1,5,11,28,21,49,2,4,4,0,71,,55,19,15
550,lineup_13,2,9,20261375,3,roads_and_cities,0,1,113,5,5,15,3,1,1,0,0,0,0,13,2,1,1,11,28,28,56,5,6,6,4,8,76,108,88,4
551,lineup_13,3,0,20261376,0,port,1,1,97,10,8,15,0,3,5,2,0,1,0,13,1,3,7,13,24,37,61,4,6,5,0,1,81,33,5,13
551,lineup_13,3,0,20261376,1,hybrid_ows,0,1,97,6,6,13,2,1,0,0,3,0,1,11,1,1,4,7,24,24,48,1,2,2,0,2,86,22,6,14
551,lineup_13,3,0,20261376,2,roads_and_cities,0,1,97,6,5,11,1,2,4,1,0,0,0,7,1,2,6,8,24,24,48,6,8,8,4,11,67,59,19,11
551,lineup_13,3,0,20261376,3,five_resource,0,1,97,4,2,4,2,0,8,2,0,0,0,2,0,0,8,6,24,16,40,1,3,3,0,76,,,12,28
552,lineup_13,3,1,20261377,0,port,0,1,135,9,8,14,0,4,4,1,0,0,0,10,2,4,6,15,34,37,71,1,2,2,23,49,81,53,9,1
552,lineup_13,3,1,20261377,1,hybrid_ows,0,1,135,9,6,4,0,2,3,3,4,0,1,2,0,2,9,7,34,20,54,6,8,8,8,34,,110,2,26
552,lineup_13,3,1,20261377,2,roads_and_cities,1,1,135,10,9,15,1,3,5,1,0,1,0,11,2,3,7,18,33,41,74,5,5,5,5,35,51,43,3,27
552,lineup_13,3,1,20261377,3,five_resource,0,1,135,6,6,10,4,1,3,0,0,0,0,8,3,1,3,14,33,29,62,5,11,10,4,4,124,104,24,8
553,lineup_13,3,2,20261378,0,port,0,1,100,2,2,10,2,0,3,0,0,0,0,6,0,0,4,8,25,18,43,5,5,5,0,9,,,5,5
553,lineup_13,3,2,20261378,1,hybrid_ows,0,1,100,8,6,7,0,2,2,2,7,0,1,5,0,2,11,11,25,29,54,2,2,2,4,18,,50,6,6
553,lineup_13,3,2,20261378,2,roads_and_cities,0,1,100,5,4,5,0,2,3,1,0,0,0,3,0,2,4,10,25,19,44,2,2,2,0,75,,35,7,7
553,lineup_13,3,2,20261378,3,five_resource,1,1,100,10,8,11,0,3,4,2,0,1,0,7,1,3,6,11,24,28,52,4,5,5,0,4,64,56,16,12
554,lineup_13,3,3,20261379,0,port,0,1,111,8,7,15,3,1,5,1,0,1,0,13,2,1,6,5,28,27,55,6,8,8,8,1,77,101,17,69
554,lineup_13,3,3,20261379,1,hybrid_ows,0,1,111,8,6,15,0,2,3,2,7,0,1,11,0,2,12,18,28,43,71,2,5,5,4,22,,6,10,10
554,lineup_13,3,3,20261379,2,roads_and_cities,1,1,111,10,10,15,2,4,1,0,0,0,0,13,4,4,3,13,27,37,64,5,6,6,4,39,83,19,83,27
554,lineup_13,3,3,20261379,3,five_resource,0,1,111,8,6,15,4,1,3,2,0,0,0,11,3,1,4,13,27,32,59,5,10,10,0,8,32,104,16,36
555,lineup_13,3,4,20261380,0,port,0,1,130,5,4,15,4,0,5,1,0,0,0,11,2,0,8,15,33,36,69,1,4,4,8,5,37,,21,5
555,lineup_13,3,4,20261380,1,hybrid_ows,1,1,130,10,7,3,1,2,4,3,6,0,1,1,1,2,11,8,32,23,55,0,2,2,8,54,98,118,6,6
555,lineup_13,3,4,20261380,2,roads_and_cities,0,1,130,9,9,15,3,2,3,0,0,1,0,13,3,2,3,11,32,32,64,3,5,5,4,3,63,107,51,7
555,lineup_13,3,4,20261380,3,five_resource,0,1,130,8,7,8,1,3,2,1,0,0,0,6,2,3,3,17,32,31,63,4,9,8,8,4,48,20,4,20
556,lineup_13,3,5,20261381,0,port,0,1,110,9,8,15,0,3,2,1,0,1,0,11,1,3,4,12,28,31,59,4,6,6,0,21,85,21,9,5
556,lineup_13,3,5,20261381,1,hybrid_ows,1,1,110,10,8,8,0,3,2,2,7,0,1,4,1,3,12,13,27,33,60,4,5,5,0,30,62,94,6,10
556,lineup_13,3,5,20261381,2,roads_and_cities,0,1,110,5,5,8,1,2,2,0,0,0,0,6,1,2,2,13,27,24,51,5,6,6,7,15,55,27,75,3
556,lineup_13,3,5,20261381,3,five_resource,0,1,110,6,4,12,4,0,6,2,0,0,0,10,2,0,7,9,27,28,55,4,6,6,0,4,12,,20,16
557,lineup_13,3,6,20261382,0,port,0,1,122,8,7,15,3,1,6,1,0,1,0,13,2,1,6,11,31,33,64,5,7,7,12,1,29,37,69,29
557,lineup_13,3,6,20261382,1,hybrid_ows,1,1,122,10,7,15,1,2,3,3,4,0,1,11,1,2,9,8,30,31,61,5,6,6,0,2,118,94,6,14
557,lineup_13,3,6,20261382,2,roads_and_cities,0,1,122,8,8,15,0,4,3,0,0,0,0,11,2,4,5,21,30,43,73,5,9,9,8,35,79,31,11,27
557,lineup_13,3,6,20261382,3,five_resource,0,1,122,9,8,8,0,4,3,1,0,0,0,6,2,4,5,18,30,35,65,7,7,7,14,20,60,20,16,4
558,lineup_13,3,7,20261383,0,port,0,1,102,5,2,9,2,0,4,3,0,0,0,7,0,0,4,5,26,16,42,4,4,4,0,1,,,29,25
558,lineup_13,3,7,20261383,1,hybrid_ows,1,1,102,10,8,12,0,2,3,2,6,1,1,8,0,2,13,15,26,38,64,4,4,4,12,18,,10,18,18
558,lineup_13,3,7,20261383,2,roads_and_cities,0,1,102,4,4,12,0,2,1,0,0,0,0,10,0,2,1,4,25,17,42,0,1,1,4,3,,47,71,19
558,lineup_13,3,7,20261383,3,five_resource,0,1,102,4,4,11,4,0,4,0,0,0,0,7,2,0,5,8,25,22,47,4,4,4,4,12,56,,12,8
559,lineup_13,3,8,20261384,0,port,0,1,122,5,5,12,3,0,5,0,0,1,0,10,1,0,6,14,31,31,62,8,9,9,4,17,121,,13,17
559,lineup_13,3,8,20261384,1,hybrid_ows,1,1,122,10,9,11,3,2,1,1,4,0,1,7,3,2,8,13,30,33,63,3,8,8,9,10,86,106,6,6
559,lineup_13,3,8,20261384,2,roads_and_cities,0,1,122,8,6,15,0,3,4,2,0,0,0,11,1,3,5,9,30,29,59,3,3,3,5,3,95,23,11,11
559,lineup_13,3,8,20261384,3,five_resource,0,1,122,6,4,11,2,1,5,2,0,0,0,9,1,1,6,5,30,22,52,4,4,4,0,24,60,108,4,32
560,lineup_13,3,9,20261385,0,port,0,1,103,5,4,15,4,0,4,1,0,0,0,13,2,0,4,3,26,22,48,8,8,8,0,1,69,,53,93
560,lineup_13,3,9,20261385,1,hybrid_ows,0,1,103,6,5,8,1,1,1,1,7,0,1,4,0,1,11,7,26,23,49,1,1,1,4,10,,82,18,10
560,lineup_13,3,9,20261385,2,roads_and_cities,1,1,103,10,9,15,1,3,1,1,0,1,0,13,2,3,1,8,25,27,52,0,0,0,0,3,75,39,67,19
560,lineup_13,3,9,20261385,3,five_resource,0,1,103,6,4,7,2,1,7,2,0,0,0,5,1,1,9,6,25,22,47,0,1,1,16,24,100,52,8,4
561,lineup_14,0,0,20261386,0,road_building,0,1,98,5,5,12,1,1,1,0,0,1,0,10,0,1,1,8,25,20,45,5,5,5,12,1,,65,85,9
561,lineup_14,0,0,20261386,1,roads_and_cities,1,1,98,10,9,15,1,4,3,1,0,0,0,13,3,4,4,18,24,42,66,4,6,6,13,18,50,6,14,10
561,lineup_14,0,0,20261386,2,five_resource,0,1,98,7,6,15,2,2,3,1,0,0,0,11,2,2,4,11,24,30,54,4,6,6,0,15,35,79,3,19
561,lineup_14,0,0,20261386,3,port,0,1,98,5,5,15,1,2,2,0,0,0,0,13,1,2,2,9,24,27,51,4,7,7,11,4,72,16,48,4
562,lineup_14,0,1,20261387,0,road_building,0,1,126,5,4,15,4,0,5,1,0,0,0,13,2,0,6,7,32,28,60,4,5,5,8,1,77,,17,17
562,lineup_14,0,1,20261387,1,roads_and_cities,1,1,126,10,10,13,0,4,0,0,0,1,0,11,2,4,0,14,31,31,62,1,6,6,6,6,50,14,,22
562,lineup_14,0,1,20261387,2,five_resource,0,1,126,5,4,15,4,0,6,1,0,0,0,13,2,0,6,7,31,28,59,4,6,6,0,7,55,,11,55
562,lineup_14,0,1,20261387,3,port,0,1,126,4,3,15,1,1,4,1,0,0,0,11,0,1,7,11,31,30,61,2,5,5,4,12,,124,4,36
563,lineup_14,0,2,20261388,0,road_building,0,1,98,7,6,13,2,2,3,1,0,0,0,11,2,2,3,8,25,26,51,6,7,7,0,5,41,89,21,5
563,lineup_14,0,2,20261388,1,roads_and_cities,1,1,98,10,9,15,1,4,2,1,0,0,0,9,3,4,5,9,24,30,54,6,6,6,0,22,34,26,6,14
563,lineup_14,0,2,20261388,2,five_resource,0,1,98,7,5,14,3,1,5,2,0,0,0,12,2,1,6,11,24,32,56,3,4,4,5,7,55,19,15,7
563,lineup_14,0,2,20261388,3,port,0,1,98,9,9,15,3,2,3,0,0,1,0,13,3,2,4,12,24,34,58,4,6,6,10,4,64,24,68,4
564,lineup_14,0,3,20261389,0,road_building,0,1,164,8,8,15,0,4,7,0,0,0,0,13,2,4,7,15,41,41,82,3,6,6,14,9,101,137,5,5
564,lineup_14,0,3,20261389,1,roads_and_cities,0,1,164,9,8,15,4,1,4,1,0,1,0,13,3,1,6,14,41,37,78,2,6,6,13,2,126,142,6,14
564,lineup_14,0,3,20261389,2,five_resource,0,1,164,6,4,7,0,2,5,2,0,0,0,5,0,2,7,10,41,24,65,1,5,5,28,3,,11,3,31
564,lineup_14,0,3,20261389,3,port,1,1,164,10,8,15,4,2,4,2,0,0,0,11,4,2,5,11,40,33,73,7,9,9,18,4,44,152,4,88
565,lineup_14,0,4,20261390,0,road_building,0,1,160,9,8,15,2,3,5,1,0,0,0,11,3,3,6,15,40,38,78,5,18,16,4,25,69,129,17,5
565,lineup_14,0,4,20261390,1,roads_and_cities,0,1,160,6,4,6,0,2,8,2,0,0,0,4,0,2,8,5,40,19,59,3,4,4,30,50,,122,2,38
565,lineup_14,0,4,20261390,2,five_resource,0,1,160,4,3,14,1,1,4,1,0,0,0,10,0,1,9,14,40,34,74,6,13,12,13,19,,159,3,19
565,lineup_14,0,4,20261390,3,port,1,1,160,10,9,15,3,2,2,1,0,1,0,13,3,2,2,18,39,38,77,11,18,18,5,4,104,140,32,44
566,lineup_14,0,5,20261391,0,road_building,0,1,164,5,5,15,5,0,3,0,0,0,0,11,3,0,5,13,41,32,73,3,5,5,9,1,129,,17,5
566,lineup_14,0,5,20261391,1,roads_and_cities,0,1,164,6,4,11,0,2,5,2,0,0,0,9,0,2,6,2,41,19,60,0,1,1,18,30,,118,38,74
566,lineup_14,0,5,20261391,2,five_resource,0,1,164,8,7,15,3,1,6,1,0,1,0,13,2,1,8,13,41,37,78,5,7,7,8,3,83,163,19,11
566,lineup_14,0,5,20261391,3,port,1,1,164,10,8,10,0,4,5,2,0,0,0,6,2,4,6,35,40,53,93,6,9,9,0,40,128,88,4,4
567,lineup_14,0,6,20261392,0,road_building,1,1,109,10,8,10,2,2,5,2,0,1,0,8,2,2,6,12,27,30,57,4,5,5,4,5,41,97,37,29
567,lineup_14,0,6,20261392,1,roads_and_cities,0,1,109,3,3,10,1,1,2,0,0,0,0,8,0,1,2,9,27,20,47,1,2,2,8,6,,94,6,10
567,lineup_14,0,6,20261392,2,five_resource,0,1,109,8,7,11,1,3,6,1,0,0,0,9,2,3,6,22,27,42,69,0,5,5,0,15,67,11,19,7
567,lineup_14,0,6,20261392,3,port,0,1,109,6,6,15,4,1,4,0,0,0,0,13,3,1,4,26,27,47,74,2,11,10,0,4,40,108,12,4
568,lineup_14,0,7,20261393,0,road_building,0,1,115,7,5,15,5,0,6,2,0,0,0,13,3,0,6,3,29,25,54,5,8,8,8,5,41,,13,105
568,lineup_14,0,7,20261393,1,roads_and_cities,0,1,115,8,6,13,0,3,3,2,0,0,0,9,1,3,4,13,29,30,59,0,0,0,12,18,74,38,6,18
568,lineup_14,0,7,20261393,2,five_resource,1,1,115,10,9,15,1,3,7,1,0,1,0,13,2,3,9,3,28,30,58,11,14,14,8,3,87,51,11,75
568,lineup_14,0,7,20261393,3,port,0,1,115,2,2,7,2,0,4,0,0,0,0,5,0,0,6,11,28,22,50,4,5,5,14,24,,,16,8
569,lineup_14,0,8,20261394,0,road_building,0,1,95,3,2,13,2,0,1,1,0,0,0,11,0,0,2,5,24,18,42,3,3,3,0,1,,,17,17
569,lineup_14,0,8,20261394,1,roads_and_cities,0,1,95,7,7,15,1,2,1,0,0,1,0,13,1,2,2,9,24,27,51,3,5,5,4,2,86,34,26,18
569,lineup_14,0,8,20261394,2,five_resource,1,1,95,10,10,14,2,4,2,0,0,0,0,12,4,4,2,18,23,40,63,2,2,2,8,3,43,7,83,19
569,lineup_14,0,8,20261394,3,port,0,1,95,6,5,7,3,1,4,1,0,0,0,5,2,1,5,13,23,26,49,1,1,1,0,8,32,72,12,4
570,lineup_14,0,9,20261395,0,road_building,0,1,135,5,3,15,3,0,4,2,0,0,0,13,1,0,5,5,34,24,58,1,2,2,4,1,133,,5,73
570,lineup_14,0,9,20261395,1,roads_and_cities,0,1,135,6,6,12,4,1,7,0,0,0,0,8,3,1,10,12,34,34,68,3,7,7,4,18,114,6,2,26
570,lineup_14,0,9,20261395,2,five_resource,1,1,135,10,8,15,4,2,8,2,0,0,0,13,4,2,9,11,33,39,72,4,5,5,11,19,27,99,7,19
570,lineup_14,0,9,20261395,3,port,0,1,135,8,7,13,3,1,1,1,0,1,0,11,2,1,1,27,33,42,75,3,11,11,0,24,104,16,92,12
571,lineup_14,1,0,20261396,0,roads_and_cities,0,1,182,9,9,15,1,3,3,0,0,1,0,13,2,3,3,10,46,31,77,3,5,5,12,5,137,137,5,9
571,lineup_14,1,0,20261396,1,five_resource,1,1,182,10,6,15,0,3,9,4,0,0,0,13,1,3,11,17,45,45,90,7,10,10,21,6,114,122,18,6
571,lineup_14,1,0,20261396,2,port,0,1,182,7,6,15,4,1,4,1,0,0,0,11,3,1,7,16,45,38,83,8,11,11,24,11,67,151,23,19
571,lineup_14,1,0,20261396,3,road_building,0,1,182,7,7,15,3,2,4,0,0,0,0,13,3,2,4,21,45,43,88,3,4,4,16,4,44,136,104,60
572,lineup_14,1,1,20261397,0,roads_and_cities,0,1,139,4,3,14,3,0,4,1,0,0,0,12,1,0,6,10,35,29,64,7,10,10,0,1,105,,41,1
572,lineup_14,1,1,20261397,1,five_resource,0,1,139,9,6,9,2,2,11,3,0,0,0,7,2,2,11,17,35,39,74,5,7,7,8,18,54,42,10,18
572,lineup_14,1,1,20261397,2,port,1,1,139,10,10,15,4,2,4,0,0,1,0,13,4,2,5,31,34,55,89,1,2,2,0,15,43,123,11,3
572,lineup_14,1,1,20261397,3,road_building,0,1,139,3,3,15,3,0,1,0,0,0,0,13,1,0,1,8,34,23,57,0,1,1,8,8,116,,136,16
573,lineup_14,1,2,20261398,0,roads_and_cities,1,1,81,10,8,7,0,3,4,2,0,1,0,5,1,3,5,12,20,26,46,4,5,5,0,1,77,25,5,29
573,lineup_14,1,2,20261398,1,five_resource,0,1,81,5,3,8,1,1,6,2,0,0,0,6,0,1,7,1,20,15,35,2,2,2,8,6,,78,2,66
573,lineup_14,1,2,20261398,2,port,0,1,81,4,4,4,0,2,1,0,0,0,0,2,0,2,1,13,20,18,38,2,2,2,0,31,,27,35,3
573,lineup_14,1,2,20261398,3,road_building,0,1,81,3,3,8,3,0,2,0,0,0,0,6,1,0,2,4,20,13,33,0,1,1,4,12,36,,48,20
574,lineup_14,1,3,20261399,0,roads_and_cities,0,1,110,4,3,8,3,0,2,1,0,0,0,4,1,0,3,8,28,16,44,3,5,5,4,37,109,,17,17
574,lineup_14,1,3,20261399,1,five_resource,1,1,110,10,8,14,4,1,5,2,0,1,0,12,3,1,6,10,27,32,59,1,1,1,4,6,38,90,6,22
574,lineup_14,1,3,20261399,2,port,0,1,110,4,3,13,3,0,5,1,0,0,0,9,1,0,6,14,27,30,57,0,0,0,0,15,51,,51,15
574,lineup_14,1,3,20261399,3,road_building,0,1,110,5,5,15,3,1,2,0,0,0,0,13,2,1,2,7,27,25,52,1,4,4,8,4,88,108,12,12
575,lineup_14,1,4,20261400,0,roads_and_cities,0,1,114,8,7,15,3,2,2,1,0,0,0,13,3,2,3,12,29,33,62,5,8,8,4,5,57,33,9,41
575,lineup_14,1,4,20261400,1,five_resource,1,1,114,10,9,13,1,4,4,1,0,0,0,11,3,4,4,25,28,47,75,4,5,5,9,6,46,26,14,6
575,lineup_14,1,4,20261400,2,port,0,1,114,7,6,13,2,1,6,1,0,1,0,11,1,1,7,10,28,30,58,3,5,5,0,7,87,63,31,11
575,lineup_14,1,4,20261400,3,road_building,0,1,114,5,4,11,4,0,5,1,0,0,0,9,2,0,6,9,28,26,54,2,4,4,0,16,88,,12,12
576,lineup_14,1,5,20261401,0,roads_and_cities,0,1,108,5,5,12,3,1,3,0,0,0,0,10,2,1,3,7,27,23,50,5,10,10,19,1,57,53,17,33
576,lineup_14,1,5,20261401,1,five_resource,0,1,108,4,4,15,4,0,1,0,0,0,0,13,2,0,5,8,27,28,55,4,5,5,9,18,50,,22,14
576,lineup_14,1,5,20261401,2,port,0,1,108,5,5,12,5,0,5,0,0,0,0,8,3,0,6,9,27,26,53,5,6,6,4,3,47,,15,3
576,lineup_14,1,5,20261401,3,road_building,1,1,108,10,8,14,4,1,2,2,0,1,0,12,3,1,2,15,26,33,59,5,5,5,4,4,68,32,40,4
577,lineup_14,1,6,20261402,0,roads_and_cities,0,1,72,5,5,7,1,2,1,0,0,0,0,5,1,2,2,9,18,19,37,1,1,1,0,9,41,29,1,9
577,lineup_14,1,6,20261402,1,five_resource,0,1,72,4,4,7,0,2,1,0,0,0,0,3,0,2,2,6,18,13,31,0,0,0,4,42,,34,62,22
577,lineup_14,1,6,20261402,2,port,0,1,72,4,3,4,1,1,4,1,0,0,0,2,0,1,4,14,18,21,39,1,1,1,0,27,,11,35,3
577,lineup_14,1,6,20261402,3,road_building,1,1,72,10,8,10,4,1,3,2,0,1,0,8,3,1,3,7,17,22,39,1,2,2,6,4,32,72,12,12
578,lineup_14,1,7,20261403,0,roads_and_cities,0,1,190,8,7,15,1,3,2,1,0,0,0,13,2,3,2,18,48,38,86,3,4,4,38,25,141,97,5,29
578,lineup_14,1,7,20261403,1,five_resource,1,1,190,10,9,14,3,3,8,1,0,0,0,12,4,3,10,16,47,45,92,5,11,11,8,22,70,170,2,66
578,lineup_14,1,7,20261403,2,port,0,1,190,8,6,8,0,3,6,2,0,0,0,4,1,3,9,18,47,35,82,1,4,4,31,47,155,139,3,15
578,lineup_14,1,7,20261403,3,road_building,0,1,190,9,8,15,4,1,3,1,0,1,0,11,3,1,4,12,47,31,78,4,8,8,27,8,116,160,24,44
579,lineup_14,1,8,20261404,0,roads_and_cities,0,1,108,6,4,9,0,2,5,2,0,0,0,7,0,2,5,12,27,26,53,3,7,7,5,13,,45,5,13
579,lineup_14,1,8,20261404,1,five_resource,0,1,108,7,6,14,4,1,6,1,0,0,0,10,3,1,9,5,27,28,55,4,5,5,13,2,10,74,2,22
579,lineup_14,1,8,20261404,2,port,0,1,108,4,4,15,4,0,2,0,0,0,0,11,2,0,3,21,27,37,64,1,7,7,0,3,63,,23,3
579,lineup_14,1,8,20261404,3,road_building,1,1,108,10,9,11,3,2,2,1,0,1,0,9,3,2,3,11,26,28,54,5,8,7,8,4,68,44,4,16
580,lineup_14,1,9,20261405,0,roads_and_cities,0,1,110,4,4,12,2,0,2,0,0,1,0,10,0,0,2,5,28,17,45,6,7,7,0,5,,,61,13
580,lineup_14,1,9,20261405,1,five_resource,1,1,110,10,8,15,0,4,6,2,0,0,0,11,2,4,8,15,27,40,67,2,2,2,4,14,54,2,18,10
580,lineup_14,1,9,20261405,2,port,0,1,110,6,5,7,3,1,5,1,0,0,0,5,2,1,7,12,27,27,54,3,4,4,8,15,59,63,3,7
580,lineup_14,1,9,20261405,3,road_building,0,1,110,3,3,15,3,0,3,0,0,0,0,11,1,0,4,5,27,21,48,4,6,6,0,12,100,,16,68
581,lineup_14,2,0,20261406,0,five_resource,0,1,154,6,5,15,5,0,5,1,0,0,0,13,3,0,5,10,39,31,70,8,12,12,13,9,81,,13,21
581,lineup_14,2,0,20261406,1,port,1,1,154,10,8,11,0,4,5,2,0,0,0,7,2,4,8,22,38,43,81,4,7,7,16,26,78,10,22,14
581,lineup_14,2,0,20261406,2,road_building,0,1,154,6,6,15,4,0,2,0,0,1,0,13,2,0,2,4,38,21,59,3,6,6,9,3,131,,19,43
581,lineup_14,2,0,20261406,3,roads_and_cities,0,1,154,9,7,11,1,3,7,2,0,0,0,7,2,3,10,16,38,38,76,4,7,7,0,12,116,92,4,12
582,lineup_14,2,1,20261407,0,five_resource,0,1,144,8,8,13,0,3,5,0,0,1,0,11,1,3,5,15,36,35,71,5,7,7,4,21,45,77,33,45
582,lineup_14,2,1,20261407,1,port,0,1,144,6,4,15,2,1,4,2,0,0,0,11,1,1,6,13,36,32,68,6,8,8,0,10,138,134,14,6
582,lineup_14,2,1,20261407,2,road_building,0,1,144,7,7,15,5,1,2,0,0,0,0,13,4,1,2,8,36,28,64,5,7,7,5,11,43,131,111,39
582,lineup_14,2,1,20261407,3,roads_and_cities,1,1,144,10,7,6,1,3,9,3,0,0,0,4,2,3,12,19,35,40,75,1,3,3,0,20,36,84,12,8
583,lineup_14,2,2,20261408,0,five_resource,0,1,150,9,9,15,3,2,4,0,0,1,0,13,3,2,5,14,38,37,75,6,7,7,0,5,13,141,69,37
583,lineup_14,2,2,20261408,1,port,1,1,150,10,9,15,3,3,5,1,0,0,0,11,4,3,9,28,37,55,92,4,7,7,0,2,34,130,18,10
583,lineup_14,2,2,20261408,2,road_building,0,1,150,7,5,15,3,1,6,2,0,0,0,13,2,1,6,20,37,42,79,4,5,5,0,7,59,103,23,3
583,lineup_14,2,2,20261408,3,roads_and_cities,0,1,150,6,4,12,0,2,5,2,0,0,0,10,0,2,5,8,37,25,62,4,7,7,4,28,,80,16,20
584,lineup_14,2,3,20261409,0,five_resource,1,1,113,10,9,13,3,2,3,1,0,1,0,11,3,2,6,12,28,34,62,4,5,5,4,13,65,101,13,29
584,lineup_14,2,3,20261409,1,port,0,1,113,5,4,10,4,0,4,1,0,0,0,8,2,0,4,14,28,28,56,6,8,8,12,10,54,,10,2
584,lineup_14,2,3,20261409,2,road_building,0,1,113,4,2,5,2,0,3,2,0,0,0,3,0,0,3,5,28,11,39,0,0,0,21,23,,,7,7
584,lineup_14,2,3,20261409,3,roads_and_cities,0,1,113,4,4,11,0,2,5,0,0,0,0,9,0,2,5,5,28,21,49,5,9,9,4,8,,80,24,20
585,lineup_14,2,4,20261410,0,five_resource,0,1,132,8,7,15,3,2,1,1,0,0,0,13,3,2,2,16,33,36,69,7,11,11,18,1,53,101,17,17
585,lineup_14,2,4,20261410,1,port,0,1,132,8,6,9,2,2,8,2,0,0,0,3,2,2,13,22,33,42,75,4,15,15,0,22,114,102,6,6
585,lineup_14,2,4,20261410,2,road_building,0,1,132,7,7,15,5,0,4,0,0,1,0,13,3,0,4,3,33,23,56,7,9,9,20,15,71,,15,75
585,lineup_14,2,4,20261410,3,roads_and_cities,1,1,132,10,8,12,0,4,6,2,0,0,0,10,2,4,6,18,32,40,72,3,4,4,12,4,36,40,24,16
586,lineup_14,2,5,20261411,0,five_resource,0,1,130,5,5,12,5,0,2,0,0,0,0,10,3,0,2,8,33,23,56,6,6,6,8,13,17,,45,5
586,lineup_14,2,5,20261411,1,port,1,1,130,10,7,15,1,3,8,3,0,0,0,13,2,3,9,44,32,71,103,3,5,5,4,46,82,30,14,2
586,lineup_14,2,5,20261411,2,road_building,0,1,130,7,6,15,4,0,2,1,0,1,0,11,2,0,5,8,32,26,58,6,7,7,12,3,63,,19,7
586,lineup_14,2,5,20261411,3,roads_and_cities,0,1,130,9,8,15,0,4,3,1,0,0,0,13,2,4,3,26,32,48,80,9,9,9,13,12,56,4,32,4
587,lineup_14,2,6,20261412,0,five_resource,0,1,126,8,6,15,4,1,4,2,0,0,0,11,3,1,7,10,32,32,64,8,13,13,0,5,21,125,1,25
587,lineup_14,2,6,20261412,1,port,1,1,126,10,8,9,0,4,8,2,0,0,0,5,2,4,9,12,31,32,63,2,4,4,13,6,74,14,22,6
587,lineup_14,2,6,20261412,2,road_building,0,1,126,7,7,15,5,0,3,0,0,1,0,13,3,0,4,7,31,27,58,5,6,6,9,7,67,,3,23
587,lineup_14,2,6,20261412,3,roads_and_cities,0,1,126,5,4,15,4,0,4,1,0,0,0,13,2,0,5,9,31,29,60,2,5,5,4,4,80,,12,28
588,lineup_14,2,7,20261413,0,five_resource,0,1,159,8,8,15,0,4,2,0,0,0,0,13,2,4,2,9,40,30,70,4,4,4,28,1,113,73,49,37
588,lineup_14,2,7,20261413,1,port,0,1,159,9,7,15,1,2,4,2,0,1,0,13,1,2,5,31,40,52,92,6,11,11,12,10,142,30,14,6
588,lineup_14,2,7,20261413,2,road_building,1,1,159,10,8,15,4,2,5,2,0,0,0,9,4,2,9,27,39,51,90,10,18,14,9,7,19,139,15,7
588,lineup_14,2,7,20261413,3,roads_and_cities,0,1,159,5,4,6,0,2,8,1,0,0,0,4,0,2,9,8,39,23,62,3,3,3,46,20,,40,4,16
589,lineup_14,2,8,20261414,0,five_resource,0,1,151,8,5,13,1,2,10,3,0,0,0,11,1,2,13,22,38,49,87,7,9,9,9,9,141,13,9,9
589,lineup_14,2,8,20261414,1,port,0,1,151,6,5,15,5,0,7,1,0,0,0,11,3,0,8,19,38,41,79,5,6,6,4,6,74,,14,10
589,lineup_14,2,8,20261414,2,road_building,1,1,151,10,10,12,4,2,1,0,0,1,0,8,4,2,2,15,37,31,68,2,3,3,4,7,55,75,31,27
589,lineup_14,2,8,20261414,3,roads_and_cities,0,1,151,7,6,15,0,3,1,1,0,0,0,13,1,3,2,17,37,36,73,2,4,4,23,8,96,116,80,16
590,lineup_14,2,9,20261415,0,five_resource,1,1,113,10,9,15,1,4,7,1,0,0,0,11,3,4,8,13,28,39,67,1,1,1,12,9,73,13,5,33
590,lineup_14,2,9,20261415,1,port,0,1,113,6,5,15,3,1,2,1,0,0,0,11,2,1,3,24,28,41,69,4,4,4,4,18,46,26,2,2
590,lineup_14,2,9,20261415,2,road_building,0,1,113,6,6,15,4,0,4,0,0,1,0,13,2,0,5,7,28,27,55,7,10,10,4,3,87,,3,39
590,lineup_14,2,9,20261415,3,roads_and_cities,0,1,113,9,9,12,1,4,2,0,0,0,0,10,3,4,3,11,28,31,59,6,8,8,4,8,28,92,64,8
591,lineup_14,3,0,20261416,0,port,1,1,149,10,9,10,1,4,3,1,0,0,0,6,3,4,5,22,37,40,77,2,3,3,16,5,85,49,13,33
591,lineup_14,3,0,20261416,1,road_building,0,1,149,6,5,15,5,0,1,1,0,0,0,13,3,0,1,6,37,23,60,2,3,3,4,6,130,,6,10
591,lineup_14,3,0,20261416,2,roads_and_cities,0,1,149,7,4,7,0,2,13,3,0,0,0,3,0,2,17,7,37,29,66,3,3,3,20,83,,91,7,47
591,lineup_14,3,0,20261416,3,five_resource,0,1,149,9,9,15,3,2,2,0,0,1,0,13,3,2,2,17,37,37,74,7,11,11,14,4,64,136,44,24
592,lineup_14,3,1,20261417,0,port,1,1,137,10,8,12,0,4,5,2,0,0,0,6,2,4,8,24,34,44,78,4,10,10,15,5,45,89,5,1
592,lineup_14,3,1,20261417,1,road_building,0,1,137,6,6,15,4,1,2,0,0,0,0,13,3,1,3,6,34,26,60,5,5,5,18,2,58,50,14,14
592,lineup_14,3,1,20261417,2,roads_and_cities,0,1,137,9,7,15,3,1,5,2,0,1,0,13,2,1,5,13,34,34,68,6,11,11,0,3,19,135,27,7
592,lineup_14,3,1,20261417,3,five_resource,0,1,137,8,7,15,3,2,7,1,0,0,0,13,3,2,9,18,34,45,79,11,19,19,8,12,12,104,16,12
593,lineup_14,3,2,20261418,0,port,0,1,151,6,5,10,1,2,7,1,0,0,0,8,1,2,9,11,38,31,69,6,18,18,16,5,129,81,5,37
593,lineup_14,3,2,20261418,1,road_building,0,1,151,9,9,15,5,2,3,0,0,0,0,11,5,2,6,12,38,36,74,4,4,4,8,10,66,122,66,54
593,lineup_14,3,2,20261418,2,roads_and_cities,1,1,151,10,10,15,2,3,0,0,0,1,0,11,3,3,1,14,37,32,69,5,10,10,9,3,123,51,19,7
593,lineup_14,3,2,20261418,3,five_resource,0,1,151,8,4,14,2,1,9,4,0,0,0,12,1,1,9,13,37,36,73,5,11,11,12,12,136,128,4,4
594,lineup_14,3,3,20261419,0,port,0,1,103,6,4,12,2,1,4,2,0,0,0,10,1,1,4,14,26,30,56,5,11,11,0,5,49,45,1,25
594,lineup_14,3,3,20261419,1,road_building,0,1,103,8,7,11,5,0,6,1,0,1,0,9,3,0,6,11,26,29,55,2,4,4,0,2,10,,50,34
594,lineup_14,3,3,20261419,2,roads_and_cities,1,1,103,10,10,15,2,4,3,0,0,0,0,13,4,4,5,18,25,44,69,2,3,3,10,11,71,11,7,11
594,lineup_14,3,3,20261419,3,five_resource,0,1,103,6,4,13,2,1,5,2,0,0,0,9,1,1,6,8,25,25,50,6,7,7,9,12,64,44,20,12
595,lineup_14,3,4,20261420,0,port,0,1,118,3,3,15,3,0,7,0,0,0,0,13,1,0,7,26,30,47,77,3,7,7,0,1,85,,13,1
595,lineup_14,3,4,20261420,1,road_building,1,1,118,10,9,15,3,2,1,1,0,1,0,13,3,2,2,26,29,46,75,2,7,7,0,6,34,110,58,6
595,lineup_14,3,4,20261420,2,roads_and_cities,0,1,118,4,4,12,2,1,0,0,0,0,0,10,1,1,0,10,29,22,51,2,2,2,4,3,71,103,,3
595,lineup_14,3,4,20261420,3,five_resource,0,1,118,7,6,10,2,2,3,1,0,0,0,6,2,2,4,7,29,21,50,1,7,7,4,4,84,36,8,40
596,lineup_14,3,5,20261421,0,port,0,1,91,7,6,15,2,2,6,1,0,0,0,11,2,2,7,14,23,36,59,6,7,7,0,1,45,25,33,9
596,lineup_14,3,5,20261421,1,road_building,0,1,91,3,3,12,3,0,0,0,0,0,0,10,1,0,0,3,23,14,37,1,1,1,0,22,86,,,26
596,lineup_14,3,5,20261421,2,roads_and_cities,1,1,91,11,10,14,0,4,5,1,0,1,0,12,2,4,6,10,22,34,56,5,6,6,8,7,43,15,3,7
596,lineup_14,3,5,20261421,3,five_resource,0,1,91,7,5,4,1,2,4,2,0,0,0,2,1,2,5,9,22,19,41,1,1,1,13,4,76,16,24,4
597,lineup_14,3,6,20261422,0,port,0,1,122,6,4,9,4,0,7,2,0,0,0,7,2,0,7,21,31,37,68,7,13,13,0,13,17,,29,5
597,lineup_14,3,6,20261422,1,road_building,1,1,122,10,9,13,1,3,2,1,0,1,0,9,2,3,4,9,30,27,57,2,2,2,0,10,110,66,10,30
597,lineup_14,3,6,20261422,2,roads_and_cities,0,1,122,3,2,12,2,0,4,1,0,0,0,10,0,0,4,5,30,19,49,3,3,3,0,3,,,43,19
597,lineup_14,3,6,20261422,3,five_resource,0,1,122,9,8,12,0,4,2,1,0,0,0,8,2,4,4,8,30,26,56,3,6,6,9,32,92,96,32,44
598,lineup_14,3,7,20261423,0,port,0,1,120,5,5,14,5,0,3,0,0,0,0,10,3,0,6,13,30,32,62,7,9,9,4,1,81,,13,45
598,lineup_14,3,7,20261423,1,road_building,0,1,120,8,7,15,5,0,5,1,0,1,0,13,3,0,5,8,30,29,59,2,2,2,12,6,26,,30,14
598,lineup_14,3,7,20261423,2,roads_and_cities,0,1,120,9,8,14,0,4,1,1,0,0,0,12,2,4,1,12,30,31,61,5,6,6,11,19,35,15,83,35
598,lineup_14,3,7,20261423,3,five_resource,1,1,120,10,8,15,2,3,3,2,0,0,0,13,3,3,4,13,29,36,65,3,3,3,8,12,32,80,40,8
599,lineup_14,3,8,20261424,0,port,0,1,144,5,4,13,4,0,5,1,0,0,0,9,2,0,8,21,36,40,76,6,7,7,0,41,77,,25,5
599,lineup_14,3,8,20261424,1,road_building,0,1,144,6,6,9,4,0,3,0,0,1,0,7,2,0,4,12,36,25,61,2,2,2,4,6,94,,90,6
599,lineup_14,3,8,20261424,2,roads_and_cities,0,1,144,6,5,10,1,2,4,1,0,0,0,6,1,2,5,19,36,33,69,2,2,2,4,7,139,47,27,15
599,lineup_14,3,8,20261424,3,five_resource,1,1,144,10,7,9,1,3,7,3,0,0,0,7,2,3,8,27,35,47,82,6,8,8,4,36,68,88,16,4
600,lineup_14,3,9,20261425,0,port,0,1,131,9,9,15,3,3,3,0,0,0,0,13,4,3,4,26,33,50,83,4,11,11,13,1,69,105,89,13
600,lineup_14,3,9,20261425,1,road_building,0,1,131,7,6,15,4,1,2,1,0,0,0,11,3,1,4,10,33,29,62,3,5,5,0,18,50,118,10,10
600,lineup_14,3,9,20261425,2,roads_and_cities,1,1,131,10,10,14,0,4,3,0,0,1,0,12,2,4,5,24,32,47,79,2,9,9,9,11,35,95,43,11
600,lineup_14,3,9,20261425,3,five_resource,0,1,131,6,2,3,2,0,12,4,0,0,0,1,0,0,12,9,32,22,54,0,0,0,13,44,,,8,4
