strategy,seed,board_seed,dev_seed,seat,winner,turns,first_vertex,second_vertex,first_road,second_road,first_port,second_port,has_any_port,start_wood,start_brick,start_sheep,start_wheat,start_ore,start_cards,first_production,second_production,combined_production,combined_diversity,standard_pair_score,strategic_pair_score,port_synergy,effective_strategy_score,production_wood,production_brick,production_sheep,production_wheat,production_ore
full_ows,0,1654615998,1806341205,1,0,146,43,29,34-43,19-29,none,none,0,1,0,0,1,1,3,9,9,18,4,24.0,19.4,0.0,19.4,5,0,5,4,4
full_ows,0,1654615998,1806341205,2,1,146,7,50,6-7,44-50,none,wood_2to1,1,0,0,2,0,0,2,13,7,20,4,26.0,18.3,2.0,18.3,4,4,7,0,5
full_ows,0,1654615998,1806341205,3,0,146,21,47,18-21,42-47,none,ore_2to1,1,0,0,1,1,0,2,9,6,15,4,21.0,18.3,2.5,18.3,3,0,2,5,5
full_ows,0,1654615998,1806341205,4,0,146,38,25,30-38,15-25,none,none,0,0,0,1,1,1,3,11,7,18,4,24.0,19.7,0.0,19.7,5,0,4,6,3
full_ows,1,577090037,271041745,1,0,122,20,42,12-20,38-42,none,none,0,1,1,0,1,0,3,12,9,21,4,27.0,22.900000000000002,0.0,22.900000000000002,6,1,0,10,4
full_ows,1,577090037,271041745,2,1,122,33,18,24-33,8-18,none,none,0,0,1,0,0,2,3,12,10,22,4,28.0,24.3,0.0,24.3,3,4,0,5,10
full_ows,1,577090037,271041745,3,0,122,23,43,23-24,34-43,brick_2to1,none,1,0,0,2,1,0,3,9,8,17,3,21.5,23.799999999999997,0.0,23.799999999999997,0,0,3,10,4
full_ows,1,577090037,271041745,4,0,122,30,32,25-30,29-32,none,none,0,0,0,1,1,1,3,12,9,21,4,27.0,25.6,0.0,25.6,4,0,2,13,2
full_ows,2,242886303,393353683,1,0,83,24,38,20-24,30-38,none,none,0,0,1,1,0,1,3,10,8,18,4,24.0,22.699999999999996,0.0,22.699999999999996,0,2,5,8,3
full_ows,2,242886303,393353683,2,0,83,31,12,21-31,7-12,none,none,0,1,0,1,1,0,3,11,9,20,4,26.0,22.7,0.0,22.7,4,0,7,3,6
full_ows,2,242886303,393353683,3,1,83,44,2,41-44,1-2,none,none,0,0,2,0,1,0,3,11,10,21,5,28.5,19.0,0.0,19.0,4,6,3,4,4
full_ows,2,242886303,393353683,4,0,83,25,18,15-25,8-18,none,none,0,0,1,2,0,0,3,10,8,18,4,24.0,18.4,0.0,18.4,3,1,12,2,0
full_ows,3,1022050301,560161641,1,0,100,33,7,24-33,6-7,none,none,0,1,1,1,0,0,3,13,10,23,5,30.5,26.700000000000003,0.0,26.700000000000003,1,4,5,9,4
full_ows,3,1022050301,560161641,2,0,100,14,43,2-14,34-43,none,none,0,0,2,0,1,0,3,9,10,19,4,25.0,19.7,0.0,19.7,0,6,5,6,2
full_ows,3,1022050301,560161641,3,0,100,21,38,18-21,30-38,none,none,0,1,0,1,0,1,3,11,8,19,5,26.5,19.799999999999997,0.0,19.799999999999997,3,4,2,7,3
full_ows,3,1022050301,560161641,4,1,100,1,25,0-1,15-25,none,none,0,0,0,1,0,2,3,11,6,17,4,23.0,18.8,0.0,18.8,4,0,6,2,5
full_ows,4,1013818839,1302657532,1,1,101,38,26,30-38,25-26,none,generic_3to1,1,0,1,0,0,1,2,13,9,22,4,28.0,20.999999999999996,2.2,20.999999999999996,5,5,0,4,8
full_ows,4,1013818839,1302657532,2,0,101,15,47,14-15,42-47,none,brick_2to1,1,0,0,0,2,0,2,11,5,16,4,22.0,17.499999999999996,2.5,17.499999999999996,0,5,2,5,4
full_ows,4,1013818839,1302657532,3,0,101,43,7,34-43,6-7,none,none,0,1,0,2,0,0,3,10,10,20,4,26.0,16.9,0.0,16.9,5,4,8,0,3
full_ows,4,1013818839,1302657532,4,0,101,33,2,24-33,1-2,none,none,0,1,0,0,1,1,3,6,7,13,3,17.5,16.9,0.0,16.9,2,0,0,4,7
full_ows,5,1097127993,1539898300,1,0,99,42,2,38-42,1-2,none,none,0,1,0,0,0,1,2,12,7,19,4,25.0,21.2,0.0,21.2,3,3,0,5,8
full_ows,5,1097127993,1539898300,2,0,99,15,48,14-15,47-48,none,wood_2to1,1,0,0,0,1,0,1,10,5,15,3,19.5,20.4,0.0,20.4,0,0,5,6,4
full_ows,5,1097127993,1539898300,3,1,99,44,39,41-44,38-39,none,none,0,1,0,0,1,0,2,11,7,18,5,25.5,20.799999999999997,0.0,20.799999999999997,2,2,5,5,4
full_ows,5,1097127993,1539898300,4,0,99,34,29,31-34,19-29,none,none,0,0,1,2,0,0,3,12,12,24,4,30.0,22.9,0.0,22.9,4,3,14,3,0
full_ows,6,346043753,2083207870,1,0,119,32,26,29-32,25-26,none,ore_2to1,1,1,0,1,0,0,2,11,9,20,3,24.5,21.499999999999996,0.0,21.499999999999996,4,0,10,6,0
full_ows,6,346043753,2083207870,2,0,119,38,17,30-38,3-17,none,none,0,0,0,0,1,0,1,11,5,16,2,19.0,21.5,0.0,21.5,0,0,5,11,0
full_ows,6,346043753,2083207870,3,1,119,2,15,1-2,14-15,none,none,0,1,1,0,1,0,3,13,10,23,4,29.0,22.3,0.0,22.3,4,5,4,10,0
full_ows,6,346043753,2083207870,4,0,119,18,44,8-18,41-44,none,none,0,1,0,0,1,1,3,11,8,19,4,25.0,20.7,0.0,20.7,4,0,9,3,3
full_ows,7,1390851128,647892279,1,0,108,20,15,12-20,14-15,none,none,0,1,0,0,1,1,3,11,8,19,4,25.0,20.8,0.0,20.8,5,0,5,5,4
full_ows,7,1390851128,647892279,2,0,108,34,23,31-34,23-24,none,generic_3to1,1,0,0,1,0,1,2,13,5,18,4,24.0,19.599999999999998,1.8,19.599999999999998,4,0,8,4,2
full_ows,7,1390851128,647892279,3,0,108,41,18,32-41,8-18,none,none,0,1,0,0,1,0,2,9,6,15,3,19.5,19.699999999999996,0.0,19.699999999999996,2,0,0,12,1
full_ows,7,1390851128,647892279,4,1,108,30,7,25-30,6-7,none,none,0,1,1,0,1,0,3,9,12,21,5,28.5,21.2,0.0,21.2,5,3,3,8,2
full_ows,8,973694259,1590906853,1,0,160,1,5,0-1,0-5,none,none,0,0,0,0,1,0,1,10,5,15,3,19.5,21.599999999999998,0.0,21.599999999999998,0,0,1,10,4
full_ows,8,973694259,1590906853,2,0,160,3,47,2-3,42-47,ore_2to1,brick_2to1,1,0,0,0,1,1,2,9,5,14,2,17.0,20.2,1.5,20.2,0,0,0,11,3
full_ows,8,973694259,1590906853,3,0,160,38,6,30-38,6-7,none,generic_3to1,1,0,0,1,0,1,2,11,6,17,3,21.5,17.699999999999996,1.7000000000000002,17.699999999999996,5,0,5,0,7
full_ows,8,973694259,1590906853,4,1,160,15,24,14-15,20-24,none,none,0,0,1,1,0,1,3,10,10,20,5,27.5,17.9,0.0,17.9,5,5,2,5,3
full_ows,9,1988601454,1603362544,1,0,179,42,39,38-42,38-39,none,none,0,0,1,0,1,0,2,11,8,19,4,25.0,23.3,0.0,23.3,0,3,4,10,2
full_ows,9,1988601454,1603362544,2,0,179,19,30,14-19,25-30,none,none,0,0,1,0,0,2,3,10,8,18,4,24.0,21.599999999999998,0.0,21.599999999999998,0,3,5,2,8
full_ows,9,1988601454,1603362544,3,1,179,21,33,18-21,24-33,none,none,0,1,1,0,1,0,3,9,12,21,3,25.5,22.599999999999994,0.0,22.599999999999994,4,3,0,14,0
full_ows,9,1988601454,1603362544,4,0,179,1,15,0-1,14-15,none,none,0,0,1,1,0,1,3,13,11,24,4,30.0,22.9,0.0,22.9,4,3,14,0,3
full_ows,10,139951793,1842064464,1,0,146,14,44,2-14,41-44,none,none,0,0,0,1,1,1,3,12,6,18,4,24.0,21.7,0.0,21.7,4,0,1,8,5
full_ows,10,139951793,1842064464,2,1,146,29,25,19-29,15-25,none,none,0,1,0,0,2,0,3,10,10,20,4,26.0,22.599999999999998,0.0,22.599999999999998,4,2,0,11,3
full_ows,10,139951793,1842064464,3,0,146,24,3,20-24,2-3,none,generic_3to1,1,0,0,1,0,1,2,13,8,21,3,25.5,21.7,2.1,21.7,4,0,14,0,3
full_ows,10,139951793,1842064464,4,0,146,1,21,0-1,18-21,none,none,0,0,1,1,0,1,3,11,10,21,5,28.5,20.5,0.0,20.5,4,3,9,2,3
full_ows,11,1942955373,1999951809,1,0,80,18,4,8-18,3-4,none,generic_3to1,1,0,0,0,0,1,1,9,5,14,3,18.5,19.599999999999998,1.4000000000000001,19.599999999999998,0,0,3,4,7
full_ows,11,1942955373,1999951809,2,0,80,2,0,1-2,0-1,none,none,0,1,0,0,0,1,2,12,8,20,4,26.0,20.599999999999998,0.0,20.599999999999998,3,4,3,0,10
full_ows,11,1942955373,1999951809,3,0,80,25,31,15-25,21-31,none,none,0,1,1,0,1,0,3,10,12,22,4,28.0,20.099999999999998,0.0,20.099999999999998,7,3,3,9,0
full_ows,11,1942955373,1999951809,4,1,80,20,16,12-20,15-16,none,wood_2to1,1,0,1,0,1,0,2,11,9,20,5,27.5,18.400000000000002,2.5,18.400000000000002,5,4,4,5,2
full_ows,12,2038265566,1155324522,1,0,88,42,23,38-42,23-24,none,sheep_2to1,1,1,0,0,0,1,2,13,7,20,3,24.5,22.299999999999997,0.0,22.299999999999997,6,0,0,5,9
full_ows,12,2038265566,1155324522,2,0,88,34,32,31-34,29-32,none,none,0,1,0,2,0,0,3,10,10,20,4,26.0,21.5,0.0,21.5,4,0,11,2,3
full_ows,12,2038265566,1155324522,3,0,88,44,11,41-44,11-12,none,generic_3to1,1,0,1,0,0,1,2,11,7,18,4,24.0,20.5,1.8,20.5,2,2,5,0,9
full_ows,12,2038265566,1155324522,4,1,88,20,15,12-20,14-15,none,none,0,0,0,2,1,0,3,10,8,18,4,24.0,21.9,0.0,21.9,0,3,4,6,5
full_ows,13,1112433019,1248794762,1,0,64,18,25,8-18,15-25,none,none,0,1,0,1,1,0,3,11,9,20,4,26.0,23.2,0.0,23.2,3,0,9,5,3
full_ows,13,1112433019,1248794762,2,0,64,42,24,38-42,20-24,none,none,0,0,1,1,1,0,3,11,8,19,4,25.0,23.900000000000002,0.0,23.900000000000002,0,3,2,10,4
full_ows,13,1112433019,1248794762,3,0,64,14,39,2-14,38-39,none,none,0,0,0,1,1,0,2,10,9,19,3,23.5,24.799999999999997,0.0,24.799999999999997,0,0,9,7,3
full_ows,13,1112433019,1248794762,4,1,64,12,44,7-12,41-44,none,none,0,1,0,1,0,1,3,12,13,25,4,31.0,25.099999999999998,0.0,25.099999999999998,9,0,4,5,7
full_ows,14,458825077,1060578839,1,1,125,7,51,6-7,47-51,none,none,0,0,0,0,1,0,1,10,5,15,3,19.5,20.7,0.0,20.7,0,0,4,9,2
full_ows,14,458825077,1060578839,2,0,125,44,23,41-44,23-24,none,generic_3to1,1,0,0,1,0,1,2,12,6,18,4,24.0,20.499999999999996,1.8,20.499999999999996,0,4,5,8,1
full_ows,14,458825077,1060578839,3,0,125,42,21,38-42,18-21,none,none,0,1,1,0,1,0,3,9,10,19,4,25.0,19.0,0.0,19.0,3,5,0,9,2
full_ows,14,458825077,1060578839,4,0,125,33,15,24-33,14-15,none,none,0,1,1,1,0,0,3,8,12,20,4,26.0,17.4,0.0,17.4,4,4,10,2,0
full_ows,15,897563738,50056527,1,1,129,41,33,32-41,24-33,none,none,0,0,2,0,1,0,3,12,9,21,3,25.5,25.9,0.0,25.9,0,4,0,9,8
full_ows,15,897563738,50056527,2,0,129,43,2,34-43,1-2,none,none,0,0,0,1,0,1,2,12,8,20,3,24.5,28.0,0.0,28.0,0,0,3,9,8
full_ows,15,897563738,50056527,3,0,129,15,26,14-15,25-26,none,wood_2to1,1,0,0,1,1,0,2,11,9,20,3,24.5,26.799999999999997,0.0,26.799999999999997,0,0,7,8,5
full_ows,15,897563738,50056527,4,0,129,30,50,25-30,44-50,none,generic_3to1,1,0,0,0,1,1,2,11,9,20,3,24.5,26.799999999999997,2.0,26.799999999999997,0,0,7,8,5
full_ows,16,1552728491,2015295599,1,1,161,44,0,41-44,0-1,none,none,0,0,1,1,0,0,2,9,7,16,4,22.0,19.899999999999995,0.0,19.899999999999995,0,2,5,3,6
full_ows,16,1552728491,2015295599,2,0,161,7,23,6-7,23-24,none,wood_2to1,1,1,0,0,1,0,2,9,9,18,4,24.0,19.099999999999998,2.5,19.099999999999998,5,0,6,4,3
full_ows,16,1552728491,2015295599,3,0,161,33,42,24-33,38-42,none,none,0,1,0,0,2,0,3,11,7,18,3,22.5,18.599999999999998,0.0,18.599999999999998,6,0,3,9,0
full_ows,16,1552728491,2015295599,4,0,161,32,46,29-32,43-46,none,generic_3to1,1,0,0,1,0,1,2,7,7,14,3,18.5,18.699999999999996,1.4000000000000001,18.699999999999996,0,0,6,2,6
full_ows,17,1778837931,1303193990,1,1,121,12,19,7-12,14-19,none,none,0,1,1,0,1,0,3,11,11,22,5,29.5,20.8,0.0,20.8,3,5,9,3,2
full_ows,17,1778837931,1303193990,2,0,121,33,8,24-33,1-8,none,none,0,0,1,1,0,1,3,11,10,21,5,28.5,19.799999999999997,0.0,19.799999999999997,4,5,4,7,1
full_ows,17,1778837931,1303193990,3,0,121,15,2,14-15,1-2,none,none,0,0,1,1,0,1,3,9,10,19,4,25.0,19.599999999999998,0.0,19.599999999999998,0,5,9,3,2
full_ows,17,1778837931,1303193990,4,0,121,43,23,34-43,23-24,none,generic_3to1,1,0,0,1,1,0,2,8,7,15,3,19.5,19.299999999999997,1.5,19.299999999999997,0,1,5,9,0
full_ows,18,778526663,527488476,1,0,83,2,32,1-2,29-32,none,none,0,0,1,1,1,0,3,12,6,18,5,25.5,21.7,0.0,21.7,3,1,2,8,4
full_ows,18,778526663,527488476,2,0,83,15,21,14-15,18-21,none,none,0,1,0,1,0,1,3,12,8,20,5,27.5,21.2,0.0,21.2,4,3,2,9,2
full_ows,18,778526663,527488476,3,1,83,26,33,25-26,24-33,generic_3to1,none,1,0,1,0,0,2,3,9,7,16,4,22.0,18.8,1.6,18.8,0,3,5,4,4
full_ows,18,778526663,527488476,4,0,83,30,42,25-30,38-42,none,none,0,0,0,2,1,0,3,11,8,19,3,23.5,21.199999999999996,0.0,21.199999999999996,0,3,10,6,0
full_ows,19,185773678,518352914,1,0,160,29,14,19-29,2-14,none,none,0,0,0,1,1,1,3,9,6,15,3,19.5,20.099999999999998,0.0,20.099999999999998,0,0,6,1,8
full_ows,19,185773678,518352914,2,0,160,43,50,34-43,44-50,none,ore_2to1,1,0,0,1,1,0,2,10,7,17,4,23.0,20.2,2.5,20.2,0,3,5,4,5
full_ows,19,185773678,518352914,3,0,160,1,24,0-1,20-24,none,none,0,1,1,0,1,0,3,7,11,18,4,24.0,19.8,0.0,19.8,4,2,0,8,4
full_ows,19,185773678,518352914,4,1,160,41,12,32-41,7-12,none,none,0,1,1,0,1,0,3,11,12,23,4,29.0,20.0,0.0,20.0,3,7,8,5,0
full_ows,20,649421745,1115950379,1,0,128,24,5,20-24,0-5,none,none,0,0,0,0,1,0,1,12,4,16,3,20.5,21.799999999999997,0.0,21.799999999999997,0,0,5,4,7
full_ows,20,649421745,1115950379,2,0,128,19,37,14-19,33-37,none,none,0,1,0,0,0,1,2,11,8,19,4,25.0,21.7,0.0,21.7,5,0,2,4,8
full_ows,20,649421745,1115950379,3,0,128,1,3,0-1,2-3,none,brick_2to1,1,1,0,0,1,0,2,10,6,16,3,20.5,21.099999999999998,0.0,21.099999999999998,2,0,0,9,5
full_ows,20,649421745,1115950379,4,1,128,31,12,21-31,7-12,none,none,0,1,0,2,0,0,3,9,10,19,4,25.0,22.099999999999998,0.0,22.099999999999998,3,0,8,4,4
full_ows,21,708452615,1795269057,1,0,146,43,37,34-43,33-37,none,none,0,1,0,0,1,0,2,12,7,19,3,23.5,19.4,0.0,19.4,6,0,5,8,0
full_ows,21,708452615,1795269057,2,1,146,32,0,29-32,0-1,none,none,0,1,0,0,0,1,2,10,9,19,3,23.5,19.799999999999997,0.0,19.799999999999997,7,0,0,8,4
full_ows,21,708452615,1795269057,3,0,146,38,15,30-38,14-15,none,none,0,0,1,1,1,0,3,10,10,20,4,26.0,19.499999999999996,0.0,19.499999999999996,0,8,3,6,3
full_ows,21,708452615,1795269057,4,0,146,2,24,1-2,20-24,none,none,0,0,1,1,1,0,3,8,11,19,4,25.0,20.5,0.0,20.5,0,5,6,4,4
full_ows,22,602878526,1042032339,1,1,73,24,2,20-24,1-2,none,none,0,1,1,1,0,0,3,11,11,22,5,29.5,23.4,0.0,23.4,5,2,4,4,7
full_ows,22,602878526,1042032339,2,0,73,43,25,34-43,15-25,none,none,0,1,1,0,1,0,3,12,9,21,4,27.0,22.7,0.0,22.7,3,2,8,8,0
full_ows,22,602878526,1042032339,3,0,73,12,6,7-12,6-7,none,sheep_2to1,1,1,0,0,0,1,2,10,8,18,3,22.5,22.799999999999997,0.0,22.799999999999997,3,0,0,5,10
full_ows,22,602878526,1042032339,4,0,73,31,37,21-31,33-37,none,none,0,0,0,1,0,1,2,10,8,18,2,21.0,22.5,0.0,22.5,0,0,11,0,7
full_ows,23,1245182509,358847448,1,0,104,42,20,38-42,12-20,none,none,0,0,1,1,1,0,3,8,9,17,4,23.0,19.4,0.0,19.4,0,4,4,4,5
full_ows,23,1245182509,358847448,2,0,104,31,39,21-31,38-39,none,none,0,1,0,0,0,1,2,13,7,20,4,26.0,19.9,0.0,19.9,2,4,9,0,5
full_ows,23,1245182509,358847448,3,0,104,44,18,41-44,8-18,none,none,0,1,0,2,0,0,3,10,10,20,3,24.5,20.599999999999998,0.0,20.599999999999998,4,0,13,3,0
full_ows,23,1245182509,358847448,4,1,104,7,15,6-7,14-15,none,none,0,0,0,0,2,1,3,12,7,19,4,25.0,21.099999999999998,0.0,21.099999999999998,0,5,4,6,4
full_ows,24,1644374017,784226196,1,0,100,29,12,19-29,7-12,none,none,0,1,0,0,0,1,2,11,9,20,3,24.5,21.0,0.0,21.0,5,0,8,0,7
full_ows,24,1644374017,784226196,2,0,100,43,33,34-43,24-33,none,none,0,1,1,1,0,0,3,11,10,21,4,27.0,20.900000000000002,0.0,20.900000000000002,1,4,14,0,2
full_ows,24,1644374017,784226196,3,0,100,8,15,1-8,14-15,none,none,0,0,1,1,1,0,3,9,11,20,4,26.0,21.099999999999998,0.0,21.099999999999998,0,6,5,5,4
full_ows,24,1644374017,784226196,4,1,100,21,42,18-21,38-42,none,none,0,1,0,0,1,1,3,11,11,22,5,29.5,21.5,0.0,21.5,5,4,3,3,7
full_ows,25,1619040758,65877265,1,1,161,30,6,25-30,6-7,none,generic_3to1,1,0,0,0,2,0,2,11,7,18,3,22.5,24.599999999999994,1.8,24.599999999999994,0,0,5,7,6
full_ows,25,1619040758,65877265,2,0,161,8,37,1-8,33-37,none,none,0,0,0,0,1,1,2,10,7,17,3,21.5,23.5,0.0,23.5,0,0,4,8,5
full_ows,25,1619040758,65877265,3,0,161,19,32,14-19,29-32,none,none,0,1,0,2,0,0,3,10,10,20,3,24.5,22.700000000000003,0.0,22.700000000000003,1,0,17,0,2
full_ows,25,1619040758,65877265,4,0,161,24,12,20-24,7-12,none,none,0,0,0,1,2,0,3,9,8,17,4,23.0,22.099999999999998,0.0,22.099999999999998,1,0,6,5,5
full_ows,26,870815904,881149698,1,0,123,30,2,25-30,1-2,none,none,0,0,2,0,0,1,3,11,9,20,3,24.5,24.499999999999996,0.0,24.499999999999996,0,4,0,7,9
full_ows,26,870815904,881149698,2,0,123,8,42,1-8,38-42,none,none,0,0,0,0,1,1,2,11,6,17,3,21.5,24.099999999999998,0.0,24.099999999999998,0,0,2,2,13
full_ows,26,870815904,881149698,3,1,123,19,21,14-19,18-21,none,none,0,1,0,1,0,1,3,12,10,22,4,28.0,24.499999999999996,0.0,24.499999999999996,6,0,3,4,9
full_ows,26,870815904,881149698,4,0,123,12,15,7-12,14-15,none,none,0,0,1,0,2,0,3,13,9,22,5,29.5,24.199999999999996,0.0,24.199999999999996,4,2,5,7,4
full_ows,27,2061077104,1190644202,1,0,138,21,11,18-21,11-12,none,generic_3to1,1,0,1,1,0,0,2,11,8,19,4,25.0,21.799999999999997,1.9000000000000001,21.799999999999997,0,3,9,4,3
full_ows,27,2061077104,1190644202,2,1,138,7,24,6-7,20-24,none,none,0,1,1,0,1,0,3,11,9,20,5,27.5,22.5,0.0,22.5,2,3,5,4,6
full_ows,27,2061077104,1190644202,3,0,138,44,19,41-44,14-19,none,none,0,0,0,2,0,1,3,13,8,21,4,27.0,21.8,0.0,21.8,0,5,11,4,1
full_ows,27,2061077104,1190644202,4,0,138,34,32,31-34,29-32,none,none,0,0,0,2,1,0,3,10,9,19,3,23.5,21.7,0.0,21.7,2,0,12,5,0
full_ows,28,485147340,562005788,1,0,115,42,39,38-42,38-39,none,none,0,0,0,1,0,1,2,12,6,18,3,22.5,25.2,0.0,25.2,0,0,3,5,10
full_ows,28,485147340,562005788,2,0,115,25,16,15-25,15-16,none,sheep_2to1,1,0,1,0,0,1,2,10,7,17,4,23.0,21.9,1.5,21.9,0,2,3,2,10
full_ows,28,485147340,562005788,3,1,115,29,44,19-29,41-44,none,none,0,0,1,0,2,0,3,10,7,17,4,23.0,22.7,0.0,22.7,0,1,4,8,4
full_ows,28,485147340,562005788,4,0,115,1,21,0-1,18-21,none,none,0,1,0,1,1,0,3,12,9,21,3,25.5,20.9,0.0,20.9,5,0,13,3,0
full_ows,29,326915759,1485336377,1,1,105,8,33,1-8,24-33,none,none,0,1,1,0,1,0,3,12,8,20,4,26.0,25.9,0.0,25.9,1,2,0,8,9
full_ows,29,326915759,1485336377,2,0,105,43,21,34-43,18-21,none,none,0,1,1,0,0,1,3,9,11,20,4,26.0,21.499999999999996,0.0,21.499999999999996,5,2,0,9,4
full_ows,29,326915759,1485336377,3,0,105,12,6,7-12,6-7,none,generic_3to1,1,0,0,1,0,1,2,9,7,16,2,19.0,20.900000000000002,1.6,20.900000000000002,0,0,7,0,9
full_ows,29,326915759,1485336377,4,0,105,0,2,0-1,1-2,none,none,0,0,0,1,1,1,3,8,7,15,3,19.5,21.599999999999994,0.0,21.599999999999994,0,0,1,3,11
full_ows,30,1242089248,129007523,1,0,124,15,29,14-15,19-29,none,none,0,1,0,0,0,1,2,9,8,17,3,21.5,21.4,0.0,21.4,3,0,0,4,10
full_ows,30,1242089248,129007523,2,0,124,31,38,21-31,30-38,none,none,0,1,0,2,0,0,3,11,10,21,4,27.0,20.2,0.0,20.2,3,4,9,0,5
full_ows,30,1242089248,129007523,3,0,124,43,18,34-43,8-18,none,none,0,1,0,0,1,1,3,10,8,18,5,25.5,20.599999999999998,0.0,20.599999999999998,2,3,2,6,5
full_ows,30,1242089248,129007523,4,1,124,2,26,1-2,25-26,none,brick_2to1,1,0,0,1,0,1,2,9,8,17,4,23.0,21.9,0.0,21.9,2,0,3,7,5
full_ows,31,52734659,2016822975,1,1,65,2,7,1-2,6-7,none,none,0,2,0,0,1,0,3,12,12,24,4,30.0,20.499999999999996,0.0,20.499999999999996,9,4,0,8,3
full_ows,31,52734659,2016822975,2,0,65,15,33,14-15,24-33,none,none,0,1,1,1,0,0,3,9,9,18,4,24.0,19.599999999999998,0.0,19.599999999999998,1,3,8,6,0
full_ows,31,52734659,2016822975,3,0,65,20,26,12-20,25-26,none,generic_3to1,1,0,0,2,0,0,2,11,8,19,3,23.5,19.2,1.9000000000000001,19.2,4,0,13,2,0
full_ows,31,52734659,2016822975,4,0,65,31,38,21-31,30-38,none,none,0,0,1,1,0,1,3,11,11,22,4,28.0,20.2,0.0,20.2,4,4,10,0,4
full_ows,32,332524003,917477150,1,0,140,29,37,19-29,33-37,none,none,0,1,0,0,0,1,2,13,8,21,4,27.0,26.099999999999998,0.0,26.099999999999998,3,0,4,9,5
full_ows,32,332524003,917477150,2,0,140,42,1,38-42,0-1,none,none,0,1,1,1,0,0,3,9,11,20,5,27.5,21.4,0.0,21.4,4,2,5,6,3
full_ows,32,332524003,917477150,3,0,140,18,14,8-18,2-14,none,none,0,2,0,0,1,0,3,13,13,26,3,30.5,21.4,0.0,21.4,12,0,9,5,0
full_ows,32,332524003,917477150,4,1,140,25,34,15-25,31-34,none,none,0,0,0,1,0,2,3,9,7,16,4,22.0,21.099999999999998,0.0,21.099999999999998,0,2,1,7,6
full_ows,33,718349404,1001662401,1,1,113,14,18,2-14,8-18,none,none,0,1,1,0,1,0,3,10,9,19,5,26.5,21.400000000000002,0.0,21.400000000000002,3,2,4,8,2
full_ows,33,718349404,1001662401,2,0,113,41,23,32-41,23-24,none,generic_3to1,1,1,0,0,1,0,2,9,9,18,4,24.0,20.499999999999996,1.8,20.499999999999996,4,0,5,8,1
full_ows,33,718349404,1001662401,3,0,113,1,30,0-1,25-30,none,none,0,0,1,1,0,1,3,8,10,18,4,24.0,21.0,0.0,21.0,0,3,7,4,4
full_ows,33,718349404,1001662401,4,0,113,33,7,24-33,6-7,none,none,0,1,0,0,1,1,3,8,9,17,4,23.0,20.8,0.0,20.8,3,0,3,9,2
full_ows,34,1533613005,118852279,1,1,117,15,11,14-15,11-12,none,sheep_2to1,1,0,1,0,1,0,2,10,9,19,4,25.0,20.799999999999997,2.5,20.799999999999997,0,5,5,6,3
full_ows,34,1533613005,118852279,2,0,117,19,30,14-19,25-30,none,none,0,1,1,1,0,0,3,12,13,25,4,31.0,19.999999999999996,0.0,19.999999999999996,8,4,10,3,0
full_ows,34,1533613005,118852279,3,0,117,1,41,0-1,32-41,none,none,0,1,0,2,0,0,3,8,11,19,3,23.5,20.099999999999998,0.0,20.099999999999998,4,0,10,5,0
full_ows,34,1533613005,118852279,4,0,117,24,34,20-24,31-34,none,none,0,0,1,1,0,1,3,11,10,21,5,28.5,20.6,0.0,20.6,5,3,5,4,4
full_ows,35,1440402319,565756523,1,0,116,12,35,7-12,23-35,none,sheep_2to1,1,0,0,0,1,0,1,11,5,16,3,20.5,20.9,4.0,20.9,0,0,8,5,3
full_ows,35,1440402319,565756523,2,0,116,24,32,20-24,29-32,none,none,0,0,1,0,2,0,3,10,9,19,4,25.0,20.099999999999998,0.0,20.099999999999998,2,5,0,9,3
full_ows,35,1440402319,565756523,3,0,116,37,38,33-37,30-38,none,none,0,0,0,1,2,0,3,7,7,14,3,18.5,19.299999999999997,0.0,19.299999999999997,0,0,4,8,2
full_ows,35,1440402319,565756523,4,1,116,18,1,8-18,0-1,none,none,0,0,1,1,0,1,3,8,10,18,4,24.0,19.099999999999998,0.0,19.099999999999998,0,5,6,3,4
full_ows,36,1411758002,250696210,1,0,108,38,15,30-38,14-15,none,none,0,0,2,1,0,0,3,12,11,23,4,29.0,20.099999999999998,0.0,20.099999999999998,4,7,4,8,0
full_ows,36,1411758002,250696210,2,0,108,21,43,18-21,34-43,none,none,0,1,1,0,0,1,3,9,11,20,4,26.0,20.599999999999998,0.0,20.599999999999998,2,5,3,0,10
full_ows,36,1411758002,250696210,3,0,108,12,2,7-12,1-2,none,none,0,1,0,1,1,0,3,9,10,19,4,25.0,21.0,0.0,21.0,4,0,8,2,5
full_ows,36,1411758002,250696210,4,1,108,33,8,24-33,1-8,none,none,0,2,0,0,0,1,3,11,11,22,5,29.5,19.299999999999997,0.0,19.299999999999997,6,5,3,3,5
full_ows,37,393430179,152221923,1,1,133,15,43,14-15,34-43,none,none,0,1,0,0,1,1,3,12,9,21,3,25.5,21.5,0.0,21.5,8,0,0,5,8
full_ows,37,393430179,152221923,2,0,133,7,26,6-7,25-26,none,brick_2to1,1,1,0,0,1,0,2,10,9,19,4,25.0,21.7,0.0,21.7,5,0,2,7,5
full_ows,37,393430179,152221923,3,0,133,2,0,1-2,0-1,none,none,0,0,0,1,1,0,2,12,7,19,4,25.0,22.099999999999998,0.0,22.099999999999998,3,0,8,3,5
full_ows,37,393430179,152221923,4,0,133,18,20,8-18,12-20,none,none,0,0,0,1,0,1,2,9,7,16,4,22.0,19.7,0.0,19.7,3,0,2,1,10
full_ows,38,1808726707,1842631090,1,0,102,8,50,1-8,44-50,none,wood_2to1,1,0,1,0,0,1,2,11,7,18,4,24.0,23.3,0.0,23.3,0,2,3,3,10
full_ows,38,1808726707,1842631090,2,1,102,43,23,34-43,23-24,none,generic_3to1,1,0,0,1,1,0,2,12,6,18,4,24.0,21.4,1.8,21.4,4,0,2,7,5
full_ows,38,1808726707,1842631090,3,0,102,33,0,24-33,0-1,none,none,0,0,1,0,0,1,2,12,9,21,4,27.0,20.7,0.0,20.7,5,4,0,7,5
full_ows,38,1808726707,1842631090,4,0,102,14,30,2-14,25-30,none,none,0,0,1,1,0,1,3,9,11,20,4,26.0,21.799999999999997,0.0,21.799999999999997,0,4,10,4,2
full_ows,39,901304238,1115247367,1,1,85,32,2,29-32,1-2,none,none,0,1,1,1,0,0,3,13,13,26,5,33.5,26.799999999999997,0.0,26.799999999999997,4,5,4,4,9
full_ows,39,901304238,1115247367,2,0,85,21,30,18-21,25-30,none,none,0,1,0,0,2,0,3,11,10,21,4,27.0,24.2,0.0,24.2,5,0,3,5,8
full_ows,39,901304238,1115247367,3,0,85,44,19,41-44,14-19,none,none,0,1,0,0,1,1,3,9,10,19,4,25.0,22.499999999999996,0.0,22.499999999999996,4,0,3,3,9
full_ows,39,901304238,1115247367,4,0,85,34,42,31-34,38-42,none,none,0,0,1,1,1,0,3,12,9,21,5,28.5,21.4,0.0,21.4,5,2,6,4,4
full_ows,40,1969700810,136779594,1,0,98,42,17,38-42,3-17,none,none,0,0,0,0,1,0,1,11,5,16,3,20.5,22.099999999999998,0.0,22.099999999999998,0,0,4,7,5
full_ows,40,1969700810,136779594,2,1,98,29,43,19-29,34-43,none,none,0,0,1,0,1,0,2,12,9,21,4,27.0,21.8,0.0,21.8,4,4,0,5,8
full_ows,40,1969700810,136779594,3,0,98,2,15,1-2,14-15,none,none,0,2,0,0,1,0,3,12,10,22,4,28.0,21.2,0.0,21.2,5,4,3,10,0
full_ows,40,1969700810,136779594,4,0,98,18,33,8-18,24-33,none,none,0,1,0,1,1,0,3,8,8,16,4,22.0,21.0,0.0,21.0,1,0,5,5,5
full_ows,41,1636471393,1426894585,1,0,124,38,41,30-38,32-41,none,none,0,0,2,1,0,0,3,11,12,23,3,27.5,22.4,0.0,22.4,0,7,10,6,0
full_ows,41,1636471393,1426894585,2,0,124,33,20,24-33,12-20,none,none,0,1,0,1,0,1,3,9,10,19,4,25.0,21.999999999999996,0.0,21.999999999999996,5,0,1,2,11
full_ows,41,1636471393,1426894585,3,0,124,31,29,21-31,19-29,none,none,0,0,1,2,0,0,3,11,9,20,3,24.5,20.1,0.0,20.1,0,5,11,0,4
full_ows,41,1636471393,1426894585,4,1,124,43,2,34-43,1-2,none,none,0,1,0,0,1,1,3,11,10,21,5,28.5,19.5,0.0,19.5,5,4,5,5,2
full_ows,42,478163327,107420369,1,0,80,41,15,32-41,14-15,none,none,0,1,0,0,1,0,2,12,9,21,4,27.0,22.4,0.0,22.4,5,0,9,4,3
full_ows,42,478163327,107420369,2,0,80,30,31,25-30,21-31,none,none,0,1,0,0,0,2,3,10,6,16,4,22.0,20.7,0.0,20.7,1,0,6,4,5
full_ows,42,478163327,107420369,3,0,80,33,23,24-33,23-24,none,ore_2to1,1,0,1,0,1,0,2,10,7,17,4,23.0,19.5,1.0,19.5,3,2,0,10,2
full_ows,42,478163327,107420369,4,1,80,7,47,6-7,42-47,none,generic_3to1,1,0,0,1,0,1,2,11,7,18,4,24.0,20.5,1.8,20.5,0,4,5,7,2
full_ows,43,165578901,1228722198,1,0,118,8,2,1-8,1-2,none,none,0,1,0,0,1,1,3,11,10,21,3,25.5,24.799999999999997,0.0,24.799999999999997,5,0,0,8,8
full_ows,43,165578901,1228722198,2,1,118,42,33,38-42,24-33,none,none,0,1,1,0,1,0,3,10,12,22,5,29.5,23.099999999999998,0.0,23.099999999999998,4,3,5,8,2
full_ows,43,165578901,1228722198,3,0,118,21,44,18-21,41-44,none,none,0,1,0,1,1,0,3,11,9,20,5,27.5,21.9,0.0,21.9,2,3,7,3,5
full_ows,43,165578901,1228722198,4,0,118,0,29,0-1,19-29,none,none,0,1,0,2,0,0,3,7,10,17,4,23.0,20.4,0.0,20.4,2,0,8,4,3
full_ows,44,1754648232,501031174,1,0,155,32,24,29-32,20-24,none,none,0,0,1,2,0,0,3,10,8,18,4,24.0,23.2,0.0,23.2,0,1,7,2,8
full_ows,44,1754648232,501031174,2,0,155,8,42,1-8,38-42,none,none,0,0,1,0,0,2,3,10,9,19,4,25.0,22.2,0.0,22.2,0,4,4,6,5
full_ows,44,1754648232,501031174,3,1,155,34,15,31-34,14-15,none,none,0,1,1,0,1,0,3,11,11,22,5,29.5,20.7,0.0,20.7,8,2,2,5,5
full_ows,44,1754648232,501031174,4,0,155,44,21,41-44,18-21,none,none,0,0,0,2,1,0,3,10,8,18,4,24.0,19.9,0.0,19.9,0,4,7,2,5
full_ows,45,1167696004,1793969994,1,0,176,32,42,29-32,38-42,none,none,0,1,0,0,2,0,3,11,9,20,3,24.5,23.399999999999995,0.0,23.399999999999995,5,0,0,12,3
full_ows,45,1167696004,1793969994,2,0,176,7,1,6-7,0-1,none,none,0,2,0,0,0,1,3,11,10,21,3,25.5,21.5,0.0,21.5,8,0,0,5,8
full_ows,45,1167696004,1793969994,3,0,176,21,15,18-21,14-15,none,none,0,0,1,1,0,1,3,12,10,22,4,28.0,21.2,0.0,21.2,0,9,3,5,5
full_ows,45,1167696004,1793969994,4,1,176,43,19,34-43,14-19,none,none,0,1,0,0,0,2,3,10,7,17,5,24.5,18.4,0.0,18.4,2,4,1,5,5
full_ows,46,328063601,1717962873,1,0,107,33,2,24-33,1-2,none,none,0,2,0,0,1,0,3,12,8,20,4,26.0,23.2,0.0,23.2,3,0,9,5,3
full_ows,46,328063601,1717962873,2,0,107,7,23,6-7,23-24,none,generic_3to1,1,0,0,1,1,0,2,11,7,18,4,24.0,21.5,1.8,21.5,0,2,9,2,5
full_ows,46,328063601,1717962873,3,1,107,31,42,21-31,38-42,none,none,0,0,1,1,0,1,3,12,10,22,5,29.5,20.3,0.0,20.3,5,4,7,3,3
full_ows,46,328063601,1717962873,4,0,107,15,11,14-15,11-12,none,brick_2to1,1,0,0,0,1,1,2,8,7,15,3,19.5,20.799999999999997,0.5,20.799999999999997,0,1,0,9,5
full_ows,47,1511168161,268543586,1,0,140,1,38,0-1,30-38,none,none,0,1,0,1,1,0,3,11,8,19,4,25.0,22.999999999999996,0.0,22.999999999999996,3,0,5,2,9
full_ows,47,1511168161,268543586,2,0,140,7,18,6-7,8-18,none,none,0,1,1,0,0,1,3,9,9,18,4,24.0,20.9,0.0,20.9,3,2,0,4,9
full_ows,47,1511168161,268543586,3,0,140,33,32,24-33,29-32,none,none,0,1,0,1,1,0,3,12,10,22,3,26.5,22.2,0.0,22.2,7,0,6,9,0
full_ows,47,1511168161,268543586,4,1,140,43,14,34-43,2-14,none,none,0,0,0,1,0,2,3,12,8,20,4,26.0,22.2,0.0,22.2,5,0,5,4,6
full_ows,48,1354862962,566469534,1,1,105,15,38,14-15,30-38,none,none,0,0,1,0,1,1,3,9,7,16,4,22.0,21.099999999999998,0.0,21.099999999999998,0,2,1,5,8
full_ows,48,1354862962,566469534,2,0,105,29,0,19-29,0-1,none,none,0,0,0,1,1,0,2,8,7,15,3,19.5,20.099999999999998,0.0,20.099999999999998,0,0,6,4,5
full_ows,48,1354862962,566469534,3,0,105,26,41,25-26,32-41,generic_3to1,none,1,1,0,0,2,0,3,8,9,17,3,21.5,21.4,1.7000000000000002,21.4,3,0,0,6,8
full_ows,48,1354862962,566469534,4,0,105,2,31,1-2,21-31,none,none,0,2,0,0,0,1,3,9,12,21,4,27.0,20.3,0.0,20.3,8,0,5,3,5
full_ows,49,287264509,1478885609,1,0,162,30,2,25-30,1-2,none,none,0,1,1,0,1,0,3,12,10,22,5,29.5,25.299999999999997,0.0,25.299999999999997,2,3,5,8,4
full_ows,49,287264509,1478885609,2,1,162,15,33,14-15,24-33,none,none,0,1,1,0,0,1,3,10,11,21,4,27.0,23.999999999999996,0.0,23.999999999999996,2,4,0,6,9
full_ows,49,287264509,1478885609,3,0,162,44,19,41-44,14-19,none,none,0,0,1,0,0,2,3,9,9,18,4,24.0,20.799999999999997,0.0,20.799999999999997,0,4,4,4,6
full_ows,49,287264509,1478885609,4,0,162,42,8,38-42,1-8,none,none,0,0,1,2,0,0,3,11,11,22,3,26.5,21.1,0.0,21.1,2,3,17,0,0
full_ows,50,2136903265,1143207437,1,0,130,25,40,15-25,26-40,none,sheep_2to1,1,0,0,0,1,0,1,13,5,18,3,22.5,24.9,2.0,24.9,0,0,4,10,4
full_ows,50,2136903265,1143207437,2,1,130,38,16,30-38,15-16,none,ore_2to1,1,0,0,1,1,0,2,12,6,18,4,24.0,20.799999999999997,1.5,20.799999999999997,4,0,4,7,3
full_ows,50,2136903265,1143207437,3,0,130,14,29,2-14,19-29,none,none,0,2,0,0,0,1,3,11,11,22,4,28.0,18.8,0.0,18.8,7,5,0,2,8
full_ows,50,2136903265,1143207437,4,0,130,7,33,6-7,24-33,none,none,0,0,1,1,1,0,3,8,10,18,4,24.0,18.8,0.0,18.8,0,5,7,5,1
full_ows,51,1045900815,695516342,1,0,131,12,47,7-12,42-47,none,sheep_2to1,1,0,1,0,1,0,2,12,7,19,3,23.5,22.599999999999998,4.5,22.599999999999998,0,2,9,8,0
full_ows,51,1045900815,695516342,2,0,131,18,25,8-18,15-25,none,none,0,1,0,1,1,0,3,11,10,21,4,27.0,22.099999999999998,0.0,22.099999999999998,5,0,10,2,4
full_ows,51,1045900815,695516342,3,1,131,38,31,30-38,21-31,none,none,0,1,0,1,0,1,3,10,10,20,5,27.5,19.8,0.0,19.8,5,3,3,7,2
full_ows,51,1045900815,695516342,4,0,131,14,43,2-14,34-43,none,none,0,0,1,0,0,2,3,11,8,19,4,25.0,20.3,0.0,20.3,4,2,3,0,10
full_ows,52,1152412589,234172997,1,0,147,1,3,0-1,2-3,none,ore_2to1,1,0,1,0,1,0,2,10,8,18,3,22.5,21.899999999999995,0.0,21.899999999999995,0,3,3,12,0
full_ows,52,1152412589,234172997,2,0,147,42,15,38-42,14-15,none,none,0,0,1,0,0,2,3,13,8,21,4,27.0,20.599999999999998,0.0,20.599999999999998,0,8,4,4,5
full_ows,52,1152412589,234172997,3,1,147,7,30,6-7,25-30,none,none,0,1,1,0,0,1,3,11,12,23,4,29.0,20.2,0.0,20.2,7,5,0,7,4
full_ows,52,1152412589,234172997,4,0,147,19,11,14-19,11-12,none,wood_2to1,1,0,0,1,1,0,2,8,7,15,3,19.5,20.4,0.0,20.4,0,0,5,5,5
full_ows,53,927942303,1960597680,1,1,125,15,42,14-15,38-42,none,none,0,0,0,1,1,0,2,12,6,18,3,22.5,25.199999999999996,0.0,25.199999999999996,0,0,3,7,8
full_ows,53,927942303,1960597680,2,0,125,2,11,1-2,11-12,none,generic_3to1,1,1,0,0,1,0,2,9,7,16,4,22.0,20.499999999999996,1.6,20.499999999999996,2,0,3,7,4
full_ows,53,927942303,1960597680,3,0,125,29,46,19-29,43-46,none,brick_2to1,1,0,1,0,0,1,2,12,7,19,4,25.0,20.099999999999998,1.0,20.099999999999998,5,2,0,3,9
full_ows,53,927942303,1960597680,4,0,125,44,7,41-44,6-7,none,none,0,1,1,0,1,0,3,9,10,19,5,26.5,20.6,0.0,20.6,2,4,3,5,5
full_ows,54,590463589,1885222961,1,0,96,38,25,30-38,15-25,none,none,0,1,1,0,0,1,3,10,10,20,5,27.5,22.299999999999997,0.0,22.299999999999997,1,5,2,4,8
full_ows,54,590463589,1885222961,2,0,96,24,32,20-24,29-32,none,none,0,1,0,0,1,1,3,11,10,21,4,27.0,22.999999999999996,0.0,22.999999999999996,5,0,7,8,1
full_ows,54,590463589,1885222961,3,0,96,7,43,6-7,34-43,none,none,0,1,0,0,1,1,3,11,8,19,4,25.0,22.3,0.0,22.3,2,3,0,10,4
full_ows,54,590463589,1885222961,4,1,96,1,21,0-1,18-21,none,none,0,1,0,1,0,1,3,10,12,22,4,28.0,21.4,0.0,21.4,8,0,6,5,3
full_ows,55,388006705,842873520,1,0,135,12,21,7-12,18-21,none,none,0,2,0,0,1,0,3,12,10,22,3,26.5,25.099999999999998,0.0,25.099999999999998,6,0,0,11,5
full_ows,55,388006705,842873520,2,0,135,24,19,20-24,14-19,none,none,0,1,1,1,0,0,3,12,10,22,5,29.5,22.0,0.0,22.0,6,2,5,4,5
full_ows,55,388006705,842873520,3,1,135,15,8,14-15,1-8,none,none,0,1,1,0,1,0,3,11,10,21,4,27.0,21.9,0.0,21.9,4,2,7,8,0
full_ows,55,388006705,842873520,4,0,135,37,34,33-37,31-34,none,none,0,1,0,2,0,0,3,9,11,20,3,24.5,21.7,0.0,21.7,3,0,13,4,0
full_ows,56,49376573,2034405272,1,0,115,42,44,38-42,41-44,none,none,0,0,1,0,1,0,2,11,8,19,2,22.0,23.9,0.0,23.9,0,3,0,16,0
full_ows,56,49376573,2034405272,2,0,115,29,0,19-29,0-1,none,none,0,1,0,0,0,1,2,11,8,19,4,25.0,23.3,0.0,23.3,3,0,4,4,8
full_ows,56,49376573,2034405272,3,1,115,2,24,1-2,20-24,none,none,0,0,0,3,0,0,3,10,8,18,4,24.0,20.7,0.0,20.7,0,3,8,2,5
full_ows,56,49376573,2034405272,4,0,115,31,15,21-31,14-15,none,none,0,1,0,1,1,0,3,11,10,21,5,28.5,20.5,0.0,20.5,4,3,9,2,3
full_ows,57,182818357,1579483714,1,0,110,29,43,19-29,34-43,none,none,0,1,0,1,1,0,3,13,8,21,4,27.0,28.3,0.0,28.3,1,0,4,7,9
full_ows,57,182818357,1579483714,2,1,110,41,12,32-41,7-12,none,none,0,1,0,0,2,0,3,13,9,22,4,28.0,27.499999999999996,0.0,27.499999999999996,3,0,4,6,9
full_ows,57,182818357,1579483714,3,0,110,25,31,15-25,21-31,none,none,0,0,0,1,1,0,2,9,8,17,3,21.5,22.299999999999997,0.0,22.299999999999997,0,0,8,4,5
full_ows,57,182818357,1579483714,4,0,110,50,23,44-50,23-24,wood_2to1,generic_3to1,1,0,0,1,1,0,2,8,8,16,3,20.5,22.4,1.6,22.4,0,0,3,8,5
full_ows,58,846782629,883577855,1,0,111,21,26,18-21,25-26,none,generic_3to1,1,0,0,0,1,0,1,11,5,16,3,20.5,22.4,1.6,22.4,0,0,3,9,4
full_ows,58,846782629,883577855,2,0,111,15,24,14-15,20-24,none,none,0,1,0,1,0,1,3,12,10,22,4,28.0,23.5,0.0,23.5,5,0,10,5,2
full_ows,58,846782629,883577855,3,1,111,29,12,19-29,7-12,none,none,0,1,1,0,1,0,3,9,10,19,5,26.5,20.0,0.0,20.0,5,1,5,4,4
full_ows,58,846782629,883577855,4,0,111,2,8,1-2,1-8,none,none,0,0,1,0,1,1,3,12,10,22,4,28.0,19.799999999999997,0.0,19.799999999999997,0,10,4,7,1
full_ows,59,962869285,363394191,1,0,80,44,40,41-44,26-40,none,ore_2to1,1,0,0,0,1,0,1,12,5,17,3,21.5,20.299999999999997,4.0,20.299999999999997,4,0,0,5,8
full_ows,59,962869285,363394191,2,0,80,38,12,30-38,7-12,none,none,0,1,1,0,1,0,3,9,11,20,5,27.5,21.2,0.0,21.2,4,3,2,9,2
full_ows,59,962869285,363394191,3,0,80,34,24,31-34,20-24,none,none,0,0,1,1,1,0,3,11,9,20,4,26.0,18.499999999999996,0.0,18.499999999999996,4,3,10,3,0
full_ows,59,962869285,363394191,4,1,80,25,47,15-25,42-47,none,wheat_2to1,1,0,0,1,0,1,2,10,7,17,4,23.0,19.7,2.5,19.7,4,0,3,5,5
full_ows,60,1322019967,1217283321,1,0,116,42,8,38-42,1-8,none,none,0,1,1,0,0,1,3,10,9,19,5,26.5,22.299999999999997,0.0,22.299999999999997,2,3,1,5,8
full_ows,60,1322019967,1217283321,2,0,116,19,39,14-19,38-39,none,none,0,1,0,0,1,0,2,10,8,18,4,24.0,21.9,0.0,21.9,3,0,4,7,4
full_ows,60,1322019967,1217283321,3,0,116,44,32,41-44,29-32,none,none,0,0,0,1,1,1,3,10,7,17,4,23.0,22.499999999999996,0.0,22.499999999999996,2,0,1,2,12
full_ows,60,1322019967,1217283321,4,1,116,2,34,1-2,31-34,none,none,0,0,1,0,1,1,3,12,12,24,4,30.0,23.799999999999997,0.0,23.799999999999997,5,5,0,6,8
full_ows,61,2123807367,780417836,1,0,120,41,19,32-41,14-19,none,none,0,1,0,1,1,0,3,12,7,19,4,25.0,24.0,0.0,24.0,1,0,9,6,3
full_ows,61,2123807367,780417836,2,0,120,2,0,1-2,0-1,none,none,0,0,0,0,1,1,2,12,6,18,3,22.5,23.399999999999995,0.0,23.399999999999995,0,0,9,6,3
full_ows,61,2123807367,780417836,3,0,120,15,8,14-15,1-8,none,none,0,0,0,1,0,1,2,11,7,18,3,22.5,23.399999999999995,0.0,23.399999999999995,0,0,9,6,3
full_ows,61,2123807367,780417836,4,1,120,43,30,34-43,25-30,none,none,0,1,0,0,2,0,3,11,11,22,4,28.0,22.799999999999997,0.0,22.799999999999997,7,0,5,6,4
full_ows,62,743144841,279835464,1,0,79,42,30,38-42,25-30,none,none,0,1,1,0,0,1,3,12,12,24,4,30.0,23.599999999999998,0.0,23.599999999999998,3,5,8,0,8
full_ows,62,743144841,279835464,2,0,79,8,33,1-8,24-33,none,none,0,1,0,1,1,0,3,12,8,20,5,27.5,22.799999999999997,0.0,22.799999999999997,2,3,4,7,4
full_ows,62,743144841,279835464,3,1,79,15,32,14-15,29-32,none,none,0,0,0,0,1,2,3,12,6,18,4,24.0,21.599999999999998,0.0,21.599999999999998,3,0,5,5,5
full_ows,62,743144841,279835464,4,0,79,21,12,18-21,7-12,none,none,0,1,1,0,1,0,3,8,10,18,3,22.5,18.4,0.0,18.4,4,3,0,11,0
full_ows,63,1911858404,1907949923,1,1,89,33,7,24-33,6-7,none,none,0,1,1,1,0,0,3,13,13,26,5,33.5,25.6,0.0,25.6,5,4,8,4,5
full_ows,63,1911858404,1907949923,2,0,89,31,23,21-31,23-24,none,generic_3to1,1,1,0,0,0,1,2,12,6,18,4,24.0,23.799999999999997,1.8,23.799999999999997,1,0,5,7,5
full_ows,63,1911858404,1907949923,3,0,89,43,20,34-43,12-20,none,none,0,1,1,0,1,0,3,12,9,21,5,28.5,22.7,0.0,22.7,1,4,9,4,3
full_ows,63,1911858404,1907949923,4,0,89,41,50,32-41,44-50,none,wood_2to1,1,0,0,1,0,1,2,11,6,17,3,21.5,18.1,1.5,18.1,3,0,11,0,3
full_ows,64,2045084184,536230913,1,0,142,15,26,14-15,25-26,none,wood_2to1,1,0,0,2,0,0,2,13,7,20,3,24.5,21.2,2.0,21.2,4,0,11,0,5
full_ows,64,2045084184,536230913,2,1,142,41,38,32-41,30-38,none,none,0,1,0,1,1,0,3,9,10,19,4,25.0,21.4,0.0,21.4,5,0,3,4,7
full_ows,64,2045084184,536230913,3,0,142,43,12,34-43,7-12,none,none,0,0,1,1,1,0,3,9,9,18,4,24.0,21.9,0.0,21.9,0,3,4,8,3
full_ows,64,2045084184,536230913,4,0,142,33,2,24-33,1-2,none,none,0,0,0,1,0,1,2,9,6,15,5,22.5,17.8,0.0,17.8,2,2,1,5,5
full_ows,65,1781311907,1240577552,1,0,111,1,33,0-1,24-33,none,none,0,1,1,0,1,0,3,11,12,23,4,29.0,23.5,0.0,23.5,5,4,0,9,5
full_ows,65,1781311907,1240577552,2,0,111,43,31,34-43,21-31,none,none,0,1,1,0,0,1,3,11,9,20,5,27.5,22.799999999999997,0.0,22.799999999999997,1,4,4,3,8
full_ows,65,1781311907,1240577552,3,1,111,14,41,2-14,32-41,none,none,0,2,0,0,0,1,3,12,10,22,4,28.0,19.899999999999995,0.0,19.899999999999995,6,5,0,7,4
full_ows,65,1781311907,1240577552,4,0,111,25,6,15-25,6-7,none,generic_3to1,1,0,1,0,0,1,2,8,7,15,4,21.0,19.4,1.5,19.4,0,2,2,3,8
full_ows,66,304122021,1339971599,1,1,185,44,46,41-44,43-46,none,generic_3to1,1,0,1,1,0,0,2,12,7,19,3,23.5,22.299999999999997,1.9000000000000001,22.299999999999997,0,2,10,0,7
full_ows,66,304122021,1339971599,2,0,185,42,39,38-42,38-39,none,none,0,1,0,0,0,1,2,13,8,21,3,25.5,20.399999999999995,0.0,20.399999999999995,4,5,0,0,12
full_ows,66,304122021,1339971599,3,0,185,31,24,21-31,20-24,none,none,0,1,0,2,0,0,3,9,10,19,3,23.5,18.7,0.0,18.7,5,0,11,0,3
full_ows,66,304122021,1339971599,4,0,185,29,15,19-29,14-15,none,none,0,0,0,0,3,0,3,12,7,19,3,23.5,21.099999999999998,0.0,21.099999999999998,0,5,3,11,0
full_ows,67,321236752,498617001,1,0,84,7,31,6-7,21-31,none,none,0,1,1,0,0,1,3,12,9,21,5,28.5,25.0,0.0,25.0,3,1,5,7,5
full_ows,67,321236752,498617001,2,0,84,20,26,12-20,25-26,none,wheat_2to1,1,0,0,1,0,1,2,12,7,19,4,25.0,23.9,2.0,23.9,3,0,2,4,10
full_ows,67,321236752,498617001,3,0,84,33,38,24-33,30-38,none,none,0,1,0,2,0,0,3,8,11,19,4,25.0,21.3,0.0,21.3,4,0,7,3,5
full_ows,67,321236752,498617001,4,1,84,15,18,14-15,8-18,none,none,0,0,1,0,2,0,3,9,7,16,5,23.5,20.0,0.0,20.0,2,1,2,6,5
full_ows,68,2003028046,476643793,1,1,165,43,8,34-43,1-8,none,none,0,1,0,1,0,1,3,11,9,20,5,27.5,22.5,0.0,22.5,3,2,5,4,6
full_ows,68,2003028046,476643793,2,0,165,2,41,1-2,32-41,none,none,0,1,1,0,0,1,3,11,9,20,5,27.5,22.7,0.0,22.7,2,2,8,3,5
full_ows,68,2003028046,476643793,3,0,165,30,24,25-30,20-24,none,none,0,1,0,1,1,0,3,9,10,19,5,26.5,21.2,0.0,21.2,4,2,1,7,5
full_ows,68,2003028046,476643793,4,0,165,19,31,14-19,21-31,none,none,0,2,0,0,0,1,3,11,13,24,4,30.0,20.099999999999998,0.0,20.099999999999998,12,0,5,2,5
full_ows,69,160222076,411618085,1,0,106,31,15,21-31,14-15,none,none,0,0,1,1,0,1,3,13,8,21,5,28.5,22.599999999999998,0.0,22.599999999999998,4,3,2,4,8
full_ows,69,160222076,411618085,2,1,106,2,0,1-2,0-1,none,none,0,0,1,0,1,0,2,10,7,17,4,23.0,22.2,0.0,22.2,0,2,2,10,3
full_ows,69,160222076,411618085,3,0,106,30,43,25-30,34-43,none,none,0,0,1,0,1,1,3,11,7,18,4,24.0,22.4,0.0,22.4,0,2,6,9,1
full_ows,69,160222076,411618085,4,0,106,41,24,32-41,20-24,none,none,0,1,0,1,0,1,3,12,12,24,4,30.0,27.0,0.0,27.0,6,0,4,9,5
full_ows,70,508668193,1263059851,1,0,118,32,20,29-32,12-20,none,none,0,0,1,1,0,0,2,11,7,18,4,24.0,21.9,0.0,21.9,0,3,4,8,3
full_ows,70,508668193,1263059851,2,1,118,18,43,8-18,34-43,none,none,0,1,0,0,1,1,3,12,10,22,4,28.0,23.8,0.0,23.8,5,0,9,3,5
full_ows,70,508668193,1263059851,3,0,118,30,42,25-30,38-42,none,none,0,2,0,0,1,0,3,11,11,22,4,28.0,21.0,0.0,21.0,6,4,0,10,2
full_ows,70,508668193,1263059851,4,0,118,2,7,1-2,6-7,none,none,0,0,0,2,1,0,3,11,8,19,3,23.5,20.099999999999998,0.0,20.099999999999998,4,0,10,5,0
full_ows,71,1390510041,36421336,1,1,97,44,46,41-44,43-46,none,generic_3to1,1,1,0,0,1,0,2,12,6,18,3,22.5,25.0,1.8,25.0,1,0,0,13,4
full_ows,71,1390510041,36421336,2,0,97,7,15,6-7,14-15,none,none,0,1,0,0,1,1,3,10,10,20,4,26.0,22.2,0.0,22.2,5,0,5,2,8
full_ows,71,1390510041,36421336,3,0,97,20,1,12-20,0-1,none,none,0,2,0,0,0,1,3,11,11,22,5,29.5,19.6,0.0,19.6,6,5,2,4,5
full_ows,71,1390510041,36421336,4,0,97,31,11,21-31,11-12,none,generic_3to1,1,0,0,1,1,0,2,11,7,18,4,24.0,19.4,1.8,19.4,0,5,5,4,4
full_ows,72,315365087,800009450,1,1,165,20,46,12-20,43-46,none,wood_2to1,1,0,0,0,1,0,1,11,5,16,2,19.0,23.0,0.0,23.0,0,0,0,9,7
full_ows,72,315365087,800009450,2,0,165,34,11,31-34,11-12,none,ore_2to1,1,0,0,0,2,0,2,11,5,16,2,19.0,23.0,2.0,23.0,0,0,0,12,4
full_ows,72,315365087,800009450,3,0,165,8,38,1-8,30-38,none,none,0,0,2,1,0,0,3,11,13,24,4,30.0,17.3,0.0,17.3,5,9,7,0,3
full_ows,72,315365087,800009450,4,0,165,2,37,1-2,33-37,none,none,0,0,0,1,1,0,2,7,6,13,3,17.5,17.3,0.0,17.3,0,0,6,5,2
full_ows,73,1201798311,524890042,1,0,127,30,19,25-30,14-19,none,none,0,1,0,1,0,1,3,13,8,21,4,27.0,26.599999999999998,0.0,26.599999999999998,2,0,6,5,8
full_ows,73,1201798311,524890042,2,0,127,41,26,32-41,25-26,none,generic_3to1,1,0,0,0,2,0,2,12,7,19,2,22.0,23.6,1.9000000000000001,23.6,0,0,12,7,0
full_ows,73,1201798311,524890042,3,1,127,7,21,6-7,18-21,none,none,0,0,1,1,0,1,3,12,11,23,5,30.5,24.299999999999997,0.0,24.299999999999997,4,4,2,3,10
full_ows,73,1201798311,524890042,4,0,127,15,2,14-15,1-2,none,none,0,1,0,0,1,1,3,9,10,19,3,23.5,25.299999999999997,0.0,25.299999999999997,2,0,0,7,10
full_ows,74,487954598,1371261893,1,0,142,32,30,29-32,25-30,none,none,0,0,1,0,1,1,3,11,10,21,3,25.5,24.799999999999997,0.0,24.799999999999997,0,5,0,13,3
full_ows,74,487954598,1371261893,2,1,142,18,14,8-18,2-14,none,none,0,0,1,0,0,2,3,13,10,23,3,27.5,24.299999999999997,0.0,24.299999999999997,0,8,0,5,10
full_ows,74,487954598,1371261893,3,0,142,44,42,41-44,38-42,none,none,0,1,0,0,2,0,3,12,11,23,2,26.0,25.1,0.0,25.1,7,0,0,16,0
full_ows,74,487954598,1371261893,4,0,142,34,7,31-34,6-7,none,none,0,0,0,2,0,1,3,10,9,19,4,25.0,23.7,0.0,23.7,1,0,10,4,4
full_ows,75,1936365093,1875266763,1,0,167,29,31,19-29,21-31,none,none,0,1,0,2,0,0,3,12,12,24,4,30.0,26.0,0.0,26.0,5,0,11,3,5
full_ows,75,1936365093,1875266763,2,0,167,20,23,12-20,23-24,none,generic_3to1,1,0,0,0,2,0,2,12,7,19,2,22.0,25.1,1.9000000000000001,25.1,0,0,7,12,0
full_ows,75,1936365093,1875266763,3,1,167,18,38,8-18,30-38,none,none,0,1,0,0,2,0,3,11,9,20,4,26.0,24.599999999999998,0.0,24.599999999999998,2,0,8,7,3
full_ows,75,1936365093,1875266763,4,0,167,25,14,15-25,2-14,none,none,0,0,1,0,0,2,3,10,9,19,3,23.5,24.199999999999996,0.0,24.199999999999996,2,1,0,0,16
full_ows,76,1591528641,1989676990,1,0,123,44,38,41-44,30-38,none,none,0,1,0,1,0,0,2,11,8,19,3,23.5,21.199999999999996,0.0,21.199999999999996,3,0,10,6,0
full_ows,76,1591528641,1989676990,2,0,123,12,6,7-12,6-7,none,ore_2to1,1,1,0,0,1,0,2,10,8,18,3,22.5,20.799999999999997,0.0,20.799999999999997,4,0,3,11,0
full_ows,76,1591528641,1989676990,3,1,123,25,34,15-25,31-34,none,none,0,1,0,0,1,1,3,8,9,17,5,24.5,17.2,0.0,17.2,5,1,5,2,4
full_ows,76,1591528641,1989676990,4,0,123,46,24,43-46,20-24,wheat_2to1,none,1,1,0,0,1,1,3,6,9,15,3,19.5,16.4,3.5,16.4,5,0,0,7,3
full_ows,77,1085460482,1399756255,1,0,114,19,32,14-19,29-32,none,none,0,2,0,0,0,1,3,11,10,21,3,25.5,24.799999999999997,0.0,24.799999999999997,5,0,0,6,10
full_ows,77,1085460482,1399756255,2,1,114,44,42,41-44,38-42,none,none,0,1,1,0,0,1,3,11,10,21,3,25.5,21.499999999999996,0.0,21.499999999999996,5,3,0,0,13
full_ows,77,1085460482,1399756255,3,0,114,1,12,0-1,7-12,none,none,0,1,1,0,1,0,3,13,13,26,4,32.0,22.099999999999998,0.0,22.099999999999998,9,4,4,9,0
full_ows,77,1085460482,1399756255,4,0,114,24,21,20-24,18-21,none,none,0,0,1,0,1,1,3,8,10,18,4,24.0,21.4,0.0,21.4,0,4,2,7,5
full_ows,78,805987788,412415414,1,1,117,24,8,20-24,1-8,none,none,0,1,1,0,1,0,3,11,13,24,4,30.0,24.9,0.0,24.9,5,4,0,9,6
full_ows,78,805987788,412415414,2,0,117,19,34,14-19,31-34,none,none,0,1,0,1,0,1,3,11,9,20,5,27.5,21.199999999999996,0.0,21.199999999999996,3,4,2,4,7
full_ows,78,805987788,412415414,3,0,117,21,37,18-21,33-37,none,none,0,0,0,1,1,0,2,12,7,19,4,25.0,21.7,0.0,21.7,5,0,2,5,7
full_ows,78,805987788,412415414,4,0,117,15,44,14-15,41-44,none,none,0,1,0,2,0,0,3,11,11,22,3,26.5,20.5,0.0,20.5,8,0,8,6,0
full_ows,79,624214061,1879062157,1,0,115,33,23,24-33,23-24,none,generic_3to1,1,0,1,0,1,0,2,12,6,18,4,24.0,21.999999999999996,1.8,21.999999999999996,3,1,0,10,4
full_ows,79,624214061,1879062157,2,0,115,42,44,38-42,41-44,none,none,0,0,1,0,1,1,3,12,7,19,4,25.0,21.2,0.0,21.2,4,2,0,11,2
full_ows,79,624214061,1879062157,3,1,115,15,2,14-15,1-2,none,none,0,1,1,0,0,1,3,9,11,20,5,27.5,21.2,0.0,21.2,5,2,2,3,8
full_ows,79,624214061,1879062157,4,0,115,21,29,18-21,19-29,none,none,0,1,0,1,1,0,3,9,11,20,4,26.0,22.099999999999998,0.0,22.099999999999998,4,0,9,3,4
full_ows,80,1166045467,1691961909,1,1,189,33,31,24-33,21-31,none,none,0,0,1,0,0,1,2,13,9,22,4,28.0,19.8,0.0,19.8,0,10,4,4,4
full_ows,80,1166045467,1691961909,2,0,189,42,3,38-42,2-3,none,brick_2to1,1,1,0,0,1,0,2,9,6,15,4,21.0,19.599999999999998,0.0,19.599999999999998,1,0,5,5,4
full_ows,80,1166045467,1691961909,3,0,189,1,18,0-1,8-18,none,none,0,1,0,1,0,1,3,8,9,17,4,23.0,20.499999999999996,0.0,20.499999999999996,3,0,4,6,4
full_ows,80,1166045467,1691961909,4,0,189,29,23,19-29,23-24,none,ore_2to1,1,0,0,0,1,1,2,9,7,16,4,22.0,20.499999999999996,3.5,20.499999999999996,0,2,3,4,7
full_ows,81,1946843032,1452076075,1,0,140,34,16,31-34,15-16,none,generic_3to1,1,0,0,0,0,1,1,12,5,17,2,20.0,24.4,1.7000000000000002,24.4,0,0,0,12,5
full_ows,81,1946843032,1452076075,2,0,140,41,21,32-41,18-21,none,none,0,1,1,0,1,0,3,10,11,21,5,28.5,20.9,0.0,20.9,5,3,4,8,1
full_ows,81,1946843032,1452076075,3,0,140,37,7,33-37,6-7,none,none,0,1,0,1,1,0,3,9,10,19,3,23.5,19.299999999999997,0.0,19.299999999999997,5,0,9,5,0
full_ows,81,1946843032,1452076075,4,1,140,24,25,20-24,15-25,none,none,0,1,1,0,0,1,3,10,10,20,5,27.5,20.299999999999997,0.0,20.299999999999997,4,3,5,3,5
full_ows,82,621570035,2104092984,1,0,127,43,50,34-43,44-50,none,generic_3to1,1,0,0,0,1,0,1,12,5,17,2,20.0,23.5,1.7000000000000002,23.5,0,0,3,14,0
full_ows,82,621570035,2104092984,2,0,127,12,6,7-12,6-7,none,generic_3to1,1,0,0,0,1,1,2,11,5,16,3,20.5,21.2,1.6,21.2,0,0,7,1,8
full_ows,82,621570035,2104092984,3,1,127,31,25,21-31,15-25,none,none,0,1,0,1,0,1,3,11,10,21,5,28.5,21.2,0.0,21.2,5,3,3,4,6
full_ows,82,621570035,2104092984,4,0,127,18,29,8-18,19-29,none,none,0,0,1,0,0,2,3,12,7,19,4,25.0,21.9,0.0,21.9,3,1,5,0,10
full_ows,83,2130974504,1975341349,1,1,165,44,14,41-44,2-14,none,none,0,1,1,0,1,0,3,13,8,21,4,27.0,27.3,0.0,27.3,2,1,0,9,9
full_ows,83,2130974504,1975341349,2,0,165,25,12,15-25,7-12,none,none,0,1,0,2,0,0,3,12,10,22,3,26.5,25.4,0.0,25.4,3,0,10,9,0
full_ows,83,2130974504,1975341349,3,0,165,24,29,20-24,19-29,none,none,0,1,0,0,1,1,3,10,9,19,4,25.0,22.999999999999996,0.0,22.999999999999996,3,0,5,10,1
full_ows,83,2130974504,1975341349,4,0,165,34,21,31-34,18-21,none,none,0,0,0,2,0,1,3,12,9,21,3,25.5,22.599999999999998,0.0,22.599999999999998,0,4,11,0,6
full_ows,84,1218001428,160330886,1,1,85,15,21,14-15,18-21,none,none,0,0,1,2,0,0,3,13,10,23,4,29.0,28.000000000000004,0.0,28.000000000000004,0,3,7,9,4
full_ows,84,1218001428,160330886,2,0,85,19,33,14-19,24-33,none,none,0,1,1,0,0,1,3,10,11,21,5,28.5,23.7,0.0,23.7,3,3,2,8,5
full_ows,84,1218001428,160330886,3,0,85,2,42,1-2,38-42,none,none,0,1,0,1,0,1,3,9,11,20,4,26.0,24.4,0.0,24.4,3,0,5,5,7
full_ows,84,1218001428,160330886,4,0,85,30,8,25-30,1-8,none,none,0,0,0,1,1,0,2,11,9,20,4,26.0,23.299999999999997,0.0,23.299999999999997,4,0,5,8,3
full_ows,85,857226971,460035328,1,1,121,14,32,2-14,29-32,none,none,0,1,1,1,0,0,3,12,10,22,5,29.5,25.299999999999997,0.0,25.299999999999997,3,2,5,8,4
full_ows,85,857226971,460035328,2,0,121,42,18,38-42,8-18,none,none,0,1,1,0,1,0,3,12,9,21,5,28.5,25.0,0.0,25.0,2,2,5,8,4
full_ows,85,857226971,460035328,3,0,121,30,6,25-30,6-7,none,wheat_2to1,1,0,0,0,1,1,2,11,7,18,3,22.5,23.7,4.0,23.7,0,0,8,8,2
full_ows,85,857226971,460035328,4,0,121,12,1,7-12,0-1,none,none,0,0,0,1,1,1,3,11,8,19,4,25.0,24.1,0.0,24.1,2,0,5,10,2
full_ows,86,133288886,1363565231,1,1,185,12,26,7-12,25-26,none,generic_3to1,1,0,1,1,0,0,2,12,9,21,5,28.5,20.6,2.1,20.6,4,4,5,5,3
full_ows,86,133288886,1363565231,2,0,185,24,29,20-24,19-29,none,none,0,0,0,1,2,0,3,10,6,16,4,22.0,20.8,0.0,20.8,2,0,2,9,3
full_ows,86,133288886,1363565231,3,0,185,34,6,31-34,6-7,none,wheat_2to1,1,0,0,0,0,2,2,9,6,15,3,19.5,20.4,0.5,20.4,0,0,5,1,9
full_ows,86,133288886,1363565231,4,0,185,21,15,18-21,14-15,none,none,0,0,1,1,1,0,3,10,10,20,5,27.5,19.2,0.0,19.2,4,4,5,4,3
full_ows,87,626871096,812501821,1,0,108,1,20,0-1,12-20,none,none,0,0,0,2,0,1,3,13,6,19,3,23.5,26.299999999999997,0.0,26.299999999999997,0,0,4,4,11
full_ows,87,626871096,812501821,2,0,108,18,44,8-18,41-44,none,none,0,1,0,1,1,0,3,10,11,21,3,25.5,22.099999999999998,0.0,22.099999999999998,5,0,9,7,0
full_ows,87,626871096,812501821,3,0,108,3,31,2-3,21-31,generic_3to1,none,1,0,0,3,0,0,3,8,9,17,3,21.5,22.0,1.7000000000000002,22.0,0,0,9,3,5
full_ows,87,626871096,812501821,4,1,108,14,7,2-14,6-7,none,none,0,0,1,1,0,1,3,11,11,22,5,29.5,21.799999999999997,0.0,21.799999999999997,4,5,2,7,4
full_ows,88,1707201716,813946014,1,0,68,21,3,18-21,2-3,none,sheep_2to1,1,0,1,0,0,1,2,11,8,19,3,23.5,24.199999999999996,0.0,24.199999999999996,0,3,0,4,12
full_ows,88,1707201716,813946014,2,0,68,14,34,2-14,31-34,none,none,0,0,1,0,1,1,3,11,8,19,4,25.0,24.999999999999996,0.0,24.999999999999996,0,2,2,8,7
full_ows,88,1707201716,813946014,3,0,68,29,8,19-29,1-8,none,none,0,0,0,1,0,1,2,13,7,20,4,26.0,23.099999999999998,0.0,23.099999999999998,0,5,2,8,5
full_ows,88,1707201716,813946014,4,1,68,41,12,32-41,7-12,none,none,0,1,0,0,1,1,3,12,10,22,5,29.5,21.5,0.0,21.5,4,5,3,5,5
full_ows,89,348281753,1111527076,1,0,67,43,1,34-43,0-1,none,none,0,1,0,2,0,0,3,11,8,19,4,25.0,22.400000000000002,0.0,22.400000000000002,1,2,7,9,0
full_ows,89,348281753,1111527076,2,0,67,32,23,29-32,23-24,none,generic_3to1,1,0,0,1,0,1,2,13,7,20,4,26.0,22.2,2.0,22.2,5,0,5,8,2
full_ows,89,348281753,1111527076,3,1,67,38,12,30-38,7-12,none,none,0,0,1,1,0,1,3,12,10,22,5,29.5,22.0,0.0,22.0,5,3,5,4,5
full_ows,89,348281753,1111527076,4,0,67,18,14,8-18,2-14,none,none,0,0,1,2,0,0,3,10,11,21,3,25.5,20.4,0.0,20.4,0,6,11,4,0
full_ows,90,874757909,398115220,1,0,151,2,42,1-2,38-42,none,none,0,2,0,1,0,0,3,10,12,22,4,28.0,21.4,0.0,21.4,8,0,6,3,5
full_ows,90,874757909,398115220,2,0,151,30,0,25-30,0-1,none,none,0,0,1,0,0,1,2,10,7,17,4,23.0,20.099999999999998,0.0,20.099999999999998,0,2,9,1,5
full_ows,90,874757909,398115220,3,1,151,19,43,14-19,34-43,none,none,0,0,1,0,1,0,2,12,9,21,4,27.0,20.3,0.0,20.3,4,4,5,8,0
full_ows,90,874757909,398115220,4,0,151,33,15,24-33,14-15,none,none,0,0,0,2,1,0,3,8,9,17,3,21.5,22.3,0.0,22.3,0,0,8,7,2
full_ows,91,358717904,740342007,1,0,116,24,50,20-24,44-50,none,brick_2to1,1,0,0,1,1,0,2,8,7,15,3,19.5,20.4,0.0,20.4,0,0,5,6,4
full_ows,91,358717904,740342007,2,0,116,30,43,25-30,34-43,none,none,0,0,0,1,1,0,2,12,7,19,4,25.0,20.4,0.0,20.4,4,0,10,2,3
full_ows,91,358717904,740342007,3,0,116,41,21,32-41,18-21,none,none,0,1,0,1,1,0,3,9,10,19,3,23.5,20.099999999999998,0.0,20.099999999999998,4,0,10,5,0
full_ows,91,358717904,740342007,4,1,116,12,15,7-12,14-15,none,none,0,2,0,0,0,1,3,10,13,23,5,30.5,20.1,0.0,20.1,9,2,5,3,4
full_ows,92,1808372858,1142213244,1,0,155,41,2,32-41,1-2,none,none,0,1,0,0,1,0,2,11,8,19,4,25.0,22.2,0.0,22.2,4,0,4,4,7
full_ows,92,1808372858,1142213244,2,0,155,34,46,31-34,43-46,none,sheep_2to1,1,1,0,0,1,0,2,11,6,17,3,21.5,21.799999999999997,3.0,21.799999999999997,1,0,6,10,0
full_ows,92,1808372858,1142213244,3,1,155,37,7,33-37,6-7,none,none,0,1,0,1,0,1,3,8,10,18,4,24.0,20.700000000000003,0.0,20.700000000000003,3,0,8,5,2
full_ows,92,1808372858,1142213244,4,0,155,30,15,25-30,14-15,none,none,0,0,1,0,2,0,3,11,11,22,3,26.5,20.699999999999996,0.0,20.699999999999996,0,10,0,9,3
full_ows,93,2123215989,1517390032,1,0,91,20,38,12-20,30-38,none,none,0,2,0,0,1,0,3,12,8,20,3,24.5,25.599999999999994,0.0,25.599999999999994,3,0,0,13,4
full_ows,93,2123215989,1517390032,2,0,91,34,16,31-34,15-16,none,wheat_2to1,1,0,0,1,0,1,2,9,7,16,3,20.5,22.099999999999998,4.0,22.099999999999998,0,0,4,8,4
full_ows,93,2123215989,1517390032,3,1,91,25,23,15-25,23-24,none,wood_2to1,1,0,0,1,0,1,2,9,7,16,3,20.5,21.2,0.0,21.2,0,0,7,5,4
full_ows,93,2123215989,1517390032,4,0,91,7,11,6-7,11-12,none,generic_3to1,1,0,0,1,0,1,2,12,9,21,4,27.0,23.2,2.1,23.2,4,0,10,3,4
full_ows,94,784077459,533086598,1,1,97,12,43,7-12,34-43,none,none,0,1,0,2,0,0,3,12,12,24,5,31.5,24.200000000000003,0.0,24.200000000000003,5,3,7,4,5
full_ows,94,784077459,533086598,2,0,97,42,8,38-42,1-8,none,none,0,1,1,0,0,1,3,9,11,20,5,27.5,22.6,0.0,22.6,4,2,1,8,5
full_ows,94,784077459,533086598,3,0,97,33,14,24-33,2-14,none,none,0,2,0,0,1,0,3,9,13,22,4,28.0,22.0,0.0,22.0,8,0,4,5,5
full_ows,94,784077459,533086598,4,0,97,21,30,18-21,25-30,none,none,0,0,0,2,1,0,3,9,8,17,4,23.0,21.9,0.0,21.9,2,0,3,5,7
full_ows,95,551141640,2121601403,1,1,125,14,42,2-14,38-42,none,none,0,2,0,0,1,0,3,11,10,21,4,27.0,24.5,0.0,24.5,5,0,2,9,5
full_ows,95,551141640,2121601403,2,0,125,44,1,41-44,0-1,none,none,0,1,0,2,0,0,3,9,9,18,4,24.0,22.099999999999998,0.0,22.099999999999998,2,0,7,8,1
full_ows,95,551141640,2121601403,3,0,125,18,7,8-18,6-7,none,none,0,1,0,2,0,0,3,10,12,22,3,26.5,23.9,0.0,23.9,3,0,15,4,0
full_ows,95,551141640,2121601403,4,0,125,29,31,19-29,21-31,none,none,0,0,1,0,2,0,3,10,12,22,3,26.5,24.0,0.0,24.0,2,5,0,15,0
full_ows,96,1591690432,1351466530,1,0,119,7,46,6-7,43-46,none,generic_3to1,1,0,0,1,0,1,2,12,6,18,3,22.5,23.4,1.8,23.4,0,0,9,4,5
full_ows,96,1591690432,1351466530,2,0,119,21,34,18-21,31-34,none,none,0,0,0,1,1,1,3,10,6,16,3,20.5,23.0,0.0,23.0,0,0,1,13,2
full_ows,96,1591690432,1351466530,3,1,119,32,30,29-32,25-30,none,none,0,2,0,0,0,1,3,9,13,22,3,26.5,21.799999999999997,0.0,21.799999999999997,9,0,0,3,10
full_ows,96,1591690432,1351466530,4,0,119,44,42,41-44,38-42,none,none,0,0,1,1,0,1,3,9,11,20,3,24.5,22.199999999999996,0.0,22.199999999999996,0,5,4,0,11
full_ows,97,835531109,1842387509,1,0,114,18,1,8-18,0-1,none,none,0,0,1,1,1,0,3,11,10,21,4,27.0,24.2,0.0,24.2,0,5,3,8,5
full_ows,97,835531109,1842387509,2,1,114,7,38,6-7,30-38,none,none,0,1,1,0,1,0,3,12,10,22,5,29.5,23.6,0.0,23.6,1,5,7,4,5
full_ows,97,835531109,1842387509,3,0,114,25,33,15-25,24-33,none,none,0,1,1,0,1,0,3,9,8,17,4,23.0,21.7,0.0,21.7,2,1,0,9,5
full_ows,97,835531109,1842387509,4,0,114,29,14,19-29,2-14,none,none,0,0,0,1,1,1,3,12,8,20,4,26.0,22.799999999999997,0.0,22.799999999999997,0,5,3,6,6
full_ows,98,1530718643,185028654,1,0,151,1,21,0-1,18-21,none,none,0,0,1,1,1,0,3,12,7,19,4,25.0,24.900000000000002,0.0,24.900000000000002,0,1,6,8,4
full_ows,98,1530718643,185028654,2,0,151,30,7,25-30,6-7,none,none,0,0,0,1,0,1,2,13,7,20,4,26.0,23.9,0.0,23.9,4,0,3,5,8
full_ows,98,1530718643,185028654,3,1,151,19,15,14-19,14-15,none,none,0,1,0,0,0,2,3,10,8,18,4,24.0,23.3,0.0,23.3,2,0,3,3,10
full_ows,98,1530718643,185028654,4,0,151,43,3,34-43,2-3,none,sheep_2to1,1,0,0,0,1,1,2,12,7,19,4,25.0,21.1,2.0,21.1,0,5,4,8,2
full_ows,99,1735072617,1635320116,1,0,119,15,26,14-15,25-26,none,generic_3to1,1,0,1,0,1,0,2,12,9,21,3,25.5,24.799999999999997,2.1,24.799999999999997,0,5,0,13,3
full_ows,99,1735072617,1635320116,2,0,119,29,31,19-29,21-31,none,none,0,1,0,1,0,1,3,11,10,21,4,27.0,23.2,0.0,23.2,4,0,10,3,4
full_ows,99,1735072617,1635320116,3,1,119,11,6,11-12,6-7,wood_2to1,ore_2to1,1,1,0,0,0,1,2,9,9,18,3,22.5,20.5,7.0,20.5,4,0,4,0,10
full_ows,99,1735072617,1635320116,4,0,119,24,2,20-24,1-2,none,none,0,0,1,1,1,0,3,11,8,19,4,25.0,19.7,0.0,19.7,4,2,5,8,0
hybrid_ows,0,1654615998,1806341205,1,1,109,7,47,6-7,42-47,none,ore_2to1,1,0,0,1,1,0,2,13,6,19,5,26.5,23.3,2.5,23.3,4,4,2,4,5
hybrid_ows,0,1654615998,1806341205,2,0,109,38,29,30-38,19-29,none,none,0,1,0,0,1,1,3,11,9,20,4,26.0,22.599999999999998,0.0,22.599999999999998,10,0,2,5,3
hybrid_ows,0,1654615998,1806341205,3,0,109,43,33,34-43,24-33,none,none,0,1,1,0,1,0,3,9,10,19,5,26.5,23.0,0.0,23.0,3,4,5,6,1
hybrid_ows,0,1654615998,1806341205,4,0,109,15,21,14-15,18-21,none,none,0,1,0,0,1,1,3,10,9,19,4,25.0,23.099999999999998,0.0,23.099999999999998,3,5,0,3,8
hybrid_ows,1,577090037,271041745,1,0,87,20,42,12-20,38-42,none,none,0,1,1,0,1,0,3,12,9,21,4,27.0,26.299999999999997,0.0,26.299999999999997,6,1,0,10,4
hybrid_ows,1,577090037,271041745,2,0,87,33,43,24-33,34-43,none,none,0,0,0,2,1,0,3,12,8,20,4,26.0,26.5,0.0,26.5,3,0,3,10,4
hybrid_ows,1,577090037,271041745,3,1,87,30,8,25-30,1-8,none,none,0,0,1,1,0,1,3,12,10,22,5,29.5,27.2,0.0,27.2,4,4,2,8,4
hybrid_ows,1,577090037,271041745,4,0,87,32,23,29-32,23-24,none,brick_2to1,1,0,0,0,1,1,2,9,9,18,3,22.5,25.200000000000003,0.0,25.200000000000003,0,0,2,10,6
hybrid_ows,2,242886303,393353683,1,0,192,24,18,20-24,8-18,none,none,0,0,1,2,0,0,3,10,8,18,4,24.0,23.900000000000002,0.0,23.900000000000002,0,1,7,8,2
hybrid_ows,2,242886303,393353683,2,0,192,31,29,21-31,19-29,none,none,0,1,1,1,0,0,3,11,10,21,4,27.0,24.5,0.0,24.5,3,2,10,0,6
hybrid_ows,2,242886303,393353683,3,0,192,44,12,41-44,7-12,none,none,0,1,0,1,1,0,3,11,9,20,4,26.0,22.9,0.0,22.9,8,0,5,3,4
hybrid_ows,2,242886303,393353683,4,1,192,25,2,15-25,1-2,none,none,0,0,2,0,1,0,3,10,10,20,4,26.0,22.3,0.0,22.3,3,6,5,6,0
hybrid_ows,3,1022050301,560161641,1,1,93,33,3,24-33,2-3,none,wood_2to1,1,1,0,1,0,0,2,13,9,22,4,28.0,27.9,2.0,27.9,4,0,5,9,4
hybrid_ows,3,1022050301,560161641,2,0,93,21,7,18-21,6-7,none,none,0,1,1,1,0,0,3,11,10,21,4,27.0,23.599999999999998,0.0,23.599999999999998,1,8,5,7,0
hybrid_ows,3,1022050301,560161641,3,0,93,1,30,0-1,25-30,none,none,0,1,0,0,0,2,3,11,8,19,4,25.0,22.2,0.0,22.2,7,0,5,2,5
hybrid_ows,3,1022050301,560161641,4,0,93,14,43,2-14,34-43,none,none,0,0,2,0,1,0,3,9,10,19,4,25.0,22.8,0.0,22.8,0,6,5,6,2
hybrid_ows,4,1013818839,1302657532,1,0,136,38,23,30-38,23-24,none,generic_3to1,1,0,1,0,1,0,2,13,8,21,4,27.0,24.5,2.1,24.5,5,5,0,7,4
hybrid_ows,4,1013818839,1302657532,2,0,136,15,26,14-15,25-26,none,generic_3to1,1,0,1,0,0,1,2,11,9,20,3,24.5,21.799999999999997,2.0,21.799999999999997,0,10,2,0,8
hybrid_ows,4,1013818839,1302657532,3,0,136,43,41,34-43,32-41,none,none,0,1,1,0,1,0,3,10,10,20,5,27.5,21.3,0.0,21.3,5,8,3,1,3
hybrid_ows,4,1013818839,1302657532,4,1,136,2,12,1-2,7-12,none,none,0,0,1,2,0,0,3,7,10,17,5,24.5,20.400000000000002,0.0,20.400000000000002,2,5,5,1,4
hybrid_ows,5,1097127993,1539898300,1,1,141,42,21,38-42,18-21,none,none,0,2,0,1,0,0,3,12,10,22,5,29.5,25.999999999999996,0.0,25.999999999999996,6,3,4,5,4
hybrid_ows,5,1097127993,1539898300,2,0,141,34,37,31-34,33-37,none,none,0,0,1,0,1,0,2,12,8,20,4,26.0,22.3,0.0,22.3,4,5,5,6,0
hybrid_ows,5,1097127993,1539898300,3,0,141,44,24,41-44,20-24,none,none,0,1,1,1,0,0,3,11,12,23,4,29.0,24.099999999999998,0.0,24.099999999999998,4,7,8,0,4
hybrid_ows,5,1097127993,1539898300,4,0,141,15,29,14-15,19-29,none,none,0,0,1,2,0,0,3,10,12,22,4,28.0,25.8,0.0,25.8,0,3,14,1,4
hybrid_ows,6,346043753,2083207870,1,0,122,2,26,1-2,25-26,none,ore_2to1,1,1,0,1,0,0,2,13,9,22,4,28.0,24.3,0.0,24.3,4,4,9,5,0
hybrid_ows,6,346043753,2083207870,2,1,122,32,12,29-32,7-12,none,none,0,2,1,0,0,0,3,11,11,22,4,28.0,23.7,0.0,23.7,6,5,5,6,0
hybrid_ows,6,346043753,2083207870,3,0,122,38,44,30-38,41-44,none,none,0,1,0,0,1,1,3,11,8,19,4,25.0,25.2,0.0,25.2,2,0,5,9,3
hybrid_ows,6,346043753,2083207870,4,0,122,15,18,14-15,8-18,none,none,0,1,0,2,0,0,3,10,11,21,4,27.0,23.599999999999998,0.0,23.599999999999998,6,1,9,5,0
hybrid_ows,7,1390851128,647892279,1,0,92,34,46,31-34,43-46,none,wood_2to1,1,1,1,0,0,0,2,13,9,22,4,28.0,22.5,4.0,22.5,8,5,5,4,0
hybrid_ows,7,1390851128,647892279,2,0,92,20,15,12-20,14-15,none,none,0,1,0,0,1,1,3,11,8,19,4,25.0,23.4,0.0,23.4,5,0,5,5,4
hybrid_ows,7,1390851128,647892279,3,0,92,41,2,32-41,1-2,none,none,0,2,1,0,0,0,3,9,10,19,4,25.0,21.9,0.0,21.9,7,3,0,8,1
hybrid_ows,7,1390851128,647892279,4,1,92,7,30,6-7,25-30,none,none,0,0,0,1,1,1,3,12,9,21,5,28.5,25.6,0.0,25.6,5,3,3,8,2
hybrid_ows,8,973694259,1590906853,1,0,112,1,29,0-1,19-29,none,none,0,2,0,0,1,0,3,10,10,20,4,26.0,23.5,0.0,23.5,9,0,1,6,4
hybrid_ows,8,973694259,1590906853,2,0,112,38,41,30-38,32-41,none,none,0,2,0,0,1,0,3,11,10,21,4,27.0,21.8,0.0,21.8,13,0,3,2,3
hybrid_ows,8,973694259,1590906853,3,0,112,3,34,2-3,31-34,ore_2to1,none,1,1,1,0,0,1,3,9,10,19,4,25.0,23.7,1.5,23.7,3,4,0,9,3
hybrid_ows,8,973694259,1590906853,4,1,112,24,15,20-24,14-15,none,none,0,1,0,0,2,0,3,10,10,20,5,27.5,23.4,0.0,23.4,5,5,2,5,3
hybrid_ows,9,1988601454,1603362544,1,1,125,42,39,38-42,38-39,none,none,0,0,1,0,1,0,2,11,8,19,4,25.0,24.900000000000002,0.0,24.900000000000002,0,3,4,10,2
hybrid_ows,9,1988601454,1603362544,2,0,125,19,30,14-19,25-30,none,none,0,0,1,0,0,2,3,10,8,18,4,24.0,23.3,0.0,23.3,0,3,5,2,8
hybrid_ows,9,1988601454,1603362544,3,0,125,33,21,24-33,18-21,none,none,0,0,0,0,3,0,3,12,9,21,3,25.5,25.5,0.0,25.5,4,3,0,14,0
hybrid_ows,9,1988601454,1603362544,4,0,125,1,15,0-1,14-15,none,none,0,0,1,1,0,1,3,13,11,24,4,30.0,25.999999999999996,0.0,25.999999999999996,4,3,14,0,3
hybrid_ows,10,139951793,1842064464,1,1,113,14,42,2-14,38-42,none,none,0,1,1,0,1,0,3,12,10,22,4,28.0,25.2,0.0,25.2,9,2,0,8,3
hybrid_ows,10,139951793,1842064464,2,0,113,29,3,19-29,2-3,none,generic_3to1,1,0,0,1,0,1,2,10,8,18,4,24.0,23.900000000000002,1.8,23.900000000000002,0,2,5,5,6
hybrid_ows,10,139951793,1842064464,3,0,113,24,25,20-24,15-25,none,none,0,1,0,0,2,0,3,13,10,23,3,27.5,24.799999999999997,0.0,24.799999999999997,8,0,9,6,0
hybrid_ows,10,139951793,1842064464,4,0,113,1,21,0-1,18-21,none,none,0,0,1,1,0,1,3,11,10,21,5,28.5,24.4,0.0,24.4,4,3,9,2,3
hybrid_ows,11,1942955373,1999951809,1,0,182,2,0,1-2,0-1,none,none,0,1,0,0,0,1,2,12,8,20,4,26.0,24.099999999999998,0.0,24.099999999999998,3,4,3,0,10
hybrid_ows,11,1942955373,1999951809,2,1,182,21,24,18-21,20-24,none,none,0,1,0,1,1,0,3,11,10,21,4,27.0,23.3,0.0,23.3,10,0,4,5,2
hybrid_ows,11,1942955373,1999951809,3,0,182,25,16,15-25,15-16,none,wood_2to1,1,0,1,0,1,0,2,10,9,19,4,25.0,23.4,1.0,23.4,2,4,3,10,0
hybrid_ows,11,1942955373,1999951809,4,0,182,19,12,14-19,7-12,none,none,0,1,0,1,0,1,3,9,10,19,4,25.0,22.2,0.0,22.2,6,0,7,4,2
hybrid_ows,12,2038265566,1155324522,1,1,129,42,11,38-42,11-12,none,generic_3to1,1,0,1,0,0,1,2,13,7,20,4,26.0,25.599999999999998,2.0,25.599999999999998,4,2,0,5,9
hybrid_ows,12,2038265566,1155324522,2,0,129,44,15,41-44,14-15,none,none,0,0,0,2,1,0,3,11,8,19,4,25.0,24.0,0.0,24.0,2,0,9,4,4
hybrid_ows,12,2038265566,1155324522,3,0,129,34,32,31-34,29-32,none,none,0,1,0,2,0,0,3,10,10,20,4,26.0,23.500000000000004,0.0,23.500000000000004,4,0,11,2,3
hybrid_ows,12,2038265566,1155324522,4,0,129,20,1,12-20,0-1,none,none,0,1,1,0,1,0,3,10,12,22,4,28.0,24.599999999999998,0.0,24.599999999999998,5,7,0,5,5
hybrid_ows,13,1112433019,1248794762,1,1,101,12,24,7-12,20-24,none,none,0,0,1,1,1,0,3,12,8,20,5,27.5,26.4,0.0,26.4,4,1,2,10,3
hybrid_ows,13,1112433019,1248794762,2,0,101,42,25,38-42,15-25,none,none,0,1,0,1,1,0,3,11,9,20,5,27.5,25.8,0.0,25.8,3,2,4,7,4
hybrid_ows,13,1112433019,1248794762,3,0,101,18,39,8-18,38-39,none,none,0,0,0,1,1,0,2,11,9,20,3,24.5,25.699999999999996,0.0,25.699999999999996,0,0,9,8,3
hybrid_ows,13,1112433019,1248794762,4,0,101,44,14,41-44,2-14,none,none,0,0,0,1,1,1,3,13,10,23,4,29.0,27.4,0.0,27.4,5,0,9,2,7
hybrid_ows,14,458825077,1060578839,1,0,94,44,30,41-44,25-30,none,none,0,1,1,1,0,0,3,12,9,21,4,27.0,23.599999999999998,0.0,23.599999999999998,2,8,3,8,0
hybrid_ows,14,458825077,1060578839,2,1,94,7,33,6-7,24-33,none,none,0,1,0,1,1,0,3,10,8,18,4,24.0,23.3,0.0,23.3,1,0,9,6,2
hybrid_ows,14,458825077,1060578839,3,0,94,42,32,38-42,29-32,none,none,0,1,1,0,1,0,3,9,10,19,4,25.0,22.5,0.0,22.5,4,5,0,8,2
hybrid_ows,14,458825077,1060578839,4,0,94,15,21,14-15,18-21,none,none,0,1,1,0,1,0,3,12,10,22,4,28.0,22.5,0.0,22.5,4,9,5,4,0
hybrid_ows,15,897563738,50056527,1,1,101,41,47,32-41,42-47,none,sheep_2to1,1,0,1,0,0,1,2,12,9,21,3,25.5,27.300000000000004,0.0,27.300000000000004,0,4,0,4,13
hybrid_ows,15,897563738,50056527,2,0,101,43,2,34-43,1-2,none,none,0,0,0,1,0,1,2,12,8,20,3,24.5,27.5,0.0,27.5,0,0,3,9,8
hybrid_ows,15,897563738,50056527,3,0,101,15,26,14-15,25-26,none,wood_2to1,1,0,0,1,1,0,2,11,9,20,3,24.5,26.299999999999997,0.0,26.299999999999997,0,0,7,8,5
hybrid_ows,15,897563738,50056527,4,0,101,38,50,30-38,44-50,none,generic_3to1,1,0,0,0,1,1,2,13,9,22,4,28.0,27.9,2.2,27.9,0,4,5,8,5
hybrid_ows,16,1552728491,2015295599,1,0,150,33,46,24-33,43-46,none,generic_3to1,1,0,0,1,0,1,2,11,7,18,4,24.0,22.4,1.8,22.4,4,0,6,4,4
hybrid_ows,16,1552728491,2015295599,2,1,150,44,38,41-44,30-38,none,none,0,1,1,0,1,0,3,9,9,18,4,24.0,22.400000000000002,0.0,22.400000000000002,2,5,0,5,6
hybrid_ows,16,1552728491,2015295599,3,0,150,7,15,6-7,14-15,none,none,0,1,1,0,1,0,3,9,10,19,5,26.5,21.5,0.0,21.5,4,5,6,1,3
hybrid_ows,16,1552728491,2015295599,4,0,150,31,23,21-31,23-24,none,wood_2to1,1,1,0,0,1,0,2,9,9,18,4,24.0,20.3,4.5,20.3,9,0,3,4,2
hybrid_ows,17,1778837931,1303193990,1,0,79,33,7,24-33,6-7,none,none,0,0,0,1,0,2,3,11,7,18,4,24.0,22.999999999999996,0.0,22.999999999999996,4,0,4,7,3
hybrid_ows,17,1778837931,1303193990,2,0,79,20,29,12-20,19-29,none,none,0,1,1,0,1,0,3,13,10,23,4,29.0,23.8,0.0,23.8,7,4,9,3,0
hybrid_ows,17,1778837931,1303193990,3,1,79,14,42,2-14,38-42,none,none,0,2,1,0,0,0,3,11,13,24,4,30.0,22.7,0.0,22.7,9,9,3,3,0
hybrid_ows,17,1778837931,1303193990,4,0,79,18,43,8-18,34-43,none,none,0,0,1,0,2,0,3,12,8,20,4,26.0,22.599999999999998,0.0,22.599999999999998,3,6,4,7,0
hybrid_ows,18,778526663,527488476,1,0,104,2,41,1-2,32-41,none,none,0,0,1,1,1,0,3,12,8,20,5,27.5,26.4,0.0,26.4,3,1,4,8,4
hybrid_ows,18,778526663,527488476,2,0,104,15,21,14-15,18-21,none,none,0,1,0,1,0,1,3,12,8,20,5,27.5,25.200000000000003,0.0,25.200000000000003,4,3,2,9,2
hybrid_ows,18,778526663,527488476,3,0,104,30,12,25-30,7-12,none,none,0,2,0,0,1,0,3,11,11,22,4,28.0,23.099999999999998,0.0,23.099999999999998,9,3,5,5,0
hybrid_ows,18,778526663,527488476,4,1,104,26,24,25-26,20-24,generic_3to1,none,1,1,1,0,0,1,3,9,10,19,5,26.5,22.400000000000002,1.9000000000000001,22.400000000000002,5,3,5,4,2
hybrid_ows,19,185773678,518352914,1,1,121,30,46,25-30,43-46,none,generic_3to1,1,0,0,0,1,1,2,12,7,19,4,25.0,24.0,1.9000000000000001,24.0,5,0,3,2,9
hybrid_ows,19,185773678,518352914,2,0,121,12,1,7-12,0-1,none,none,0,0,0,0,2,1,3,12,7,19,4,25.0,23.7,0.0,23.7,3,4,0,8,4
hybrid_ows,19,185773678,518352914,3,0,121,34,19,31-34,14-19,none,none,0,0,0,1,1,1,3,12,7,19,5,26.5,23.9,0.0,23.9,4,3,2,1,9
hybrid_ows,19,185773678,518352914,4,0,121,24,41,20-24,32-41,none,none,0,0,1,2,0,0,3,11,11,22,4,28.0,24.0,0.0,24.0,4,5,8,5,0
hybrid_ows,20,649421745,1115950379,1,0,138,18,43,8-18,34-43,none,none,0,1,1,1,0,0,3,12,10,22,5,29.5,25.099999999999998,0.0,25.099999999999998,8,4,1,4,5
hybrid_ows,20,649421745,1115950379,2,1,138,24,38,20-24,30-38,none,none,0,1,2,0,0,0,3,12,11,23,4,29.0,24.999999999999996,0.0,24.999999999999996,3,8,5,0,7
hybrid_ows,20,649421745,1115950379,3,0,138,2,12,1-2,7-12,none,none,0,1,0,2,0,0,3,11,10,21,4,27.0,25.4,0.0,25.4,5,0,7,4,5
hybrid_ows,20,649421745,1115950379,4,0,138,31,29,21-31,19-29,none,none,0,0,1,1,1,0,3,9,9,18,4,24.0,23.9,0.0,23.9,0,3,3,8,4
hybrid_ows,21,708452615,1795269057,1,1,65,43,20,34-43,12-20,none,none,0,0,1,1,0,1,3,12,9,21,5,28.5,24.400000000000002,0.0,24.400000000000002,3,5,7,4,2
hybrid_ows,21,708452615,1795269057,2,0,65,38,3,30-38,2-3,none,generic_3to1,1,0,0,1,0,1,2,10,7,17,4,23.0,22.599999999999998,1.7000000000000002,22.599999999999998,0,3,3,4,7
hybrid_ows,21,708452615,1795269057,3,0,65,32,15,29-32,14-15,none,none,0,0,1,1,1,0,3,10,10,20,4,26.0,24.099999999999998,0.0,24.099999999999998,2,5,3,10,0
hybrid_ows,21,708452615,1795269057,4,0,65,33,1,24-33,0-1,none,none,0,1,0,1,0,1,3,12,10,22,5,29.5,24.5,0.0,24.5,8,5,1,4,4
hybrid_ows,22,602878526,1042032339,1,0,99,24,6,20-24,6-7,none,sheep_2to1,1,1,0,0,0,1,2,11,8,19,3,23.5,25.300000000000004,0.0,25.300000000000004,3,0,0,4,12
hybrid_ows,22,602878526,1042032339,2,0,99,43,37,34-43,33-37,none,none,0,0,0,1,0,1,2,12,8,20,3,24.5,25.1,0.0,25.1,0,0,11,4,5
hybrid_ows,22,602878526,1042032339,3,1,99,12,2,7-12,1-2,none,none,0,1,1,1,0,0,3,10,11,21,5,28.5,25.9,0.0,25.9,5,2,4,5,5
hybrid_ows,22,602878526,1042032339,4,0,99,31,25,21-31,15-25,none,none,0,1,1,0,1,0,3,10,9,19,5,26.5,23.3,0.0,23.3,3,2,8,4,2
hybrid_ows,23,1245182509,358847448,1,0,140,7,20,6-7,12-20,none,none,0,0,1,1,1,0,3,12,9,21,4,27.0,22.7,0.0,22.7,0,9,8,1,3
hybrid_ows,23,1245182509,358847448,2,0,140,31,18,21-31,8-18,none,none,0,1,0,2,0,0,3,13,10,23,3,27.5,23.6,0.0,23.6,2,4,17,0,0
hybrid_ows,23,1245182509,358847448,3,0,140,44,15,41-44,14-15,none,none,0,0,0,0,2,1,3,10,7,17,4,23.0,22.6,0.0,22.6,2,0,5,9,1
hybrid_ows,23,1245182509,358847448,4,1,140,42,33,38-42,24-33,none,none,0,1,1,1,0,0,3,8,12,20,5,27.5,23.700000000000003,0.0,23.700000000000003,5,4,3,3,5
hybrid_ows,24,1644374017,784226196,1,0,154,20,46,12-20,43-46,none,wood_2to1,1,0,0,1,0,1,2,13,7,20,4,26.0,22.3,2.5,22.3,5,4,5,0,6
hybrid_ows,24,1644374017,784226196,2,1,154,41,38,32-41,30-38,none,none,0,1,0,0,1,1,3,12,8,20,4,26.0,23.8,0.0,23.8,7,0,4,3,6
hybrid_ows,24,1644374017,784226196,3,0,154,29,15,19-29,14-15,none,none,0,0,1,1,1,0,3,11,11,22,4,28.0,25.500000000000004,0.0,25.500000000000004,0,4,13,2,3
hybrid_ows,24,1644374017,784226196,4,0,154,34,8,31-34,1-8,none,none,0,0,1,0,1,1,3,13,9,22,4,28.0,25.5,0.0,25.5,0,6,9,3,4
hybrid_ows,25,1619040758,65877265,1,1,81,1,15,0-1,14-15,none,none,0,1,1,0,0,1,3,13,8,21,5,28.5,23.5,0.0,23.5,8,3,4,4,2
hybrid_ows,25,1619040758,65877265,2,0,81,30,32,25-30,29-32,none,none,0,1,0,2,0,0,3,11,10,21,3,25.5,24.9,0.0,24.9,1,0,14,0,6
hybrid_ows,25,1619040758,65877265,3,0,81,24,37,20-24,33-37,none,none,0,0,0,0,1,1,2,9,7,16,4,22.0,22.5,0.0,22.5,1,0,3,2,10
hybrid_ows,25,1619040758,65877265,4,0,81,7,19,6-7,14-19,none,none,0,0,0,2,0,1,3,9,10,19,3,23.5,24.700000000000003,0.0,24.700000000000003,0,0,8,9,2
hybrid_ows,26,870815904,881149698,1,0,126,19,2,14-19,1-2,none,none,0,0,2,0,0,1,3,12,9,21,4,27.0,26.3,0.0,26.3,3,4,0,4,10
hybrid_ows,26,870815904,881149698,2,1,126,30,24,25-30,20-24,none,none,0,1,1,1,0,0,3,11,12,23,5,30.5,27.599999999999998,0.0,27.599999999999998,4,5,3,7,4
hybrid_ows,26,870815904,881149698,3,0,126,12,21,7-12,18-21,none,none,0,1,0,1,0,1,3,13,10,23,3,27.5,25.699999999999996,0.0,25.699999999999996,7,0,8,0,8
hybrid_ows,26,870815904,881149698,4,0,126,8,15,1-8,14-15,none,none,0,0,1,0,2,0,3,11,9,20,4,26.0,27.400000000000002,0.0,27.400000000000002,0,2,2,7,9
hybrid_ows,27,2061077104,1190644202,1,0,163,21,30,18-21,25-30,none,none,0,1,0,1,1,0,3,11,9,20,4,26.0,24.099999999999998,0.0,24.099999999999998,5,0,7,5,3
hybrid_ows,27,2061077104,1190644202,2,0,163,44,19,41-44,14-19,none,none,0,0,0,2,0,1,3,13,8,21,4,27.0,24.2,0.0,24.2,0,5,11,4,1
hybrid_ows,27,2061077104,1190644202,3,1,163,7,32,6-7,29-32,none,none,0,0,0,2,1,0,3,11,9,20,3,24.5,24.5,0.0,24.5,0,0,13,1,6
hybrid_ows,27,2061077104,1190644202,4,0,163,34,24,31-34,20-24,none,none,0,1,1,0,1,0,3,10,9,19,4,25.0,22.499999999999996,0.0,22.499999999999996,4,3,4,8,0
hybrid_ows,28,485147340,562005788,1,0,159,42,44,38-42,41-44,none,none,0,0,1,0,2,0,3,12,7,19,3,23.5,26.5,0.0,26.5,0,1,0,11,7
hybrid_ows,28,485147340,562005788,2,0,159,25,20,15-25,12-20,none,none,0,2,0,0,1,0,3,10,10,20,4,26.0,24.099999999999998,0.0,24.099999999999998,7,0,3,5,5
hybrid_ows,28,485147340,562005788,3,1,159,29,7,19-29,6-7,none,none,0,1,1,1,0,0,3,10,10,20,5,27.5,24.0,0.0,24.0,2,4,8,2,4
hybrid_ows,28,485147340,562005788,4,0,159,1,31,0-1,21-31,none,none,0,0,1,1,1,0,3,12,8,20,4,26.0,22.900000000000002,0.0,22.900000000000002,3,1,13,3,0
hybrid_ows,29,326915759,1485336377,1,1,109,8,42,1-8,38-42,none,none,0,1,1,1,0,0,3,12,10,22,5,29.5,27.5,0.0,27.5,2,5,3,3,9
hybrid_ows,29,326915759,1485336377,2,0,109,21,2,18-21,1-2,none,none,0,0,0,1,1,1,3,11,7,18,5,25.5,22.9,0.0,22.9,5,2,1,3,7
hybrid_ows,29,326915759,1485336377,3,0,109,43,0,34-43,0-1,none,none,0,0,0,0,0,2,2,9,8,17,2,20.0,23.700000000000003,0.0,23.700000000000003,0,0,0,9,8
hybrid_ows,29,326915759,1485336377,4,0,109,12,25,7-12,15-25,none,none,0,1,1,0,1,0,3,9,10,19,5,26.5,23.599999999999998,0.0,23.599999999999998,2,4,5,4,4
hybrid_ows,30,1242089248,129007523,1,1,121,31,29,21-31,19-29,none,none,0,1,0,0,0,1,2,11,8,19,4,25.0,23.099999999999998,0.0,23.099999999999998,3,4,2,0,10
hybrid_ows,30,1242089248,129007523,2,0,121,15,38,14-15,30-38,none,none,0,1,0,2,0,0,3,9,10,19,4,25.0,24.0,0.0,24.0,3,0,7,4,5
hybrid_ows,30,1242089248,129007523,3,0,121,43,18,34-43,8-18,none,none,0,1,0,0,1,1,3,10,8,18,5,25.5,23.8,0.0,23.8,2,3,2,6,5
hybrid_ows,30,1242089248,129007523,4,0,121,2,26,1-2,25-26,none,brick_2to1,1,0,0,1,0,1,2,9,8,17,4,23.0,23.2,0.0,23.2,2,0,3,7,5
hybrid_ows,31,52734659,2016822975,1,1,105,2,33,1-2,24-33,none,none,0,1,1,1,0,0,3,12,9,21,5,28.5,25.0,0.0,25.0,1,7,5,5,3
hybrid_ows,31,52734659,2016822975,2,0,105,20,18,12-20,8-18,none,none,0,2,1,0,0,0,3,11,12,23,4,29.0,22.0,0.0,22.0,12,4,5,2,0
hybrid_ows,31,52734659,2016822975,3,0,105,31,15,21-31,14-15,none,none,0,0,0,1,2,0,3,11,9,20,4,26.0,24.400000000000002,0.0,24.400000000000002,4,0,8,6,2
hybrid_ows,31,52734659,2016822975,4,0,105,38,7,30-38,6-7,none,none,0,2,0,0,1,0,3,11,12,23,5,30.5,24.6,0.0,24.6,9,4,5,3,2
hybrid_ows,32,332524003,917477150,1,1,125,29,12,19-29,7-12,none,none,0,1,1,1,0,0,3,13,11,24,4,30.0,28.099999999999998,0.0,28.099999999999998,3,3,9,9,0
hybrid_ows,32,332524003,917477150,2,0,125,14,33,2-14,24-33,none,none,0,1,0,1,0,1,3,13,9,22,4,28.0,24.9,0.0,24.9,11,0,1,5,5
hybrid_ows,32,332524003,917477150,3,0,125,18,25,8-18,15-25,none,none,0,0,1,0,2,0,3,13,9,22,4,28.0,25.499999999999996,0.0,25.499999999999996,4,2,9,7,0
hybrid_ows,32,332524003,917477150,4,0,125,42,1,38-42,0-1,none,none,0,1,1,1,0,0,3,9,11,20,5,27.5,24.9,0.0,24.9,4,2,5,6,3
hybrid_ows,33,718349404,1001662401,1,0,148,14,23,2-14,23-24,none,generic_3to1,1,1,0,0,1,0,2,10,9,19,4,25.0,24.3,1.9000000000000001,24.3,4,0,4,9,2
hybrid_ows,33,718349404,1001662401,2,0,148,41,18,32-41,8-18,none,none,0,1,1,0,1,0,3,9,9,18,5,25.5,22.900000000000002,0.0,22.900000000000002,3,2,5,7,1
hybrid_ows,33,718349404,1001662401,3,0,148,7,33,6-7,24-33,none,none,0,0,0,1,1,0,2,9,8,17,4,23.0,22.6,0.0,22.6,3,0,3,9,2
hybrid_ows,33,718349404,1001662401,4,1,148,1,30,0-1,25-30,none,none,0,0,1,1,0,1,3,8,10,18,4,24.0,22.7,0.0,22.7,0,3,7,4,4
hybrid_ows,34,1533613005,118852279,1,0,134,19,43,14-19,34-43,none,none,0,1,1,1,0,0,3,12,9,21,4,27.0,22.7,0.0,22.7,5,3,10,3,0
hybrid_ows,34,1533613005,118852279,2,1,134,25,11,15-25,11-12,none,sheep_2to1,1,0,1,0,1,0,2,12,9,21,4,27.0,23.599999999999998,2.5,23.599999999999998,0,9,5,4,3
hybrid_ows,34,1533613005,118852279,3,0,134,24,41,20-24,32-41,none,none,0,1,0,2,0,0,3,11,11,22,4,28.0,24.3,0.0,24.3,9,0,7,4,2
hybrid_ows,34,1533613005,118852279,4,0,134,31,1,21-31,0-1,none,none,0,0,0,1,2,0,3,11,8,19,4,25.0,23.1,0.0,23.1,4,0,8,5,2
hybrid_ows,35,1440402319,565756523,1,0,111,24,6,20-24,6-7,none,wheat_2to1,1,0,1,1,0,0,2,10,9,19,5,26.5,23.3,2.5,23.3,2,5,4,5,3
hybrid_ows,35,1440402319,565756523,2,0,111,12,25,7-12,15-25,none,none,0,2,0,0,1,0,3,11,10,21,4,27.0,23.3,0.0,23.3,8,0,8,2,3
hybrid_ows,35,1440402319,565756523,3,1,111,1,29,0-1,19-29,none,none,0,1,0,0,2,0,3,10,9,19,5,26.5,22.4,0.0,22.4,5,5,1,4,4
hybrid_ows,35,1440402319,565756523,4,0,111,21,37,18-21,33-37,none,none,0,0,0,0,1,1,2,9,7,16,4,22.0,21.6,0.0,21.6,2,0,4,8,2
hybrid_ows,36,1411758002,250696210,1,0,167,38,29,30-38,19-29,none,none,0,0,1,0,1,1,3,12,6,18,4,24.0,23.0,0.0,23.0,4,2,0,11,1
hybrid_ows,36,1411758002,250696210,2,0,167,7,15,6-7,14-15,none,none,0,0,2,1,0,0,3,10,11,21,4,27.0,22.999999999999996,0.0,22.999999999999996,2,7,7,0,5
hybrid_ows,36,1411758002,250696210,3,1,167,33,2,24-33,1-2,none,none,0,1,0,1,1,0,3,11,10,21,4,27.0,23.0,0.0,23.0,4,5,7,5,0
hybrid_ows,36,1411758002,250696210,4,0,167,43,21,34-43,18-21,none,none,0,0,0,1,0,2,3,11,9,20,4,26.0,24.099999999999998,0.0,24.099999999999998,2,5,3,0,10
hybrid_ows,37,393430179,152221923,1,0,95,15,0,14-15,0-1,none,none,0,0,0,1,1,0,2,12,7,19,4,25.0,24.9,0.0,24.9,3,0,4,7,5
hybrid_ows,37,393430179,152221923,2,0,95,2,26,1-2,25-26,none,brick_2to1,1,1,0,0,1,0,2,12,9,21,4,27.0,24.5,0.0,24.5,8,0,4,4,5
hybrid_ows,37,393430179,152221923,3,1,95,8,38,1-8,30-38,none,none,0,1,1,1,0,0,3,11,11,22,5,29.5,24.799999999999997,0.0,24.799999999999997,8,4,2,3,5
hybrid_ows,37,393430179,152221923,4,0,95,12,43,7-12,34-43,none,none,0,1,0,0,1,1,3,9,9,18,4,24.0,22.400000000000002,0.0,22.400000000000002,5,0,4,1,8
hybrid_ows,38,1808726707,1842631090,1,1,105,8,2,1-8,1-2,none,none,0,0,1,0,2,0,3,11,8,19,4,25.0,24.599999999999998,0.0,24.599999999999998,0,4,3,7,5
hybrid_ows,38,1808726707,1842631090,2,0,105,43,21,34-43,18-21,none,none,0,2,0,1,0,0,3,12,11,23,4,29.0,24.999999999999996,0.0,24.999999999999996,12,0,3,3,5
hybrid_ows,38,1808726707,1842631090,3,0,105,33,0,24-33,0-1,none,none,0,0,1,0,0,1,2,12,9,21,4,27.0,25.099999999999998,0.0,25.099999999999998,5,4,0,7,5
hybrid_ows,38,1808726707,1842631090,4,0,105,19,30,14-19,25-30,none,none,0,0,1,1,0,1,3,11,11,22,5,29.5,25.4,0.0,25.4,3,4,10,3,2
hybrid_ows,39,901304238,1115247367,1,0,136,32,24,29-32,20-24,none,none,0,1,0,1,1,0,3,13,8,21,4,27.0,27.8,0.0,27.8,3,0,3,6,9
hybrid_ows,39,901304238,1115247367,2,0,136,21,19,18-21,14-19,none,none,0,1,0,0,1,1,3,11,10,21,4,27.0,27.2,0.0,27.2,4,0,3,1,13
hybrid_ows,39,901304238,1115247367,3,0,136,34,38,31-34,30-38,none,none,0,1,1,0,1,0,3,12,11,23,5,30.5,25.8,0.0,25.8,10,2,3,4,4
hybrid_ows,39,901304238,1115247367,4,1,136,44,2,41-44,1-2,none,none,0,1,1,1,0,0,3,9,13,22,5,29.5,25.1,0.0,25.1,4,5,7,2,4
hybrid_ows,40,1969700810,136779594,1,0,135,42,12,38-42,7-12,none,none,0,1,1,0,0,1,3,11,10,21,5,28.5,25.299999999999997,0.0,25.299999999999997,3,5,4,2,7
hybrid_ows,40,1969700810,136779594,2,0,135,29,43,19-29,34-43,none,none,0,0,1,0,1,0,2,12,9,21,4,27.0,25.7,0.0,25.7,4,4,0,5,8
hybrid_ows,40,1969700810,136779594,3,1,135,2,33,1-2,24-33,none,none,0,1,0,1,1,0,3,12,8,20,4,26.0,24.7,0.0,24.7,1,4,5,10,0
hybrid_ows,40,1969700810,136779594,4,0,135,15,18,14-15,8-18,none,none,0,0,0,1,0,2,3,10,8,18,4,24.0,22.7,0.0,22.7,5,0,3,5,5
hybrid_ows,41,1636471393,1426894585,1,0,112,42,15,38-42,14-15,none,none,0,2,1,0,0,0,3,12,10,22,4,28.0,22.5,0.0,22.5,9,4,5,4,0
hybrid_ows,41,1636471393,1426894585,2,0,112,24,50,20-24,44-50,none,generic_3to1,1,0,1,1,0,0,2,12,8,20,4,26.0,22.9,2.0,22.9,5,3,5,0,7
hybrid_ows,41,1636471393,1426894585,3,0,112,31,30,21-31,25-30,none,none,0,0,1,1,1,0,3,11,8,19,4,25.0,22.5,0.0,22.5,0,5,8,2,4
hybrid_ows,41,1636471393,1426894585,4,1,112,43,2,34-43,1-2,none,none,0,1,0,0,1,1,3,11,10,21,5,28.5,24.400000000000002,0.0,24.400000000000002,5,4,5,5,2
hybrid_ows,42,478163327,107420369,1,0,99,41,43,32-41,34-43,none,none,0,1,1,0,0,1,3,12,9,21,4,27.0,24.2,0.0,24.2,3,3,9,0,6
hybrid_ows,42,478163327,107420369,2,0,99,33,1,24-33,0-1,none,none,0,1,0,1,1,0,3,10,9,19,4,25.0,22.8,0.0,22.8,8,0,1,8,2
hybrid_ows,42,478163327,107420369,3,1,99,7,38,6-7,30-38,none,none,0,0,0,2,0,1,3,11,8,19,4,25.0,23.7,0.0,23.7,0,4,6,7,2
hybrid_ows,42,478163327,107420369,4,0,99,25,29,15-25,19-29,none,none,0,1,0,1,1,0,3,11,9,20,3,24.5,23.0,0.0,23.0,6,0,6,8,0
hybrid_ows,43,165578901,1228722198,1,0,144,8,15,1-8,14-15,none,none,0,2,0,1,0,0,3,11,11,22,4,28.0,26.4,0.0,26.4,7,0,4,6,5
hybrid_ows,43,165578901,1228722198,2,0,144,21,44,18-21,41-44,none,none,0,1,0,1,1,0,3,11,9,20,5,27.5,24.9,0.0,24.9,2,3,7,3,5
hybrid_ows,43,165578901,1228722198,3,0,144,42,29,38-42,19-29,none,none,0,1,0,2,0,0,3,10,10,20,4,26.0,24.1,0.0,24.1,2,0,13,3,2
hybrid_ows,43,165578901,1228722198,4,1,144,33,2,24-33,1-2,none,none,0,1,0,0,1,1,3,12,10,22,4,28.0,24.599999999999998,0.0,24.599999999999998,9,3,0,7,3
hybrid_ows,44,1754648232,501031174,1,0,170,41,37,32-41,33-37,none,none,0,1,0,1,0,0,2,12,9,21,4,27.0,24.2,0.0,24.2,4,4,5,0,8
hybrid_ows,44,1754648232,501031174,2,1,170,7,29,6-7,19-29,none,none,0,0,1,0,1,1,3,12,7,19,5,26.5,23.3,0.0,23.3,5,2,4,5,3
hybrid_ows,44,1754648232,501031174,3,0,170,34,1,31-34,0-1,none,none,0,1,0,0,2,0,3,11,9,20,4,26.0,24.4,0.0,24.4,7,0,2,6,5
hybrid_ows,44,1754648232,501031174,4,0,170,15,18,14-15,8-18,none,none,0,0,0,1,2,0,3,11,9,20,4,26.0,24.4,0.0,24.4,4,2,4,10,0
hybrid_ows,45,1167696004,1793969994,1,0,88,32,42,29-32,38-42,none,none,0,1,0,0,2,0,3,11,9,20,3,24.5,25.4,0.0,25.4,5,0,0,12,3
hybrid_ows,45,1167696004,1793969994,2,0,88,21,44,18-21,41-44,none,none,0,0,0,1,2,0,3,12,7,19,4,25.0,25.2,0.0,25.2,0,4,1,11,3
hybrid_ows,45,1167696004,1793969994,3,0,88,7,15,6-7,14-15,none,none,0,0,1,1,0,1,3,11,10,21,5,28.5,26.200000000000003,0.0,26.200000000000003,2,5,3,5,6
hybrid_ows,45,1167696004,1793969994,4,1,88,34,1,31-34,0-1,none,none,0,2,0,0,0,1,3,13,10,23,4,29.0,24.699999999999996,0.0,24.699999999999996,6,8,0,5,4
hybrid_ows,46,328063601,1717962873,1,0,156,33,38,24-33,30-38,none,none,0,1,1,1,0,0,3,12,11,23,4,29.0,24.7,0.0,24.7,4,4,12,0,3
hybrid_ows,46,328063601,1717962873,2,0,156,7,2,6-7,1-2,none,none,0,2,0,0,1,0,3,11,8,19,5,26.5,24.5,0.0,24.5,3,2,4,5,5
hybrid_ows,46,328063601,1717962873,3,0,156,31,11,21-31,11-12,none,brick_2to1,1,0,0,0,1,1,2,12,7,19,4,25.0,23.7,0.0,23.7,5,0,4,5,5
hybrid_ows,46,328063601,1717962873,4,1,156,41,15,32-41,14-15,none,none,0,0,1,0,2,0,3,12,8,20,4,26.0,23.2,0.0,23.2,5,5,0,7,3
hybrid_ows,47,1511168161,268543586,1,0,104,1,38,0-1,30-38,none,none,0,1,0,1,1,0,3,11,8,19,4,25.0,24.599999999999998,0.0,24.599999999999998,3,0,5,2,9
hybrid_ows,47,1511168161,268543586,2,0,104,33,14,24-33,2-14,none,none,0,0,0,1,0,2,3,12,8,20,4,26.0,25.3,0.0,25.3,4,0,5,5,6
hybrid_ows,47,1511168161,268543586,3,0,104,43,18,34-43,8-18,none,none,0,1,1,0,0,1,3,12,9,21,5,28.5,25.0,0.0,25.0,8,1,3,4,5
hybrid_ows,47,1511168161,268543586,4,1,104,7,32,6-7,29-32,none,none,0,1,0,1,1,0,3,9,10,19,5,26.5,25.4,0.0,25.4,3,1,3,8,4
hybrid_ows,48,1354862962,566469534,1,0,71,15,21,14-15,18-21,none,none,0,1,0,0,0,1,2,9,9,18,4,24.0,23.9,0.0,23.9,4,0,1,3,10
hybrid_ows,48,1354862962,566469534,2,0,71,32,42,29-32,38-42,none,none,0,0,1,0,2,0,3,10,8,18,4,24.0,23.599999999999998,0.0,23.599999999999998,3,2,0,8,5
hybrid_ows,48,1354862962,566469534,3,1,71,44,33,41-44,24-33,none,none,0,1,1,1,0,0,3,12,12,24,4,30.0,23.599999999999998,0.0,23.599999999999998,12,4,4,4,0
hybrid_ows,48,1354862962,566469534,4,0,71,2,26,1-2,25-26,none,generic_3to1,1,0,0,0,0,2,2,9,8,17,4,23.0,23.2,1.7000000000000002,23.2,1,0,5,3,8
hybrid_ows,49,287264509,1478885609,1,0,119,30,21,25-30,18-21,none,none,0,0,1,1,0,1,3,12,9,21,4,27.0,25.7,0.0,25.7,0,4,8,3,6
hybrid_ows,49,287264509,1478885609,2,0,119,14,1,2-14,0-1,none,none,0,1,1,1,0,0,3,12,10,22,5,29.5,26.3,0.0,26.3,2,6,5,5,4
hybrid_ows,49,287264509,1478885609,3,1,119,33,7,24-33,6-7,none,none,0,1,0,2,0,0,3,11,11,22,4,28.0,24.0,0.0,24.0,5,4,8,0,5
hybrid_ows,49,287264509,1478885609,4,0,119,44,42,41-44,38-42,none,none,0,1,0,2,0,0,3,9,11,20,4,26.0,23.5,0.0,23.5,2,1,13,4,0
hybrid_ows,50,2136903265,1143207437,1,0,130,25,41,15-25,32-41,none,none,0,2,1,0,0,0,3,13,11,24,5,31.5,27.4,0.0,27.4,7,4,4,5,4
hybrid_ows,50,2136903265,1143207437,2,1,130,38,1,30-38,0-1,none,none,0,0,1,1,1,0,3,12,8,20,5,27.5,24.299999999999997,0.0,24.299999999999997,4,5,1,7,3
hybrid_ows,50,2136903265,1143207437,3,0,130,14,7,2-14,6-7,none,none,0,0,0,1,1,1,3,11,8,19,4,25.0,23.4,0.0,23.4,0,5,5,4,5
hybrid_ows,50,2136903265,1143207437,4,0,130,33,29,24-33,19-29,none,none,0,2,0,0,0,1,3,10,11,21,5,28.5,23.5,0.0,23.5,7,5,2,3,4
hybrid_ows,51,1045900815,695516342,1,0,96,12,24,7-12,20-24,none,none,0,1,0,0,2,0,3,12,9,21,3,25.5,24.0,0.0,24.0,5,0,9,7,0
hybrid_ows,51,1045900815,695516342,2,0,96,18,25,8-18,15-25,none,none,0,1,0,1,1,0,3,11,10,21,4,27.0,24.5,0.0,24.5,5,0,10,2,4
hybrid_ows,51,1045900815,695516342,3,0,96,14,43,2-14,34-43,none,none,0,0,1,0,0,2,3,11,8,19,4,25.0,23.4,0.0,23.4,4,2,3,0,10
hybrid_ows,51,1045900815,695516342,4,1,96,38,31,30-38,21-31,none,none,0,1,0,1,0,1,3,10,10,20,5,27.5,24.3,0.0,24.3,5,3,3,7,2
hybrid_ows,52,1152412589,234172997,1,0,183,42,0,38-42,0-1,none,none,0,0,0,0,2,0,2,13,7,20,3,24.5,24.200000000000003,0.0,24.200000000000003,0,5,4,11,0
hybrid_ows,52,1152412589,234172997,2,0,183,2,8,1-2,1-8,none,none,0,1,0,1,1,0,3,11,9,20,4,26.0,23.2,0.0,23.2,4,3,6,7,0
hybrid_ows,52,1152412589,234172997,3,1,183,12,15,7-12,14-15,none,none,0,0,1,0,0,2,3,11,8,19,5,26.5,23.9,0.0,23.9,4,3,2,5,5
hybrid_ows,52,1152412589,234172997,4,0,183,30,19,25-30,14-19,none,none,0,0,0,1,0,2,3,12,8,20,4,26.0,23.5,0.0,23.5,3,5,3,0,9
hybrid_ows,53,927942303,1960597680,1,0,112,15,18,14-15,8-18,none,none,0,2,0,1,0,0,3,12,10,22,4,28.0,26.7,0.0,26.7,7,0,3,4,8
hybrid_ows,53,927942303,1960597680,2,0,112,29,26,19-29,25-26,none,ore_2to1,1,1,0,0,1,0,2,12,9,21,3,25.5,23.700000000000003,2.0,23.700000000000003,10,0,0,7,4
hybrid_ows,53,927942303,1960597680,3,0,112,2,31,1-2,21-31,none,none,0,1,1,1,0,0,3,9,10,19,5,26.5,23.0,0.0,23.0,5,1,7,2,4
hybrid_ows,53,927942303,1960597680,4,1,112,44,7,41-44,6-7,none,none,0,1,1,0,1,0,3,9,10,19,5,26.5,24.2,0.0,24.2,2,4,3,5,5
hybrid_ows,54,590463589,1885222961,1,0,96,7,43,6-7,34-43,none,none,0,1,0,0,1,1,3,11,8,19,4,25.0,24.9,0.0,24.9,2,3,0,10,4
hybrid_ows,54,590463589,1885222961,2,0,96,38,32,30-38,29-32,none,none,0,1,0,0,1,1,3,10,10,20,4,26.0,25.599999999999998,0.0,25.599999999999998,5,0,2,8,5
hybrid_ows,54,590463589,1885222961,3,0,96,21,1,18-21,0-1,none,none,0,1,0,1,1,0,3,12,10,22,4,28.0,25.2,0.0,25.2,8,0,6,5,3
hybrid_ows,54,590463589,1885222961,4,1,96,24,25,20-24,15-25,none,none,0,1,1,0,0,1,3,11,10,21,5,28.5,25.599999999999998,0.0,25.599999999999998,1,5,7,4,4
hybrid_ows,55,388006705,842873520,1,1,133,12,21,7-12,18-21,none,none,0,2,0,0,1,0,3,12,10,22,3,26.5,27.4,0.0,27.4,6,0,0,11,5
hybrid_ows,55,388006705,842873520,2,0,133,24,19,20-24,14-19,none,none,0,1,1,1,0,0,3,12,10,22,5,29.5,26.3,0.0,26.3,6,2,5,4,5
hybrid_ows,55,388006705,842873520,3,0,133,15,34,14-15,31-34,none,none,0,1,0,2,0,0,3,11,11,22,3,26.5,24.700000000000003,0.0,24.700000000000003,3,0,15,4,0
hybrid_ows,55,388006705,842873520,4,0,133,8,37,1-8,33-37,none,none,0,0,0,1,1,0,2,10,9,19,4,25.0,22.8,0.0,22.8,4,2,5,8,0
hybrid_ows,56,49376573,2034405272,1,0,96,29,0,19-29,0-1,none,none,0,1,0,0,0,1,2,11,8,19,4,25.0,24.900000000000002,0.0,24.900000000000002,3,0,4,4,8
hybrid_ows,56,49376573,2034405272,2,0,96,41,33,32-41,24-33,none,none,0,1,0,2,0,0,3,12,10,22,4,28.0,25.8,0.0,25.8,4,3,6,9,0
hybrid_ows,56,49376573,2034405272,3,0,96,2,25,1-2,15-25,none,none,0,2,0,1,0,0,3,10,13,23,5,30.5,25.5,0.0,25.5,9,3,4,2,5
hybrid_ows,56,49376573,2034405272,4,1,96,31,38,21-31,30-38,none,none,0,1,0,0,2,0,3,11,11,22,5,29.5,26.299999999999997,0.0,26.299999999999997,5,3,5,6,3
hybrid_ows,57,182818357,1579483714,1,1,65,29,43,19-29,34-43,none,none,0,1,0,1,1,0,3,13,8,21,4,27.0,28.7,0.0,28.7,1,0,4,7,9
hybrid_ows,57,182818357,1579483714,2,0,65,41,23,32-41,23-24,none,generic_3to1,1,0,0,1,1,0,2,13,8,21,3,25.5,27.6,2.1,27.6,0,0,7,5,9
hybrid_ows,57,182818357,1579483714,3,0,65,15,12,14-15,7-12,none,none,0,1,0,0,2,0,3,11,9,20,5,27.5,25.2,0.0,25.2,3,4,2,6,5
hybrid_ows,57,182818357,1579483714,4,0,65,50,38,44-50,30-38,wood_2to1,none,1,0,1,1,0,1,3,8,9,17,4,23.0,22.900000000000002,0.0,22.900000000000002,0,3,2,3,9
hybrid_ows,58,846782629,883577855,1,0,94,18,41,8-18,32-41,none,none,0,0,1,1,1,0,3,13,9,22,4,28.0,25.2,0.0,25.2,0,10,2,6,4
hybrid_ows,58,846782629,883577855,2,1,94,15,33,14-15,24-33,none,none,0,1,0,1,0,1,3,12,9,21,4,27.0,25.1,0.0,25.1,4,0,10,5,2
hybrid_ows,58,846782629,883577855,3,0,94,20,29,12-20,19-29,none,none,0,0,0,2,0,1,3,12,9,21,4,27.0,25.099999999999998,0.0,25.099999999999998,5,0,8,4,4
hybrid_ows,58,846782629,883577855,4,0,94,31,2,21-31,1-2,none,none,0,0,1,1,1,0,3,12,12,24,4,30.0,26.299999999999997,0.0,26.299999999999997,0,10,7,3,4
hybrid_ows,59,962869285,363394191,1,1,93,44,24,41-44,20-24,none,none,0,0,1,1,1,0,3,12,9,21,5,28.5,25.6,0.0,25.6,4,3,5,1,8
hybrid_ows,59,962869285,363394191,2,0,93,38,8,30-38,1-8,none,none,0,2,1,0,0,0,3,9,12,21,5,28.5,23.5,0.0,23.5,7,5,2,5,2
hybrid_ows,59,962869285,363394191,3,0,93,34,47,31-34,42-47,none,wheat_2to1,1,0,0,1,0,1,2,11,7,18,4,24.0,22.099999999999998,1.0,22.099999999999998,4,0,7,2,5
hybrid_ows,59,962869285,363394191,4,0,93,25,12,15-25,7-12,none,none,0,1,1,0,1,0,3,10,11,21,4,27.0,23.599999999999998,0.0,23.599999999999998,8,3,1,9,0
hybrid_ows,60,1322019967,1217283321,1,0,110,14,32,2-14,29-32,none,none,0,0,0,1,1,1,3,13,7,20,4,26.0,24.7,0.0,24.7,5,0,5,2,8
hybrid_ows,60,1322019967,1217283321,2,1,110,42,39,38-42,38-39,none,none,0,1,0,0,1,0,2,10,8,18,4,24.0,24.5,0.0,24.5,3,0,1,10,4
hybrid_ows,60,1322019967,1217283321,3,0,110,34,18,31-34,8-18,none,none,0,1,0,0,1,1,3,12,8,20,4,26.0,25.0,0.0,25.0,2,5,0,5,8
hybrid_ows,60,1322019967,1217283321,4,0,110,1,44,0-1,41-44,none,none,0,1,0,0,0,2,3,10,10,20,4,26.0,26.2,0.0,26.2,2,3,0,3,12
hybrid_ows,61,2123807367,780417836,1,0,168,41,19,32-41,14-19,none,none,0,1,0,1,1,0,3,12,7,19,4,25.0,24.599999999999998,0.0,24.599999999999998,1,0,9,6,3
hybrid_ows,61,2123807367,780417836,2,0,168,2,26,1-2,25-26,none,generic_3to1,1,1,0,0,1,0,2,12,9,21,3,25.5,24.0,2.1,24.0,5,0,9,7,0
hybrid_ows,61,2123807367,780417836,3,0,168,15,33,14-15,24-33,none,none,0,0,2,0,0,1,3,11,10,21,4,27.0,25.4,0.0,25.4,0,6,5,6,4
hybrid_ows,61,2123807367,780417836,4,1,168,43,30,34-43,25-30,none,none,0,1,0,0,2,0,3,11,11,22,4,28.0,26.099999999999998,0.0,26.099999999999998,7,0,5,6,4
hybrid_ows,62,743144841,279835464,1,0,123,8,33,1-8,24-33,none,none,0,1,0,1,1,0,3,12,8,20,5,27.5,25.8,0.0,25.8,2,3,4,7,4
hybrid_ows,62,743144841,279835464,2,0,123,42,21,38-42,18-21,none,none,0,1,0,0,2,0,3,12,8,20,4,26.0,25.6,0.0,25.6,2,0,8,6,4
hybrid_ows,62,743144841,279835464,3,1,123,15,26,14-15,25-26,none,generic_3to1,1,0,1,0,1,0,2,12,9,21,4,27.0,24.2,2.1,24.2,3,5,5,8,0
hybrid_ows,62,743144841,279835464,4,0,123,30,12,25-30,7-12,none,none,0,1,1,0,1,0,3,12,10,22,4,28.0,24.0,0.0,24.0,5,8,0,5,4
hybrid_ows,63,1911858404,1907949923,1,1,129,33,25,24-33,15-25,none,none,0,1,1,0,1,0,3,13,9,22,5,29.5,27.200000000000003,0.0,27.200000000000003,5,2,4,6,5
hybrid_ows,63,1911858404,1907949923,2,0,129,31,41,21-31,32-41,none,none,0,1,0,2,0,0,3,12,11,23,3,27.5,26.6,0.0,26.6,3,0,13,7,0
hybrid_ows,63,1911858404,1907949923,3,0,129,43,20,34-43,12-20,none,none,0,1,1,0,1,0,3,12,9,21,5,28.5,25.6,0.0,25.6,1,4,9,4,3
hybrid_ows,63,1911858404,1907949923,4,0,129,7,29,6-7,19-29,none,none,0,2,0,0,1,0,3,13,11,24,4,30.0,22.999999999999996,0.0,22.999999999999996,13,4,4,3,0
hybrid_ows,64,2045084184,536230913,1,0,110,15,37,14-15,33-37,none,none,0,1,0,0,1,0,2,13,7,20,4,26.0,24.4,0.0,24.4,6,0,4,5,5
hybrid_ows,64,2045084184,536230913,2,1,110,34,30,31-34,25-30,none,none,0,1,0,1,1,0,3,10,9,19,5,26.5,24.199999999999996,0.0,24.199999999999996,4,2,3,7,3
hybrid_ows,64,2045084184,536230913,3,0,110,42,12,38-42,7-12,none,none,0,0,1,1,1,0,3,11,9,20,5,27.5,24.0,0.0,24.0,5,3,4,4,4
hybrid_ows,64,2045084184,536230913,4,0,110,32,44,29-32,41-44,none,none,0,0,0,0,1,2,3,10,8,18,3,22.5,22.799999999999997,0.0,22.799999999999997,5,0,0,3,10
hybrid_ows,65,1781311907,1240577552,1,1,113,1,50,0-1,44-50,none,wood_2to1,1,1,0,1,0,0,2,11,9,20,4,26.0,25.0,2.5,25.0,5,0,4,6,5
hybrid_ows,65,1781311907,1240577552,2,0,113,43,31,34-43,21-31,none,none,0,1,1,0,0,1,3,11,9,20,5,27.5,25.8,0.0,25.8,1,4,4,3,8
hybrid_ows,65,1781311907,1240577552,3,0,113,14,41,2-14,32-41,none,none,0,2,0,0,0,1,3,12,10,22,4,28.0,25.199999999999996,0.0,25.199999999999996,6,5,0,7,4
hybrid_ows,65,1781311907,1240577552,4,0,113,33,25,24-33,15-25,none,none,0,0,0,1,1,1,3,12,8,20,5,27.5,24.0,0.0,24.0,5,4,2,6,3
hybrid_ows,66,304122021,1339971599,1,1,125,44,7,41-44,6-7,none,none,0,1,1,0,1,0,3,12,9,21,5,28.5,25.0,0.0,25.0,3,5,5,1,7
hybrid_ows,66,304122021,1339971599,2,0,125,42,20,38-42,12-20,none,none,0,2,0,1,0,0,3,13,11,24,4,30.0,25.7,0.0,25.7,8,5,3,0,8
hybrid_ows,66,304122021,1339971599,3,0,125,29,39,19-29,38-39,none,none,0,1,0,0,0,1,2,12,8,20,5,27.5,23.7,0.0,23.7,4,5,3,4,4
hybrid_ows,66,304122021,1339971599,4,0,125,31,25,21-31,15-25,none,none,0,1,0,0,2,0,3,9,9,18,4,24.0,22.400000000000002,0.0,22.400000000000002,4,0,6,5,3
hybrid_ows,67,321236752,498617001,1,0,103,20,18,12-20,8-18,none,none,0,0,1,0,2,0,3,12,7,19,4,25.0,25.5,0.0,25.5,3,1,0,10,5
hybrid_ows,67,321236752,498617001,2,0,103,7,31,6-7,21-31,none,none,0,1,1,0,0,1,3,12,9,21,5,28.5,27.4,0.0,27.4,3,1,5,7,5
hybrid_ows,67,321236752,498617001,3,1,103,15,1,14-15,0-1,none,none,0,0,1,0,2,0,3,9,9,18,5,25.5,23.2,0.0,23.2,2,4,2,5,5
hybrid_ows,67,321236752,498617001,4,0,103,33,38,24-33,30-38,none,none,0,1,0,2,0,0,3,8,11,19,4,25.0,23.400000000000002,0.0,23.400000000000002,4,0,7,3,5
hybrid_ows,68,2003028046,476643793,1,1,101,43,8,34-43,1-8,none,none,0,1,0,1,0,1,3,11,9,20,5,27.5,25.5,0.0,25.5,3,2,5,4,6
hybrid_ows,68,2003028046,476643793,2,0,101,31,19,21-31,14-19,none,none,0,1,0,1,1,0,3,13,11,24,4,30.0,25.7,0.0,25.7,12,0,5,2,5
hybrid_ows,68,2003028046,476643793,3,0,101,2,41,1-2,32-41,none,none,0,1,1,0,0,1,3,11,9,20,5,27.5,25.200000000000003,0.0,25.200000000000003,2,2,8,3,5
hybrid_ows,68,2003028046,476643793,4,0,101,33,30,24-33,25-30,none,none,0,0,1,0,1,1,3,11,9,20,4,26.0,24.4,0.0,24.4,4,4,0,7,5
hybrid_ows,69,160222076,411618085,1,1,85,31,43,21-31,34-43,none,none,0,0,1,0,1,1,3,13,7,20,4,26.0,25.599999999999998,0.0,25.599999999999998,4,2,0,8,6
hybrid_ows,69,160222076,411618085,2,0,85,41,15,32-41,14-15,none,none,0,0,1,1,0,1,3,12,8,20,5,27.5,25.799999999999997,0.0,25.799999999999997,3,3,2,9,3
hybrid_ows,69,160222076,411618085,3,0,85,24,0,20-24,0-1,none,none,0,0,1,0,1,0,2,12,7,19,5,26.5,24.5,0.0,24.5,3,2,4,5,5
hybrid_ows,69,160222076,411618085,4,0,85,2,30,1-2,25-30,none,none,0,0,0,2,1,0,3,10,11,21,3,25.5,27.299999999999997,0.0,27.299999999999997,0,0,8,10,3
hybrid_ows,70,508668193,1263059851,1,0,111,32,33,29-32,24-33,none,none,0,0,2,0,0,1,3,11,10,21,3,25.5,24.9,0.0,24.9,0,8,0,8,5
hybrid_ows,70,508668193,1263059851,2,0,111,18,7,8-18,6-7,none,none,0,0,0,2,1,0,3,12,8,20,3,24.5,24.199999999999996,0.0,24.199999999999996,0,0,14,3,3
hybrid_ows,70,508668193,1263059851,3,1,111,30,42,25-30,38-42,none,none,0,2,0,0,1,0,3,11,11,22,4,28.0,25.8,0.0,25.8,6,4,0,10,2
hybrid_ows,70,508668193,1263059851,4,0,111,2,43,1-2,34-43,none,none,0,1,0,0,1,1,3,11,10,21,4,27.0,23.6,0.0,23.6,9,0,5,5,2
hybrid_ows,71,1390510041,36421336,1,0,99,44,11,41-44,11-12,none,generic_3to1,1,0,0,1,1,0,2,12,7,19,3,23.5,26.200000000000003,1.9000000000000001,26.200000000000003,0,0,3,12,4
hybrid_ows,71,1390510041,36421336,2,0,99,7,29,6-7,19-29,none,none,0,1,1,1,0,0,3,10,11,21,4,27.0,23.0,0.0,23.0,5,4,7,0,5
hybrid_ows,71,1390510041,36421336,3,1,99,20,1,12-20,0-1,none,none,0,2,0,0,0,1,3,11,11,22,5,29.5,25.4,0.0,25.4,6,5,2,4,5
hybrid_ows,71,1390510041,36421336,4,0,99,31,15,21-31,14-15,none,none,0,1,0,0,1,1,3,11,10,21,5,28.5,24.7,0.0,24.7,5,5,2,2,7
hybrid_ows,72,315365087,800009450,1,1,117,20,2,12-20,1-2,none,none,0,0,0,2,0,1,3,11,7,18,3,22.5,24.299999999999997,0.0,24.299999999999997,0,0,5,4,9
hybrid_ows,72,315365087,800009450,2,0,117,34,19,31-34,14-19,none,none,0,1,1,1,0,0,3,11,9,20,5,27.5,25.499999999999996,0.0,25.499999999999996,3,3,3,7,4
hybrid_ows,72,315365087,800009450,3,0,117,8,32,1-8,29-32,none,none,0,0,2,0,1,0,3,11,10,21,5,28.5,22.6,0.0,22.6,5,8,3,2,3
hybrid_ows,72,315365087,800009450,4,0,117,38,25,30-38,15-25,none,none,0,2,1,0,0,0,3,13,12,25,3,29.5,21.1,0.0,21.1,8,13,4,0,0
hybrid_ows,73,1201798311,524890042,1,0,163,30,0,25-30,0-1,none,none,0,1,0,0,1,0,2,13,9,22,4,28.0,28.2,0.0,28.2,4,0,4,10,4
hybrid_ows,73,1201798311,524890042,2,0,163,7,19,6-7,14-19,none,none,0,1,0,1,0,1,3,12,8,20,4,26.0,25.0,0.0,25.0,6,0,2,3,9
hybrid_ows,73,1201798311,524890042,3,1,163,2,41,1-2,32-41,none,none,0,0,0,3,0,0,3,10,12,22,4,28.0,26.999999999999996,0.0,26.999999999999996,2,0,12,5,3
hybrid_ows,73,1201798311,524890042,4,0,163,21,15,18-21,14-15,none,none,0,0,0,0,1,2,3,11,9,20,4,26.0,26.2,0.0,26.2,0,4,2,2,12
hybrid_ows,74,487954598,1371261893,1,0,76,18,30,8-18,25-30,none,none,0,0,1,0,1,1,3,13,10,23,3,27.5,26.9,0.0,26.9,0,9,0,7,7
hybrid_ows,74,487954598,1371261893,2,0,76,44,7,41-44,6-7,none,none,0,0,0,2,0,1,3,12,9,21,4,27.0,27.2,0.0,27.2,3,0,5,9,4
hybrid_ows,74,487954598,1371261893,3,0,76,32,34,29-32,31-34,none,none,0,1,0,1,1,0,3,11,10,21,3,25.5,27.6,0.0,27.6,1,0,5,15,0
hybrid_ows,74,487954598,1371261893,4,1,76,42,14,38-42,2-14,none,none,0,0,1,0,0,2,3,11,10,21,4,27.0,25.7,0.0,25.7,4,4,0,7,6
hybrid_ows,75,1936365093,1875266763,1,0,139,29,43,19-29,34-43,none,none,0,1,1,1,0,0,3,12,11,23,5,30.5,26.700000000000003,0.0,26.700000000000003,5,4,6,3,5
hybrid_ows,75,1936365093,1875266763,2,0,139,20,31,12-20,21-31,none,none,0,1,0,2,0,0,3,12,12,24,3,28.5,26.4,0.0,26.4,5,0,14,5,0
hybrid_ows,75,1936365093,1875266763,3,1,139,18,38,8-18,30-38,none,none,0,1,0,0,2,0,3,11,9,20,4,26.0,25.599999999999998,0.0,25.599999999999998,2,0,8,7,3
hybrid_ows,75,1936365093,1875266763,4,0,139,25,14,15-25,2-14,none,none,0,0,1,0,0,2,3,10,9,19,3,23.5,25.299999999999997,0.0,25.299999999999997,2,1,0,0,16
hybrid_ows,76,1591528641,1989676990,1,0,139,44,8,41-44,1-8,none,none,0,2,0,1,0,0,3,11,11,22,3,26.5,23.799999999999997,0.0,23.799999999999997,8,0,8,6,0
hybrid_ows,76,1591528641,1989676990,2,0,139,12,21,7-12,18-21,none,none,0,1,1,1,0,0,3,10,10,20,4,26.0,23.2,0.0,23.2,5,2,6,7,0
hybrid_ows,76,1591528641,1989676990,3,1,139,2,34,1-2,31-34,none,none,0,1,0,0,1,1,3,12,9,21,5,28.5,22.0,0.0,22.0,9,5,3,2,2
hybrid_ows,76,1591528641,1989676990,4,0,139,24,25,20-24,15-25,none,none,0,0,1,1,0,1,3,9,8,17,5,24.5,21.0,0.0,21.0,5,1,5,3,3
hybrid_ows,77,1085460482,1399756255,1,0,90,18,31,8-18,21-31,none,none,0,1,0,0,1,1,3,13,9,22,4,28.0,27.599999999999998,0.0,27.599999999999998,3,4,0,5,10
hybrid_ows,77,1085460482,1399756255,2,1,90,1,42,0-1,38-42,none,none,0,1,1,0,0,1,3,13,10,23,5,30.5,26.7,0.0,26.7,7,3,4,4,5
hybrid_ows,77,1085460482,1399756255,3,0,90,12,29,7-12,19-29,none,none,0,1,0,0,1,1,3,13,9,22,4,28.0,25.799999999999997,0.0,25.799999999999997,6,4,0,7,5
hybrid_ows,77,1085460482,1399756255,4,0,90,44,24,41-44,20-24,none,none,0,0,0,1,2,0,3,11,8,19,4,25.0,25.5,0.0,25.5,3,0,2,6,8
hybrid_ows,78,805987788,412415414,1,1,133,33,12,24-33,7-12,none,none,0,1,1,0,0,1,3,11,10,21,5,28.5,25.9,0.0,25.9,5,3,2,5,6
hybrid_ows,78,805987788,412415414,2,0,133,19,23,14-19,23-24,none,generic_3to1,1,0,0,0,1,1,2,11,7,18,3,22.5,23.4,1.8,23.4,0,4,0,9,5
hybrid_ows,78,805987788,412415414,3,0,133,21,44,18-21,41-44,none,none,0,1,0,2,0,0,3,12,11,23,3,27.5,25.1,0.0,25.1,8,0,8,0,7
hybrid_ows,78,805987788,412415414,4,0,133,8,15,1-8,14-15,none,none,0,1,0,0,2,0,3,13,11,24,3,28.5,25.200000000000003,0.0,25.200000000000003,10,4,0,10,0
hybrid_ows,79,624214061,1879062157,1,0,138,33,20,24-33,12-20,none,none,0,0,1,1,0,1,3,12,6,18,5,25.5,24.700000000000003,0.0,24.700000000000003,3,1,1,5,8
hybrid_ows,79,624214061,1879062157,2,1,138,42,44,38-42,41-44,none,none,0,0,1,0,1,1,3,12,7,19,4,25.0,24.3,0.0,24.3,4,2,0,11,2
hybrid_ows,79,624214061,1879062157,3,0,138,15,2,14-15,1-2,none,none,0,1,1,0,0,1,3,9,11,20,5,27.5,25.200000000000003,0.0,25.200000000000003,5,2,2,3,8
hybrid_ows,79,624214061,1879062157,4,0,138,29,31,19-29,21-31,none,none,0,0,1,1,0,1,3,11,10,21,5,28.5,25.3,0.0,25.3,4,2,8,3,4
hybrid_ows,80,1166045467,1691961909,1,0,74,33,25,24-33,15-25,none,none,0,0,2,0,1,0,3,13,10,23,3,27.5,23.9,0.0,23.9,0,12,4,7,0
hybrid_ows,80,1166045467,1691961909,2,1,74,38,12,30-38,7-12,none,none,0,2,0,0,0,1,3,12,11,23,4,29.0,24.4,0.0,24.4,8,5,3,0,7
hybrid_ows,80,1166045467,1691961909,3,0,74,21,23,18-21,23-24,none,ore_2to1,1,0,0,0,1,1,2,12,7,19,4,25.0,23.099999999999998,3.5,23.099999999999998,3,5,0,4,7
hybrid_ows,80,1166045467,1691961909,4,0,74,29,2,19-29,1-2,none,none,0,1,0,1,1,0,3,9,8,17,5,24.5,22.8,0.0,22.8,1,2,5,5,4
hybrid_ows,81,1946843032,1452076075,1,0,96,34,42,31-34,38-42,none,none,0,0,1,1,0,1,3,12,9,21,4,27.0,26.900000000000002,0.0,26.900000000000002,0,4,4,12,1
hybrid_ows,81,1946843032,1452076075,2,0,96,44,21,41-44,18-21,none,none,0,1,1,0,1,0,3,12,11,23,4,29.0,25.3,0.0,25.3,8,3,4,8,0
hybrid_ows,81,1946843032,1452076075,3,0,96,24,32,20-24,29-32,none,none,0,0,1,0,1,1,3,10,9,19,5,26.5,24.2,0.0,24.2,2,3,5,8,1
hybrid_ows,81,1946843032,1452076075,4,1,96,25,37,15-25,33-37,none,none,0,0,0,1,1,0,2,10,9,19,5,26.5,24.2,0.0,24.2,2,3,5,4,5
hybrid_ows,82,621570035,2104092984,1,1,117,43,29,34-43,19-29,none,none,0,0,1,0,0,2,3,12,7,19,4,25.0,26.400000000000002,0.0,26.400000000000002,0,1,3,9,6
hybrid_ows,82,621570035,2104092984,2,0,117,31,25,21-31,15-25,none,none,0,1,0,1,0,1,3,11,10,21,5,28.5,25.6,0.0,25.6,5,3,3,4,6
hybrid_ows,82,621570035,2104092984,3,0,117,18,20,8-18,12-20,none,none,0,0,1,2,0,0,3,12,10,22,4,28.0,24.599999999999998,0.0,24.599999999999998,3,3,12,0,4
hybrid_ows,82,621570035,2104092984,4,0,117,7,2,6-7,1-2,none,none,0,2,1,0,0,0,3,10,12,22,5,29.5,23.9,0.0,23.9,7,5,5,1,4
hybrid_ows,83,2130974504,1975341349,1,1,157,44,14,41-44,2-14,none,none,0,1,1,0,1,0,3,13,8,21,4,27.0,28.7,0.0,28.7,2,1,0,9,9
hybrid_ows,83,2130974504,1975341349,2,0,157,25,42,15-25,38-42,none,none,0,1,1,0,1,0,3,12,9,21,4,27.0,26.6,0.0,26.6,3,2,3,13,0
hybrid_ows,83,2130974504,1975341349,3,0,157,33,20,24-33,12-20,none,none,0,0,0,3,0,0,3,12,10,22,3,26.5,24.700000000000003,0.0,24.700000000000003,0,4,13,5,0
hybrid_ows,83,2130974504,1975341349,4,0,157,31,29,21-31,19-29,none,none,0,1,0,0,1,1,3,9,9,18,4,24.0,23.9,0.0,23.9,3,0,3,5,7
hybrid_ows,84,1218001428,160330886,1,1,97,15,21,14-15,18-21,none,none,0,0,1,2,0,0,3,13,10,23,4,29.0,29.2,0.0,29.2,0,3,7,9,4
hybrid_ows,84,1218001428,160330886,2,0,97,30,8,25-30,1-8,none,none,0,0,0,1,1,0,2,11,9,20,4,26.0,25.3,0.0,25.3,4,0,5,8,3
hybrid_ows,84,1218001428,160330886,3,0,97,19,33,14-19,24-33,none,none,0,1,1,0,0,1,3,10,11,21,5,28.5,27.1,0.0,27.1,3,3,2,8,5
hybrid_ows,84,1218001428,160330886,4,0,97,42,2,38-42,1-2,none,none,0,0,0,0,2,1,3,11,9,20,4,26.0,25.9,0.0,25.9,3,0,5,5,7
hybrid_ows,85,857226971,460035328,1,0,126,14,24,2-14,20-24,none,none,0,1,1,1,0,0,3,12,10,22,5,29.5,27.8,0.0,27.8,1,5,4,8,4
hybrid_ows,85,857226971,460035328,2,1,126,42,32,38-42,29-32,none,none,0,1,1,1,0,0,3,12,10,22,5,29.5,26.599999999999998,0.0,26.599999999999998,3,2,10,3,4
hybrid_ows,85,857226971,460035328,3,0,126,12,6,7-12,6-7,none,wheat_2to1,1,0,0,0,1,1,2,11,7,18,4,24.0,24.2,5.0,24.2,2,0,4,10,2
hybrid_ows,85,857226971,460035328,4,0,126,30,8,25-30,1-8,none,none,0,1,0,0,1,1,3,11,9,20,4,26.0,25.6,0.0,25.6,2,0,8,8,2
hybrid_ows,86,133288886,1363565231,1,0,116,12,1,7-12,0-1,none,none,0,2,0,0,0,1,3,12,9,21,3,25.5,23.700000000000003,0.0,23.700000000000003,10,0,0,5,6
hybrid_ows,86,133288886,1363565231,2,0,116,24,26,20-24,25-26,none,generic_3to1,1,0,1,1,0,0,2,10,9,19,5,26.5,23.6,1.9000000000000001,23.6,2,4,5,5,3
hybrid_ows,86,133288886,1363565231,3,0,116,21,38,18-21,30-38,none,none,0,0,2,1,0,0,3,10,11,21,5,28.5,22.9,0.0,22.9,4,9,2,3,3
hybrid_ows,86,133288886,1363565231,4,1,116,34,15,31-34,14-15,none,none,0,0,1,1,1,0,3,9,10,19,4,25.0,22.5,0.0,22.5,0,4,10,2,3
hybrid_ows,87,626871096,812501821,1,1,141,1,20,0-1,12-20,none,none,0,0,0,2,0,1,3,13,6,19,3,23.5,25.9,0.0,25.9,0,0,4,4,11
hybrid_ows,87,626871096,812501821,2,0,141,19,31,14-19,21-31,none,none,0,0,0,3,0,0,3,12,9,21,3,25.5,23.4,0.0,23.4,4,0,13,4,0
hybrid_ows,87,626871096,812501821,3,0,141,7,15,6-7,14-15,none,none,0,2,0,0,1,0,3,11,12,23,5,30.5,24.900000000000002,0.0,24.900000000000002,9,5,2,3,4
hybrid_ows,87,626871096,812501821,4,0,141,44,3,41-44,2-3,none,generic_3to1,1,0,0,0,1,1,2,11,8,19,4,25.0,24.0,1.9000000000000001,24.0,5,0,3,6,5
hybrid_ows,88,1707201716,813946014,1,0,104,14,3,2-14,2-3,none,sheep_2to1,1,0,1,0,0,1,2,11,8,19,4,25.0,25.5,1.0,25.5,0,3,2,4,10
hybrid_ows,88,1707201716,813946014,2,0,104,18,43,8-18,34-43,none,none,0,1,1,0,1,0,3,11,11,22,5,29.5,27.8,0.0,27.8,5,2,2,8,5
hybrid_ows,88,1707201716,813946014,3,0,104,29,12,19-29,7-12,none,none,0,1,0,0,1,1,3,13,10,23,4,29.0,27.7,0.0,27.7,4,5,0,9,5
hybrid_ows,88,1707201716,813946014,4,1,104,31,41,21-31,32-41,none,none,0,0,1,1,1,0,3,10,12,22,4,28.0,27.900000000000002,0.0,27.900000000000002,0,5,3,12,2
hybrid_ows,89,348281753,1111527076,1,1,157,32,23,29-32,23-24,none,generic_3to1,1,0,0,1,0,1,2,13,7,20,4,26.0,24.7,2.0,24.7,5,0,5,8,2
hybrid_ows,89,348281753,1111527076,2,0,157,38,1,30-38,0-1,none,none,0,1,0,2,0,0,3,12,8,20,4,26.0,23.499999999999996,0.0,23.499999999999996,6,0,7,4,3
hybrid_ows,89,348281753,1111527076,3,0,157,43,14,34-43,2-14,none,none,0,0,1,2,0,0,3,11,11,22,3,26.5,25.6,0.0,25.6,0,5,8,9,0
hybrid_ows,89,348281753,1111527076,4,0,157,18,12,8-18,7-12,none,none,0,0,1,1,0,1,3,10,10,20,4,26.0,23.2,0.0,23.2,0,6,8,4,2
hybrid_ows,90,874757909,398115220,1,1,117,2,8,1-2,1-8,none,none,0,1,1,0,1,0,3,10,9,19,5,26.5,24.5,0.0,24.5,4,2,2,6,5
hybrid_ows,90,874757909,398115220,2,0,117,19,43,14-19,34-43,none,none,0,0,1,0,1,0,2,12,9,21,4,27.0,24.2,0.0,24.2,4,4,5,8,0
hybrid_ows,90,874757909,398115220,3,0,117,33,42,24-33,38-42,none,none,0,2,0,1,0,0,3,8,12,20,4,26.0,22.900000000000002,0.0,22.900000000000002,8,0,5,5,2
hybrid_ows,90,874757909,398115220,4,0,117,30,12,25-30,7-12,none,none,0,1,1,0,0,1,3,10,10,20,5,27.5,23.1,0.0,23.1,4,3,9,1,3
hybrid_ows,91,358717904,740342007,1,0,156,30,21,25-30,18-21,none,none,0,1,0,1,1,0,3,12,10,22,4,28.0,23.999999999999996,0.0,23.999999999999996,8,0,10,1,3
hybrid_ows,91,358717904,740342007,2,0,156,15,44,14-15,41-44,none,none,0,0,0,1,2,0,3,13,9,22,4,28.0,24.9,0.0,24.9,9,0,5,4,4
hybrid_ows,91,358717904,740342007,3,0,156,32,2,29-32,1-2,none,none,0,1,1,0,0,1,3,11,9,20,5,27.5,23.099999999999998,0.0,23.099999999999998,6,3,5,2,4
hybrid_ows,91,358717904,740342007,4,1,156,12,24,7-12,20-24,none,none,0,0,0,0,2,1,3,10,8,18,4,24.0,23.9,0.0,23.9,0,2,5,7,4
hybrid_ows,92,1808372858,1142213244,1,0,96,41,2,32-41,1-2,none,none,0,1,0,0,1,0,2,11,8,19,4,25.0,24.3,0.0,24.3,4,0,4,4,7
hybrid_ows,92,1808372858,1142213244,2,0,96,34,24,31-34,20-24,none,none,0,0,1,2,0,0,3,11,10,21,3,25.5,23.4,0.0,23.4,0,5,11,5,0
hybrid_ows,92,1808372858,1142213244,3,0,96,30,37,25-30,33-37,none,none,0,0,0,1,1,0,2,11,8,19,4,25.0,23.999999999999996,0.0,23.999999999999996,0,5,3,8,3
hybrid_ows,92,1808372858,1142213244,4,1,96,15,7,14-15,6-7,none,none,0,1,0,1,0,1,3,11,10,21,5,28.5,25.0,0.0,25.0,3,5,5,6,2
hybrid_ows,93,2123215989,1517390032,1,0,68,20,18,12-20,8-18,none,none,0,1,1,0,1,0,3,12,10,22,4,28.0,27.6,0.0,27.6,5,2,0,11,4
hybrid_ows,93,2123215989,1517390032,2,0,68,7,25,6-7,15-25,none,none,0,0,0,1,1,0,2,12,9,21,3,25.5,24.6,0.0,24.6,4,0,9,8,0
hybrid_ows,93,2123215989,1517390032,3,0,68,31,11,21-31,11-12,none,generic_3to1,1,0,0,1,0,1,2,10,9,19,4,25.0,25.2,1.9000000000000001,25.2,0,2,5,8,4
hybrid_ows,93,2123215989,1517390032,4,1,68,33,2,24-33,1-2,none,none,0,1,1,0,0,1,3,9,12,21,5,28.5,25.0,0.0,25.0,5,4,3,5,4
hybrid_ows,94,784077459,533086598,1,0,114,12,29,7-12,19-29,none,none,0,1,0,1,1,0,3,12,8,20,5,27.5,26.700000000000003,0.0,26.700000000000003,2,3,1,9,5
hybrid_ows,94,784077459,533086598,2,1,114,14,33,2-14,24-33,none,none,0,0,0,1,0,2,3,13,9,22,4,28.0,25.8,0.0,25.8,8,0,4,5,5
hybrid_ows,94,784077459,533086598,3,0,114,8,44,1-8,41-44,none,none,0,1,0,1,1,0,3,11,11,22,5,29.5,25.1,0.0,25.1,9,2,3,3,5
hybrid_ows,94,784077459,533086598,4,0,114,42,21,38-42,18-21,none,none,0,1,0,0,0,2,3,9,9,18,4,24.0,25.099999999999998,0.0,25.099999999999998,2,0,1,8,7
hybrid_ows,95,551141640,2121601403,1,0,103,14,47,2-14,42-47,none,wood_2to1,1,1,0,0,1,0,2,11,8,19,4,25.0,25.5,1.5,25.5,3,0,2,9,5
hybrid_ows,95,551141640,2121601403,2,0,103,21,34,18-21,31-34,none,none,0,0,2,0,1,0,3,13,12,25,3,29.5,25.299999999999997,0.0,25.299999999999997,0,14,4,7,0
hybrid_ows,95,551141640,2121601403,3,1,103,29,24,19-29,20-24,none,none,0,0,1,1,0,1,3,10,10,20,5,27.5,25.200000000000003,0.0,25.200000000000003,2,5,2,8,3
hybrid_ows,95,551141640,2121601403,4,0,103,41,7,32-41,6-7,none,none,0,1,0,2,0,0,3,10,12,22,3,26.5,25.299999999999997,0.0,25.299999999999997,5,0,9,8,0
hybrid_ows,96,1591690432,1351466530,1,0,80,12,25,7-12,15-25,none,none,0,3,0,0,0,0,3,13,12,25,3,29.5,23.799999999999997,0.0,23.799999999999997,16,0,5,4,0
hybrid_ows,96,1591690432,1351466530,2,0,80,29,6,19-29,6-7,none,generic_3to1,1,0,0,2,0,0,2,12,8,20,4,26.0,23.8,2.0,23.8,5,0,8,3,4
hybrid_ows,96,1591690432,1351466530,3,0,80,38,8,30-38,1-8,none,none,0,0,1,1,1,0,3,13,8,21,5,28.5,24.4,0.0,24.4,4,6,3,4,4
hybrid_ows,96,1591690432,1351466530,4,1,80,21,44,18-21,41-44,none,none,0,0,0,1,0,2,3,10,9,19,3,23.5,26.5,0.0,26.5,0,0,2,10,7
hybrid_ows,97,835531109,1842387509,1,0,123,18,1,8-18,0-1,none,none,0,0,1,1,1,0,3,11,10,21,4,27.0,26.599999999999998,0.0,26.599999999999998,0,5,3,8,5
hybrid_ows,97,835531109,1842387509,2,0,123,7,33,6-7,24-33,none,none,0,1,1,0,1,0,3,12,8,20,5,27.5,26.1,0.0,26.1,2,1,7,5,5
hybrid_ows,97,835531109,1842387509,3,1,123,29,14,19-29,2-14,none,none,0,0,0,1,1,1,3,12,8,20,4,26.0,25.3,0.0,25.3,0,5,3,6,6
hybrid_ows,97,835531109,1842387509,4,0,123,25,38,15-25,30-38,none,none,0,1,1,0,1,0,3,9,10,19,4,25.0,24.3,0.0,24.3,1,5,0,8,5
hybrid_ows,98,1530718643,185028654,1,1,89,1,33,0-1,24-33,none,none,0,1,1,0,1,0,3,12,9,21,5,28.5,26.8,0.0,26.8,5,1,3,8,4
hybrid_ows,98,1530718643,185028654,2,0,89,30,21,25-30,18-21,none,none,0,0,1,1,1,0,3,13,7,20,5,27.5,26.099999999999998,0.0,26.099999999999998,4,1,3,8,4
hybrid_ows,98,1530718643,185028654,3,0,89,19,15,14-19,14-15,none,none,0,1,0,0,0,2,3,10,8,18,4,24.0,24.5,0.0,24.5,2,0,3,3,10
hybrid_ows,98,1530718643,185028654,4,0,89,43,32,34-43,29-32,none,none,0,1,1,0,1,0,3,12,12,24,4,30.0,24.8,0.0,24.8,4,10,4,6,0
hybrid_ows,99,1735072617,1635320116,1,0,54,15,38,14-15,30-38,none,none,0,0,2,0,1,0,3,12,10,22,3,26.5,26.799999999999997,0.0,26.799999999999997,0,7,0,12,3
hybrid_ows,99,1735072617,1635320116,2,1,54,29,31,19-29,21-31,none,none,0,1,0,1,0,1,3,11,10,21,4,27.0,25.1,0.0,25.1,4,0,10,3,4
hybrid_ows,99,1735072617,1635320116,3,0,54,24,6,20-24,6-7,none,ore_2to1,1,1,0,0,0,1,2,11,9,20,4,26.0,23.2,2.5,23.2,8,0,4,3,5
hybrid_ows,99,1735072617,1635320116,4,0,54,11,2,11-12,1-2,wood_2to1,none,1,0,1,1,1,0,3,9,8,17,4,23.0,22.599999999999998,0.0,22.599999999999998,0,2,5,5,5
road_building,0,1654615998,1806341205,1,0,100,7,0,6-7,0-1,none,none,0,0,1,1,0,0,2,13,7,20,4,26.0,23.6,0.0,23.6,4,8,3,0,5
road_building,0,1654615998,1806341205,2,0,100,2,29,1-2,19-29,none,none,0,1,0,0,1,1,3,10,9,19,5,26.5,24.2,0.0,24.2,7,5,3,1,3
road_building,0,1654615998,1806341205,3,0,100,33,41,24-33,32-41,none,none,0,1,0,1,0,1,3,10,8,18,5,25.5,24.3,0.0,24.3,8,4,2,3,1
road_building,0,1654615998,1806341205,4,1,100,38,15,30-38,14-15,none,none,0,0,1,0,1,1,3,11,10,21,5,28.5,23.999999999999996,0.0,23.999999999999996,5,5,2,6,3
road_building,1,577090037,271041745,1,0,102,1,3,0-1,2-3,none,generic_3to1,1,1,0,1,0,0,2,11,7,18,3,22.5,25.3,1.8,25.3,10,4,4,0,0
road_building,1,577090037,271041745,2,1,102,14,20,2-14,12-20,none,none,0,1,0,0,1,1,3,10,12,22,5,29.5,25.099999999999998,0.0,25.099999999999998,7,4,2,5,4
road_building,1,577090037,271041745,3,0,102,25,34,15-25,31-34,none,none,0,1,0,1,1,0,3,10,10,20,4,26.0,24.0,0.0,24.0,7,3,2,8,0
road_building,1,577090037,271041745,4,0,102,29,42,19-29,38-42,none,none,0,1,1,0,1,0,3,11,9,20,4,26.0,21.6,0.0,21.6,7,1,0,10,2
road_building,2,242886303,393353683,1,1,141,15,38,14-15,30-38,none,none,0,0,1,1,0,1,3,10,8,18,5,25.5,22.7,0.0,22.7,3,7,5,2,1
road_building,2,242886303,393353683,2,0,141,7,11,6-7,11-12,none,generic_3to1,1,1,0,0,1,0,2,9,7,16,3,20.5,21.5,1.6,21.5,11,0,2,3,0
road_building,2,242886303,393353683,3,0,141,2,50,1-2,44-50,none,generic_3to1,1,1,0,1,0,0,2,10,7,17,4,23.0,21.900000000000002,1.7000000000000002,21.900000000000002,4,6,3,4,0
road_building,2,242886303,393353683,4,0,141,29,41,19-29,32-41,none,none,0,1,1,0,0,1,3,10,10,20,4,26.0,23.2,0.0,23.2,7,4,5,0,4
road_building,3,1022050301,560161641,1,0,142,41,47,32-41,42-47,none,generic_3to1,1,1,0,1,0,0,2,11,7,18,3,22.5,26.9,1.8,26.9,13,3,2,0,0
road_building,3,1022050301,560161641,2,1,142,50,3,44-50,2-3,brick_2to1,wood_2to1,1,1,0,1,0,0,2,8,9,17,3,21.5,23.0,6.0,23.0,9,3,5,0,0
road_building,3,1022050301,560161641,3,0,142,43,21,34-43,18-21,none,none,0,0,1,0,2,0,3,10,11,21,2,24.0,23.7,0.0,23.7,0,10,0,11,0
road_building,3,1022050301,560161641,4,0,142,7,1,6-7,0-1,none,none,0,1,0,1,1,0,3,10,11,21,4,27.0,23.9,0.0,23.9,5,4,10,2,0
road_building,4,1013818839,1302657532,1,1,165,32,43,29-32,34-43,none,none,0,0,1,1,0,1,3,11,10,21,4,27.0,27.5,0.0,27.5,7,8,3,0,3
road_building,4,1013818839,1302657532,2,0,165,38,6,30-38,6-7,none,generic_3to1,1,1,0,1,0,0,2,13,8,21,4,27.0,23.1,2.1,23.1,10,0,3,4,4
road_building,4,1013818839,1302657532,3,0,165,8,23,1-8,23-24,none,generic_3to1,1,0,1,0,1,0,2,9,8,17,4,23.0,23.5,1.7000000000000002,23.5,7,5,2,3,0
road_building,4,1013818839,1302657532,4,0,165,12,15,7-12,14-15,none,none,0,0,1,1,0,1,3,10,11,21,3,25.5,22.599999999999998,0.0,22.599999999999998,0,10,7,0,4
road_building,5,1097127993,1539898300,1,1,145,24,39,20-24,38-39,none,none,0,1,0,0,1,0,2,12,7,19,4,25.0,24.1,0.0,24.1,6,5,3,5,0
road_building,5,1097127993,1539898300,2,0,145,31,35,21-31,23-35,none,brick_2to1,1,0,1,0,0,0,1,13,5,18,3,22.5,21.3,2.5,21.3,4,5,9,0,0
road_building,5,1097127993,1539898300,3,0,145,30,43,25-30,34-43,none,none,0,0,1,1,1,0,3,10,10,20,4,26.0,21.6,0.0,21.6,2,5,10,3,0
road_building,5,1097127993,1539898300,4,0,145,41,37,32-41,33-37,none,none,0,0,1,0,1,0,2,12,8,20,4,26.0,20.8,0.0,20.8,0,8,5,3,4
road_building,6,346043753,2083207870,1,1,121,12,38,7-12,30-38,none,none,0,0,0,1,2,0,3,11,11,22,4,28.0,26.2,0.0,26.2,6,5,5,6,0
road_building,6,346043753,2083207870,2,0,121,2,32,1-2,29-32,none,none,0,0,0,1,2,0,3,13,11,24,3,28.5,21.5,0.0,21.5,0,4,9,11,0
road_building,6,346043753,2083207870,3,0,121,15,18,14-15,8-18,none,none,0,1,0,2,0,0,3,10,11,21,4,27.0,22.3,0.0,22.3,6,1,9,5,0
road_building,6,346043753,2083207870,4,0,121,26,24,25-26,20-24,ore_2to1,none,1,0,1,1,0,1,3,9,8,17,4,23.0,20.3,1.0,20.3,4,5,6,0,2
road_building,7,1390851128,647892279,1,1,157,43,50,34-43,44-50,none,ore_2to1,1,0,1,0,0,1,2,13,6,19,4,25.0,26.1,0.5,26.1,4,10,0,4,1
road_building,7,1390851128,647892279,2,0,157,7,11,6-7,11-12,none,wheat_2to1,1,1,0,0,0,1,2,12,7,19,4,25.0,24.900000000000002,2.0,24.900000000000002,10,3,0,4,2
road_building,7,1390851128,647892279,3,0,157,2,0,1-2,0-1,none,none,0,0,2,0,0,0,2,10,6,16,2,19.0,25.0,0.0,25.0,7,9,0,0,0
road_building,7,1390851128,647892279,4,0,157,33,15,24-33,14-15,none,none,0,1,0,0,1,1,3,12,8,20,4,26.0,22.400000000000002,0.0,22.400000000000002,9,0,8,1,2
road_building,8,973694259,1590906853,1,0,187,32,19,29-32,14-19,none,none,0,1,0,1,1,0,3,12,6,18,3,22.5,26.9,0.0,26.9,16,0,1,1,0
road_building,8,973694259,1590906853,2,0,187,33,23,24-33,23-24,none,generic_3to1,1,0,1,1,0,0,2,12,7,19,3,23.5,24.799999999999997,1.9000000000000001,24.799999999999997,0,14,2,0,3
road_building,8,973694259,1590906853,3,1,187,43,26,34-43,25-26,none,sheep_2to1,1,1,0,1,0,0,2,9,8,17,3,21.5,24.6,1.5,24.6,8,6,3,0,0
road_building,8,973694259,1590906853,4,0,187,15,38,14-15,30-38,none,none,0,1,0,1,0,1,3,10,11,21,4,27.0,23.5,0.0,23.5,10,0,3,5,3
road_building,9,1988601454,1603362544,1,0,119,33,3,24-33,2-3,none,brick_2to1,1,0,1,1,0,0,2,12,7,19,4,25.0,23.3,3.0,23.3,4,6,4,5,0
road_building,9,1988601454,1603362544,2,0,119,1,16,0-1,15-16,none,generic_3to1,1,0,1,1,0,0,2,13,8,21,3,25.5,21.799999999999997,2.1,21.799999999999997,4,3,14,0,0
road_building,9,1988601454,1603362544,3,1,119,14,38,2-14,30-38,none,none,0,0,1,0,1,1,3,11,10,21,4,27.0,19.5,0.0,19.5,0,6,5,5,5
road_building,9,1988601454,1603362544,4,0,119,25,7,15-25,6-7,none,none,0,2,0,0,1,0,3,11,7,18,5,25.5,20.299999999999997,0.0,20.299999999999997,5,3,5,2,3
road_building,10,139951793,1842064464,1,0,91,20,33,12-20,24-33,none,none,0,0,1,2,0,0,3,11,11,22,3,26.5,24.1,0.0,24.1,4,5,13,0,0
road_building,10,139951793,1842064464,2,0,91,42,23,38-42,23-24,none,brick_2to1,1,1,0,1,0,0,2,10,9,19,4,25.0,24.1,1.0,24.1,9,2,5,3,0
road_building,10,139951793,1842064464,3,1,91,8,19,1-8,14-19,none,none,0,1,0,0,1,1,3,9,12,21,4,27.0,24.299999999999997,0.0,24.299999999999997,8,3,0,7,3
road_building,10,139951793,1842064464,4,0,91,2,15,1-2,14-15,none,none,0,1,0,0,1,1,3,12,12,24,4,30.0,22.8,0.0,22.8,8,0,5,5,6
road_building,11,1942955373,1999951809,1,0,162,31,42,21-31,38-42,none,none,0,0,1,0,1,0,2,12,7,19,3,23.5,25.2,0.0,25.2,5,8,0,6,0
road_building,11,1942955373,1999951809,2,1,162,15,11,14-15,11-12,none,sheep_2to1,1,1,0,1,0,0,2,11,8,19,4,25.0,23.3,2.0,23.3,6,4,4,5,0
road_building,11,1942955373,1999951809,3,0,162,44,2,41-44,1-2,none,none,0,0,1,1,0,1,3,9,12,21,3,25.5,23.8,0.0,23.8,0,12,4,0,5
road_building,11,1942955373,1999951809,4,0,162,24,7,20-24,6-7,none,none,0,2,0,0,0,1,3,10,9,19,4,25.0,24.1,0.0,24.1,12,0,4,1,2
road_building,12,2038265566,1155324522,1,0,139,1,3,0-1,2-3,none,wood_2to1,1,0,1,1,0,0,2,12,7,19,4,25.0,25.700000000000003,2.5,25.700000000000003,5,8,3,3,0
road_building,12,2038265566,1155324522,2,0,139,18,20,8-18,12-20,none,none,0,0,1,0,1,1,3,9,10,19,5,26.5,22.599999999999998,0.0,22.599999999999998,5,6,1,2,5
road_building,12,2038265566,1155324522,3,1,139,41,38,32-41,30-38,none,none,0,1,0,0,1,0,2,13,9,22,4,28.0,22.2,0.0,22.2,8,0,5,5,4
road_building,12,2038265566,1155324522,4,0,139,14,7,2-14,6-7,none,none,0,0,2,0,1,0,3,9,8,17,4,23.0,21.9,0.0,21.9,5,5,4,3,0
road_building,13,1112433019,1248794762,1,0,115,32,1,29-32,0-1,none,none,0,1,1,1,0,0,3,10,8,18,4,24.0,22.6,0.0,22.6,6,4,5,3,0
road_building,13,1112433019,1248794762,2,0,115,44,25,41-44,15-25,none,none,0,1,0,1,1,0,3,13,9,22,4,28.0,22.2,0.0,22.2,8,0,8,2,4
road_building,13,1112433019,1248794762,3,1,115,12,34,7-12,31-34,none,none,0,1,1,0,0,0,2,12,6,18,4,24.0,21.4,0.0,21.4,9,1,0,5,3
road_building,13,1112433019,1248794762,4,0,115,38,6,30-38,6-7,none,brick_2to1,1,1,1,0,0,0,2,11,6,17,4,23.0,20.3,2.0,20.3,4,4,4,5,0
road_building,14,458825077,1060578839,1,0,131,29,7,19-29,6-7,none,none,0,0,0,1,1,1,3,11,10,21,5,28.5,25.200000000000003,0.0,25.200000000000003,2,9,4,4,2
road_building,14,458825077,1060578839,2,0,131,15,46,14-15,43-46,none,wheat_2to1,1,0,1,0,1,0,2,12,6,18,4,24.0,23.4,1.0,23.4,3,8,5,2,0
road_building,14,458825077,1060578839,3,1,131,21,42,18-21,38-42,none,none,0,1,0,0,1,1,3,10,9,19,4,25.0,20.900000000000002,0.0,20.900000000000002,3,5,0,9,2
road_building,14,458825077,1060578839,4,0,131,44,2,41-44,1-2,none,none,0,1,0,1,0,0,2,12,8,20,4,26.0,21.6,0.0,21.6,3,4,5,8,0
road_building,15,897563738,50056527,1,1,93,38,43,30-38,34-43,none,none,0,0,0,0,2,1,3,13,12,25,4,31.0,21.5,0.0,21.5,0,4,5,13,3
road_building,15,897563738,50056527,2,0,93,33,8,24-33,1-8,none,none,0,1,0,2,0,0,3,9,8,17,4,23.0,18.7,0.0,18.7,2,4,6,5,0
road_building,15,897563738,50056527,3,0,93,12,47,7-12,42-47,none,sheep_2to1,1,0,1,0,0,1,2,6,9,15,3,19.5,18.0,0.0,18.0,6,4,0,0,5
road_building,15,897563738,50056527,4,0,93,25,23,15-25,23-24,none,wheat_2to1,1,1,1,0,0,0,2,11,5,16,4,22.0,17.2,2.0,17.2,2,3,7,4,0
road_building,16,1552728491,2015295599,1,0,199,24,17,20-24,3-17,none,none,0,0,1,0,0,0,1,13,5,18,3,22.5,25.3,0.0,25.3,9,5,0,4,0
road_building,16,1552728491,2015295599,2,0,199,15,31,14-15,21-31,none,none,0,1,0,1,0,1,3,10,9,19,5,26.5,25.400000000000002,0.0,25.400000000000002,8,5,3,1,2
road_building,16,1552728491,2015295599,3,1,199,26,12,25-26,7-12,wheat_2to1,none,1,1,0,1,0,1,3,9,9,18,4,24.0,24.599999999999998,0.0,24.599999999999998,9,5,1,0,3
road_building,16,1552728491,2015295599,4,0,199,38,2,30-38,1-2,none,none,0,0,2,0,0,0,2,9,7,16,3,20.5,23.9,0.0,23.9,2,12,0,2,0
road_building,17,1778837931,1303193990,1,0,134,42,44,38-42,41-44,none,none,0,1,1,0,1,0,3,13,8,21,3,25.5,31.4,0.0,31.4,14,5,0,2,0
road_building,17,1778837931,1303193990,2,1,134,18,33,8-18,24-33,none,none,0,1,0,0,2,0,3,12,11,23,4,29.0,27.7,0.0,27.7,7,5,4,7,0
road_building,17,1778837931,1303193990,3,0,134,29,31,19-29,21-31,none,none,0,2,0,0,1,0,3,10,9,19,3,23.5,26.0,0.0,26.0,10,4,0,5,0
road_building,17,1778837931,1303193990,4,0,134,20,14,12-20,2-14,none,none,0,0,1,1,1,0,3,13,11,24,4,30.0,26.0,0.0,26.0,4,5,12,3,0
road_building,18,778526663,527488476,1,0,123,12,46,7-12,43-46,none,sheep_2to1,1,1,0,0,0,1,2,11,7,18,3,22.5,24.5,0.0,24.5,14,0,0,2,2
road_building,18,778526663,527488476,2,0,123,24,29,20-24,19-29,none,none,0,0,1,1,1,0,3,10,8,18,5,25.5,23.1,0.0,23.1,5,6,2,3,2
road_building,18,778526663,527488476,3,1,123,14,25,2-14,15-25,none,none,0,0,1,1,1,0,3,11,12,23,4,29.0,25.3,0.0,25.3,3,6,5,9,0
road_building,18,778526663,527488476,4,0,123,44,18,41-44,8-18,none,none,0,2,0,1,0,0,3,10,9,19,3,23.5,25.2,0.0,25.2,12,1,6,0,0
road_building,19,185773678,518352914,1,0,111,12,40,7-12,26-40,none,brick_2to1,1,1,0,0,0,0,1,12,5,17,3,21.5,23.0,2.0,23.0,8,4,0,5,0
road_building,19,185773678,518352914,2,0,111,25,38,15-25,30-38,none,none,0,1,0,1,0,0,2,12,8,20,3,24.5,24.3,0.0,24.3,13,0,3,0,4
road_building,19,185773678,518352914,3,1,111,24,41,20-24,32-41,none,none,0,0,1,2,0,0,3,11,11,22,4,28.0,24.6,0.0,24.6,4,5,8,5,0
road_building,19,185773678,518352914,4,0,111,34,21,31-34,18-21,none,none,0,2,0,1,0,0,3,12,9,21,4,27.0,25.9,0.0,25.9,11,3,2,0,5
road_building,20,649421745,1115950379,1,1,77,38,2,30-38,1-2,none,none,0,1,0,0,1,1,3,11,11,22,4,28.0,25.8,0.0,25.8,5,8,0,4,5
road_building,20,649421745,1115950379,2,0,77,43,18,34-43,8-18,none,none,0,1,0,0,1,1,3,10,12,22,5,29.5,25.5,0.0,25.5,8,4,1,4,5
road_building,20,649421745,1115950379,3,0,77,20,25,12-20,15-25,none,none,0,0,1,1,0,0,2,12,7,19,4,25.0,20.099999999999998,0.0,20.099999999999998,3,5,7,0,4
road_building,20,649421745,1115950379,4,0,77,33,29,24-33,19-29,none,none,0,0,1,1,1,0,3,12,9,21,5,28.5,20.8,0.0,20.8,5,3,2,4,7
road_building,21,708452615,1795269057,1,0,104,33,38,24-33,30-38,none,none,0,0,1,0,1,1,3,12,10,22,4,28.0,25.0,0.0,25.0,3,8,0,8,3
road_building,21,708452615,1795269057,2,0,104,31,16,21-31,15-16,none,wheat_2to1,1,0,1,1,0,0,2,11,8,19,4,25.0,24.900000000000002,2.0,24.900000000000002,2,10,3,4,0
road_building,21,708452615,1795269057,3,0,104,25,1,15-25,0-1,none,none,0,1,0,1,0,1,3,10,10,20,5,27.5,25.299999999999997,0.0,25.299999999999997,5,8,1,2,4
road_building,21,708452615,1795269057,4,1,104,43,20,34-43,12-20,none,none,0,0,1,1,0,1,3,12,9,21,5,28.5,22.8,0.0,22.8,3,5,7,4,2
road_building,22,602878526,1042032339,1,0,114,1,31,0-1,21-31,none,none,0,0,0,2,0,1,3,10,10,20,4,26.0,23.200000000000003,0.0,23.200000000000003,8,2,8,0,2
road_building,22,602878526,1042032339,2,1,114,14,7,2-14,6-7,none,none,0,1,0,0,1,1,3,9,9,18,5,25.5,19.5,0.0,19.5,6,2,4,1,5
road_building,22,602878526,1042032339,3,0,114,25,5,15-25,0-5,none,none,0,1,0,0,0,0,1,9,5,14,3,18.5,19.3,0.0,19.3,8,2,0,4,0
road_building,22,602878526,1042032339,4,0,114,3,43,2-3,34-43,brick_2to1,none,1,0,0,2,1,0,3,9,12,21,3,25.5,20.2,0.0,20.2,5,0,12,4,0
road_building,23,1245182509,358847448,1,1,177,33,23,24-33,23-24,none,sheep_2to1,1,1,0,0,1,0,2,12,6,18,4,24.0,25.8,1.5,25.8,10,4,3,1,0
road_building,23,1245182509,358847448,2,0,177,1,18,0-1,8-18,none,none,0,1,0,2,0,0,3,10,10,20,3,24.5,25.1,0.0,25.1,4,8,8,0,0
road_building,23,1245182509,358847448,3,0,177,31,44,21-31,41-44,none,none,0,1,0,1,1,0,3,13,10,23,4,29.0,22.9,0.0,22.9,2,4,14,3,0
road_building,23,1245182509,358847448,4,0,177,7,20,6-7,12-20,none,none,0,0,1,1,1,0,3,12,9,21,4,27.0,22.7,0.0,22.7,0,9,8,1,3
road_building,24,1644374017,784226196,1,0,210,20,50,12-20,44-50,none,brick_2to1,1,1,0,0,0,1,2,13,7,20,3,24.5,24.3,2.0,24.3,10,4,0,0,6
road_building,24,1644374017,784226196,2,1,210,25,19,15-25,14-19,none,none,0,0,1,2,0,0,3,11,10,21,3,25.5,22.6,0.0,22.6,2,6,13,0,0
road_building,24,1644374017,784226196,3,0,210,34,23,31-34,23-24,none,generic_3to1,1,2,0,0,0,0,2,13,6,19,3,23.5,22.8,1.9000000000000001,22.8,6,4,9,0,0
road_building,24,1644374017,784226196,4,0,210,41,47,32-41,42-47,none,generic_3to1,1,1,0,0,1,0,2,12,8,20,4,26.0,22.799999999999997,2.0,22.799999999999997,10,0,4,3,3
road_building,25,1619040758,65877265,1,0,170,2,4,1-2,3-4,none,wood_2to1,1,1,0,0,0,0,1,12,5,17,3,21.5,23.8,5.0,23.8,10,3,4,0,0
road_building,25,1619040758,65877265,2,1,170,44,8,41-44,1-8,none,none,0,0,0,1,2,0,3,8,10,18,4,24.0,21.0,0.0,21.0,1,7,4,6,0
road_building,25,1619040758,65877265,3,0,170,0,32,0-1,29-32,none,none,0,1,0,2,0,0,3,9,10,19,3,23.5,19.6,0.0,19.6,6,0,9,4,0
road_building,25,1619040758,65877265,4,0,170,15,46,14-15,43-46,none,generic_3to1,1,0,1,0,1,0,2,8,7,15,4,21.0,20.5,1.5,20.5,3,8,0,2,2
road_building,26,870815904,881149698,1,1,121,24,32,20-24,29-32,none,none,0,2,0,0,0,1,3,12,8,20,4,26.0,24.8,0.0,24.8,8,5,3,0,4
road_building,26,870815904,881149698,2,0,121,12,2,7-12,1-2,none,none,0,0,2,0,0,1,3,13,9,22,4,28.0,20.2,0.0,20.2,4,4,5,0,9
road_building,26,870815904,881149698,3,0,121,19,15,14-19,14-15,none,none,0,0,1,0,2,0,3,12,9,21,4,27.0,18.7,0.0,18.7,3,2,0,11,5
road_building,26,870815904,881149698,4,0,121,37,21,33-37,18-21,none,none,0,1,0,1,0,1,3,6,10,16,4,22.0,18.8,0.0,18.8,4,5,3,0,4
road_building,27,2061077104,1190644202,1,0,108,44,12,41-44,7-12,none,none,0,0,1,1,0,1,3,13,11,24,4,30.0,24.0,0.0,24.0,0,8,9,4,3
road_building,27,2061077104,1190644202,2,0,108,2,34,1-2,31-34,none,none,0,1,0,1,1,0,3,8,10,18,5,25.5,21.900000000000002,0.0,21.900000000000002,4,5,4,4,1
road_building,27,2061077104,1190644202,3,0,108,24,15,20-24,14-15,none,none,0,0,1,1,0,0,2,9,8,17,4,23.0,21.900000000000002,0.0,21.900000000000002,2,8,3,4,0
road_building,27,2061077104,1190644202,4,1,108,30,42,25-30,38-42,none,none,0,0,1,0,2,0,3,9,8,17,4,23.0,21.900000000000002,0.0,21.900000000000002,5,5,3,4,0
road_building,28,485147340,562005788,1,0,183,12,22,7-12,11-22,none,none,0,1,0,0,0,0,1,11,5,16,2,19.0,25.0,0.0,25.0,12,4,0,0,0
road_building,28,485147340,562005788,2,0,183,24,21,20-24,18-21,none,none,0,1,0,1,1,0,3,10,9,19,3,23.5,22.0,0.0,22.0,9,0,4,6,0
road_building,28,485147340,562005788,3,1,183,2,19,1-2,14-19,none,none,0,1,0,1,1,0,3,10,9,19,4,25.0,21.7,0.0,21.7,6,2,9,2,0
road_building,28,485147340,562005788,4,0,183,8,6,1-8,6-7,none,generic_3to1,1,0,1,1,0,0,2,9,8,17,3,21.5,20.6,1.7000000000000002,20.6,5,4,8,0,0
road_building,29,326915759,1485336377,1,0,96,42,33,38-42,24-33,none,none,0,1,1,0,1,0,3,10,8,18,4,24.0,22.6,0.0,22.6,3,7,3,5,0
road_building,29,326915759,1485336377,2,0,96,19,39,14-19,38-39,none,none,0,1,1,0,0,0,2,10,6,16,3,20.5,23.1,0.0,23.1,9,4,0,3,0
road_building,29,326915759,1485336377,3,0,96,25,32,15-25,29-32,none,none,0,1,0,1,0,0,2,10,8,18,4,24.0,23.400000000000002,0.0,23.400000000000002,7,4,3,4,0
road_building,29,326915759,1485336377,4,1,96,21,44,18-21,41-44,none,none,0,0,1,0,1,0,2,11,9,20,4,26.0,24.0,0.0,24.0,5,7,0,4,4
road_building,30,1242089248,129007523,1,1,109,20,23,12-20,23-24,none,wood_2to1,1,1,0,1,0,0,2,10,6,16,4,22.0,24.4,5.0,24.4,10,4,1,1,0
road_building,30,1242089248,129007523,2,0,109,34,7,31-34,6-7,none,none,0,1,0,0,1,1,3,9,7,16,5,23.5,21.7,0.0,21.7,4,7,2,1,2
road_building,30,1242089248,129007523,3,0,109,1,44,0-1,41-44,none,none,0,0,1,1,1,0,3,9,9,18,4,24.0,21.0,0.0,21.0,6,2,2,8,0
road_building,30,1242089248,129007523,4,0,109,42,11,38-42,11-12,none,generic_3to1,1,1,0,0,0,1,2,9,7,16,4,22.0,20.400000000000002,1.6,20.400000000000002,8,2,4,0,2
road_building,31,52734659,2016822975,1,1,153,8,6,1-8,6-7,none,sheep_2to1,1,1,0,0,1,0,2,13,8,21,3,25.5,30.6,0.0,30.6,14,4,0,3,0
road_building,31,52734659,2016822975,2,0,153,21,24,18-21,20-24,none,none,0,0,1,1,1,0,3,13,10,23,4,29.0,26.9,0.0,26.9,8,3,10,2,0
road_building,31,52734659,2016822975,3,0,153,19,2,14-19,1-2,none,none,0,0,1,0,1,1,3,9,12,21,4,27.0,25.099999999999998,0.0,25.099999999999998,4,8,0,6,3
road_building,31,52734659,2016822975,4,0,153,32,30,29-32,25-30,none,none,0,0,1,1,1,0,3,10,10,20,5,27.5,25.3,0.0,25.3,4,8,5,1,2
road_building,32,332524003,917477150,1,0,188,2,6,1-2,6-7,none,generic_3to1,1,1,1,0,0,0,2,13,5,18,3,22.5,24.5,1.8,24.5,11,2,5,0,0
road_building,32,332524003,917477150,2,0,188,8,30,1-8,25-30,none,none,0,0,0,0,3,0,3,11,11,22,4,28.0,22.2,0.0,22.2,4,2,5,11,0
road_building,32,332524003,917477150,3,0,188,12,24,7-12,20-24,none,none,0,1,1,1,0,0,3,11,7,18,3,22.5,23.7,0.0,23.7,6,6,6,0,0
road_building,32,332524003,917477150,4,1,188,15,19,14-15,14-19,none,none,0,1,0,1,1,0,3,11,13,24,4,30.0,26.8,0.0,26.8,8,2,4,10,0
road_building,33,718349404,1001662401,1,1,125,12,23,7-12,23-24,none,generic_3to1,1,1,0,0,1,0,2,11,9,20,2,23.0,23.8,2.0,23.8,11,0,0,9,0
road_building,33,718349404,1001662401,2,0,125,25,50,15-25,44-50,none,ore_2to1,1,1,0,0,1,0,2,10,8,18,4,24.0,24.200000000000003,1.0,24.200000000000003,5,8,0,3,2
road_building,33,718349404,1001662401,3,0,125,18,38,8-18,30-38,none,none,0,1,1,1,0,0,3,9,9,18,4,24.0,21.8,0.0,21.8,4,5,5,4,0
road_building,33,718349404,1001662401,4,0,125,43,16,34-43,15-16,none,wood_2to1,1,0,1,1,0,0,2,9,9,18,4,24.0,22.2,2.5,22.2,5,5,7,0,1
road_building,34,1533613005,118852279,1,1,157,30,43,25-30,34-43,none,none,0,1,1,1,0,0,3,13,9,22,3,26.5,26.5,0.0,26.5,5,7,10,0,0
road_building,34,1533613005,118852279,2,0,157,32,6,29-32,6-7,none,ore_2to1,1,0,1,1,0,0,2,13,8,21,3,25.5,26.6,0.0,26.6,8,5,8,0,0
road_building,34,1533613005,118852279,3,0,157,33,23,24-33,23-24,none,brick_2to1,1,1,0,0,1,0,2,10,9,19,4,25.0,24.900000000000002,1.5,24.900000000000002,10,3,0,4,2
road_building,34,1533613005,118852279,4,0,157,19,11,14-19,11-12,none,sheep_2to1,1,0,1,0,1,0,2,12,9,21,4,27.0,23.9,2.5,23.9,4,5,5,7,0
road_building,35,1440402319,565756523,1,0,139,15,43,14-15,34-43,none,none,0,0,1,0,0,1,2,10,7,17,3,21.5,24.6,0.0,24.6,8,7,0,0,2
road_building,35,1440402319,565756523,2,0,139,41,1,32-41,0-1,none,none,0,0,1,1,0,1,3,9,10,19,5,26.5,24.599999999999998,0.0,24.599999999999998,3,10,1,1,4
road_building,35,1440402319,565756523,3,1,139,7,30,6-7,25-30,none,none,0,1,0,0,2,0,3,13,8,21,4,27.0,24.700000000000003,0.0,24.700000000000003,5,5,8,3,0
road_building,35,1440402319,565756523,4,0,139,31,19,21-31,14-19,none,none,0,1,0,1,1,0,3,10,9,19,4,25.0,24.9,0.0,24.9,7,5,1,6,0
road_building,36,1411758002,250696210,1,0,82,25,46,15-25,43-46,none,generic_3to1,1,0,1,0,0,1,2,11,9,20,3,24.5,26.7,2.0,26.7,4,12,0,0,4
road_building,36,1411758002,250696210,2,1,82,34,37,31-34,33-37,none,none,0,0,1,0,1,0,2,10,8,18,4,24.0,24.200000000000003,0.0,24.200000000000003,2,10,3,3,0
road_building,36,1411758002,250696210,3,0,82,14,8,2-14,1-8,none,none,0,2,0,0,0,1,3,10,11,21,4,27.0,24.3,0.0,24.3,10,2,4,0,5
road_building,36,1411758002,250696210,4,0,82,38,16,30-38,15-16,none,generic_3to1,1,0,1,1,0,0,2,12,9,21,4,27.0,23.9,2.1,23.9,4,5,4,8,0
road_building,37,393430179,152221923,1,1,113,38,31,30-38,21-31,none,none,0,1,0,0,1,0,2,11,6,17,4,23.0,25.099999999999998,0.0,25.099999999999998,10,4,2,1,0
road_building,37,393430179,152221923,2,0,113,25,47,15-25,42-47,none,sheep_2to1,1,0,2,0,0,0,2,12,6,18,3,22.5,25.3,0.0,25.3,8,6,0,4,0
road_building,37,393430179,152221923,3,0,113,41,43,32-41,34-43,none,none,0,1,0,0,1,1,3,9,9,18,5,25.5,23.499999999999996,0.0,23.499999999999996,10,2,2,1,3
road_building,37,393430179,152221923,4,0,113,14,1,2-14,0-1,none,none,0,1,0,1,1,0,3,11,10,21,4,27.0,21.9,0.0,21.9,9,0,4,3,5
road_building,38,1808726707,1842631090,1,0,212,31,38,21-31,30-38,none,none,0,0,1,1,0,1,3,12,7,19,4,25.0,27.3,0.0,27.3,12,4,1,0,2
road_building,38,1808726707,1842631090,2,0,212,25,19,15-25,14-19,none,none,0,1,0,1,1,0,3,11,11,22,4,28.0,24.6,0.0,24.6,5,4,10,3,0
road_building,38,1808726707,1842631090,3,0,212,33,1,24-33,0-1,none,none,0,0,1,0,1,1,3,12,12,24,4,30.0,24.0,0.0,24.0,5,4,0,10,5
road_building,38,1808726707,1842631090,4,1,212,20,44,12-20,41-44,none,none,0,1,1,0,0,1,3,10,11,21,4,27.0,23.5,0.0,23.5,9,2,5,0,5
road_building,39,901304238,1115247367,1,0,156,2,19,1-2,14-19,none,none,0,1,0,0,1,1,3,13,10,23,5,30.5,27.0,0.0,27.0,8,5,4,1,5
road_building,39,901304238,1115247367,2,0,156,38,26,30-38,25-26,none,brick_2to1,1,1,0,1,0,0,2,11,7,18,4,24.0,24.2,1.0,24.2,10,2,2,4,0
road_building,39,901304238,1115247367,3,0,156,33,8,24-33,1-8,none,none,0,1,1,0,0,1,3,10,8,18,5,25.5,21.9,0.0,21.9,9,1,3,2,3
road_building,39,901304238,1115247367,4,1,156,43,15,34-43,14-15,none,none,0,0,1,1,1,0,3,11,8,19,5,26.5,22.2,0.0,22.2,5,5,2,3,4
road_building,40,1969700810,136779594,1,0,190,12,50,7-12,44-50,none,ore_2to1,1,0,1,1,0,0,2,10,8,18,4,24.0,23.400000000000002,1.0,23.400000000000002,3,9,4,0,2
road_building,40,1969700810,136779594,2,1,190,2,43,1-2,34-43,none,none,0,0,1,0,1,0,2,12,9,21,3,25.5,22.6,0.0,22.6,0,8,3,10,0
road_building,40,1969700810,136779594,3,0,190,15,19,14-15,14-19,none,none,0,1,0,1,0,1,3,10,10,20,4,26.0,22.0,0.0,22.0,9,0,3,5,3
road_building,40,1969700810,136779594,4,0,190,24,30,20-24,25-30,none,none,0,1,0,1,0,1,3,8,12,20,4,26.0,22.0,0.0,22.0,5,5,5,0,5
road_building,41,1636471393,1426894585,1,0,143,15,38,14-15,30-38,none,none,0,0,0,1,2,0,3,10,11,21,4,27.0,24.7,0.0,24.7,9,1,5,6,0
road_building,41,1636471393,1426894585,2,0,143,41,12,32-41,7-12,none,none,0,1,0,1,0,0,2,12,6,18,3,22.5,23.7,0.0,23.7,5,7,6,0,0
road_building,41,1636471393,1426894585,3,1,143,43,24,34-43,20-24,none,none,0,1,0,0,0,2,3,11,12,23,5,30.5,23.0,0.0,23.0,5,4,5,2,7
road_building,41,1636471393,1426894585,4,0,143,2,31,1-2,21-31,none,none,0,0,1,1,0,1,3,10,11,21,5,28.5,22.0,0.0,22.0,5,4,3,3,6
road_building,42,478163327,107420369,1,1,157,25,41,15-25,32-41,none,none,0,0,0,2,0,1,3,11,12,23,4,29.0,20.9,0.0,20.9,5,0,11,4,3
road_building,42,478163327,107420369,2,0,157,12,50,7-12,44-50,none,generic_3to1,1,0,1,1,0,0,2,10,8,18,3,22.5,21.3,1.8,21.3,0,9,5,4,0
road_building,42,478163327,107420369,3,0,157,1,21,0-1,18-21,none,none,0,1,1,0,0,1,3,9,7,16,5,23.5,20.9,0.0,20.9,6,4,1,3,2
road_building,42,478163327,107420369,4,0,157,43,33,34-43,24-33,none,none,0,1,0,0,1,1,3,9,10,19,4,25.0,20.5,0.0,20.5,6,3,0,5,5
road_building,43,165578901,1228722198,1,1,73,33,20,24-33,12-20,none,none,0,0,2,0,0,1,3,12,9,21,4,27.0,23.5,0.0,23.5,4,7,0,5,5
road_building,43,165578901,1228722198,2,0,73,15,29,14-15,19-29,none,none,0,1,0,2,0,0,3,11,10,21,2,24.0,22.9,0.0,22.9,9,0,12,0,0
road_building,43,165578901,1228722198,3,0,73,43,41,34-43,32-41,none,none,0,1,0,1,1,0,3,10,10,20,3,24.5,21.9,0.0,21.9,8,0,9,3,0
road_building,43,165578901,1228722198,4,0,73,2,31,1-2,21-31,none,none,0,1,1,1,0,0,3,10,8,18,5,25.5,21.9,0.0,21.9,7,3,3,2,3
road_building,44,1754648232,501031174,1,0,171,15,13,14-15,6-13,none,none,0,1,0,0,0,0,1,11,5,16,3,20.5,21.5,0.0,21.5,9,2,0,5,0
road_building,44,1754648232,501031174,2,0,171,7,42,6-7,38-42,none,none,0,0,1,0,0,2,3,12,9,21,5,28.5,22.4,0.0,22.4,5,4,4,3,5
road_building,44,1754648232,501031174,3,1,171,2,44,1-2,41-44,none,none,0,0,1,1,0,1,3,10,10,20,5,27.5,23.299999999999997,0.0,23.299999999999997,7,4,1,3,5
road_building,44,1754648232,501031174,4,0,171,33,11,24-33,11-12,none,ore_2to1,1,1,1,0,0,0,2,11,6,17,3,21.5,21.4,0.0,21.4,9,1,7,0,0
road_building,45,1167696004,1793969994,1,0,112,2,18,1-2,8-18,none,none,0,1,0,0,1,1,3,11,10,21,4,27.0,25.9,0.0,25.9,8,5,0,5,3
road_building,45,1167696004,1793969994,2,0,112,34,37,31-34,33-37,none,none,0,0,1,1,0,0,2,13,7,20,3,24.5,25.1,0.0,25.1,0,12,3,5,0
road_building,45,1167696004,1793969994,3,0,112,20,7,12-20,6-7,none,none,0,1,0,0,1,1,3,11,11,22,5,29.5,21.099999999999998,0.0,21.099999999999998,2,4,2,10,4
road_building,45,1167696004,1793969994,4,1,112,15,42,14-15,38-42,none,none,0,1,0,0,2,0,3,10,9,19,5,26.5,23.000000000000004,0.0,23.000000000000004,5,5,3,4,2
road_building,46,328063601,1717962873,1,1,145,32,7,29-32,6-7,none,none,0,0,1,1,0,1,3,12,11,23,5,30.5,25.4,0.0,25.4,5,6,4,3,5
road_building,46,328063601,1717962873,2,0,145,38,2,30-38,1-2,none,none,0,2,0,0,1,0,3,11,8,19,4,25.0,24.1,0.0,24.1,7,4,3,5,0
road_building,46,328063601,1717962873,3,0,145,34,21,31-34,18-21,none,none,0,0,1,1,1,0,3,12,9,21,5,28.5,21.6,0.0,21.6,5,2,8,3,3
road_building,46,328063601,1717962873,4,0,145,25,44,15-25,41-44,none,none,0,1,0,0,0,1,2,7,8,15,4,21.0,19.299999999999997,0.0,19.299999999999997,9,1,0,2,3
road_building,47,1511168161,268543586,1,0,140,44,38,41-44,30-38,none,none,0,1,0,1,1,0,3,11,8,19,4,25.0,23.3,0.0,23.3,8,2,3,6,0
road_building,47,1511168161,268543586,2,0,140,31,18,21-31,8-18,none,none,0,1,1,0,0,1,3,11,9,20,4,26.0,22.8,0.0,22.8,10,1,0,4,5
road_building,47,1511168161,268543586,3,0,140,25,16,15-25,15-16,none,sheep_2to1,1,0,1,1,0,0,2,9,7,16,4,22.0,23.2,1.0,23.2,3,10,2,0,1
road_building,47,1511168161,268543586,4,1,140,33,46,24-33,43-46,none,generic_3to1,1,1,0,1,0,0,2,12,8,20,3,24.5,22.7,2.0,22.7,9,0,6,5,0
road_building,48,1354862962,566469534,1,1,121,33,2,24-33,1-2,none,none,0,1,0,1,1,0,3,12,9,21,4,27.0,23.9,0.0,23.9,5,4,9,3,0
road_building,48,1354862962,566469534,2,0,121,43,41,34-43,32-41,none,none,0,1,0,0,2,0,3,12,9,21,3,25.5,25.0,0.0,25.0,11,0,4,6,0
road_building,48,1354862962,566469534,3,0,121,31,23,21-31,23-24,none,generic_3to1,1,0,2,0,0,0,2,12,6,18,3,22.5,22.5,1.8,22.5,7,6,0,0,5
road_building,48,1354862962,566469534,4,0,121,50,20,44-50,12-20,generic_3to1,none,1,1,1,0,0,0,2,9,6,15,3,19.5,20.8,1.5,20.8,9,2,0,4,0
road_building,49,287264509,1478885609,1,0,162,1,30,0-1,25-30,none,none,0,0,0,1,1,1,3,10,12,22,5,29.5,20.3,0.0,20.3,2,3,10,3,4
road_building,49,287264509,1478885609,2,1,162,33,44,24-33,41-44,none,none,0,0,1,1,1,0,3,11,9,20,5,27.5,20.1,0.0,20.1,2,5,4,4,5
road_building,49,287264509,1478885609,3,0,162,7,21,6-7,18-21,none,none,0,0,1,1,0,1,3,11,9,20,4,26.0,20.8,0.0,20.8,3,4,11,0,2
road_building,49,287264509,1478885609,4,0,162,14,42,2-14,38-42,none,none,0,1,0,2,0,0,3,12,11,23,5,30.5,21.0,0.0,21.0,2,3,9,5,4
road_building,50,2136903265,1143207437,1,0,118,41,37,32-41,33-37,none,none,0,0,1,0,1,0,2,11,8,19,3,23.5,27.6,0.0,27.6,7,9,0,3,0
road_building,50,2136903265,1143207437,2,1,118,19,2,14-19,1-2,none,none,0,0,1,1,1,0,3,12,8,20,5,27.5,25.299999999999997,0.0,25.299999999999997,3,10,1,2,4
road_building,50,2136903265,1143207437,3,0,118,24,8,20-24,1-8,none,none,0,0,1,0,1,1,3,9,8,17,5,24.5,23.599999999999998,0.0,23.599999999999998,2,10,2,2,1
road_building,50,2136903265,1143207437,4,0,118,30,31,25-30,21-31,none,none,0,2,0,1,0,0,3,13,8,21,4,27.0,23.099999999999998,0.0,23.099999999999998,10,0,2,5,4
road_building,51,1045900815,695516342,1,0,96,15,7,14-15,6-7,none,none,0,1,0,2,0,0,3,12,10,22,2,25.0,24.4,0.0,24.4,10,0,12,0,0
road_building,51,1045900815,695516342,2,0,96,20,26,12-20,25-26,none,wheat_2to1,1,1,0,0,1,0,2,12,7,19,3,23.5,22.8,2.5,22.8,10,0,4,5,0
road_building,51,1045900815,695516342,3,0,96,33,29,24-33,19-29,none,none,0,0,1,2,0,0,3,8,9,17,4,23.0,21.9,0.0,21.9,5,5,6,1,0
road_building,51,1045900815,695516342,4,1,96,42,31,38-42,21-31,none,none,0,1,0,1,0,1,3,10,10,20,5,27.5,23.700000000000003,0.0,23.700000000000003,5,5,3,5,2
road_building,52,1152412589,234172997,1,0,155,38,23,30-38,23-24,none,wheat_2to1,1,1,0,1,0,0,2,12,7,19,4,25.0,25.7,2.0,25.7,8,5,2,4,0
road_building,52,1152412589,234172997,2,0,155,41,8,32-41,1-8,none,none,0,1,0,1,1,0,3,11,9,20,4,26.0,23.2,0.0,23.2,4,5,9,2,0
road_building,52,1152412589,234172997,3,1,155,12,29,7-12,19-29,none,none,0,0,1,0,0,2,3,11,10,21,5,28.5,22.4,0.0,22.4,4,5,2,5,5
road_building,52,1152412589,234172997,4,0,155,2,33,1-2,24-33,none,none,0,2,0,0,0,0,2,11,7,18,4,24.0,22.6,0.0,22.6,7,3,3,5,0
road_building,53,927942303,1960597680,1,0,98,21,34,18-21,31-34,none,none,0,0,2,1,0,0,3,11,7,18,3,22.5,22.1,0.0,22.1,7,3,8,0,0
road_building,53,927942303,1960597680,2,1,98,25,1,15-25,0-1,none,none,0,0,1,1,1,0,3,13,8,21,5,28.5,21.999999999999996,0.0,21.999999999999996,5,3,3,6,4
road_building,53,927942303,1960597680,3,0,98,32,38,29-32,30-38,none,none,0,1,0,0,1,0,2,9,8,17,3,21.5,22.2,0.0,22.2,10,1,0,6,0
road_building,53,927942303,1960597680,4,0,98,7,19,6-7,14-19,none,none,0,1,0,1,0,1,3,10,12,22,5,29.5,24.3,0.0,24.3,7,3,3,5,4
road_building,54,590463589,1885222961,1,1,97,19,26,14-19,25-26,none,wood_2to1,1,0,1,0,0,1,2,9,9,18,3,22.5,23.7,4.5,23.7,9,5,0,0,4
road_building,54,590463589,1885222961,2,0,97,15,33,14-15,24-33,none,none,0,1,0,1,1,0,3,8,10,18,4,24.0,22.6,0.0,22.6,3,7,4,4,0
road_building,54,590463589,1885222961,3,0,97,21,7,18-21,6-7,none,none,0,0,1,0,1,1,3,12,11,23,5,30.5,22.6,0.0,22.6,5,3,4,5,6
road_building,54,590463589,1885222961,4,0,97,32,1,29-32,0-1,none,none,0,1,0,1,1,0,3,10,10,20,4,26.0,22.0,0.0,22.0,8,0,2,9,1
road_building,55,388006705,842873520,1,0,180,1,43,0-1,34-43,none,none,0,1,0,2,0,0,3,11,9,20,3,24.5,25.1,0.0,25.1,5,7,8,0,0
road_building,55,388006705,842873520,2,0,180,21,25,18-21,15-25,none,none,0,0,1,1,1,0,3,10,10,20,4,26.0,21.6,0.0,21.6,6,1,5,8,0
road_building,55,388006705,842873520,3,0,180,19,3,14-19,2-3,none,wood_2to1,1,0,1,1,0,0,2,10,7,17,3,21.5,21.4,1.5,21.4,3,7,7,0,0
road_building,55,388006705,842873520,4,1,180,33,7,24-33,6-7,none,none,0,1,0,0,2,0,3,12,11,23,3,27.5,23.2,0.0,23.2,7,0,5,11,0
road_building,56,49376573,2034405272,1,0,168,25,20,15-25,12-20,none,none,0,0,1,2,0,0,3,13,9,22,3,26.5,25.7,0.0,25.7,9,2,11,0,0
road_building,56,49376573,2034405272,2,0,168,34,16,31-34,15-16,none,sheep_2to1,1,1,0,0,1,0,2,12,6,18,4,24.0,23.4,2.5,23.4,8,3,5,2,0
road_building,56,49376573,2034405272,3,0,168,8,14,1-8,2-14,none,none,0,0,1,1,1,0,3,8,9,17,4,23.0,22.7,0.0,22.7,3,8,4,2,0
road_building,56,49376573,2034405272,4,1,168,38,41,30-38,32-41,none,none,0,0,1,0,2,0,3,11,12,23,3,27.5,24.0,0.0,24.0,5,3,0,15,0
road_building,57,182818357,1579483714,1,0,107,1,32,0-1,29-32,none,none,0,0,0,1,1,1,3,9,12,21,5,28.5,22.8,0.0,22.8,7,2,4,4,4
road_building,57,182818357,1579483714,2,0,107,7,38,6-7,30-38,none,none,0,0,1,1,0,1,3,9,9,18,5,25.5,22.299999999999997,0.0,22.299999999999997,8,3,2,1,4
road_building,57,182818357,1579483714,3,1,107,14,16,2-14,15-16,none,sheep_2to1,1,0,1,1,0,0,2,11,6,17,4,23.0,19.9,1.0,19.9,2,8,2,0,5
road_building,57,182818357,1579483714,4,0,107,3,11,2-3,11-12,generic_3to1,generic_3to1,1,1,0,0,1,0,2,6,8,14,3,18.5,18.5,2.8000000000000003,18.5,3,6,0,5,0
road_building,58,846782629,883577855,1,0,107,43,15,34-43,14-15,none,none,0,0,0,2,1,0,3,11,12,23,4,29.0,26.9,0.0,26.9,6,5,7,5,0
road_building,58,846782629,883577855,2,0,107,2,33,1-2,24-33,none,none,0,1,0,1,0,1,3,12,9,21,5,28.5,23.6,0.0,23.6,4,5,7,3,2
road_building,58,846782629,883577855,3,1,107,20,41,12-20,32-41,none,none,0,0,1,1,1,0,3,12,9,21,4,27.0,24.7,0.0,24.7,5,5,5,6,0
road_building,58,846782629,883577855,4,0,107,18,31,8-18,21-31,none,none,0,0,1,1,0,1,3,13,12,25,4,31.0,24.3,0.0,24.3,0,10,3,4,8
road_building,59,962869285,363394191,1,1,177,8,16,1-8,15-16,none,generic_3to1,1,1,0,1,0,0,2,12,7,19,3,23.5,27.6,1.9000000000000001,27.6,11,5,3,0,0
road_building,59,962869285,363394191,2,0,177,20,19,12-20,14-19,none,none,0,0,1,1,0,0,2,12,6,18,3,22.5,23.7,0.0,23.7,4,8,6,0,0
road_building,59,962869285,363394191,3,0,177,2,44,1-2,41-44,none,none,0,1,0,0,0,2,3,10,12,22,4,28.0,23.0,0.0,23.0,4,7,3,0,8
road_building,59,962869285,363394191,4,0,177,34,25,31-34,15-25,none,none,0,1,0,1,1,0,3,11,10,21,3,25.5,22.599999999999998,0.0,22.599999999999998,8,0,6,7,0
road_building,60,1322019967,1217283321,1,0,131,7,1,6-7,0-1,none,none,0,0,1,0,1,1,3,10,10,20,4,26.0,24.8,0.0,24.8,2,11,0,3,4
road_building,60,1322019967,1217283321,2,0,131,21,16,18-21,15-16,none,generic_3to1,1,1,0,1,0,0,2,9,6,15,4,21.0,22.099999999999998,1.5,22.099999999999998,7,5,1,2,0
road_building,60,1322019967,1217283321,3,1,131,14,38,2-14,30-38,none,none,0,1,0,1,1,0,3,13,9,22,4,28.0,22.2,0.0,22.2,8,0,5,5,4
road_building,60,1322019967,1217283321,4,0,131,33,3,24-33,2-3,none,wheat_2to1,1,1,0,0,1,0,2,10,8,18,4,24.0,22.599999999999998,3.0,22.599999999999998,5,5,2,6,0
road_building,61,2123807367,780417836,1,0,178,38,35,30-38,23-35,none,generic_3to1,1,0,1,0,0,0,1,11,5,16,3,20.5,22.3,1.6,22.3,5,7,0,4,0
road_building,61,2123807367,780417836,2,1,178,24,32,20-24,29-32,none,none,0,1,0,1,1,0,3,8,10,18,4,24.0,21.8,0.0,21.8,3,6,5,4,0
road_building,61,2123807367,780417836,3,0,178,25,43,15-25,34-43,none,none,0,1,0,1,0,1,3,11,11,22,4,28.0,21.4,0.0,21.4,7,0,5,6,4
road_building,61,2123807367,780417836,4,0,178,37,2,33-37,1-2,none,none,0,0,0,2,1,0,3,9,12,21,4,27.0,19.1,0.0,19.1,0,5,9,3,4
road_building,62,743144841,279835464,1,1,113,25,44,15-25,41-44,none,none,0,1,0,1,0,1,3,12,8,20,5,27.5,24.1,0.0,24.1,5,5,5,4,1
road_building,62,743144841,279835464,2,0,113,14,21,2-14,18-21,none,none,0,1,0,0,2,0,3,11,8,19,4,25.0,21.7,0.0,21.7,5,3,5,6,0
road_building,62,743144841,279835464,3,0,113,12,8,7-12,1-8,none,none,0,0,1,0,1,1,3,10,12,22,4,28.0,22.2,0.0,22.2,2,6,0,10,4
road_building,62,743144841,279835464,4,0,113,38,24,30-38,20-24,none,none,0,1,1,1,0,0,3,12,9,21,4,27.0,23.099999999999998,0.0,23.099999999999998,2,8,7,0,4
road_building,63,1911858404,1907949923,1,1,197,7,11,6-7,11-12,none,wheat_2to1,1,2,0,0,0,0,2,13,6,19,3,23.5,26.8,0.0,26.8,11,4,4,0,0
road_building,63,1911858404,1907949923,2,0,197,30,34,25-30,31-34,none,none,0,0,0,2,1,0,3,10,13,23,4,29.0,26.1,0.0,26.1,8,2,9,4,0
road_building,63,1911858404,1907949923,3,0,197,15,19,14-15,14-19,none,none,0,1,0,0,1,0,2,8,8,16,3,20.5,21.5,0.0,21.5,10,1,0,5,0
road_building,63,1911858404,1907949923,4,0,197,21,32,18-21,29-32,none,none,0,1,0,1,1,0,3,11,11,22,4,28.0,23.0,0.0,23.0,3,4,5,10,0
road_building,64,2045084184,536230913,1,0,155,21,14,18-21,2-14,none,none,0,1,0,0,0,1,2,10,9,19,3,23.5,24.0,0.0,24.0,9,5,0,0,5
road_building,64,2045084184,536230913,2,0,155,29,47,19-29,42-47,none,generic_3to1,1,1,0,0,0,1,2,11,9,20,3,24.5,25.099999999999998,2.0,25.099999999999998,14,0,0,2,4
road_building,64,2045084184,536230913,3,1,155,7,33,6-7,24-33,none,none,0,1,1,0,1,0,3,10,9,19,4,25.0,23.3,0.0,23.3,2,8,4,5,0
road_building,64,2045084184,536230913,4,0,155,38,25,30-38,15-25,none,none,0,1,0,2,0,0,3,10,11,21,3,25.5,23.4,0.0,23.4,9,0,10,2,0
road_building,65,1781311907,1240577552,1,1,113,24,16,20-24,15-16,none,brick_2to1,1,0,1,0,0,1,2,12,8,20,4,26.0,26.0,4.5,26.0,5,9,3,0,3
road_building,65,1781311907,1240577552,2,0,113,14,3,2-14,2-3,none,generic_3to1,1,0,1,0,1,0,2,12,7,19,2,22.0,22.3,1.9000000000000001,22.3,0,10,0,9,0
road_building,65,1781311907,1240577552,3,0,113,44,37,41-44,33-37,none,none,0,1,0,0,1,0,2,13,8,21,4,27.0,23.099999999999998,0.0,23.099999999999998,10,0,4,3,4
road_building,65,1781311907,1240577552,4,0,113,42,34,38-42,31-34,none,none,0,0,1,0,1,1,3,8,11,19,5,26.5,22.2,0.0,22.2,6,4,2,3,4
road_building,66,304122021,1339971599,1,1,97,30,43,25-30,34-43,none,none,0,0,1,1,0,1,3,13,10,23,5,30.5,26.2,0.0,26.2,4,7,5,4,3
road_building,66,304122021,1339971599,2,0,97,20,23,12-20,23-24,none,generic_3to1,1,1,0,1,0,0,2,11,7,18,2,21.0,24.0,1.8,24.0,13,0,5,0,0
road_building,66,304122021,1339971599,3,0,97,7,42,6-7,38-42,none,none,0,0,1,0,0,2,3,9,13,22,4,28.0,24.599999999999998,0.0,24.599999999999998,3,10,0,1,8
road_building,66,304122021,1339971599,4,0,97,32,0,29-32,0-1,none,none,0,1,1,0,0,0,2,11,7,18,4,24.0,23.0,0.0,23.0,2,10,3,0,3
road_building,67,321236752,498617001,1,0,119,32,3,29-32,2-3,none,wood_2to1,1,0,1,1,0,0,2,8,6,14,3,18.5,20.9,3.5,20.9,7,5,2,0,0
road_building,67,321236752,498617001,2,0,119,42,44,38-42,41-44,none,none,0,1,1,0,0,1,3,10,8,18,4,24.0,20.2,0.0,20.2,7,2,5,0,4
road_building,67,321236752,498617001,3,1,119,12,24,7-12,20-24,none,none,0,1,0,0,1,1,3,12,11,23,4,29.0,20.9,0.0,20.9,6,0,5,7,5
road_building,67,321236752,498617001,4,0,119,30,1,25-30,0-1,none,none,0,0,1,0,2,0,3,8,9,17,4,23.0,21.9,0.0,21.9,6,4,2,5,0
road_building,68,2003028046,476643793,1,1,161,21,43,18-21,34-43,none,none,0,0,1,0,1,1,3,11,11,22,4,28.0,25.8,0.0,25.8,11,2,0,4,5
road_building,68,2003028046,476643793,2,0,161,33,12,24-33,7-12,none,none,0,1,0,2,0,0,3,11,8,19,4,25.0,22.5,0.0,22.5,7,2,5,5,0
road_building,68,2003028046,476643793,3,0,161,19,8,14-19,1-8,none,none,0,1,0,1,0,1,3,11,9,20,4,26.0,21.2,0.0,21.2,7,0,10,2,1
road_building,68,2003028046,476643793,4,0,161,32,42,29-32,38-42,none,none,0,1,2,0,0,0,3,11,7,18,3,22.5,22.5,0.0,22.5,6,7,0,0,5
road_building,69,160222076,411618085,1,1,101,32,1,29-32,0-1,none,none,0,0,1,1,1,0,3,13,9,22,4,28.0,22.2,0.0,22.2,4,2,2,14,0
road_building,69,160222076,411618085,2,0,101,6,42,6-7,38-42,wheat_2to1,none,1,1,0,0,2,0,3,7,9,16,3,20.5,20.7,3.0,20.7,8,2,0,6,0
road_building,69,160222076,411618085,3,0,101,11,25,11-12,15-25,brick_2to1,none,1,0,1,2,0,0,3,9,9,18,3,22.5,20.5,1.5,20.5,5,3,10,0,0
road_building,69,160222076,411618085,4,0,101,33,19,24-33,14-19,none,none,0,1,0,2,0,0,3,10,8,18,4,24.0,19.8,0.0,19.8,7,2,4,0,5
road_building,70,508668193,1263059851,1,0,122,44,25,41-44,15-25,none,none,0,0,1,1,0,1,3,12,7,19,5,26.5,25.4,0.0,25.4,9,4,1,3,2
road_building,70,508668193,1263059851,2,1,122,38,46,30-38,43-46,none,wood_2to1,1,1,0,0,0,1,2,11,7,18,4,24.0,22.6,3.5,22.6,7,4,0,5,2
road_building,70,508668193,1263059851,3,0,122,33,47,24-33,42-47,none,ore_2to1,1,2,0,0,0,0,2,10,6,16,3,20.5,23.1,1.0,23.1,6,8,0,0,2
road_building,70,508668193,1263059851,4,0,122,2,21,1-2,18-21,none,none,0,0,1,1,0,1,3,11,10,21,5,28.5,21.599999999999998,0.0,21.599999999999998,4,3,9,2,3
road_building,71,1390510041,36421336,1,0,86,29,41,19-29,32-41,none,none,0,0,1,0,1,1,3,11,11,22,5,29.5,26.7,0.0,26.7,5,8,2,3,4
road_building,71,1390510041,36421336,2,1,86,24,1,20-24,0-1,none,none,0,2,0,0,0,1,3,12,11,23,4,29.0,27.3,0.0,27.3,6,8,0,4,5
road_building,71,1390510041,36421336,3,0,86,14,25,2-14,15-25,none,none,0,1,0,1,1,0,3,10,8,18,4,24.0,22.999999999999996,0.0,22.999999999999996,12,0,1,2,3
road_building,71,1390510041,36421336,4,0,86,34,21,31-34,18-21,none,none,0,0,1,2,0,0,3,10,9,19,4,25.0,22.5,0.0,22.5,1,10,4,0,4
road_building,72,315365087,800009450,1,0,131,25,0,15-25,0-1,none,none,0,1,0,0,0,1,2,12,7,19,3,23.5,27.6,0.0,27.6,13,4,0,0,2
road_building,72,315365087,800009450,2,0,131,29,6,19-29,6-7,none,brick_2to1,1,1,0,0,1,0,2,11,6,17,3,21.5,26.2,4.0,26.2,8,8,0,1,0
road_building,72,315365087,800009450,3,1,131,38,16,30-38,15-16,none,wheat_2to1,1,1,0,1,0,0,2,13,7,20,3,24.5,26.7,0.0,26.7,5,9,6,0,0
road_building,72,315365087,800009450,4,0,131,41,8,32-41,1-8,none,none,0,1,0,1,0,1,3,9,11,20,5,27.5,24.9,0.0,24.9,7,5,3,2,3
road_building,73,1201798311,524890042,1,1,121,24,25,20-24,15-25,none,none,0,0,0,0,2,1,3,9,11,20,4,26.0,21.599999999999998,0.0,21.599999999999998,5,4,0,7,4
road_building,73,1201798311,524890042,2,0,121,1,38,0-1,30-38,none,none,0,0,1,1,1,0,3,11,10,21,4,27.0,22.3,0.0,22.3,6,1,4,10,0
road_building,73,1201798311,524890042,3,0,121,7,41,6-7,32-41,none,none,0,0,0,3,0,0,3,12,12,24,4,30.0,20.0,0.0,20.0,4,0,12,3,5
road_building,73,1201798311,524890042,4,0,121,34,21,31-34,18-21,none,none,0,0,1,1,0,1,3,8,11,19,3,23.5,20.0,0.0,20.0,0,9,5,0,5
road_building,74,487954598,1371261893,1,0,139,38,1,30-38,0-1,none,none,0,0,1,1,0,0,2,11,7,18,4,24.0,25.0,0.0,25.0,4,9,3,2,0
road_building,74,487954598,1371261893,2,0,139,25,50,15-25,44-50,none,generic_3to1,1,1,0,0,1,0,2,10,8,18,4,24.0,21.4,1.8,21.4,3,7,0,5,3
road_building,74,487954598,1371261893,3,1,139,43,14,34-43,2-14,none,none,0,0,1,0,0,2,3,12,10,22,5,29.5,21.1,0.0,21.1,3,4,5,4,6
road_building,74,487954598,1371261893,4,0,139,18,47,8-18,42-47,none,brick_2to1,1,1,0,0,1,0,2,13,9,22,4,28.0,22.2,2.0,22.2,4,4,0,10,4
road_building,75,1936365093,1875266763,1,0,130,43,0,34-43,0-1,none,none,0,1,0,0,0,0,1,11,5,16,3,20.5,23.9,0.0,23.9,10,4,2,0,0
road_building,75,1936365093,1875266763,2,1,130,32,50,29-32,44-50,none,generic_3to1,1,1,1,0,0,0,2,12,5,17,4,23.0,21.9,1.7000000000000002,21.9,6,4,4,3,0
road_building,75,1936365093,1875266763,3,0,130,2,21,1-2,18-21,none,none,0,0,0,3,0,0,3,9,11,20,4,26.0,19.599999999999998,0.0,19.599999999999998,5,1,11,0,3
road_building,75,1936365093,1875266763,4,0,130,12,38,7-12,30-38,none,none,0,1,0,0,2,0,3,11,9,20,4,26.0,19.2,0.0,19.2,2,2,4,12,0
road_building,76,1591528641,1989676990,1,0,107,2,6,1-2,6-7,none,ore_2to1,1,1,0,0,1,0,2,12,8,20,4,26.0,26.400000000000002,0.0,26.400000000000002,8,5,3,4,0
road_building,76,1591528641,1989676990,2,0,107,8,19,1-8,14-19,none,none,0,1,1,0,0,1,3,11,8,19,4,25.0,25.700000000000003,0.0,25.700000000000003,12,2,3,0,2
road_building,76,1591528641,1989676990,3,1,107,21,34,18-21,31-34,none,none,0,1,0,0,1,1,3,10,9,19,5,26.5,24.6,0.0,24.6,10,2,3,2,2
road_building,76,1591528641,1989676990,4,0,107,24,15,20-24,14-15,none,none,0,0,2,0,0,1,3,9,8,17,4,23.0,21.5,0.0,21.5,5,6,0,3,3
road_building,77,1085460482,1399756255,1,0,115,7,9,6-7,0-9,none,generic_3to1,1,1,0,0,0,0,1,13,5,18,2,21.0,28.0,1.8,28.0,14,4,0,0,0
road_building,77,1085460482,1399756255,2,0,115,1,32,0-1,29-32,none,none,0,2,0,0,0,1,3,13,10,23,4,29.0,24.1,0.0,24.1,10,0,4,4,5
road_building,77,1085460482,1399756255,3,1,115,18,11,8-18,11-12,none,brick_2to1,1,1,0,0,1,0,2,13,9,22,4,28.0,21.8,2.0,21.8,4,4,0,9,5
road_building,77,1085460482,1399756255,4,0,115,38,20,30-38,12-20,none,none,0,0,1,0,2,0,3,7,10,17,3,21.5,22.2,0.0,22.2,2,9,0,6,0
road_building,78,805987788,412415414,1,1,153,8,34,1-8,31-34,none,none,0,1,0,1,0,1,3,13,9,22,5,29.5,25.9,0.0,25.9,8,4,2,4,4
road_building,78,805987788,412415414,2,0,153,14,16,2-14,15-16,none,generic_3to1,1,1,0,0,1,0,2,13,7,20,3,24.5,26.7,2.0,26.7,10,4,0,6,0
road_building,78,805987788,412415414,3,0,153,12,21,7-12,18-21,none,none,0,1,0,0,0,2,3,10,12,22,3,26.5,23.7,0.0,23.7,10,3,0,0,9
road_building,78,805987788,412415414,4,0,153,44,3,41-44,2-3,none,ore_2to1,1,2,0,0,0,0,2,11,7,18,2,21.0,21.6,0.0,21.6,10,0,8,0,0
road_building,79,624214061,1879062157,1,0,144,1,30,0-1,25-30,none,none,0,1,0,0,1,0,2,10,7,17,4,23.0,22.700000000000003,0.0,22.700000000000003,9,2,3,3,0
road_building,79,624214061,1879062157,2,0,144,32,3,29-32,2-3,none,ore_2to1,1,1,0,0,0,1,2,10,9,19,4,25.0,22.5,2.0,22.5,9,2,4,0,4
road_building,79,624214061,1879062157,3,0,144,42,11,38-42,11-12,none,generic_3to1,1,1,1,0,0,0,2,12,6,18,3,22.5,22.1,1.8,22.1,9,1,0,8,0
road_building,79,624214061,1879062157,4,1,144,7,33,6-7,24-33,none,none,0,1,0,0,1,1,3,9,12,21,4,27.0,21.5,0.0,21.5,8,0,4,5,4
road_building,80,1166045467,1691961909,1,1,161,21,8,18-21,1-8,none,none,0,1,0,1,1,0,3,12,6,18,5,25.5,22.299999999999997,0.0,22.299999999999997,6,5,2,1,4
road_building,80,1166045467,1691961909,2,0,161,33,10,24-33,10-11,none,sheep_2to1,1,1,0,0,0,0,1,13,5,18,4,24.0,22.6,2.0,22.6,5,5,4,4,0
road_building,80,1166045467,1691961909,3,0,161,12,6,7-12,6-7,none,wheat_2to1,1,1,0,0,1,0,2,11,6,17,3,21.5,22.599999999999998,0.5,22.599999999999998,13,0,0,1,3
road_building,80,1166045467,1691961909,4,0,161,25,38,15-25,30-38,none,none,0,0,1,1,0,1,3,10,12,22,4,28.0,25.400000000000002,0.0,25.400000000000002,0,12,3,3,4
road_building,81,1946843032,1452076075,1,0,187,21,47,18-21,42-47,none,generic_3to1,1,0,1,1,0,0,2,11,8,19,4,25.0,24.9,1.9000000000000001,24.9,5,7,4,3,0
road_building,81,1946843032,1452076075,2,0,187,12,25,7-12,15-25,none,none,0,1,1,0,0,1,3,11,10,21,4,27.0,24.3,0.0,24.3,9,3,4,0,5
road_building,81,1946843032,1452076075,3,1,187,44,38,41-44,30-38,none,none,0,1,1,0,0,1,3,12,7,19,5,26.5,22.6,0.0,22.6,5,4,4,5,1
road_building,81,1946843032,1452076075,4,0,187,19,8,14-19,1-8,none,none,0,1,0,1,1,0,3,8,8,16,4,22.0,22.0,0.0,22.0,5,6,4,1,0
road_building,82,621570035,2104092984,1,1,117,2,43,1-2,34-43,none,none,0,0,0,1,2,0,3,12,12,24,4,30.0,28.400000000000002,0.0,28.400000000000002,7,5,3,9,0
road_building,82,621570035,2104092984,2,0,117,38,31,30-38,21-31,none,none,0,0,1,0,1,1,3,8,11,19,4,25.0,20.9,0.0,20.9,5,4,0,6,4
road_building,82,621570035,2104092984,3,0,117,25,20,15-25,12-20,none,none,0,0,1,2,0,0,3,10,10,20,4,26.0,21.6,0.0,21.6,5,3,10,0,2
road_building,82,621570035,2104092984,4,0,117,33,18,24-33,8-18,none,none,0,1,0,1,0,1,3,8,12,20,4,26.0,20.8,0.0,20.8,5,3,8,0,4
road_building,83,2130974504,1975341349,1,1,177,33,32,24-33,29-32,none,none,0,1,0,0,0,2,3,12,9,21,5,28.5,20.400000000000002,0.0,20.400000000000002,3,4,3,5,6
road_building,83,2130974504,1975341349,2,0,177,42,2,38-42,1-2,none,none,0,2,1,0,0,0,3,9,5,14,3,18.5,19.3,0.0,19.3,7,3,0,4,0
road_building,83,2130974504,1975341349,3,0,177,30,43,25-30,34-43,none,none,0,0,1,0,0,2,3,11,13,24,5,31.5,21.3,0.0,21.3,3,4,3,5,9
road_building,83,2130974504,1975341349,4,0,177,12,15,7-12,14-15,none,none,0,1,0,0,2,0,3,10,11,21,3,25.5,20.2,0.0,20.2,5,0,7,9,0
road_building,84,1218001428,160330886,1,0,136,25,12,15-25,7-12,none,none,0,0,1,2,0,0,3,13,8,21,4,27.0,21.5,0.0,21.5,4,2,6,9,0
road_building,84,1218001428,160330886,2,0,136,34,47,31-34,42-47,none,generic_3to1,1,1,0,1,0,0,2,8,8,16,3,20.5,21.5,1.6,21.5,8,3,5,0,0
road_building,84,1218001428,160330886,3,0,136,38,46,30-38,43-46,none,wood_2to1,1,1,1,0,0,0,2,12,5,17,4,23.0,19.9,3.5,19.9,7,2,5,0,3
road_building,84,1218001428,160330886,4,1,136,44,21,41-44,18-21,none,none,0,0,1,2,0,0,3,7,10,17,3,21.5,21.4,0.0,21.4,5,5,7,0,0
road_building,85,857226971,460035328,1,0,146,24,38,20-24,30-38,none,none,0,0,0,2,1,0,3,10,11,21,4,27.0,21.5,0.0,21.5,1,5,12,3,0
road_building,85,857226971,460035328,2,1,146,32,12,29-32,7-12,none,none,0,1,0,1,1,0,3,10,11,21,4,27.0,22.3,0.0,22.3,5,2,9,5,0
road_building,85,857226971,460035328,3,0,146,25,34,15-25,31-34,none,none,0,2,1,0,0,0,3,10,6,16,4,22.0,21.200000000000003,0.0,21.200000000000003,8,2,3,3,0
road_building,85,857226971,460035328,4,0,146,18,37,8-18,33-37,none,none,0,0,2,0,0,0,2,9,7,16,3,20.5,21.5,0.0,21.5,2,9,0,5,0
road_building,86,133288886,1363565231,1,1,145,2,24,1-2,20-24,none,none,0,1,0,0,1,1,3,10,10,20,4,26.0,24.4,0.0,24.4,8,4,0,5,3
road_building,86,133288886,1363565231,2,0,145,38,47,30-38,42-47,none,sheep_2to1,1,0,1,1,0,0,2,11,7,18,2,21.0,24.8,2.0,24.8,0,14,4,0,0
road_building,86,133288886,1363565231,3,0,145,18,26,8-18,25-26,none,generic_3to1,1,0,1,1,0,0,2,9,9,18,4,24.0,22.6,1.8,22.6,6,4,5,3,0
road_building,86,133288886,1363565231,4,0,145,12,15,7-12,14-15,none,none,0,0,1,1,1,0,3,12,10,22,5,29.5,23.099999999999998,0.0,23.099999999999998,4,4,5,6,3
road_building,87,626871096,812501821,1,0,112,25,33,15-25,24-33,none,none,0,0,1,1,1,0,3,11,6,17,4,23.0,25.099999999999998,0.0,25.099999999999998,11,3,2,1,0
road_building,87,626871096,812501821,2,0,112,43,11,34-43,11-12,none,wheat_2to1,1,0,1,0,0,1,2,11,7,18,4,24.0,24.200000000000003,0.0,24.200000000000003,5,8,3,0,2
road_building,87,626871096,812501821,3,0,112,19,50,14-19,44-50,none,generic_3to1,1,1,0,0,1,0,2,12,8,20,3,24.5,22.7,2.0,22.7,9,0,4,7,0
road_building,87,626871096,812501821,4,1,112,7,16,6-7,15-16,none,generic_3to1,1,1,0,0,1,0,2,11,8,19,5,26.5,22.2,1.9000000000000001,22.2,5,5,2,3,4
road_building,88,1707201716,813946014,1,1,117,43,2,34-43,1-2,none,none,0,0,1,1,0,1,3,11,10,21,5,28.5,23.2,0.0,23.2,5,5,2,4,5
road_building,88,1707201716,813946014,2,0,117,29,33,19-29,24-33,none,none,0,1,1,0,0,1,3,13,7,20,4,26.0,23.200000000000003,0.0,23.200000000000003,3,7,0,8,2
road_building,88,1707201716,813946014,3,0,117,41,12,32-41,7-12,none,none,0,1,0,0,1,1,3,12,10,22,5,29.5,23.1,0.0,23.1,4,5,3,5,5
road_building,88,1707201716,813946014,4,0,117,38,50,30-38,44-50,none,ore_2to1,1,1,0,1,0,0,2,9,8,17,3,21.5,21.4,0.0,21.4,5,5,7,0,0
road_building,89,348281753,1111527076,1,1,137,29,25,19-29,15-25,none,none,0,1,1,0,0,1,3,12,7,19,4,25.0,23.7,0.0,23.7,6,6,0,4,3
road_building,89,348281753,1111527076,2,0,137,41,12,32-41,7-12,none,none,0,0,1,1,0,1,3,11,10,21,5,28.5,24.400000000000002,0.0,24.400000000000002,7,3,5,4,2
road_building,89,348281753,1111527076,3,0,137,38,43,30-38,34-43,none,none,0,0,1,0,2,0,3,12,11,23,4,29.0,22.5,0.0,22.5,5,2,0,13,3
road_building,89,348281753,1111527076,4,0,137,14,18,2-14,8-18,none,none,0,0,1,1,1,0,3,11,10,21,3,25.5,21.0,0.0,21.0,0,6,11,4,0
road_building,90,874757909,398115220,1,0,111,42,1,38-42,0-1,none,none,0,0,1,0,1,1,3,12,10,22,5,29.5,23.9,0.0,23.9,8,2,4,3,5
road_building,90,874757909,398115220,2,0,111,18,39,8-18,38-39,none,none,0,1,0,0,1,0,2,11,6,17,2,20.0,23.3,0.0,23.3,13,0,0,4,0
road_building,90,874757909,398115220,3,1,111,29,46,19-29,43-46,none,brick_2to1,1,0,1,0,1,0,2,13,9,22,4,28.0,23.8,2.0,23.8,4,4,9,5,0
road_building,90,874757909,398115220,4,0,111,12,44,7-12,41-44,none,none,0,1,1,0,0,0,2,10,7,17,3,21.5,23.4,0.0,23.4,7,7,0,0,3
road_building,91,358717904,740342007,1,0,176,29,28,19-29,16-28,none,ore_2to1,1,1,0,0,0,0,1,13,5,18,2,21.0,24.0,0.0,24.0,13,0,5,0,0
road_building,91,358717904,740342007,2,0,176,15,31,14-15,21-31,none,none,0,1,0,0,2,0,3,13,7,20,3,24.5,24.3,0.0,24.3,13,0,0,3,4
road_building,91,358717904,740342007,3,0,176,18,26,8-18,25-26,none,generic_3to1,1,1,0,0,0,1,2,11,8,19,3,23.5,22.4,1.9000000000000001,22.4,11,0,5,0,3
road_building,91,358717904,740342007,4,1,176,1,7,0-1,6-7,none,none,0,0,2,1,0,0,3,8,10,18,3,22.5,24.5,0.0,24.5,2,11,5,0,0
road_building,92,1808372858,1142213244,1,0,159,20,19,12-20,14-19,none,none,0,0,2,0,0,0,2,10,6,16,3,20.5,23.9,0.0,23.9,3,11,2,0,0
road_building,92,1808372858,1142213244,2,0,159,15,2,14-15,1-2,none,none,0,1,0,0,1,0,2,11,8,19,3,23.5,22.0,0.0,22.0,4,5,0,10,0
road_building,92,1808372858,1142213244,3,1,159,30,7,25-30,6-7,none,none,0,1,0,1,0,1,3,11,10,21,5,28.5,21.6,0.0,21.6,3,5,5,3,5
road_building,92,1808372858,1142213244,4,0,159,23,0,23-24,0-1,wheat_2to1,none,1,1,0,1,0,0,2,8,9,17,3,21.5,20.6,0.0,20.6,4,5,8,0,0
road_building,93,2123215989,1517390032,1,0,131,1,24,0-1,20-24,none,none,0,0,0,1,1,1,3,13,12,25,5,32.5,28.8,0.0,28.8,9,4,3,5,4
road_building,93,2123215989,1517390032,2,0,131,18,38,8-18,30-38,none,none,0,2,0,0,1,0,3,10,8,18,3,22.5,22.1,0.0,22.1,8,2,0,8,0
road_building,93,2123215989,1517390032,3,1,131,7,41,6-7,32-41,none,none,0,1,1,0,1,0,3,12,7,19,4,25.0,21.7,0.0,21.7,6,2,5,6,0
road_building,93,2123215989,1517390032,4,0,131,31,14,21-31,2-14,none,none,0,1,0,0,0,1,2,10,8,18,4,24.0,19.0,0.0,19.0,5,2,0,8,3
road_building,94,784077459,533086598,1,0,183,14,52,2-14,46-52,none,none,0,1,0,0,0,0,1,13,5,18,2,21.0,24.0,0.0,24.0,13,0,0,5,0
road_building,94,784077459,533086598,2,0,183,43,16,34-43,15-16,none,ore_2to1,1,1,1,0,0,0,2,12,5,17,3,21.5,21.4,0.0,21.4,9,1,7,0,0
road_building,94,784077459,533086598,3,1,183,8,29,1-8,19-29,none,none,0,1,0,1,1,0,3,11,8,19,5,26.5,20.2,0.0,20.2,6,2,1,5,5
road_building,94,784077459,533086598,4,0,183,50,12,44-50,7-12,generic_3to1,none,1,0,1,0,1,1,3,8,12,20,4,26.0,20.4,2.0,20.4,5,3,0,7,5
road_building,95,551141640,2121601403,1,0,159,34,37,31-34,33-37,none,none,0,0,1,0,0,1,2,12,7,19,3,23.5,24.0,0.0,24.0,0,13,0,3,3
road_building,95,551141640,2121601403,2,0,159,21,1,18-21,0-1,none,none,0,1,0,2,0,0,3,13,9,22,4,28.0,23.0,0.0,23.0,2,5,11,4,0
road_building,95,551141640,2121601403,3,1,159,42,29,38-42,19-29,none,none,0,1,0,0,2,0,3,10,10,20,2,23.0,20.6,0.0,20.6,7,0,0,13,0
road_building,95,551141640,2121601403,4,0,159,7,24,6-7,20-24,none,none,0,0,1,1,0,1,3,12,10,22,4,28.0,22.599999999999998,0.0,22.599999999999998,3,5,11,0,3
road_building,96,1591690432,1351466530,1,0,143,25,16,15-25,15-16,none,sheep_2to1,1,1,1,0,0,0,2,12,5,17,2,20.0,26.5,0.0,26.5,15,2,0,0,0
road_building,96,1591690432,1351466530,2,0,143,38,24,30-38,20-24,none,none,0,1,0,0,1,0,2,13,7,20,4,26.0,24.8,0.0,24.8,8,5,0,3,4
road_building,96,1591690432,1351466530,3,1,143,12,47,7-12,42-47,none,generic_3to1,1,0,1,1,0,0,2,13,7,20,4,26.0,23.2,2.0,23.2,4,5,7,4,0
road_building,96,1591690432,1351466530,4,0,143,14,29,2-14,19-29,none,none,0,1,0,0,1,1,3,8,12,20,4,26.0,24.8,0.0,24.8,10,3,0,3,4
road_building,97,835531109,1842387509,1,0,148,32,21,29-32,18-21,none,none,0,1,0,0,1,1,3,12,11,23,4,29.0,24.1,0.0,24.1,5,5,0,8,5
road_building,97,835531109,1842387509,2,0,148,38,50,30-38,44-50,none,generic_3to1,1,1,0,1,0,0,2,10,6,16,4,22.0,21.2,1.6,21.2,5,5,2,4,0
road_building,97,835531109,1842387509,3,0,148,43,33,34-43,24-33,none,none,0,1,1,0,1,0,3,8,8,16,3,20.5,21.5,0.0,21.5,9,2,0,5,0
road_building,97,835531109,1842387509,4,1,148,1,3,0-1,2-3,none,brick_2to1,1,0,1,1,0,0,2,10,8,18,3,22.5,22.099999999999998,5.0,22.099999999999998,0,10,6,2,0
road_building,98,1530718643,185028654,1,1,145,32,1,29-32,0-1,none,none,0,0,0,1,1,1,3,12,12,24,5,31.5,24.9,0.0,24.9,4,5,3,8,4
road_building,98,1530718643,185028654,2,0,145,43,35,34-43,23-35,none,wheat_2to1,1,1,0,0,0,0,1,12,5,17,4,23.0,21.9,1.5,21.9,5,5,4,3,0
road_building,98,1530718643,185028654,3,0,145,38,25,30-38,15-25,none,none,0,1,0,0,1,1,3,11,11,22,3,26.5,21.7,0.0,21.7,8,0,0,10,4
road_building,98,1530718643,185028654,4,0,145,24,37,20-24,33-37,none,none,0,1,0,0,1,0,2,8,8,16,3,20.5,23.1,0.0,23.1,10,3,0,3,0
road_building,99,1735072617,1635320116,1,0,95,33,19,24-33,14-19,none,none,0,0,1,1,0,1,3,10,10,20,5,27.5,22.5,0.0,22.5,7,2,5,3,3
road_building,99,1735072617,1635320116,2,0,95,38,6,30-38,6-7,none,ore_2to1,1,1,0,0,0,1,2,10,9,19,4,25.0,22.1,2.5,22.1,4,7,0,3,5
road_building,99,1735072617,1635320116,3,1,95,25,20,15-25,12-20,none,none,0,1,0,1,0,0,2,12,8,20,5,27.5,22.5,0.0,22.5,4,5,4,4,3
road_building,99,1735072617,1635320116,4,0,95,31,1,21-31,0-1,none,none,0,1,1,1,0,0,3,10,7,17,4,23.0,21.5,0.0,21.5,8,2,6,0,1
roads_and_cities,0,1654615998,1806341205,1,0,180,7,43,6-7,34-43,none,none,0,0,0,1,1,1,3,13,9,22,5,29.5,25.299999999999997,0.0,25.299999999999997,4,4,5,3,6
roads_and_cities,0,1654615998,1806341205,2,0,180,15,2,14-15,1-2,none,none,0,1,1,1,0,0,3,10,10,20,5,27.5,23.5,0.0,23.5,2,10,3,2,3
roads_and_cities,0,1654615998,1806341205,3,0,180,38,29,30-38,19-29,none,none,0,1,0,0,1,1,3,11,9,20,4,26.0,23.8,0.0,23.8,10,0,2,5,3
roads_and_cities,0,1654615998,1806341205,4,1,180,33,21,24-33,18-21,none,none,0,1,0,0,1,1,3,10,9,19,4,25.0,24.0,0.0,24.0,6,4,0,4,5
roads_and_cities,1,577090037,271041745,1,0,79,20,41,12-20,32-41,none,none,0,1,0,1,1,0,3,12,10,22,4,28.0,27.0,0.0,27.0,6,0,2,10,4
roads_and_cities,1,577090037,271041745,2,0,79,33,2,24-33,1-2,none,none,0,1,1,1,0,0,3,12,11,23,5,30.5,27.8,0.0,27.8,8,4,2,5,4
roads_and_cities,1,577090037,271041745,3,1,79,30,8,25-30,1-8,none,none,0,0,1,1,0,1,3,12,10,22,5,29.5,27.400000000000002,0.0,27.400000000000002,4,4,2,8,4
roads_and_cities,1,577090037,271041745,4,0,79,19,23,14-19,23-24,none,brick_2to1,1,0,0,0,1,1,2,10,9,19,4,25.0,24.4,2.0,24.4,4,4,0,5,6
roads_and_cities,2,242886303,393353683,1,0,107,24,29,20-24,19-29,none,none,0,1,1,1,0,0,3,10,10,20,5,27.5,23.5,0.0,23.5,3,2,5,8,2
roads_and_cities,2,242886303,393353683,2,0,107,41,0,32-41,0-1,none,none,0,1,0,0,1,0,2,10,7,17,4,23.0,21.8,0.0,21.8,7,2,0,4,4
roads_and_cities,2,242886303,393353683,3,1,107,15,12,14-15,7-12,none,none,0,1,0,1,1,0,3,10,9,19,4,25.0,22.2,0.0,22.2,7,5,2,5,0
roads_and_cities,2,242886303,393353683,4,0,107,2,31,1-2,21-31,none,none,0,0,0,1,0,2,3,10,11,21,4,27.0,23.7,0.0,23.7,0,6,5,4,6
roads_and_cities,3,1022050301,560161641,1,0,120,33,50,24-33,44-50,none,brick_2to1,1,1,1,0,0,0,2,13,8,21,4,27.0,26.799999999999997,1.5,26.799999999999997,5,3,0,9,4
roads_and_cities,3,1022050301,560161641,2,0,120,21,7,18-21,6-7,none,none,0,1,1,1,0,0,3,11,10,21,4,27.0,23.099999999999998,0.0,23.099999999999998,1,8,5,7,0
roads_and_cities,3,1022050301,560161641,3,0,120,41,1,32-41,0-1,none,none,0,1,0,1,1,0,3,11,11,22,4,28.0,23.099999999999998,0.0,23.099999999999998,12,3,5,2,0
roads_and_cities,3,1022050301,560161641,4,1,120,43,30,34-43,25-30,none,none,0,1,0,0,0,2,3,10,8,18,4,24.0,23.0,0.0,23.0,3,6,0,4,5
roads_and_cities,4,1013818839,1302657532,1,1,93,38,12,30-38,7-12,none,none,0,0,1,2,0,0,3,13,10,23,5,30.5,26.1,0.0,26.1,5,5,5,4,4
roads_and_cities,4,1013818839,1302657532,2,0,93,15,23,14-15,23-24,none,generic_3to1,1,0,1,0,1,0,2,11,8,19,4,25.0,22.599999999999998,1.9000000000000001,22.599999999999998,0,10,2,3,4
roads_and_cities,4,1013818839,1302657532,3,0,93,32,26,29-32,25-26,none,generic_3to1,1,0,1,0,0,1,2,11,9,20,3,24.5,23.200000000000003,2.0,23.200000000000003,7,9,0,0,4
roads_and_cities,4,1013818839,1302657532,4,0,93,43,1,34-43,0-1,none,none,0,2,0,0,1,0,3,10,8,18,5,25.5,21.299999999999997,0.0,21.299999999999997,7,4,3,1,3
roads_and_cities,5,1097127993,1539898300,1,0,87,42,20,38-42,12-20,none,none,0,2,0,1,0,0,3,12,9,21,5,28.5,25.3,0.0,25.3,6,3,3,5,4
roads_and_cities,5,1097127993,1539898300,2,0,87,33,2,24-33,1-2,none,none,0,1,0,0,0,1,2,12,7,19,4,25.0,23.599999999999998,0.0,23.599999999999998,7,5,0,3,4
roads_and_cities,5,1097127993,1539898300,3,1,87,44,39,41-44,38-39,none,none,0,1,0,0,1,0,2,11,7,18,5,25.5,21.3,0.0,21.3,2,2,5,5,4
roads_and_cities,5,1097127993,1539898300,4,0,87,15,31,14-15,21-31,none,none,0,1,0,2,0,0,3,10,13,23,4,29.0,20.2,0.0,20.2,4,0,14,1,4
roads_and_cities,6,346043753,2083207870,1,0,103,2,6,1-2,6-7,none,generic_3to1,1,1,0,0,0,1,2,13,6,19,5,26.5,22.4,1.9000000000000001,22.4,4,4,4,5,2
roads_and_cities,6,346043753,2083207870,2,0,103,15,24,14-15,20-24,none,none,0,0,1,1,0,1,3,10,8,18,5,25.5,22.9,0.0,22.9,4,6,1,5,2
roads_and_cities,6,346043753,2083207870,3,1,103,12,38,7-12,30-38,none,none,0,0,0,1,2,0,3,11,11,22,4,28.0,23.9,0.0,23.9,6,5,5,6,0
roads_and_cities,6,346043753,2083207870,4,0,103,44,32,41-44,29-32,none,none,0,0,0,1,2,0,3,8,11,19,4,25.0,22.099999999999998,0.0,22.099999999999998,2,0,5,9,3
roads_and_cities,7,1390851128,647892279,1,1,69,43,15,34-43,14-15,none,none,0,1,0,0,1,1,3,13,8,21,4,27.0,25.599999999999998,0.0,25.599999999999998,9,5,0,5,2
roads_and_cities,7,1390851128,647892279,2,0,69,7,30,6-7,25-30,none,none,0,0,0,1,1,1,3,12,9,21,5,28.5,25.5,0.0,25.5,5,3,3,8,2
roads_and_cities,7,1390851128,647892279,3,0,69,41,33,32-41,24-33,none,none,0,1,0,2,0,0,3,9,12,21,4,27.0,22.0,0.0,22.0,4,0,8,8,1
roads_and_cities,7,1390851128,647892279,4,0,69,20,2,12-20,1-2,none,none,0,2,1,0,0,0,3,11,10,21,5,28.5,23.7,0.0,23.7,7,3,5,4,2
roads_and_cities,8,973694259,1590906853,1,0,106,33,30,24-33,25-30,none,none,0,1,0,1,1,0,3,12,9,21,5,28.5,24.299999999999997,0.0,24.299999999999997,5,9,3,1,3
roads_and_cities,8,973694259,1590906853,2,1,106,1,43,0-1,34-43,none,none,0,1,2,0,0,0,3,10,9,19,5,26.5,24.3,0.0,24.3,3,6,1,5,4
roads_and_cities,8,973694259,1590906853,3,0,106,42,3,38-42,2-3,none,ore_2to1,1,0,0,0,2,0,2,10,9,19,3,23.5,24.199999999999996,1.5,24.199999999999996,5,0,0,11,3
roads_and_cities,8,973694259,1590906853,4,0,106,32,15,29-32,14-15,none,none,0,1,0,0,2,0,3,12,10,22,2,25.0,24.6,0.0,24.6,17,0,0,5,0
roads_and_cities,9,1988601454,1603362544,1,0,108,33,29,24-33,19-29,none,none,0,0,0,0,1,2,3,12,7,19,4,25.0,24.599999999999998,0.0,24.599999999999998,4,3,0,7,5
roads_and_cities,9,1988601454,1603362544,2,0,108,38,47,30-38,42-47,none,generic_3to1,1,0,0,1,1,0,2,10,9,19,4,25.0,22.599999999999998,1.9000000000000001,22.599999999999998,0,3,4,10,2
roads_and_cities,9,1988601454,1603362544,3,0,108,21,25,18-21,15-25,none,none,0,0,1,1,0,1,3,9,11,20,4,26.0,23.099999999999998,0.0,23.099999999999998,0,3,5,9,3
roads_and_cities,9,1988601454,1603362544,4,1,108,14,8,2-14,1-8,none,none,0,1,0,1,1,0,3,11,11,22,5,29.5,22.0,0.0,22.0,4,3,10,2,3
roads_and_cities,10,139951793,1842064464,1,0,90,14,33,2-14,24-33,none,none,0,0,1,2,0,0,3,12,11,23,5,30.5,24.1,0.0,24.1,4,2,9,5,3
roads_and_cities,10,139951793,1842064464,2,1,90,29,20,19-29,12-20,none,none,0,1,1,1,0,0,3,10,11,21,5,28.5,24.6,0.0,24.6,4,5,4,5,3
roads_and_cities,10,139951793,1842064464,3,0,90,18,1,8-18,0-1,none,none,0,1,0,1,1,0,3,10,11,21,5,28.5,23.5,0.0,23.5,8,3,5,2,3
roads_and_cities,10,139951793,1842064464,4,0,90,42,25,38-42,15-25,none,none,0,1,0,0,2,0,3,10,10,20,3,24.5,24.199999999999996,0.0,24.199999999999996,9,2,0,9,0
roads_and_cities,11,1942955373,1999951809,1,0,115,31,0,21-31,0-1,none,none,0,1,0,0,0,1,2,12,8,20,4,26.0,25.0,0.0,25.0,8,3,0,4,5
roads_and_cities,11,1942955373,1999951809,2,0,115,15,7,14-15,6-7,none,none,0,2,0,0,0,1,3,11,9,20,4,26.0,24.599999999999998,0.0,24.599999999999998,9,4,0,5,2
roads_and_cities,11,1942955373,1999951809,3,1,115,2,33,1-2,24-33,none,none,0,1,0,0,1,1,3,12,8,20,5,27.5,24.1,0.0,24.1,5,4,3,1,7
roads_and_cities,11,1942955373,1999951809,4,0,115,20,18,12-20,8-18,none,none,0,0,0,1,1,1,3,11,9,20,4,26.0,21.3,0.0,21.3,5,0,7,4,4
roads_and_cities,12,2038265566,1155324522,1,1,125,42,11,38-42,11-12,none,generic_3to1,1,0,1,0,0,1,2,13,7,20,4,26.0,25.999999999999996,2.0,25.999999999999996,4,2,0,5,9
roads_and_cities,12,2038265566,1155324522,2,0,125,1,34,0-1,31-34,none,none,0,0,0,1,1,1,3,12,10,22,5,29.5,25.1,0.0,25.1,5,4,5,5,3
roads_and_cities,12,2038265566,1155324522,3,0,125,20,18,12-20,8-18,none,none,0,1,1,1,0,0,3,10,9,19,5,26.5,23.9,0.0,23.9,5,6,1,2,5
roads_and_cities,12,2038265566,1155324522,4,0,125,44,7,41-44,6-7,none,none,0,0,2,0,1,0,3,11,8,19,5,26.5,21.9,0.0,21.9,2,5,5,3,4
roads_and_cities,13,1112433019,1248794762,1,0,60,12,39,7-12,38-39,none,none,0,0,0,1,1,0,2,12,9,21,4,27.0,24.8,0.0,24.8,4,0,4,10,3
roads_and_cities,13,1112433019,1248794762,2,0,60,42,24,38-42,20-24,none,none,0,0,1,1,1,0,3,11,8,19,4,25.0,24.0,0.0,24.0,0,3,2,10,4
roads_and_cities,13,1112433019,1248794762,3,0,60,44,15,41-44,14-15,none,none,0,1,0,0,1,1,3,13,8,21,4,27.0,24.0,0.0,24.0,8,0,4,2,7
roads_and_cities,13,1112433019,1248794762,4,1,60,32,18,29-32,8-18,none,none,0,0,0,1,1,1,3,10,11,21,5,28.5,24.299999999999997,0.0,24.299999999999997,5,2,5,6,3
roads_and_cities,14,458825077,1060578839,1,0,127,44,30,41-44,25-30,none,none,0,1,1,1,0,0,3,12,9,21,4,27.0,24.3,0.0,24.3,2,8,3,8,0
roads_and_cities,14,458825077,1060578839,2,0,127,21,19,18-21,14-19,none,none,0,0,2,0,0,0,2,10,9,19,3,23.5,22.200000000000003,0.0,22.200000000000003,1,14,0,4,0
roads_and_cities,14,458825077,1060578839,3,1,127,32,7,29-32,6-7,none,none,0,0,0,1,1,1,3,10,10,20,5,27.5,23.799999999999997,0.0,23.799999999999997,2,5,4,7,2
roads_and_cities,14,458825077,1060578839,4,0,127,42,15,38-42,14-15,none,none,0,1,1,1,0,0,3,9,12,21,5,28.5,23.9,0.0,23.9,5,4,5,5,2
roads_and_cities,15,897563738,50056527,1,0,120,42,2,38-42,1-2,none,none,0,0,0,1,0,1,2,13,8,21,4,27.0,25.5,0.0,25.5,0,4,3,4,10
roads_and_cities,15,897563738,50056527,2,0,120,43,30,34-43,25-30,none,none,0,0,0,2,1,0,3,12,11,23,3,27.5,25.1,0.0,25.1,0,0,7,13,3
roads_and_cities,15,897563738,50056527,3,0,120,15,32,14-15,29-32,none,none,0,1,0,0,1,1,3,11,8,19,4,25.0,24.4,0.0,24.4,1,0,2,8,8
roads_and_cities,15,897563738,50056527,4,1,120,50,33,44-50,24-33,generic_3to1,none,1,0,2,0,1,0,3,9,9,18,3,22.5,23.199999999999996,1.8,23.199999999999996,0,4,0,9,5
roads_and_cities,16,1552728491,2015295599,1,0,115,24,46,20-24,43-46,none,generic_3to1,1,0,0,1,0,1,2,13,7,20,4,26.0,23.3,2.0,23.3,9,0,3,4,4
roads_and_cities,16,1552728491,2015295599,2,0,115,15,31,14-15,21-31,none,none,0,1,0,1,0,1,3,10,9,19,5,26.5,22.099999999999998,0.0,22.099999999999998,8,5,3,1,2
roads_and_cities,16,1552728491,2015295599,3,1,115,44,26,41-44,25-26,none,wheat_2to1,1,1,1,0,0,0,2,9,9,18,4,24.0,22.999999999999996,1.5,22.999999999999996,4,5,0,3,6
roads_and_cities,16,1552728491,2015295599,4,0,115,38,12,30-38,7-12,none,none,0,1,0,1,0,1,3,9,9,18,5,25.5,22.5,0.0,22.5,7,5,1,2,3
roads_and_cities,17,1778837931,1303193990,1,0,170,42,43,38-42,34-43,none,none,0,0,1,0,2,0,3,13,8,21,3,25.5,24.799999999999997,0.0,24.799999999999997,9,5,0,7,0
roads_and_cities,17,1778837931,1303193990,2,1,170,19,21,14-19,18-21,none,none,0,2,0,1,0,0,3,11,11,22,4,28.0,23.8,0.0,23.8,10,5,4,3,0
roads_and_cities,17,1778837931,1303193990,3,0,170,33,8,24-33,1-8,none,none,0,0,1,1,0,1,3,11,10,21,5,28.5,24.599999999999998,0.0,24.599999999999998,4,5,4,7,1
roads_and_cities,17,1778837931,1303193990,4,0,170,32,2,29-32,1-2,none,none,0,0,1,1,0,1,3,9,10,19,5,26.5,22.3,0.0,22.3,3,9,3,2,2
roads_and_cities,18,778526663,527488476,1,1,113,2,19,1-2,14-19,none,none,0,1,1,1,0,0,3,12,8,20,5,27.5,24.8,0.0,24.8,6,3,2,5,4
roads_and_cities,18,778526663,527488476,2,0,113,15,21,14-15,18-21,none,none,0,1,0,1,0,1,3,12,8,20,5,27.5,25.199999999999996,0.0,25.199999999999996,4,3,2,9,2
roads_and_cities,18,778526663,527488476,3,0,113,12,43,7-12,34-43,none,none,0,1,1,0,0,1,3,11,8,19,4,25.0,22.999999999999996,0.0,22.999999999999996,14,1,0,2,2
roads_and_cities,18,778526663,527488476,4,0,113,24,30,20-24,25-30,none,none,0,0,1,1,1,0,3,10,11,21,5,28.5,23.5,0.0,23.5,5,6,5,3,2
roads_and_cities,19,185773678,518352914,1,1,61,12,29,7-12,19-29,none,none,0,0,0,2,0,1,3,12,9,21,5,28.5,24.3,0.0,24.3,3,4,5,5,4
roads_and_cities,19,185773678,518352914,2,0,61,34,46,31-34,43-46,none,generic_3to1,1,0,0,0,1,1,2,12,7,19,4,25.0,24.599999999999998,1.9000000000000001,24.599999999999998,4,3,0,2,10
roads_and_cities,19,185773678,518352914,3,0,61,24,1,20-24,0-1,none,none,0,0,0,0,2,1,3,11,7,18,4,24.0,23.599999999999998,0.0,23.599999999999998,4,2,0,8,4
roads_and_cities,19,185773678,518352914,4,0,61,25,44,15-25,41-44,none,none,0,0,1,1,1,0,3,12,10,22,5,29.5,24.7,0.0,24.7,8,3,5,2,4
roads_and_cities,20,649421745,1115950379,1,0,134,18,29,8-18,19-29,none,none,0,0,1,1,1,0,3,12,9,21,5,28.5,26.6,0.0,26.6,3,3,2,8,5
roads_and_cities,20,649421745,1115950379,2,1,134,2,43,1-2,34-43,none,none,0,1,1,1,0,0,3,11,10,21,5,28.5,26.3,0.0,26.3,7,4,1,4,5
roads_and_cities,20,649421745,1115950379,3,0,134,33,31,24-33,21-31,none,none,0,0,0,1,1,1,3,12,9,21,4,27.0,26.7,0.0,26.7,5,0,1,4,11
roads_and_cities,20,649421745,1115950379,4,0,134,20,38,12-20,30-38,none,none,0,1,2,0,0,0,3,12,11,23,4,29.0,24.5,0.0,24.5,6,8,5,0,4
roads_and_cities,21,708452615,1795269057,1,1,101,33,20,24-33,12-20,none,none,0,0,1,1,0,1,3,12,9,21,5,28.5,25.2,0.0,25.2,3,10,2,4,2
roads_and_cities,21,708452615,1795269057,2,0,101,31,41,21-31,32-41,none,none,0,1,0,0,2,0,3,11,9,20,3,24.5,24.799999999999997,0.0,24.799999999999997,3,5,0,12,0
roads_and_cities,21,708452615,1795269057,3,0,101,38,43,30-38,34-43,none,none,0,1,0,1,1,0,3,10,12,22,5,29.5,25.700000000000003,0.0,25.700000000000003,3,3,5,8,3
roads_and_cities,21,708452615,1795269057,4,0,101,1,25,0-1,15-25,none,none,0,0,2,0,1,0,3,10,10,20,5,27.5,24.7,0.0,24.7,5,8,1,2,4
roads_and_cities,22,602878526,1042032339,1,0,128,24,3,20-24,2-3,none,brick_2to1,1,1,0,1,0,0,2,11,9,20,4,26.0,23.400000000000002,0.0,23.400000000000002,5,0,4,4,7
roads_and_cities,22,602878526,1042032339,2,0,128,12,14,7-12,2-14,none,none,0,1,1,1,0,0,3,10,9,19,5,26.5,23.0,0.0,23.0,3,2,4,5,5
roads_and_cities,22,602878526,1042032339,3,0,128,25,6,15-25,6-7,none,sheep_2to1,1,1,0,0,0,1,2,9,8,17,4,23.0,22.0,0.0,22.0,6,2,0,4,5
roads_and_cities,22,602878526,1042032339,4,1,128,1,43,0-1,34-43,none,none,0,0,0,2,1,0,3,10,12,22,4,28.0,22.0,0.0,22.0,8,2,8,4,0
roads_and_cities,23,1245182509,358847448,1,0,126,7,39,6-7,38-39,none,none,0,1,0,0,0,1,2,12,7,19,4,25.0,21.8,0.0,21.8,2,5,4,0,8
roads_and_cities,23,1245182509,358847448,2,1,126,33,44,24-33,41-44,none,none,0,1,0,1,1,0,3,12,10,22,4,28.0,21.8,0.0,21.8,7,4,8,3,0
roads_and_cities,23,1245182509,358847448,3,0,126,1,25,0-1,15-25,none,none,0,1,0,0,2,0,3,10,8,18,3,22.5,21.6,0.0,21.6,4,8,0,6,0
roads_and_cities,23,1245182509,358847448,4,0,126,42,31,38-42,21-31,none,none,0,0,1,2,0,0,3,8,13,21,4,27.0,21.3,0.0,21.3,0,4,9,3,5
roads_and_cities,24,1644374017,784226196,1,0,128,20,32,12-20,29-32,none,none,0,0,0,2,0,1,3,13,10,23,4,29.0,24.099999999999998,0.0,24.099999999999998,5,4,7,0,7
roads_and_cities,24,1644374017,784226196,2,0,128,42,34,38-42,31-34,none,none,0,0,1,2,0,0,3,11,13,24,5,31.5,24.700000000000003,0.0,24.700000000000003,5,4,9,3,3
roads_and_cities,24,1644374017,784226196,3,0,128,8,30,1-8,25-30,none,none,0,1,0,1,0,1,3,9,10,19,5,26.5,22.5,0.0,22.5,2,2,5,3,7
roads_and_cities,24,1644374017,784226196,4,1,128,44,15,41-44,14-15,none,none,0,0,1,1,1,0,3,11,11,22,5,29.5,22.3,0.0,22.3,5,4,9,2,2
roads_and_cities,25,1619040758,65877265,1,0,126,1,23,0-1,23-24,none,generic_3to1,1,0,0,1,0,1,2,13,8,21,4,27.0,22.5,2.1,22.5,5,0,7,4,5
roads_and_cities,25,1619040758,65877265,2,1,126,33,3,24-33,2-3,none,wood_2to1,1,1,1,0,0,0,2,8,8,16,4,22.0,20.599999999999998,3.0,20.599999999999998,6,3,0,2,5
roads_and_cities,25,1619040758,65877265,3,0,126,25,14,15-25,2-14,none,none,0,0,1,1,0,1,3,9,9,18,4,24.0,20.8,0.0,20.8,3,3,4,0,8
roads_and_cities,25,1619040758,65877265,4,0,126,7,43,6-7,34-43,none,none,0,1,1,0,1,0,3,9,8,17,3,21.5,21.6,0.0,21.6,1,5,0,11,0
roads_and_cities,26,870815904,881149698,1,0,166,19,2,14-19,1-2,none,none,0,0,2,0,0,1,3,12,9,21,4,27.0,27.0,0.0,27.0,3,4,0,4,10
roads_and_cities,26,870815904,881149698,2,1,166,30,21,25-30,18-21,none,none,0,1,0,1,0,1,3,11,10,21,4,27.0,25.7,0.0,25.7,3,0,3,7,8
roads_and_cities,26,870815904,881149698,3,0,166,12,15,7-12,14-15,none,none,0,0,1,0,2,0,3,13,9,22,5,29.5,25.7,0.0,25.7,4,2,5,7,4
roads_and_cities,26,870815904,881149698,4,0,166,8,24,1-8,20-24,none,none,0,1,1,1,0,0,3,11,12,23,4,29.0,25.499999999999996,0.0,25.499999999999996,4,5,5,0,9
roads_and_cities,27,2061077104,1190644202,1,0,179,44,18,41-44,8-18,none,none,0,0,0,1,0,2,3,13,8,21,4,27.0,21.8,0.0,21.8,0,5,8,4,4
roads_and_cities,27,2061077104,1190644202,2,0,179,20,25,12-20,15-25,none,none,0,1,0,1,0,0,2,10,8,18,5,25.5,21.9,0.0,21.9,5,3,3,4,3
roads_and_cities,27,2061077104,1190644202,3,1,179,7,38,6-7,30-38,none,none,0,1,0,0,2,0,3,11,8,19,4,25.0,21.499999999999996,0.0,21.499999999999996,5,0,5,3,6
roads_and_cities,27,2061077104,1190644202,4,0,179,34,2,31-34,1-2,none,none,0,1,1,0,0,1,3,10,8,18,5,25.5,21.0,0.0,21.0,4,5,4,4,1
roads_and_cities,28,485147340,562005788,1,1,149,42,44,38-42,41-44,none,none,0,0,1,0,2,0,3,12,7,19,3,23.5,25.0,0.0,25.0,0,1,0,11,7
roads_and_cities,28,485147340,562005788,2,0,149,15,1,14-15,0-1,none,none,0,1,0,2,0,0,3,9,12,21,5,28.5,21.9,0.0,21.9,3,2,9,2,5
roads_and_cities,28,485147340,562005788,3,0,149,12,21,7-12,18-21,none,none,0,1,0,1,1,0,3,11,9,20,4,26.0,21.8,0.0,21.8,9,4,4,3,0
roads_and_cities,28,485147340,562005788,4,0,149,24,29,20-24,19-29,none,none,0,0,0,1,1,1,3,10,10,20,4,26.0,23.0,0.0,23.0,7,0,4,5,4
roads_and_cities,29,326915759,1485336377,1,1,109,8,42,1-8,38-42,none,none,0,1,1,1,0,0,3,12,10,22,5,29.5,26.9,0.0,26.9,2,5,3,3,9
roads_and_cities,29,326915759,1485336377,2,0,109,21,50,18-21,44-50,none,generic_3to1,1,0,1,0,1,0,2,11,9,20,4,26.0,24.8,2.0,24.8,5,7,0,4,4
roads_and_cities,29,326915759,1485336377,3,0,109,25,0,15-25,0-1,none,none,0,0,0,0,0,2,2,10,8,18,4,24.0,23.599999999999998,0.0,23.599999999999998,2,4,0,4,8
roads_and_cities,29,326915759,1485336377,4,0,109,19,43,14-19,34-43,none,none,0,0,0,0,2,0,2,10,9,19,2,22.0,23.0,0.0,23.0,7,0,0,12,0
roads_and_cities,30,1242089248,129007523,1,0,190,21,12,18-21,7-12,none,none,0,1,0,0,1,1,3,10,8,18,4,24.0,23.0,0.0,23.0,5,4,0,2,7
roads_and_cities,30,1242089248,129007523,2,1,190,15,42,14-15,38-42,none,none,0,1,1,1,0,0,3,9,9,18,5,25.5,21.8,0.0,21.8,3,2,4,4,5
roads_and_cities,30,1242089248,129007523,3,0,190,32,24,29-32,20-24,none,none,0,1,1,1,0,0,3,10,10,20,4,26.0,22.7,0.0,22.7,8,4,3,0,5
roads_and_cities,30,1242089248,129007523,4,0,190,43,2,34-43,1-2,none,none,0,1,0,0,2,0,3,10,9,19,4,25.0,23.599999999999998,0.0,23.599999999999998,2,3,2,12,0
roads_and_cities,31,52734659,2016822975,1,0,115,2,19,1-2,14-19,none,none,0,1,1,0,1,0,3,12,9,21,4,27.0,25.999999999999996,0.0,25.999999999999996,4,8,0,6,3
roads_and_cities,31,52734659,2016822975,2,0,115,8,38,1-8,30-38,none,none,0,0,1,1,0,1,3,13,11,24,4,30.0,25.099999999999998,0.0,25.099999999999998,9,8,5,0,2
roads_and_cities,31,52734659,2016822975,3,1,115,32,15,29-32,14-15,none,none,0,0,0,1,2,0,3,10,9,19,5,26.5,23.099999999999998,0.0,23.099999999999998,4,4,3,6,2
roads_and_cities,31,52734659,2016822975,4,0,115,21,12,18-21,7-12,none,none,0,1,0,0,2,0,3,13,9,22,3,26.5,22.9,0.0,22.9,12,0,5,5,0
roads_and_cities,32,332524003,917477150,1,0,151,14,18,2-14,8-18,none,none,0,1,0,2,0,0,3,13,13,26,3,30.5,24.9,0.0,24.9,12,0,9,5,0
roads_and_cities,32,332524003,917477150,2,0,151,29,12,19-29,7-12,none,none,0,1,1,1,0,0,3,13,11,24,4,30.0,24.499999999999996,0.0,24.499999999999996,3,3,9,9,0
roads_and_cities,32,332524003,917477150,3,1,151,42,1,38-42,0-1,none,none,0,1,1,1,0,0,3,9,11,20,5,27.5,23.299999999999997,0.0,23.299999999999997,4,2,5,6,3
roads_and_cities,32,332524003,917477150,4,0,151,25,33,15-25,24-33,none,none,0,1,0,1,0,1,3,9,9,18,5,25.5,23.9,0.0,23.9,3,2,1,7,5
roads_and_cities,33,718349404,1001662401,1,1,221,12,29,7-12,19-29,none,none,0,0,1,1,0,1,3,11,9,20,5,27.5,22.7,0.0,22.7,7,2,5,4,2
roads_and_cities,33,718349404,1001662401,2,0,221,8,16,1-8,15-16,none,wood_2to1,1,0,1,1,0,0,2,9,9,18,5,25.5,21.2,1.5,21.2,3,5,4,4,2
roads_and_cities,33,718349404,1001662401,3,0,221,44,14,41-44,2-14,none,none,0,0,0,1,1,1,3,9,10,19,4,25.0,22.2,0.0,22.2,5,0,4,7,3
roads_and_cities,33,718349404,1001662401,4,0,221,25,23,15-25,23-24,none,generic_3to1,1,1,0,0,1,0,2,10,9,19,4,25.0,23.599999999999998,1.9000000000000001,23.599999999999998,4,8,0,5,2
roads_and_cities,34,1533613005,118852279,1,0,112,24,37,20-24,33-37,none,none,0,1,1,0,0,0,2,11,8,19,4,25.0,23.4,0.0,23.4,10,3,0,4,2
roads_and_cities,34,1533613005,118852279,2,0,112,30,15,25-30,14-15,none,none,0,0,0,1,1,1,3,13,10,23,5,30.5,23.0,0.0,23.0,4,4,10,2,3
roads_and_cities,34,1533613005,118852279,3,0,112,19,34,14-19,31-34,none,none,0,0,1,1,0,1,3,12,10,22,5,29.5,22.0,0.0,22.0,4,3,10,3,2
roads_and_cities,34,1533613005,118852279,4,1,112,32,11,29-32,11-12,none,sheep_2to1,1,0,1,0,1,0,2,13,9,22,4,28.0,23.5,2.5,23.5,8,5,5,4,0
roads_and_cities,35,1440402319,565756523,1,0,119,24,14,20-24,2-14,none,none,0,1,1,1,0,0,3,10,8,18,5,25.5,23.1,0.0,23.1,7,2,1,5,3
roads_and_cities,35,1440402319,565756523,2,0,119,31,41,21-31,32-41,none,none,0,1,1,0,1,0,3,10,9,19,3,23.5,22.200000000000003,0.0,22.200000000000003,5,10,0,4,0
roads_and_cities,35,1440402319,565756523,3,1,119,1,29,0-1,19-29,none,none,0,1,0,0,2,0,3,10,9,19,5,26.5,24.1,0.0,24.1,5,5,1,4,4
roads_and_cities,35,1440402319,565756523,4,0,119,25,7,15-25,6-7,none,none,0,0,1,2,0,0,3,10,13,23,4,29.0,22.599999999999998,0.0,22.599999999999998,8,5,8,2,0
roads_and_cities,36,1411758002,250696210,1,1,157,38,12,30-38,7-12,none,none,0,0,0,2,0,1,3,12,9,21,4,27.0,24.8,0.0,24.8,4,0,4,8,5
roads_and_cities,36,1411758002,250696210,2,0,157,43,21,34-43,18-21,none,none,0,0,0,1,0,2,3,11,9,20,4,26.0,23.7,0.0,23.7,2,5,3,0,10
roads_and_cities,36,1411758002,250696210,3,0,157,8,2,1-8,1-2,none,none,0,1,0,1,1,0,3,11,10,21,4,27.0,23.599999999999998,0.0,23.599999999999998,10,0,4,2,5
roads_and_cities,36,1411758002,250696210,4,0,157,25,33,15-25,24-33,none,none,0,0,1,1,1,0,3,11,11,22,4,28.0,24.3,0.0,24.3,4,12,3,3,0
roads_and_cities,37,393430179,152221923,1,1,177,15,12,14-15,7-12,none,none,0,0,0,2,0,1,3,12,9,21,4,27.0,25.0,0.0,25.0,3,0,4,4,10
roads_and_cities,37,393430179,152221923,2,0,177,8,41,1-8,32-41,none,none,0,1,1,1,0,0,3,11,9,20,5,27.5,24.6,0.0,24.6,8,2,2,3,5
roads_and_cities,37,393430179,152221923,3,0,177,2,26,1-2,25-26,none,brick_2to1,1,1,0,0,1,0,2,12,9,21,4,27.0,24.0,0.0,24.0,8,0,4,4,5
roads_and_cities,37,393430179,152221923,4,0,177,38,43,30-38,34-43,none,none,0,1,0,0,1,1,3,11,9,20,5,27.5,23.799999999999997,0.0,23.799999999999997,10,4,2,1,3
roads_and_cities,38,1808726707,1842631090,1,0,147,1,20,0-1,12-20,none,none,0,1,0,2,0,0,3,12,10,22,5,29.5,25.1,0.0,25.1,5,4,5,3,5
roads_and_cities,38,1808726707,1842631090,2,0,147,43,19,34-43,14-19,none,none,0,1,0,1,1,0,3,12,11,23,4,29.0,25.9,0.0,25.9,7,0,5,6,5
roads_and_cities,38,1808726707,1842631090,3,1,147,33,41,24-33,32-41,none,none,0,1,1,0,0,1,3,12,8,20,4,26.0,24.999999999999996,0.0,24.999999999999996,9,2,0,7,2
roads_and_cities,38,1808726707,1842631090,4,0,147,31,30,21-31,25-30,none,none,0,0,1,1,0,1,3,12,11,23,4,29.0,24.099999999999998,0.0,24.099999999999998,12,4,5,0,2
roads_and_cities,39,901304238,1115247367,1,0,116,32,20,29-32,12-20,none,none,0,1,0,1,0,1,3,13,9,22,4,28.0,26.9,0.0,26.9,3,0,3,4,12
roads_and_cities,39,901304238,1115247367,2,0,116,18,15,8-18,14-15,none,none,0,0,1,1,1,0,3,12,8,20,5,27.5,24.799999999999997,0.0,24.799999999999997,4,5,2,1,8
roads_and_cities,39,901304238,1115247367,3,0,116,43,33,34-43,24-33,none,none,0,1,0,1,1,0,3,11,10,21,4,27.0,24.3,0.0,24.3,10,0,3,4,4
roads_and_cities,39,901304238,1115247367,4,1,116,38,2,30-38,1-2,none,none,0,1,1,1,0,0,3,11,13,24,4,30.0,26.0,0.0,26.0,9,7,4,4,0
roads_and_cities,40,1969700810,136779594,1,0,124,29,18,19-29,8-18,none,none,0,0,0,1,0,2,3,12,8,20,3,24.5,23.5,0.0,23.5,4,0,3,0,13
roads_and_cities,40,1969700810,136779594,2,0,124,2,33,1-2,24-33,none,none,0,1,0,1,1,0,3,12,8,20,4,26.0,22.7,0.0,22.7,1,4,5,10,0
roads_and_cities,40,1969700810,136779594,3,0,124,12,43,7-12,34-43,none,none,0,0,1,0,1,0,2,10,9,19,4,25.0,23.599999999999998,0.0,23.599999999999998,3,9,0,5,2
roads_and_cities,40,1969700810,136779594,4,1,124,42,15,38-42,14-15,none,none,0,2,0,0,1,0,3,11,10,21,4,27.0,24.599999999999998,0.0,24.599999999999998,5,0,4,7,5
roads_and_cities,41,1636471393,1426894585,1,0,95,24,30,20-24,25-30,none,none,0,0,1,1,1,0,3,12,8,20,5,27.5,23.3,0.0,23.3,5,1,5,2,7
roads_and_cities,41,1636471393,1426894585,2,0,95,34,32,31-34,29-32,none,none,0,0,1,2,0,0,3,10,12,22,4,28.0,22.4,0.0,22.4,0,8,8,2,4
roads_and_cities,41,1636471393,1426894585,3,1,95,2,44,1-2,41-44,none,none,0,0,2,1,0,0,3,10,12,22,5,29.5,24.5,0.0,24.5,5,7,5,3,2
roads_and_cities,41,1636471393,1426894585,4,0,95,42,15,38-42,14-15,none,none,0,2,1,0,0,0,3,12,10,22,4,28.0,23.5,0.0,23.5,9,4,5,4,0
roads_and_cities,42,478163327,107420369,1,0,139,7,29,6-7,19-29,none,none,0,1,0,1,1,0,3,11,9,20,4,26.0,23.4,0.0,23.4,1,4,4,11,0
roads_and_cities,42,478163327,107420369,2,0,139,33,41,24-33,32-41,none,none,0,0,0,2,0,1,3,10,12,22,4,28.0,22.7,0.0,22.7,3,0,9,5,5
roads_and_cities,42,478163327,107420369,3,1,139,25,20,15-25,12-20,none,none,0,0,2,0,0,1,3,11,8,19,5,26.5,23.2,0.0,23.2,5,6,2,4,2
roads_and_cities,42,478163327,107420369,4,0,139,43,1,34-43,0-1,none,none,0,1,0,1,1,0,3,9,9,18,5,25.5,22.7,0.0,22.7,8,3,1,3,3
roads_and_cities,43,165578901,1228722198,1,0,103,33,0,24-33,0-1,none,none,0,0,0,0,1,1,2,12,7,19,4,25.0,24.599999999999998,0.0,24.599999999999998,4,3,0,9,3
roads_and_cities,43,165578901,1228722198,2,0,103,8,43,1-8,34-43,none,none,0,2,0,1,0,0,3,11,10,21,4,27.0,24.4,0.0,24.4,6,0,4,6,5
roads_and_cities,43,165578901,1228722198,3,1,103,2,42,1-2,38-42,none,none,0,0,0,1,1,1,3,10,10,20,4,26.0,22.7,0.0,22.7,5,0,5,5,5
roads_and_cities,43,165578901,1228722198,4,0,103,21,15,18-21,14-15,none,none,0,2,0,1,0,0,3,11,11,22,4,28.0,22.7,0.0,22.7,7,3,7,0,5
roads_and_cities,44,1754648232,501031174,1,0,194,41,0,32-41,0-1,none,none,0,1,0,0,1,0,2,12,6,18,4,24.0,23.4,0.0,23.4,3,4,0,3,8
roads_and_cities,44,1754648232,501031174,2,1,194,15,37,14-15,33-37,none,none,0,1,0,1,0,0,2,11,9,20,4,26.0,21.7,0.0,21.7,8,2,5,5,0
roads_and_cities,44,1754648232,501031174,3,0,194,34,19,31-34,14-19,none,none,0,0,1,0,2,0,3,11,7,18,5,25.5,23.0,0.0,23.0,4,2,2,5,5
roads_and_cities,44,1754648232,501031174,4,0,194,7,2,6-7,1-2,none,none,0,2,0,0,1,0,3,12,10,22,3,26.5,23.6,0.0,23.6,12,0,4,6,0
roads_and_cities,45,1167696004,1793969994,1,0,112,21,0,18-21,0-1,none,none,0,1,0,0,0,1,2,12,8,20,4,26.0,25.599999999999998,0.0,25.599999999999998,4,4,0,5,7
roads_and_cities,45,1167696004,1793969994,2,0,112,34,42,31-34,38-42,none,none,0,1,0,0,2,0,3,13,9,22,3,26.5,26.199999999999996,0.0,26.199999999999996,5,8,0,9,0
roads_and_cities,45,1167696004,1793969994,3,0,112,7,15,6-7,14-15,none,none,0,0,1,1,0,1,3,11,10,21,5,28.5,25.7,0.0,25.7,2,5,3,5,6
roads_and_cities,45,1167696004,1793969994,4,1,112,32,2,29-32,1-2,none,none,0,2,1,0,0,0,3,11,11,22,4,28.0,27.400000000000002,0.0,27.400000000000002,6,5,0,8,3
roads_and_cities,46,328063601,1717962873,1,0,135,32,6,29-32,6-7,none,generic_3to1,1,0,0,1,0,1,2,12,9,21,5,28.5,24.6,2.1,24.6,5,4,4,3,5
roads_and_cities,46,328063601,1717962873,2,0,135,34,21,31-34,18-21,none,none,0,0,1,1,1,0,3,12,9,21,5,28.5,22.2,0.0,22.2,5,2,8,3,3
roads_and_cities,46,328063601,1717962873,3,1,135,12,2,7-12,1-2,none,none,0,2,0,0,1,0,3,9,8,17,4,23.0,22.599999999999998,0.0,22.599999999999998,3,2,0,7,5
roads_and_cities,46,328063601,1717962873,4,0,135,38,15,30-38,14-15,none,none,0,0,1,0,2,0,3,11,8,19,4,25.0,22.099999999999998,0.0,22.099999999999998,4,5,3,7,0
roads_and_cities,47,1511168161,268543586,1,0,102,44,14,41-44,2-14,none,none,0,0,0,1,0,2,3,11,8,19,5,26.5,24.0,0.0,24.0,5,2,2,4,6
roads_and_cities,47,1511168161,268543586,2,1,102,33,25,24-33,15-25,none,none,0,1,1,0,0,1,3,12,9,21,5,28.5,24.7,0.0,24.7,7,5,3,5,1
roads_and_cities,47,1511168161,268543586,3,0,102,31,18,21-31,8-18,none,none,0,1,1,0,0,1,3,11,9,20,4,26.0,25.0,0.0,25.0,10,1,0,4,5
roads_and_cities,47,1511168161,268543586,4,0,102,1,7,0-1,6-7,none,none,0,0,1,0,1,1,3,11,9,20,4,26.0,25.599999999999998,0.0,25.599999999999998,0,1,2,4,13
roads_and_cities,48,1354862962,566469534,1,0,116,31,2,21-31,1-2,none,none,0,1,0,1,1,0,3,12,9,21,4,27.0,23.3,0.0,23.3,8,0,5,3,5
roads_and_cities,48,1354862962,566469534,2,0,116,44,26,41-44,25-26,none,generic_3to1,1,0,0,0,0,2,2,12,8,20,3,24.5,24.799999999999997,2.0,24.799999999999997,8,0,0,4,8
roads_and_cities,48,1354862962,566469534,3,0,116,15,42,14-15,38-42,none,none,0,0,1,0,2,0,3,9,8,17,4,23.0,22.499999999999996,0.0,22.499999999999996,0,2,1,9,5
roads_and_cities,48,1354862962,566469534,4,1,116,33,29,24-33,19-29,none,none,0,0,0,1,1,1,3,12,8,20,5,27.5,22.9,0.0,22.9,4,4,5,2,5
roads_and_cities,49,287264509,1478885609,1,0,86,14,1,2-14,0-1,none,none,0,1,1,1,0,0,3,12,10,22,5,29.5,25.3,0.0,25.3,2,6,5,5,4
roads_and_cities,49,287264509,1478885609,2,1,86,33,50,24-33,44-50,none,generic_3to1,1,0,0,1,1,0,2,11,8,19,5,26.5,22.8,1.9000000000000001,22.8,2,4,4,4,5
roads_and_cities,49,287264509,1478885609,3,0,86,30,43,25-30,34-43,none,none,0,1,1,0,1,0,3,12,7,19,5,26.5,22.7,0.0,22.7,2,1,5,7,4
roads_and_cities,49,287264509,1478885609,4,0,86,21,3,18-21,2-3,none,generic_3to1,1,1,0,0,1,0,2,9,7,16,5,23.5,19.9,1.6,19.9,2,4,3,5,2
roads_and_cities,50,2136903265,1143207437,1,0,118,30,1,25-30,0-1,none,none,0,0,1,1,1,0,3,13,8,21,5,28.5,26.7,0.0,26.7,4,5,1,7,4
roads_and_cities,50,2136903265,1143207437,2,1,118,19,39,14-19,38-39,none,none,0,0,0,0,1,1,2,12,8,20,4,26.0,25.599999999999998,0.0,25.599999999999998,3,5,0,5,7
roads_and_cities,50,2136903265,1143207437,3,0,118,42,15,38-42,14-15,none,none,0,0,0,1,1,1,3,11,10,21,5,28.5,24.8,0.0,24.8,4,4,4,2,7
roads_and_cities,50,2136903265,1143207437,4,0,118,33,32,24-33,29-32,none,none,0,3,0,0,0,0,3,10,10,20,4,26.0,22.8,0.0,22.8,10,5,2,3,0
roads_and_cities,51,1045900815,695516342,1,1,101,20,16,12-20,15-16,none,generic_3to1,1,2,0,0,0,0,2,12,9,21,3,25.5,22.0,2.1,22.0,14,0,4,3,0
roads_and_cities,51,1045900815,695516342,2,0,101,38,8,30-38,1-8,none,none,0,1,0,1,0,1,3,10,9,19,5,26.5,23.2,0.0,23.2,1,3,4,7,4
roads_and_cities,51,1045900815,695516342,3,0,101,14,44,2-14,41-44,none,none,0,0,1,0,0,2,3,11,8,19,4,25.0,22.7,0.0,22.7,4,2,3,0,10
roads_and_cities,51,1045900815,695516342,4,0,101,34,25,31-34,15-25,none,none,0,1,0,1,1,0,3,9,10,19,5,26.5,22.3,0.0,22.3,10,2,3,2,2
roads_and_cities,52,1152412589,234172997,1,0,131,30,0,25-30,0-1,none,none,0,0,0,0,2,0,2,12,7,19,4,25.0,24.4,0.0,24.4,3,5,0,7,4
roads_and_cities,52,1152412589,234172997,2,0,131,42,39,38-42,38-39,none,none,0,1,0,0,1,0,2,13,7,20,4,26.0,22.8,0.0,22.8,3,5,4,8,0
roads_and_cities,52,1152412589,234172997,3,1,131,7,32,6-7,29-32,none,none,0,0,1,1,0,1,3,11,8,19,5,26.5,23.599999999999998,0.0,23.599999999999998,4,5,2,7,1
roads_and_cities,52,1152412589,234172997,4,0,131,2,15,1-2,14-15,none,none,0,0,1,0,0,2,3,11,8,19,4,25.0,22.7,0.0,22.7,0,6,3,5,5
roads_and_cities,53,927942303,1960597680,1,0,134,25,46,15-25,43-46,none,brick_2to1,1,0,1,0,0,1,2,13,7,20,4,26.0,25.8,1.0,25.8,5,2,0,4,9
roads_and_cities,53,927942303,1960597680,2,1,134,29,21,19-29,18-21,none,none,0,2,0,1,0,0,3,12,11,23,4,29.0,25.6,0.0,25.6,12,0,4,3,4
roads_and_cities,53,927942303,1960597680,3,0,134,7,44,6-7,41-44,none,none,0,0,1,1,0,1,3,10,9,19,5,26.5,23.5,0.0,23.5,2,4,3,5,5
roads_and_cities,53,927942303,1960597680,4,0,134,14,16,2-14,15-16,none,wood_2to1,1,0,0,0,1,1,2,11,8,19,3,23.5,23.1,0.0,23.1,0,0,3,4,12
roads_and_cities,54,590463589,1885222961,1,0,107,7,43,6-7,34-43,none,none,0,1,0,0,1,1,3,11,8,19,4,25.0,25.0,0.0,25.0,2,3,0,10,4
roads_and_cities,54,590463589,1885222961,2,0,107,32,33,29-32,24-33,none,none,0,1,0,1,1,0,3,10,10,20,4,26.0,23.0,0.0,23.0,7,0,4,8,1
roads_and_cities,54,590463589,1885222961,3,1,107,25,1,15-25,0-1,none,none,0,1,0,1,1,0,3,10,10,20,5,27.5,24.8,0.0,24.8,4,5,2,5,4
roads_and_cities,54,590463589,1885222961,4,0,107,18,38,8-18,30-38,none,none,0,0,0,1,1,1,3,11,10,21,4,27.0,25.400000000000002,0.0,25.400000000000002,8,0,2,4,7
roads_and_cities,55,388006705,842873520,1,0,151,20,25,12-20,15-25,none,none,0,0,1,1,1,0,3,12,10,22,5,29.5,26.1,0.0,26.1,3,1,5,8,5
roads_and_cities,55,388006705,842873520,2,0,151,7,11,6-7,11-12,none,ore_2to1,1,0,0,0,1,1,2,11,8,19,3,23.5,24.4,2.5,24.4,4,0,0,10,5
roads_and_cities,55,388006705,842873520,3,1,151,33,18,24-33,8-18,none,none,0,1,1,0,1,0,3,12,9,21,4,27.0,23.3,0.0,23.3,6,2,5,8,0
roads_and_cities,55,388006705,842873520,4,0,151,1,23,0-1,23-24,none,generic_3to1,1,0,0,0,1,1,2,11,9,20,4,26.0,25.0,2.0,25.0,4,7,0,4,5
roads_and_cities,56,49376573,2034405272,1,0,115,41,26,32-41,25-26,none,wood_2to1,1,2,0,0,0,0,2,12,9,21,3,25.5,25.199999999999996,4.5,25.199999999999996,9,3,0,9,0
roads_and_cities,56,49376573,2034405272,2,0,115,1,15,0-1,14-15,none,none,0,1,0,1,1,0,3,11,10,21,5,28.5,24.4,0.0,24.4,7,3,4,2,5
roads_and_cities,56,49376573,2034405272,3,1,115,30,18,25-30,8-18,none,none,0,0,2,0,0,1,3,13,8,21,5,28.5,24.4,0.0,24.4,5,5,4,4,3
roads_and_cities,56,49376573,2034405272,4,0,115,34,3,31-34,2-3,none,generic_3to1,1,0,0,0,1,1,2,12,7,19,5,26.5,21.9,1.9000000000000001,21.9,4,3,5,2,5
roads_and_cities,57,182818357,1579483714,1,0,130,29,6,19-29,6-7,none,generic_3to1,1,2,0,0,0,0,2,13,8,21,3,25.5,26.0,2.1,26.0,8,0,0,4,9
roads_and_cities,57,182818357,1579483714,2,1,130,42,8,38-42,1-8,none,none,0,2,0,0,1,0,3,12,8,20,4,26.0,25.2,0.0,25.2,7,3,0,1,9
roads_and_cities,57,182818357,1579483714,3,0,130,14,23,2-14,23-24,none,generic_3to1,1,0,0,1,1,0,2,11,8,19,5,26.5,23.5,1.9000000000000001,23.5,2,4,3,5,5
roads_and_cities,57,182818357,1579483714,4,0,130,44,12,41-44,7-12,none,none,0,1,0,0,2,0,3,12,9,21,4,27.0,24.999999999999996,0.0,24.999999999999996,3,0,4,9,5
roads_and_cities,58,846782629,883577855,1,1,113,18,33,8-18,24-33,none,none,0,1,0,1,0,1,3,13,9,22,5,29.5,26.5,0.0,26.5,4,5,3,4,6
roads_and_cities,58,846782629,883577855,2,0,113,20,41,12-20,32-41,none,none,0,0,1,1,1,0,3,12,9,21,4,27.0,22.9,0.0,22.9,5,5,5,6,0
roads_and_cities,58,846782629,883577855,3,0,113,31,15,21-31,14-15,none,none,0,0,0,2,1,0,3,12,12,24,4,30.0,24.0,0.0,24.0,0,5,10,5,4
roads_and_cities,58,846782629,883577855,4,0,113,2,43,1-2,34-43,none,none,0,2,1,0,0,0,3,12,11,23,4,29.0,24.8,0.0,24.8,6,10,4,3,0
roads_and_cities,59,962869285,363394191,1,1,121,44,24,41-44,20-24,none,none,0,0,1,1,1,0,3,12,9,21,5,28.5,24.299999999999997,0.0,24.299999999999997,4,3,5,1,8
roads_and_cities,59,962869285,363394191,2,0,121,12,2,7-12,1-2,none,none,0,0,2,1,0,0,3,11,10,21,4,27.0,23.5,0.0,23.5,4,10,3,4,0
roads_and_cities,59,962869285,363394191,3,0,121,8,34,1-8,31-34,none,none,0,1,0,1,1,0,3,12,11,23,4,29.0,24.099999999999998,0.0,24.099999999999998,11,5,5,2,0
roads_and_cities,59,962869285,363394191,4,0,121,25,38,15-25,30-38,none,none,0,0,0,1,1,1,3,10,9,19,4,25.0,23.099999999999998,0.0,23.099999999999998,4,0,3,10,2
roads_and_cities,60,1322019967,1217283321,1,0,100,2,39,1-2,38-39,none,none,0,1,0,0,1,0,2,12,8,20,3,24.5,24.800000000000004,0.0,24.800000000000004,8,0,0,8,4
roads_and_cities,60,1322019967,1217283321,2,0,100,34,19,31-34,14-19,none,none,0,0,0,1,1,1,3,12,10,22,4,28.0,25.8,0.0,25.8,0,5,4,5,8
roads_and_cities,60,1322019967,1217283321,3,0,100,42,7,38-42,6-7,none,none,0,1,2,0,0,0,3,10,10,20,5,27.5,25.3,0.0,25.3,2,8,1,5,4
roads_and_cities,60,1322019967,1217283321,4,1,100,44,21,41-44,18-21,none,none,0,1,1,0,1,0,3,10,9,19,4,25.0,24.2,0.0,24.2,4,5,0,2,8
roads_and_cities,61,2123807367,780417836,1,0,115,38,16,30-38,15-16,none,wood_2to1,1,0,0,1,1,0,2,11,9,20,4,26.0,22.3,2.5,22.3,5,2,5,8,0
roads_and_cities,61,2123807367,780417836,2,0,115,25,29,15-25,19-29,none,none,0,1,0,0,2,0,3,11,7,18,2,21.0,22.0,0.0,22.0,6,0,0,12,0
roads_and_cities,61,2123807367,780417836,3,1,115,41,1,32-41,0-1,none,none,0,0,0,1,1,1,3,12,10,22,3,26.5,22.5,0.0,22.5,0,0,9,7,6
roads_and_cities,61,2123807367,780417836,4,0,115,33,43,24-33,34-43,none,none,0,1,0,1,0,1,3,10,11,21,4,27.0,23.3,0.0,23.3,2,6,5,0,8
roads_and_cities,62,743144841,279835464,1,0,110,8,14,1-8,2-14,none,none,0,1,1,1,0,0,3,12,11,23,5,30.5,26.3,0.0,26.3,3,6,5,5,4
roads_and_cities,62,743144841,279835464,2,1,110,25,29,15-25,19-29,none,none,0,1,0,0,1,1,3,12,8,20,4,26.0,25.0,0.0,25.0,6,5,0,5,4
roads_and_cities,62,743144841,279835464,3,0,110,38,21,30-38,18-21,none,none,0,1,0,0,2,0,3,12,8,20,5,27.5,24.5,0.0,24.5,2,5,3,6,4
roads_and_cities,62,743144841,279835464,4,0,110,12,41,7-12,32-41,none,none,0,0,0,1,0,2,3,10,10,20,5,27.5,23.5,0.0,23.5,2,3,5,5,5
roads_and_cities,63,1911858404,1907949923,1,0,176,33,23,24-33,23-24,none,generic_3to1,1,1,0,0,0,1,2,13,6,19,4,25.0,23.0,1.9000000000000001,23.0,1,0,4,4,10
roads_and_cities,63,1911858404,1907949923,2,0,176,21,42,18-21,38-42,none,none,0,1,0,1,0,1,3,11,8,19,5,26.5,23.299999999999997,0.0,23.299999999999997,3,4,3,7,2
roads_and_cities,63,1911858404,1907949923,3,0,176,7,43,6-7,34-43,none,none,0,0,0,2,0,1,3,13,12,25,4,31.0,22.3,0.0,22.3,5,4,13,0,3
roads_and_cities,63,1911858404,1907949923,4,1,176,29,25,19-29,15-25,none,none,0,1,1,0,1,0,3,11,9,20,3,24.5,23.4,0.0,23.4,13,2,0,5,0
roads_and_cities,64,2045084184,536230913,1,1,141,42,7,38-42,6-7,none,none,0,0,2,1,0,0,3,11,10,21,5,28.5,24.2,0.0,24.2,5,6,4,2,4
roads_and_cities,64,2045084184,536230913,2,0,141,15,44,14-15,41-44,none,none,0,0,0,0,1,2,3,13,8,21,4,27.0,24.799999999999997,0.0,24.799999999999997,4,0,4,1,12
roads_and_cities,64,2045084184,536230913,3,0,141,34,19,31-34,14-19,none,none,0,2,0,0,0,0,2,10,9,19,4,25.0,23.8,0.0,23.8,9,2,0,5,3
roads_and_cities,64,2045084184,536230913,4,0,141,32,21,29-32,18-21,none,none,0,1,2,0,0,0,3,10,10,20,4,26.0,24.2,0.0,24.2,10,5,0,2,3
roads_and_cities,65,1781311907,1240577552,1,0,115,14,6,2-14,6-7,none,generic_3to1,1,0,1,0,0,1,2,12,7,19,3,23.5,23.799999999999997,1.9000000000000001,23.799999999999997,0,7,0,7,5
roads_and_cities,65,1781311907,1240577552,2,0,115,33,25,24-33,15-25,none,none,0,0,0,1,1,1,3,12,8,20,5,27.5,24.799999999999997,0.0,24.799999999999997,5,4,2,6,3
roads_and_cities,65,1781311907,1240577552,3,1,115,1,16,0-1,15-16,none,brick_2to1,1,0,1,0,0,1,2,11,8,19,3,23.5,24.199999999999996,2.5,24.199999999999996,0,5,0,6,8
roads_and_cities,65,1781311907,1240577552,4,0,115,44,31,41-44,21-31,none,none,0,1,1,0,0,1,3,13,9,22,4,28.0,24.8,0.0,24.8,6,4,4,0,8
roads_and_cities,66,304122021,1339971599,1,0,132,30,34,25-30,31-34,none,none,0,0,1,1,0,1,3,13,8,21,5,28.5,24.9,0.0,24.9,4,7,3,4,3
roads_and_cities,66,304122021,1339971599,2,0,132,42,39,38-42,38-39,none,none,0,1,0,0,0,1,2,13,8,21,3,25.5,25.799999999999997,0.0,25.799999999999997,4,5,0,0,12
roads_and_cities,66,304122021,1339971599,3,0,132,32,20,29-32,12-20,none,none,0,2,0,1,0,0,3,11,11,22,4,28.0,22.8,0.0,22.8,8,5,6,0,3
roads_and_cities,66,304122021,1339971599,4,1,132,44,7,41-44,6-7,none,none,0,1,1,0,1,0,3,12,9,21,5,28.5,24.1,0.0,24.1,3,5,5,1,7
roads_and_cities,67,321236752,498617001,1,0,128,20,42,12-20,38-42,none,none,0,1,1,1,0,0,3,12,10,22,5,29.5,25.3,0.0,25.3,7,1,5,4,5
roads_and_cities,67,321236752,498617001,2,0,128,7,44,6-7,41-44,none,none,0,1,1,0,0,1,3,12,8,20,5,27.5,23.7,0.0,23.7,3,1,5,7,4
roads_and_cities,67,321236752,498617001,3,0,128,31,33,21-31,24-33,none,none,0,0,0,0,1,1,2,9,8,17,4,23.0,22.8,0.0,22.8,3,1,0,3,10
roads_and_cities,67,321236752,498617001,4,1,128,1,15,0-1,14-15,none,none,0,1,0,1,0,1,3,9,9,18,5,25.5,23.0,0.0,23.0,2,4,2,5,5
roads_and_cities,68,2003028046,476643793,1,1,141,31,39,21-31,38-39,none,none,0,0,1,0,0,1,2,13,8,21,3,25.5,25.4,0.0,25.4,8,3,0,0,10
roads_and_cities,68,2003028046,476643793,2,0,141,43,20,34-43,12-20,none,none,0,2,0,1,0,0,3,11,8,19,5,26.5,24.3,0.0,24.3,7,2,1,4,5
roads_and_cities,68,2003028046,476643793,3,0,141,33,41,24-33,32-41,none,none,0,1,1,0,0,1,3,11,9,20,4,26.0,25.2,0.0,25.2,6,4,0,5,5
roads_and_cities,68,2003028046,476643793,4,0,141,30,18,25-30,8-18,none,none,0,2,0,1,0,0,3,9,12,21,5,28.5,23.9,0.0,23.9,7,2,5,2,5
roads_and_cities,69,160222076,411618085,1,1,105,31,0,21-31,0-1,none,none,0,0,1,0,1,0,2,13,7,20,4,26.0,25.999999999999996,0.0,25.999999999999996,4,2,0,9,5
roads_and_cities,69,160222076,411618085,2,0,105,41,15,32-41,14-15,none,none,0,0,1,1,0,1,3,12,8,20,5,27.5,25.4,0.0,25.4,3,3,2,9,3
roads_and_cities,69,160222076,411618085,3,0,105,24,38,20-24,30-38,none,none,0,0,0,1,2,0,3,12,10,22,4,28.0,23.4,0.0,23.4,3,0,8,6,5
roads_and_cities,69,160222076,411618085,4,0,105,29,2,19-29,1-2,none,none,0,0,0,1,1,1,3,11,10,21,4,27.0,24.8,0.0,24.8,4,0,4,10,3
roads_and_cities,70,508668193,1263059851,1,1,145,41,19,32-41,14-19,none,none,0,0,0,1,0,2,3,12,10,22,4,28.0,25.3,0.0,25.3,4,0,5,8,5
roads_and_cities,70,508668193,1263059851,2,0,145,30,50,25-30,44-50,none,brick_2to1,1,2,0,0,0,0,2,11,9,20,4,26.0,24.599999999999998,2.0,24.599999999999998,9,4,0,5,2
roads_and_cities,70,508668193,1263059851,3,0,145,43,33,34-43,24-33,none,none,0,0,2,0,0,1,3,10,10,20,4,26.0,24.6,0.0,24.6,5,8,0,3,4
roads_and_cities,70,508668193,1263059851,4,0,145,31,2,21-31,1-2,none,none,0,1,0,1,1,0,3,9,11,20,5,27.5,23.1,0.0,23.1,4,3,5,5,3
roads_and_cities,71,1390510041,36421336,1,1,125,44,3,41-44,2-3,none,generic_3to1,1,1,0,0,0,1,2,12,7,19,3,23.5,24.4,1.9000000000000001,24.4,4,0,0,8,7
roads_and_cities,71,1390510041,36421336,2,0,125,24,7,20-24,6-7,none,none,0,0,0,2,0,1,3,12,10,22,4,28.0,24.5,0.0,24.5,0,8,5,4,5
roads_and_cities,71,1390510041,36421336,3,0,125,1,29,0-1,19-29,none,none,0,1,1,1,0,0,3,11,11,22,4,28.0,25.2,0.0,25.2,11,4,2,0,5
roads_and_cities,71,1390510041,36421336,4,0,125,15,31,14-15,21-31,none,none,0,0,1,1,0,1,3,10,11,21,5,28.5,25.8,0.0,25.8,5,5,2,2,7
roads_and_cities,72,315365087,800009450,1,1,93,20,0,12-20,0-1,none,none,0,1,0,0,0,1,2,11,7,18,3,22.5,23.0,0.0,23.0,5,0,0,4,9
roads_and_cities,72,315365087,800009450,2,0,93,34,41,31-34,32-41,none,none,0,1,1,0,1,0,3,11,9,20,4,26.0,25.799999999999997,0.0,25.799999999999997,2,5,0,9,4
roads_and_cities,72,315365087,800009450,3,0,93,25,8,15-25,1-8,none,none,0,1,0,1,0,1,3,12,11,23,4,29.0,25.3,0.0,25.3,13,4,3,0,3
roads_and_cities,72,315365087,800009450,4,0,93,29,38,19-29,30-38,none,none,0,0,2,1,0,0,3,11,13,24,3,28.5,24.4,0.0,24.4,3,17,4,0,0
roads_and_cities,73,1201798311,524890042,1,0,122,7,33,6-7,24-33,none,none,0,1,2,0,0,0,3,12,8,20,4,26.0,24.8,0.0,24.8,7,5,0,3,5
roads_and_cities,73,1201798311,524890042,2,1,122,30,18,25-30,8-18,none,none,0,1,0,1,0,1,3,13,9,22,4,28.0,24.999999999999996,0.0,24.999999999999996,2,0,6,5,9
roads_and_cities,73,1201798311,524890042,3,0,122,20,0,12-20,0-1,none,none,0,1,0,0,1,0,2,11,9,20,4,26.0,25.2,0.0,25.2,6,4,0,5,5
roads_and_cities,73,1201798311,524890042,4,0,122,2,15,1-2,14-15,none,none,0,0,0,0,1,2,3,10,9,19,3,23.5,24.799999999999997,0.0,24.799999999999997,2,0,0,7,10
roads_and_cities,74,487954598,1371261893,1,0,124,18,34,8-18,31-34,none,none,0,1,0,1,1,0,3,13,10,23,5,30.5,27.099999999999998,0.0,27.099999999999998,1,4,5,9,4
roads_and_cities,74,487954598,1371261893,2,0,124,44,39,41-44,38-39,none,none,0,1,1,0,0,0,2,12,9,21,3,25.5,25.199999999999996,0.0,25.199999999999996,7,5,0,9,0
roads_and_cities,74,487954598,1371261893,3,0,124,32,30,29-32,25-30,none,none,0,0,1,0,1,1,3,11,10,21,3,25.5,26.6,0.0,26.6,0,5,0,13,3
roads_and_cities,74,487954598,1371261893,4,1,124,42,14,38-42,2-14,none,none,0,0,1,0,0,2,3,11,10,21,4,27.0,26.799999999999997,0.0,26.799999999999997,4,4,0,7,6
roads_and_cities,75,1936365093,1875266763,1,0,162,29,41,19-29,32-41,none,none,0,2,0,0,1,0,3,12,9,21,4,27.0,24.4,0.0,24.4,6,0,4,6,5
roads_and_cities,75,1936365093,1875266763,2,1,162,25,24,15-25,20-24,none,none,0,0,0,1,2,0,3,10,10,20,4,26.0,24.7,0.0,24.7,2,0,3,7,8
roads_and_cities,75,1936365093,1875266763,3,0,162,12,38,7-12,30-38,none,none,0,1,0,0,2,0,3,11,9,20,4,26.0,23.599999999999998,0.0,23.599999999999998,2,2,4,12,0
roads_and_cities,75,1936365093,1875266763,4,0,162,43,14,34-43,2-14,none,none,0,0,1,0,0,2,3,11,9,20,4,26.0,23.8,0.0,23.8,5,5,2,0,8
roads_and_cities,76,1591528641,1989676990,1,1,157,14,18,2-14,8-18,none,none,0,1,1,1,0,0,3,11,9,20,4,26.0,22.099999999999998,0.0,22.099999999999998,8,7,3,0,2
roads_and_cities,76,1591528641,1989676990,2,0,157,7,11,6-7,11-12,none,sheep_2to1,1,0,0,0,2,0,2,11,7,18,3,22.5,21.1,1.5,21.1,4,0,3,11,0
roads_and_cities,76,1591528641,1989676990,3,0,157,20,1,12-20,0-1,none,none,0,2,0,1,0,0,3,11,11,22,3,26.5,22.0,0.0,22.0,13,0,6,3,0
roads_and_cities,76,1591528641,1989676990,4,0,157,34,44,31-34,41-44,none,none,0,0,0,1,2,0,3,9,11,20,4,26.0,22.7,0.0,22.7,5,0,5,8,2
roads_and_cities,77,1085460482,1399756255,1,0,138,18,24,8-18,20-24,none,none,0,0,0,1,2,0,3,13,8,21,4,27.0,26.2,0.0,26.2,0,4,2,10,5
roads_and_cities,77,1085460482,1399756255,2,1,138,12,6,7-12,6-7,none,generic_3to1,1,2,0,0,0,0,2,13,9,22,3,26.5,25.4,2.2,25.4,13,4,0,5,0
roads_and_cities,77,1085460482,1399756255,3,0,138,1,32,0-1,29-32,none,none,0,2,0,0,0,1,3,13,10,23,4,29.0,26.0,0.0,26.0,10,0,4,4,5
roads_and_cities,77,1085460482,1399756255,4,0,138,44,42,41-44,38-42,none,none,0,1,1,0,0,1,3,11,10,21,3,25.5,26.0,0.0,26.0,5,3,0,0,13
roads_and_cities,78,805987788,412415414,1,0,112,8,6,1-8,6-7,none,brick_2to1,1,0,1,0,1,0,2,13,7,20,3,24.5,24.0,3.5,24.0,5,7,0,8,0
roads_and_cities,78,805987788,412415414,2,0,112,14,34,2-14,31-34,none,none,0,1,0,1,0,1,3,13,9,22,5,29.5,26.6,0.0,26.6,8,4,2,4,4
roads_and_cities,78,805987788,412415414,3,0,112,21,29,18-21,19-29,none,none,0,0,0,1,1,1,3,12,8,20,4,26.0,25.5,0.0,25.5,5,0,1,4,10
roads_and_cities,78,805987788,412415414,4,1,112,24,12,20-24,7-12,none,none,0,1,1,0,0,1,3,11,10,21,4,27.0,26.8,0.0,26.8,5,3,0,5,8
roads_and_cities,79,624214061,1879062157,1,1,141,33,12,24-33,7-12,none,none,0,1,1,1,0,0,3,12,7,19,5,26.5,24.3,0.0,24.3,8,1,1,5,4
roads_and_cities,79,624214061,1879062157,2,0,141,42,44,38-42,41-44,none,none,0,0,1,0,1,1,3,12,7,19,4,25.0,24.799999999999997,0.0,24.799999999999997,4,2,0,11,2
roads_and_cities,79,624214061,1879062157,3,0,141,2,15,1-2,14-15,none,none,0,0,0,1,1,1,3,11,9,20,5,27.5,25.2,0.0,25.2,5,2,2,3,8
roads_and_cities,79,624214061,1879062157,4,0,141,29,31,19-29,21-31,none,none,0,0,1,1,0,1,3,11,10,21,5,28.5,22.4,0.0,22.4,4,2,8,3,4
roads_and_cities,80,1166045467,1691961909,1,0,104,24,34,20-24,31-34,none,none,0,0,1,1,0,0,2,12,9,21,4,27.0,23.599999999999998,0.0,23.599999999999998,0,10,4,4,3
roads_and_cities,80,1166045467,1691961909,2,0,104,21,29,18-21,19-29,none,none,0,0,1,1,0,1,3,12,9,21,4,27.0,24.3,0.0,24.3,3,7,3,0,8
roads_and_cities,80,1166045467,1691961909,3,0,104,38,2,30-38,1-2,none,none,0,1,0,1,1,0,3,12,8,20,5,27.5,23.3,0.0,23.3,1,5,5,5,4
roads_and_cities,80,1166045467,1691961909,4,1,104,12,25,7-12,15-25,none,none,0,0,2,0,1,0,3,11,10,21,4,27.0,25.400000000000002,0.0,25.400000000000002,8,7,0,3,3
roads_and_cities,81,1946843032,1452076075,1,0,188,43,7,34-43,6-7,none,none,0,1,0,1,1,0,3,12,10,22,3,26.5,24.4,0.0,24.4,8,0,4,10,0
roads_and_cities,81,1946843032,1452076075,2,0,188,31,18,21-31,8-18,none,none,0,1,1,1,0,0,3,11,10,21,4,27.0,24.8,0.0,24.8,5,6,2,8,0
roads_and_cities,81,1946843032,1452076075,3,0,188,25,41,15-25,32-41,none,none,0,0,0,1,1,1,3,10,10,20,5,27.5,24.2,0.0,24.2,2,3,4,5,6
roads_and_cities,81,1946843032,1452076075,4,1,188,33,20,24-33,12-20,none,none,0,2,0,0,1,0,3,12,10,22,3,26.5,23.9,0.0,23.9,7,0,5,10,0
roads_and_cities,82,621570035,2104092984,1,0,127,31,29,21-31,19-29,none,none,0,0,1,0,0,2,3,11,7,18,3,22.5,23.200000000000003,0.0,23.200000000000003,0,4,0,4,10
roads_and_cities,82,621570035,2104092984,2,0,127,43,25,34-43,15-25,none,none,0,1,0,1,0,1,3,12,10,22,4,28.0,24.399999999999995,0.0,24.399999999999995,5,0,6,9,2
roads_and_cities,82,621570035,2104092984,3,1,127,2,7,1-2,6-7,none,none,0,0,0,1,1,1,3,12,10,22,5,29.5,24.5,0.0,24.5,7,5,5,1,4
roads_and_cities,82,621570035,2104092984,4,0,127,18,38,8-18,30-38,none,none,0,1,1,0,1,0,3,12,8,20,5,27.5,22.7,0.0,22.7,8,1,5,2,4
roads_and_cities,83,2130974504,1975341349,1,0,111,44,19,41-44,14-19,none,none,0,0,1,0,1,1,3,13,7,20,3,24.5,26.199999999999996,0.0,26.199999999999996,0,1,0,9,10
roads_and_cities,83,2130974504,1975341349,2,0,111,15,46,14-15,43-46,none,sheep_2to1,1,0,1,0,0,1,2,11,8,19,4,25.0,24.799999999999997,0.0,24.799999999999997,2,4,0,9,4
roads_and_cities,83,2130974504,1975341349,3,1,111,33,42,24-33,38-42,none,none,0,1,1,0,1,0,3,12,9,21,4,27.0,24.499999999999996,0.0,24.499999999999996,3,6,3,9,0
roads_and_cities,83,2130974504,1975341349,4,0,111,30,32,25-30,29-32,none,none,0,1,0,0,0,2,3,11,9,20,4,26.0,23.9,0.0,23.9,6,0,3,5,6
roads_and_cities,84,1218001428,160330886,1,0,88,15,43,14-15,34-43,none,none,0,2,1,0,0,0,3,13,7,20,4,26.0,25.799999999999997,0.0,25.799999999999997,5,2,0,9,4
roads_and_cities,84,1218001428,160330886,2,0,88,30,42,25-30,38-42,none,none,0,1,0,1,0,1,3,11,11,22,4,28.0,24.7,0.0,24.7,7,0,5,4,6
roads_and_cities,84,1218001428,160330886,3,0,88,33,26,24-33,25-26,none,wheat_2to1,1,1,0,0,1,0,2,11,9,20,4,26.0,25.2,2.5,25.2,7,3,0,5,5
roads_and_cities,84,1218001428,160330886,4,1,88,2,19,1-2,14-19,none,none,0,0,0,1,2,0,3,9,10,19,3,23.5,23.800000000000004,0.0,23.800000000000004,0,0,2,13,4
roads_and_cities,85,857226971,460035328,1,0,146,14,24,2-14,20-24,none,none,0,1,1,1,0,0,3,12,10,22,5,29.5,26.400000000000002,0.0,26.400000000000002,1,5,4,8,4
roads_and_cities,85,857226971,460035328,2,1,146,42,16,38-42,15-16,none,brick_2to1,1,1,0,0,0,1,2,12,8,20,4,26.0,22.9,0.0,22.9,4,0,5,3,8
roads_and_cities,85,857226971,460035328,3,0,146,7,25,6-7,15-25,none,none,0,1,0,1,1,0,3,9,10,19,4,25.0,22.7,0.0,22.7,6,0,3,8,2
roads_and_cities,85,857226971,460035328,4,0,146,18,1,8-18,0-1,none,none,0,0,0,1,1,1,3,9,8,17,5,24.5,22.9,0.0,22.9,2,2,1,10,2
roads_and_cities,86,133288886,1363565231,1,0,146,12,26,7-12,25-26,none,generic_3to1,1,0,1,1,0,0,2,12,9,21,5,28.5,24.1,2.1,24.1,4,4,5,5,3
roads_and_cities,86,133288886,1363565231,2,1,146,24,15,20-24,14-15,none,none,0,0,1,1,1,0,3,10,10,20,5,27.5,23.299999999999997,0.0,23.299999999999997,2,4,5,6,3
roads_and_cities,86,133288886,1363565231,3,0,146,21,8,18-21,1-8,none,none,0,2,0,0,0,1,3,10,9,19,3,23.5,23.199999999999996,0.0,23.199999999999996,10,0,0,3,6
roads_and_cities,86,133288886,1363565231,4,0,146,2,38,1-2,30-38,none,none,0,0,2,1,0,0,3,10,11,21,3,25.5,22.4,0.0,22.4,6,13,2,0,0
roads_and_cities,87,626871096,812501821,1,0,87,1,46,0-1,43-46,none,wood_2to1,1,1,1,0,0,0,2,13,8,21,4,27.0,26.8,2.5,26.8,5,3,0,4,9
roads_and_cities,87,626871096,812501821,2,0,87,15,11,14-15,11-12,none,wheat_2to1,1,0,1,0,0,1,2,12,7,19,4,25.0,23.2,1.5,23.2,9,5,0,3,2
roads_and_cities,87,626871096,812501821,3,1,87,7,44,6-7,41-44,none,none,0,1,0,1,1,0,3,11,11,22,5,29.5,24.900000000000002,0.0,24.900000000000002,5,5,5,3,4
roads_and_cities,87,626871096,812501821,4,0,87,19,3,14-19,2-3,none,generic_3to1,1,0,0,0,1,1,2,12,8,20,4,26.0,23.599999999999998,2.0,23.599999999999998,4,0,4,7,5
roads_and_cities,88,1707201716,813946014,1,0,98,29,33,19-29,24-33,none,none,0,1,1,0,0,1,3,13,7,20,4,26.0,25.2,0.0,25.2,3,7,0,8,2
roads_and_cities,88,1707201716,813946014,2,1,98,15,2,14-15,1-2,none,none,0,0,1,1,0,1,3,11,10,21,5,28.5,26.8,0.0,26.8,2,3,2,4,10
roads_and_cities,88,1707201716,813946014,3,0,98,21,12,18-21,7-12,none,none,0,1,0,0,1,1,3,11,10,21,3,25.5,26.799999999999997,0.0,26.799999999999997,4,0,0,5,12
roads_and_cities,88,1707201716,813946014,4,0,98,43,41,34-43,32-41,none,none,0,0,1,1,1,0,3,11,12,23,4,29.0,26.3,0.0,26.3,5,7,3,8,0
roads_and_cities,89,348281753,1111527076,1,0,90,32,50,29-32,44-50,none,generic_3to1,1,1,0,0,1,0,2,13,7,20,2,23.0,24.200000000000003,2.0,24.200000000000003,7,0,0,13,0
roads_and_cities,89,348281753,1111527076,2,1,90,38,14,30-38,2-14,none,none,0,0,1,2,0,0,3,12,11,23,5,30.5,24.4,0.0,24.4,5,3,8,4,3
roads_and_cities,89,348281753,1111527076,3,0,90,43,12,34-43,7-12,none,none,0,0,1,1,0,1,3,11,10,21,4,27.0,23.899999999999995,0.0,23.899999999999995,0,5,5,9,2
roads_and_cities,89,348281753,1111527076,4,0,90,18,25,8-18,15-25,none,none,0,1,1,0,0,1,3,10,7,17,5,24.5,20.9,0.0,20.9,1,6,3,4,3
roads_and_cities,90,874757909,398115220,1,0,128,1,14,0-1,2-14,none,none,0,0,0,2,1,0,3,10,10,20,4,26.0,21.9,0.0,21.9,0,2,7,6,5
roads_and_cities,90,874757909,398115220,2,0,128,18,29,8-18,19-29,none,none,0,1,0,2,0,0,3,11,13,24,3,28.5,22.5,0.0,22.5,12,0,9,3,0
roads_and_cities,90,874757909,398115220,3,0,128,12,33,7-12,24-33,none,none,0,0,0,1,1,1,3,10,8,18,5,25.5,23.5,0.0,23.5,4,3,1,5,5
roads_and_cities,90,874757909,398115220,4,1,128,42,43,38-42,34-43,none,none,0,0,1,0,1,0,2,12,9,21,4,27.0,23.2,0.0,23.2,8,4,4,5,0
roads_and_cities,91,358717904,740342007,1,0,142,15,21,14-15,18-21,none,none,0,1,0,1,1,0,3,13,10,23,4,29.0,24.7,0.0,24.7,13,0,5,1,4
roads_and_cities,91,358717904,740342007,2,1,142,30,12,25-30,7-12,none,none,0,0,1,1,1,0,3,12,10,22,5,29.5,22.2,0.0,22.2,4,2,10,3,3
roads_and_cities,91,358717904,740342007,3,0,142,2,19,1-2,14-19,none,none,0,3,0,0,0,0,3,9,10,19,3,23.5,22.200000000000003,0.0,22.200000000000003,12,3,0,0,4
roads_and_cities,91,358717904,740342007,4,0,142,32,24,29-32,20-24,none,none,0,0,0,0,2,1,3,11,8,19,4,25.0,21.7,0.0,21.7,4,0,5,6,4
roads_and_cities,92,1808372858,1142213244,1,0,83,30,0,25-30,0-1,none,none,0,1,0,1,0,0,2,11,9,20,5,27.5,22.7,0.0,22.7,4,5,5,3,3
roads_and_cities,92,1808372858,1142213244,2,0,83,15,2,14-15,1-2,none,none,0,1,0,0,1,0,2,11,8,19,3,23.5,23.4,0.0,23.4,4,5,0,10,0
roads_and_cities,92,1808372858,1142213244,3,1,83,12,33,7-12,24-33,none,none,0,0,0,2,1,0,3,10,10,20,5,27.5,22.9,0.0,22.9,3,5,5,5,2
roads_and_cities,92,1808372858,1142213244,4,0,83,41,43,32-41,34-43,none,none,0,1,0,1,1,0,3,11,10,21,4,27.0,22.599999999999998,0.0,22.599999999999998,1,0,8,5,7
roads_and_cities,93,2123215989,1517390032,1,0,98,20,0,12-20,0-1,none,none,0,1,1,0,0,0,2,12,8,20,4,26.0,25.6,0.0,25.6,4,4,0,8,4
roads_and_cities,93,2123215989,1517390032,2,1,98,2,25,1-2,15-25,none,none,0,0,0,1,1,0,2,12,9,21,5,28.5,24.6,0.0,24.6,5,4,4,5,3
roads_and_cities,93,2123215989,1517390032,3,0,98,8,38,1-8,30-38,none,none,0,2,0,0,1,0,3,12,8,20,2,23.0,23.200000000000003,0.0,23.200000000000003,12,0,0,8,0
roads_and_cities,93,2123215989,1517390032,4,0,98,31,33,21-31,24-33,none,none,0,0,0,1,1,1,3,10,9,19,4,25.0,23.5,0.0,23.5,0,2,3,13,1
roads_and_cities,94,784077459,533086598,1,0,126,12,29,7-12,19-29,none,none,0,1,0,1,1,0,3,12,8,20,5,27.5,26.299999999999997,0.0,26.299999999999997,2,3,1,9,5
roads_and_cities,94,784077459,533086598,2,1,126,14,24,2-14,20-24,none,none,0,0,1,0,0,2,3,13,8,21,4,27.0,26.2,0.0,26.2,8,3,0,5,5
roads_and_cities,94,784077459,533086598,3,0,126,8,42,1-8,38-42,none,none,0,0,0,1,2,0,3,11,9,20,5,27.5,26.1,0.0,26.1,4,2,1,8,5
roads_and_cities,94,784077459,533086598,4,0,126,44,21,41-44,18-21,none,none,0,1,0,0,0,2,3,11,9,20,4,26.0,23.7,0.0,23.7,7,0,3,3,7
roads_and_cities,95,551141640,2121601403,1,1,105,31,3,21-31,2-3,none,generic_3to1,1,1,0,0,0,1,2,12,7,19,4,25.0,24.599999999999998,1.9000000000000001,24.599999999999998,2,5,0,7,5
roads_and_cities,95,551141640,2121601403,2,0,105,14,43,2-14,34-43,none,none,0,0,1,0,1,1,3,11,8,19,4,25.0,23.8,0.0,23.8,0,4,2,7,6
roads_and_cities,95,551141640,2121601403,3,0,105,33,47,24-33,42-47,none,wood_2to1,1,1,0,0,1,0,2,12,8,20,4,26.0,24.8,1.5,24.8,3,9,0,5,3
roads_and_cities,95,551141640,2121601403,4,0,105,29,41,19-29,32-41,none,none,0,1,0,0,2,0,3,10,10,20,2,23.0,24.8,0.0,24.8,4,0,0,16,0
roads_and_cities,96,1591690432,1351466530,1,1,101,38,7,30-38,6-7,none,none,0,0,0,2,1,0,3,13,12,25,5,32.5,26.6,0.0,26.6,4,5,8,4,4
roads_and_cities,96,1591690432,1351466530,2,0,101,29,18,19-29,8-18,none,none,0,0,1,0,2,0,3,12,8,20,4,26.0,26.0,0.0,26.0,5,1,0,10,4
roads_and_cities,96,1591690432,1351466530,3,0,101,20,44,12-20,41-44,none,none,0,0,0,1,0,2,3,11,9,20,4,26.0,25.0,0.0,25.0,4,0,2,7,7
roads_and_cities,96,1591690432,1351466530,4,0,101,25,31,15-25,21-31,none,none,0,0,0,0,2,1,3,12,8,20,3,24.5,24.0,0.0,24.0,12,0,0,6,2
roads_and_cities,97,835531109,1842387509,1,0,144,29,33,19-29,24-33,none,none,0,1,1,0,1,0,3,12,8,20,4,26.0,25.599999999999998,0.0,25.599999999999998,2,6,0,9,3
roads_and_cities,97,835531109,1842387509,2,0,144,21,2,18-21,1-2,none,none,0,0,1,1,1,0,3,11,10,21,5,28.5,25.7,0.0,25.7,2,5,3,6,5
roads_and_cities,97,835531109,1842387509,3,0,144,38,8,30-38,1-8,none,none,0,0,0,1,1,1,3,10,10,20,5,27.5,24.7,0.0,24.7,1,5,3,6,5
roads_and_cities,97,835531109,1842387509,4,1,144,25,41,15-25,32-41,none,none,0,1,1,1,0,0,3,9,10,19,5,26.5,23.8,0.0,23.8,3,5,2,4,5
roads_and_cities,98,1530718643,185028654,1,0,103,30,3,25-30,2-3,none,sheep_2to1,1,0,0,0,1,1,2,13,7,20,3,24.5,25.6,0.0,25.6,4,0,0,10,6
roads_and_cities,98,1530718643,185028654,2,0,103,32,19,29-32,14-19,none,none,0,0,0,1,1,1,3,12,10,22,5,29.5,26.5,0.0,26.5,4,5,3,6,4
roads_and_cities,98,1530718643,185028654,3,1,103,1,33,0-1,24-33,none,none,0,1,1,0,1,0,3,12,9,21,5,28.5,25.900000000000002,0.0,25.900000000000002,5,1,3,8,4
roads_and_cities,98,1530718643,185028654,4,0,103,43,15,34-43,14-15,none,none,0,1,0,0,0,2,3,12,8,20,5,27.5,23.799999999999997,0.0,23.799999999999997,2,5,4,3,6
roads_and_cities,99,1735072617,1635320116,1,0,116,15,31,14-15,21-31,none,none,0,1,0,1,0,1,3,12,10,22,4,28.0,25.299999999999997,0.0,25.299999999999997,4,0,5,9,4
roads_and_cities,99,1735072617,1635320116,2,0,116,30,2,25-30,1-2,none,none,0,0,1,1,1,0,3,11,8,19,4,25.0,23.900000000000002,0.0,23.900000000000002,0,7,1,8,3
roads_and_cities,99,1735072617,1635320116,3,0,116,33,19,24-33,14-19,none,none,0,0,1,1,0,1,3,10,10,20,5,27.5,22.7,0.0,22.7,7,2,5,3,3
roads_and_cities,99,1735072617,1635320116,4,1,116,6,26,6-7,25-26,ore_2to1,generic_3to1,1,0,1,0,1,0,2,9,9,18,4,24.0,23.0,4.3,23.0,4,5,0,4,5
five_resource,0,1654615998,1806341205,1,1,81,7,43,6-7,34-43,none,none,0,0,0,1,1,1,3,13,9,22,5,29.5,29.5,0.0,29.5,4,4,5,3,6
five_resource,0,1654615998,1806341205,2,0,81,38,29,30-38,19-29,none,none,0,1,0,0,1,1,3,11,9,20,4,26.0,26.0,0.0,26.0,10,0,2,5,3
five_resource,0,1654615998,1806341205,3,0,81,2,21,1-2,18-21,none,none,0,1,0,0,1,1,3,10,9,19,5,26.5,26.5,0.0,26.5,5,5,3,1,5
five_resource,0,1654615998,1806341205,4,0,81,15,33,14-15,24-33,none,none,0,1,1,0,1,0,3,10,10,20,4,26.0,26.0,0.0,26.0,3,9,0,5,3
five_resource,1,577090037,271041745,1,1,69,20,25,12-20,15-25,none,none,0,1,1,0,1,0,3,12,10,22,4,28.0,28.0,0.0,28.0,7,3,0,8,4
five_resource,1,577090037,271041745,2,0,69,33,18,24-33,8-18,none,none,0,0,1,0,0,2,3,12,10,22,4,28.0,28.0,0.0,28.0,3,4,0,5,10
five_resource,1,577090037,271041745,3,0,69,1,23,0-1,23-24,none,brick_2to1,1,0,0,0,1,1,2,11,9,20,5,27.5,27.5,2.0,27.5,5,4,2,5,4
five_resource,1,577090037,271041745,4,0,69,29,14,19-29,2-14,none,none,0,1,1,1,0,0,3,11,10,21,5,28.5,28.5,0.0,28.5,8,4,2,5,2
five_resource,2,242886303,393353683,1,0,170,32,12,29-32,7-12,none,none,0,1,0,1,1,0,3,11,9,20,5,27.5,27.5,0.0,27.5,4,2,7,3,4
five_resource,2,242886303,393353683,2,1,170,44,2,41-44,1-2,none,none,0,0,2,0,1,0,3,11,10,21,5,28.5,28.5,0.0,28.5,4,6,3,4,4
five_resource,2,242886303,393353683,3,0,170,15,21,14-15,18-21,none,none,0,0,0,2,0,1,3,10,9,19,5,26.5,26.5,0.0,26.5,3,5,7,2,2
five_resource,2,242886303,393353683,4,0,170,30,24,25-30,20-24,none,none,0,0,0,0,2,1,3,10,10,20,5,27.5,27.5,0.0,27.5,3,2,5,8,2
five_resource,3,1022050301,560161641,1,0,94,33,3,24-33,2-3,none,wood_2to1,1,1,0,1,0,0,2,13,9,22,4,28.0,28.0,2.0,28.0,4,0,5,9,4
five_resource,3,1022050301,560161641,2,1,94,1,44,0-1,41-44,none,none,0,1,2,0,0,0,3,11,11,22,4,28.0,28.0,0.0,28.0,9,6,5,2,0
five_resource,3,1022050301,560161641,3,0,94,7,14,6-7,2-14,none,none,0,0,0,1,1,1,3,10,9,19,5,26.5,26.5,0.0,26.5,1,4,10,2,2
five_resource,3,1022050301,560161641,4,0,94,21,42,18-21,38-42,none,none,0,2,0,1,0,0,3,11,10,21,4,27.0,27.0,0.0,27.0,8,4,2,7,0
five_resource,4,1013818839,1302657532,1,1,149,38,11,30-38,11-12,none,wheat_2to1,1,0,1,1,0,0,2,13,8,21,5,28.5,28.5,2.0,28.5,5,5,3,4,4
five_resource,4,1013818839,1302657532,2,0,149,15,1,14-15,0-1,none,none,0,2,0,0,1,0,3,11,8,19,5,26.5,26.5,0.0,26.5,7,5,2,1,4
five_resource,4,1013818839,1302657532,3,0,149,41,26,32-41,25-26,none,generic_3to1,1,0,1,0,0,1,2,10,9,19,4,25.0,25.0,1.9000000000000001,25.0,5,9,0,1,4
five_resource,4,1013818839,1302657532,4,0,149,43,7,34-43,6-7,none,none,0,1,0,2,0,0,3,10,10,20,4,26.0,26.0,0.0,26.0,5,4,8,0,3
five_resource,5,1097127993,1539898300,1,0,147,24,21,20-24,18-21,none,none,0,2,0,1,0,0,3,12,10,22,3,26.5,26.5,0.0,26.5,10,5,7,0,0
five_resource,5,1097127993,1539898300,2,0,147,34,47,31-34,42-47,none,wood_2to1,1,0,0,0,1,1,2,12,9,21,4,27.0,27.0,2.0,27.0,4,0,5,8,4
five_resource,5,1097127993,1539898300,3,1,147,41,38,32-41,30-38,none,none,0,1,1,0,1,0,3,12,10,22,5,29.5,29.5,0.0,29.5,2,6,5,5,4
five_resource,5,1097127993,1539898300,4,0,147,29,15,19-29,14-15,none,none,0,0,0,1,1,1,3,12,10,22,4,28.0,28.0,0.0,28.0,0,3,14,1,4
five_resource,6,346043753,2083207870,1,0,123,2,44,1-2,41-44,none,none,0,1,0,0,1,1,3,13,8,21,5,28.5,28.5,0.0,28.5,2,4,4,8,3
five_resource,6,346043753,2083207870,2,0,123,15,24,14-15,20-24,none,none,0,0,1,1,0,1,3,10,8,18,5,25.5,25.5,0.0,25.5,4,6,1,5,2
five_resource,6,346043753,2083207870,3,1,123,12,38,7-12,30-38,none,none,0,0,0,1,2,0,3,11,11,22,4,28.0,28.0,0.0,28.0,6,5,5,6,0
five_resource,6,346043753,2083207870,4,0,123,18,32,8-18,29-32,none,none,0,0,0,1,2,0,3,11,11,22,3,26.5,26.5,0.0,26.5,2,0,14,6,0
five_resource,7,1390851128,647892279,1,0,88,34,15,31-34,14-15,none,none,0,1,0,0,1,1,3,13,8,21,4,27.0,27.0,0.0,27.0,9,0,5,5,2
five_resource,7,1390851128,647892279,2,0,88,7,30,6-7,25-30,none,none,0,0,0,1,1,1,3,12,9,21,5,28.5,28.5,0.0,28.5,5,3,3,8,2
five_resource,7,1390851128,647892279,3,0,88,20,46,12-20,43-46,none,wood_2to1,1,1,1,0,0,0,2,11,9,20,5,27.5,27.5,2.0,27.5,4,5,5,4,2
five_resource,7,1390851128,647892279,4,1,88,44,2,41-44,1-2,none,none,0,2,1,0,0,0,3,10,10,20,4,26.0,26.0,0.0,26.0,7,8,0,4,1
five_resource,8,973694259,1590906853,1,0,103,38,3,30-38,2-3,none,ore_2to1,1,0,0,0,2,0,2,11,9,20,4,26.0,26.0,1.5,26.0,5,0,3,9,3
five_resource,8,973694259,1590906853,2,0,103,33,16,24-33,15-16,none,generic_3to1,1,1,0,0,1,0,2,12,9,21,4,27.0,27.0,2.1,27.0,5,9,0,4,3
five_resource,8,973694259,1590906853,3,1,103,1,43,0-1,34-43,none,none,0,1,2,0,0,0,3,10,9,19,5,26.5,26.5,0.0,26.5,3,6,1,5,4
five_resource,8,973694259,1590906853,4,0,103,25,32,15-25,29-32,none,none,0,3,0,0,0,0,3,9,12,21,3,25.5,25.5,0.0,25.5,17,0,3,1,0
five_resource,9,1988601454,1603362544,1,0,100,33,18,24-33,8-18,none,none,0,0,0,1,2,0,3,12,9,21,4,27.0,27.0,0.0,27.0,4,3,5,9,0
five_resource,9,1988601454,1603362544,2,0,100,1,39,0-1,38-39,none,none,0,0,1,0,1,0,2,13,8,21,4,27.0,27.0,0.0,27.0,4,3,9,5,0
five_resource,9,1988601454,1603362544,3,0,100,14,31,2-14,21-31,none,none,0,1,0,0,2,0,3,11,8,19,5,26.5,26.5,0.0,26.5,1,3,5,7,3
five_resource,9,1988601454,1603362544,4,1,100,25,42,15-25,38-42,none,none,0,0,0,1,1,1,3,11,11,22,4,28.0,28.0,0.0,28.0,0,3,9,5,5
five_resource,10,139951793,1842064464,1,0,103,2,30,1-2,25-30,none,none,0,0,1,0,2,0,3,12,8,20,5,27.5,27.5,0.0,27.5,4,2,5,6,3
five_resource,10,139951793,1842064464,2,0,103,15,8,14-15,1-8,none,none,0,1,1,0,1,0,3,12,9,21,4,27.0,27.0,0.0,27.0,8,3,0,7,3
five_resource,10,139951793,1842064464,3,1,103,19,42,14-19,38-42,none,none,0,1,1,0,1,0,3,12,10,22,4,28.0,28.0,0.0,28.0,9,2,0,8,3
five_resource,10,139951793,1842064464,4,0,103,24,21,20-24,18-21,none,none,0,0,1,1,0,1,3,13,10,23,4,29.0,29.0,0.0,29.0,4,3,13,0,3
five_resource,11,1942955373,1999951809,1,0,135,2,33,1-2,24-33,none,none,0,1,0,0,1,1,3,12,8,20,5,27.5,27.5,0.0,27.5,5,4,3,1,7
five_resource,11,1942955373,1999951809,2,0,135,31,44,21-31,41-44,none,none,0,0,2,1,0,0,3,12,9,21,4,27.0,27.0,0.0,27.0,5,11,1,4,0
five_resource,11,1942955373,1999951809,3,1,135,15,7,14-15,6-7,none,none,0,2,0,0,0,1,3,11,9,20,4,26.0,26.0,0.0,26.0,9,4,0,5,2
five_resource,11,1942955373,1999951809,4,0,135,20,18,12-20,8-18,none,none,0,0,0,1,1,1,3,11,9,20,4,26.0,26.0,0.0,26.0,5,0,7,4,4
five_resource,12,2038265566,1155324522,1,0,134,41,7,32-41,6-7,none,none,0,0,2,0,1,0,3,13,8,21,5,28.5,28.5,0.0,28.5,4,5,5,3,4
five_resource,12,2038265566,1155324522,2,1,134,1,47,0-1,42-47,none,wheat_2to1,1,0,0,0,1,1,2,12,9,21,4,27.0,27.0,4.0,27.0,5,4,0,8,4
five_resource,12,2038265566,1155324522,3,0,134,20,14,12-20,2-14,none,none,0,1,0,2,0,0,3,10,9,19,5,26.5,26.5,0.0,26.5,5,3,4,2,5
five_resource,12,2038265566,1155324522,4,0,134,34,18,31-34,8-18,none,none,0,1,1,1,0,0,3,10,9,19,5,26.5,26.5,0.0,26.5,5,3,6,2,3
five_resource,13,1112433019,1248794762,1,0,55,44,25,41-44,15-25,none,none,0,1,0,1,1,0,3,13,9,22,4,28.0,28.0,0.0,28.0,8,0,8,2,4
five_resource,13,1112433019,1248794762,2,0,55,12,24,7-12,20-24,none,none,0,0,1,1,1,0,3,12,8,20,5,27.5,27.5,0.0,27.5,4,1,2,10,3
five_resource,13,1112433019,1248794762,3,1,55,18,32,8-18,29-32,none,none,0,1,1,0,1,0,3,11,10,21,5,28.5,28.5,0.0,28.5,5,2,5,6,3
five_resource,13,1112433019,1248794762,4,0,55,38,2,30-38,1-2,none,none,0,1,0,1,0,1,3,11,9,20,5,27.5,27.5,0.0,27.5,1,2,9,5,3
five_resource,14,458825077,1060578839,1,0,171,15,37,14-15,33-37,none,none,0,0,0,1,1,0,2,12,7,19,4,25.0,25.0,0.0,25.0,3,4,10,2,0
five_resource,14,458825077,1060578839,2,0,171,44,24,41-44,20-24,none,none,0,1,0,1,0,1,3,12,7,19,5,26.5,26.5,0.0,26.5,1,4,5,8,1
five_resource,14,458825077,1060578839,3,1,171,7,42,6-7,38-42,none,none,0,1,0,0,1,1,3,10,9,19,4,25.0,25.0,0.0,25.0,2,0,4,9,4
five_resource,14,458825077,1060578839,4,0,171,21,29,18-21,19-29,none,none,0,1,2,0,0,0,3,10,11,21,3,25.5,25.5,0.0,25.5,3,14,0,4,0
five_resource,15,897563738,50056527,1,1,61,38,47,30-38,42-47,none,sheep_2to1,1,0,1,0,0,1,2,13,9,22,4,28.0,28.0,2.5,28.0,0,8,5,4,5
five_resource,15,897563738,50056527,2,0,61,15,33,14-15,24-33,none,none,0,0,2,0,1,0,3,11,9,20,4,26.0,26.0,0.0,26.0,0,4,2,9,5
five_resource,15,897563738,50056527,3,0,61,41,26,32-41,25-26,none,wood_2to1,1,0,0,1,1,0,2,12,9,21,3,25.5,25.5,0.0,25.5,0,0,5,8,8
five_resource,15,897563738,50056527,4,0,61,43,8,34-43,1-8,none,none,0,1,0,2,0,0,3,12,8,20,4,26.0,26.0,0.0,26.0,2,0,6,9,3
five_resource,16,1552728491,2015295599,1,0,174,24,6,20-24,6-7,none,generic_3to1,1,0,0,1,0,1,2,13,8,21,4,27.0,27.0,2.1,27.0,9,0,5,4,3
five_resource,16,1552728491,2015295599,2,1,174,15,43,14-15,34-43,none,none,0,0,0,1,0,2,3,10,9,19,5,26.5,26.5,0.0,26.5,4,5,3,1,6
five_resource,16,1552728491,2015295599,3,0,174,12,26,7-12,25-26,none,wheat_2to1,1,1,1,0,0,0,2,9,9,18,4,24.0,24.0,0.0,24.0,9,5,1,0,3
five_resource,16,1552728491,2015295599,4,0,174,31,38,21-31,30-38,none,none,0,1,1,0,1,0,3,9,9,18,5,25.5,25.5,0.0,25.5,6,5,3,2,2
five_resource,17,1778837931,1303193990,1,1,125,18,31,8-18,21-31,none,none,0,2,0,0,1,0,3,12,9,21,4,27.0,27.0,0.0,27.0,10,5,4,2,0
five_resource,17,1778837931,1303193990,2,0,125,20,1,12-20,0-1,none,none,0,0,1,0,0,2,3,13,8,21,4,27.0,27.0,0.0,27.0,4,5,9,0,3
five_resource,17,1778837931,1303193990,3,0,125,42,29,38-42,19-29,none,none,0,1,1,0,1,0,3,13,10,23,3,27.5,27.5,0.0,27.5,12,8,0,3,0
five_resource,17,1778837931,1303193990,4,0,125,14,33,2-14,24-33,none,none,0,1,0,0,2,0,3,11,11,22,4,28.0,28.0,0.0,28.0,4,5,3,10,0
five_resource,18,778526663,527488476,1,1,85,2,19,1-2,14-19,none,none,0,1,1,1,0,0,3,12,8,20,5,27.5,27.5,0.0,27.5,6,3,2,5,4
five_resource,18,778526663,527488476,2,0,85,25,21,15-25,18-21,none,none,0,1,0,1,0,1,3,12,8,20,5,27.5,27.5,0.0,27.5,4,3,7,4,2
five_resource,18,778526663,527488476,3,0,85,24,38,20-24,30-38,none,none,0,0,0,2,1,0,3,10,9,19,5,26.5,26.5,0.0,26.5,5,3,6,3,2
five_resource,18,778526663,527488476,4,0,85,44,12,41-44,7-12,none,none,0,2,0,0,1,0,3,10,11,21,4,27.0,27.0,0.0,27.0,14,1,4,2,0
five_resource,19,185773678,518352914,1,1,85,12,15,7-12,14-15,none,none,0,1,0,1,0,1,3,12,8,20,5,27.5,27.5,0.0,27.5,6,4,1,5,4
five_resource,19,185773678,518352914,2,0,85,30,6,25-30,6-7,none,generic_3to1,1,0,1,0,1,0,2,12,6,18,5,25.5,25.5,1.8,25.5,5,4,3,2,4
five_resource,19,185773678,518352914,3,0,85,34,21,31-34,18-21,none,none,0,2,0,1,0,0,3,12,9,21,4,27.0,27.0,0.0,27.0,11,3,2,0,5
five_resource,19,185773678,518352914,4,0,85,24,41,20-24,32-41,none,none,0,0,1,2,0,0,3,11,11,22,4,28.0,28.0,0.0,28.0,4,5,8,5,0
five_resource,20,649421745,1115950379,1,0,115,18,31,8-18,21-31,none,none,0,0,0,1,1,1,3,12,9,21,4,27.0,27.0,0.0,27.0,3,0,1,8,9
five_resource,20,649421745,1115950379,2,0,115,20,38,12-20,30-38,none,none,0,1,2,0,0,0,3,12,11,23,4,29.0,29.0,0.0,29.0,6,8,5,0,4
five_resource,20,649421745,1115950379,3,1,115,2,43,1-2,34-43,none,none,0,1,1,1,0,0,3,11,10,21,5,28.5,28.5,0.0,28.5,7,4,1,4,5
five_resource,20,649421745,1115950379,4,0,115,33,29,24-33,19-29,none,none,0,0,1,1,1,0,3,12,9,21,5,28.5,28.5,0.0,28.5,5,3,2,4,7
five_resource,21,708452615,1795269057,1,0,108,33,3,24-33,2-3,none,generic_3to1,1,0,0,1,0,1,2,12,7,19,5,26.5,26.5,1.9000000000000001,26.5,3,5,3,4,4
five_resource,21,708452615,1795269057,2,0,108,43,38,34-43,30-38,none,none,0,0,1,0,1,1,3,12,10,22,5,29.5,29.5,0.0,29.5,3,3,5,8,3
five_resource,21,708452615,1795269057,3,0,108,31,20,21-31,12-20,none,none,0,0,1,1,0,1,3,11,9,20,5,27.5,27.5,0.0,27.5,2,10,2,4,2
five_resource,21,708452615,1795269057,4,1,108,1,15,0-1,14-15,none,none,0,0,1,1,1,0,3,10,10,20,5,27.5,27.5,0.0,27.5,5,5,4,2,4
five_resource,22,602878526,1042032339,1,0,138,2,11,1-2,11-12,none,generic_3to1,1,0,0,0,1,1,2,11,9,20,5,27.5,27.5,2.0,27.5,5,2,4,4,5
five_resource,22,602878526,1042032339,2,1,138,43,31,34-43,21-31,none,none,0,0,0,2,0,1,3,12,10,22,3,26.5,26.5,0.0,26.5,0,0,16,4,2
five_resource,22,602878526,1042032339,3,0,138,24,19,20-24,14-19,none,none,0,1,1,1,0,0,3,11,8,19,5,26.5,26.5,0.0,26.5,3,2,3,4,7
five_resource,22,602878526,1042032339,4,0,138,7,15,6-7,14-15,none,none,0,1,1,1,0,0,3,9,9,18,5,25.5,25.5,0.0,25.5,6,2,4,1,5
five_resource,23,1245182509,358847448,1,0,132,7,25,6-7,15-25,none,none,0,1,0,0,2,0,3,12,8,20,5,27.5,27.5,0.0,27.5,2,5,4,6,3
five_resource,23,1245182509,358847448,2,0,132,33,42,24-33,38-42,none,none,0,0,0,0,1,1,2,12,8,20,5,27.5,27.5,0.0,27.5,5,4,3,3,5
five_resource,23,1245182509,358847448,3,0,132,31,18,21-31,8-18,none,none,0,1,0,2,0,0,3,13,10,23,3,27.5,27.5,0.0,27.5,2,4,17,0,0
five_resource,23,1245182509,358847448,4,1,132,44,1,41-44,0-1,none,none,0,1,2,0,0,0,3,10,10,20,4,26.0,26.0,0.0,26.0,4,8,5,3,0
five_resource,24,1644374017,784226196,1,1,65,20,47,12-20,42-47,none,generic_3to1,1,1,0,0,1,0,2,13,8,21,4,27.0,27.0,2.1,27.0,10,4,0,3,4
five_resource,24,1644374017,784226196,2,0,65,41,19,32-41,14-19,none,none,0,0,1,2,0,0,3,12,10,22,4,28.0,28.0,0.0,28.0,5,2,12,0,3
five_resource,24,1644374017,784226196,3,0,65,34,8,31-34,1-8,none,none,0,0,1,0,1,1,3,13,9,22,4,28.0,28.0,0.0,28.0,0,6,9,3,4
five_resource,24,1644374017,784226196,4,0,65,15,30,14-15,25-30,none,none,0,1,0,1,0,1,3,11,10,21,5,28.5,28.5,0.0,28.5,2,4,10,2,3
five_resource,25,1619040758,65877265,1,1,109,1,25,0-1,15-25,none,none,0,1,0,0,0,2,3,13,9,22,4,28.0,28.0,0.0,28.0,8,0,4,4,6
five_resource,25,1619040758,65877265,2,0,109,29,3,19-29,2-3,none,wood_2to1,1,1,1,0,0,0,2,11,8,19,4,25.0,25.0,2.5,25.0,5,3,9,0,2
five_resource,25,1619040758,65877265,3,0,109,14,43,2-14,34-43,none,none,0,1,1,0,1,0,3,9,8,17,5,24.5,24.5,0.0,24.5,1,8,4,2,2
five_resource,25,1619040758,65877265,4,0,109,24,18,20-24,8-18,none,none,0,0,0,2,1,0,3,9,10,19,4,25.0,25.0,0.0,25.0,1,0,11,2,5
five_resource,26,870815904,881149698,1,0,114,12,15,7-12,14-15,none,none,0,0,1,0,2,0,3,13,9,22,5,29.5,29.5,0.0,29.5,4,2,5,7,4
five_resource,26,870815904,881149698,2,1,114,19,2,14-19,1-2,none,none,0,0,2,0,0,1,3,12,9,21,4,27.0,27.0,0.0,27.0,3,4,0,4,10
five_resource,26,870815904,881149698,3,0,114,24,8,20-24,1-8,none,none,0,0,0,1,0,2,3,12,11,23,4,29.0,29.0,0.0,29.0,4,5,5,0,9
five_resource,26,870815904,881149698,4,0,114,21,30,18-21,25-30,none,none,0,0,0,0,2,1,3,10,11,21,4,27.0,27.0,0.0,27.0,3,0,3,7,8
five_resource,27,2061077104,1190644202,1,0,79,44,6,41-44,6-7,none,generic_3to1,1,0,0,1,0,1,2,13,8,21,4,27.0,27.0,2.1,27.0,0,5,9,4,3
five_resource,27,2061077104,1190644202,2,0,79,12,30,7-12,25-30,none,none,0,1,0,1,1,0,3,11,9,20,5,27.5,27.5,0.0,27.5,5,3,8,1,3
five_resource,27,2061077104,1190644202,3,1,79,21,24,18-21,20-24,none,none,0,1,1,0,1,0,3,11,9,20,5,27.5,27.5,0.0,27.5,2,3,4,8,3
five_resource,27,2061077104,1190644202,4,0,79,34,14,31-34,2-14,none,none,0,0,1,1,0,1,3,10,9,19,5,26.5,26.5,0.0,26.5,2,5,7,4,1
five_resource,28,485147340,562005788,1,0,139,1,20,0-1,12-20,none,none,0,2,0,0,1,0,3,12,10,22,3,26.5,26.5,0.0,26.5,10,0,9,3,0
five_resource,28,485147340,562005788,2,0,139,42,18,38-42,8-18,none,none,0,2,0,1,0,0,3,12,9,21,4,27.0,27.0,0.0,27.0,5,0,4,5,7
five_resource,28,485147340,562005788,3,1,139,7,29,6-7,19-29,none,none,0,0,0,1,1,1,3,10,10,20,5,27.5,27.5,0.0,27.5,2,4,8,2,4
five_resource,28,485147340,562005788,4,0,139,25,11,15-25,11-12,none,generic_3to1,1,1,1,0,0,0,2,10,9,19,5,26.5,26.5,1.9000000000000001,26.5,5,4,3,2,5
five_resource,29,326915759,1485336377,1,0,124,18,44,8-18,41-44,none,none,0,0,1,0,1,0,2,12,9,21,4,27.0,27.0,0.0,27.0,5,5,0,7,4
five_resource,29,326915759,1485336377,2,0,124,25,20,15-25,12-20,none,none,0,0,1,1,0,1,3,10,9,19,5,26.5,26.5,0.0,26.5,2,6,3,4,4
five_resource,29,326915759,1485336377,3,0,124,42,7,38-42,6-7,none,none,0,0,0,1,0,2,3,10,11,21,4,27.0,27.0,0.0,27.0,2,5,5,0,9
five_resource,29,326915759,1485336377,4,1,124,1,29,0-1,19-29,none,none,0,2,0,1,0,0,3,11,10,21,4,27.0,27.0,0.0,27.0,7,0,3,3,8
five_resource,30,1242089248,129007523,1,1,161,31,1,21-31,0-1,none,none,0,2,0,0,1,0,3,11,9,20,5,27.5,27.5,0.0,27.5,6,4,2,3,5
five_resource,30,1242089248,129007523,2,0,161,20,26,12-20,25-26,none,brick_2to1,1,0,0,1,0,1,2,10,8,18,5,25.5,25.5,2.0,25.5,5,4,3,1,5
five_resource,30,1242089248,129007523,3,0,161,43,18,34-43,8-18,none,none,0,1,0,0,1,1,3,10,8,18,5,25.5,25.5,0.0,25.5,2,3,2,6,5
five_resource,30,1242089248,129007523,4,0,161,42,15,38-42,14-15,none,none,0,0,0,0,1,1,2,9,9,18,5,25.5,25.5,0.0,25.5,3,2,4,4,5
five_resource,31,52734659,2016822975,1,1,105,1,15,0-1,14-15,none,none,0,0,0,1,2,0,3,12,9,21,5,28.5,28.5,0.0,28.5,5,4,3,6,3
five_resource,31,52734659,2016822975,2,0,105,21,32,18-21,29-32,none,none,0,1,1,0,0,1,3,13,10,23,4,29.0,29.0,0.0,29.0,12,4,5,0,2
five_resource,31,52734659,2016822975,3,0,105,38,19,30-38,14-19,none,none,0,1,1,0,1,0,3,11,9,20,5,27.5,27.5,0.0,27.5,4,8,5,1,2
five_resource,31,52734659,2016822975,4,0,105,7,24,6-7,20-24,none,none,0,0,1,1,1,0,3,12,10,22,4,28.0,28.0,0.0,28.0,9,3,5,5,0
five_resource,32,332524003,917477150,1,1,137,19,33,14-19,24-33,none,none,0,1,0,1,0,1,3,13,9,22,4,28.0,28.0,0.0,28.0,7,0,5,5,5
five_resource,32,332524003,917477150,2,0,137,2,32,1-2,29-32,none,none,0,0,0,1,1,1,3,13,9,22,4,28.0,28.0,0.0,28.0,8,0,9,4,1
five_resource,32,332524003,917477150,3,0,137,8,30,1-8,25-30,none,none,0,0,0,0,3,0,3,11,11,22,4,28.0,28.0,0.0,28.0,4,2,5,11,0
five_resource,32,332524003,917477150,4,0,137,12,15,7-12,14-15,none,none,0,1,1,0,1,0,3,11,11,22,4,28.0,28.0,0.0,28.0,7,5,5,5,0
five_resource,33,718349404,1001662401,1,0,175,15,42,14-15,38-42,none,none,0,1,0,1,1,0,3,11,9,20,5,27.5,27.5,0.0,27.5,1,5,9,3,2
five_resource,33,718349404,1001662401,2,0,175,30,23,25-30,23-24,none,generic_3to1,1,1,0,0,1,0,2,10,9,19,5,26.5,26.5,1.9000000000000001,26.5,4,3,5,5,2
five_resource,33,718349404,1001662401,3,1,175,12,32,7-12,29-32,none,none,0,0,1,1,0,1,3,11,8,19,5,26.5,26.5,0.0,26.5,7,2,5,4,1
five_resource,33,718349404,1001662401,4,0,175,8,2,1-8,1-2,none,none,0,0,0,2,1,0,3,9,10,19,4,25.0,25.0,0.0,25.0,3,0,6,8,2
five_resource,34,1533613005,118852279,1,1,141,30,1,25-30,0-1,none,none,0,0,0,1,2,0,3,13,8,21,4,27.0,27.0,0.0,27.0,4,4,8,5,0
five_resource,34,1533613005,118852279,2,0,141,19,11,14-19,11-12,none,sheep_2to1,1,0,1,0,1,0,2,12,9,21,4,27.0,27.0,2.5,27.0,4,5,5,7,0
five_resource,34,1533613005,118852279,3,0,141,32,15,29-32,14-15,none,none,0,0,0,1,1,1,3,13,10,23,4,29.0,29.0,0.0,29.0,8,0,10,2,3
five_resource,34,1533613005,118852279,4,0,141,24,34,20-24,31-34,none,none,0,0,1,1,0,1,3,11,10,21,5,28.5,28.5,0.0,28.5,5,3,5,4,4
five_resource,35,1440402319,565756523,1,0,126,7,30,6-7,25-30,none,none,0,1,0,0,2,0,3,13,8,21,4,27.0,27.0,0.0,27.0,5,5,8,3,0
five_resource,35,1440402319,565756523,2,1,126,1,41,0-1,32-41,none,none,0,1,1,0,1,0,3,10,9,19,5,26.5,26.5,0.0,26.5,3,10,1,1,4
five_resource,35,1440402319,565756523,3,0,126,24,15,20-24,14-15,none,none,0,2,1,0,0,0,3,10,10,20,4,26.0,26.0,0.0,26.0,10,2,0,5,3
five_resource,35,1440402319,565756523,4,0,126,31,19,21-31,14-19,none,none,0,1,0,1,1,0,3,10,9,19,4,25.0,25.0,0.0,25.0,7,5,1,6,0
five_resource,36,1411758002,250696210,1,0,86,33,21,24-33,18-21,none,none,0,0,0,1,0,2,3,11,9,20,4,26.0,26.0,0.0,26.0,0,5,6,3,6
five_resource,36,1411758002,250696210,2,1,86,43,12,34-43,7-12,none,none,0,0,0,2,0,1,3,11,9,20,4,26.0,26.0,0.0,26.0,2,5,4,0,9
five_resource,36,1411758002,250696210,3,0,86,38,15,30-38,14-15,none,none,0,0,2,1,0,0,3,12,11,23,4,29.0,29.0,0.0,29.0,4,7,4,8,0
five_resource,36,1411758002,250696210,4,0,86,2,8,1-2,1-8,none,none,0,2,0,0,0,1,3,10,11,21,4,27.0,27.0,0.0,27.0,10,0,4,2,5
five_resource,37,393430179,152221923,1,1,109,2,26,1-2,25-26,none,brick_2to1,1,1,0,0,1,0,2,12,9,21,4,27.0,27.0,0.0,27.0,8,0,4,4,5
five_resource,37,393430179,152221923,2,0,109,15,12,14-15,7-12,none,none,0,0,0,2,0,1,3,12,9,21,4,27.0,27.0,0.0,27.0,3,0,4,4,10
five_resource,37,393430179,152221923,3,0,109,8,41,1-8,32-41,none,none,0,1,1,1,0,0,3,11,9,20,5,27.5,27.5,0.0,27.5,8,2,2,3,5
five_resource,37,393430179,152221923,4,0,109,38,43,30-38,34-43,none,none,0,1,0,0,1,1,3,11,9,20,5,27.5,27.5,0.0,27.5,10,4,2,1,3
five_resource,38,1808726707,1842631090,1,1,69,1,15,0-1,14-15,none,none,0,1,0,1,1,0,3,12,8,20,5,27.5,27.5,0.0,27.5,2,4,5,4,5
five_resource,38,1808726707,1842631090,2,0,69,43,7,34-43,6-7,none,none,0,0,0,1,0,1,2,12,8,20,4,26.0,26.0,0.0,26.0,4,0,3,3,10
five_resource,38,1808726707,1842631090,3,0,69,19,31,14-19,21-31,none,none,0,3,0,0,0,0,3,11,12,23,3,27.5,27.5,0.0,27.5,15,0,5,3,0
five_resource,38,1808726707,1842631090,4,0,69,24,30,20-24,25-30,none,none,0,0,1,1,0,1,3,11,11,22,5,29.5,29.5,0.0,29.5,5,4,7,4,2
five_resource,39,901304238,1115247367,1,0,104,2,44,1-2,41-44,none,none,0,0,0,1,1,1,3,13,9,22,5,29.5,29.5,0.0,29.5,4,5,7,2,4
five_resource,39,901304238,1115247367,2,0,104,34,15,31-34,14-15,none,none,0,0,1,1,1,0,3,12,8,20,5,27.5,27.5,0.0,27.5,5,5,5,1,4
five_resource,39,901304238,1115247367,3,0,104,32,19,29-32,14-19,none,none,0,1,0,0,1,1,3,13,10,23,3,27.5,27.5,0.0,27.5,4,0,0,5,14
five_resource,39,901304238,1115247367,4,1,104,38,21,30-38,18-21,none,none,0,0,0,1,0,2,3,11,11,22,5,29.5,29.5,0.0,29.5,5,2,3,4,8
five_resource,40,1969700810,136779594,1,0,120,2,24,1-2,20-24,none,none,0,1,1,1,0,0,3,12,8,20,4,26.0,26.0,0.0,26.0,1,9,5,5,0
five_resource,40,1969700810,136779594,2,0,120,30,43,25-30,34-43,none,none,0,0,1,0,1,0,2,12,9,21,5,28.5,28.5,0.0,28.5,4,4,3,5,5
five_resource,40,1969700810,136779594,3,0,120,42,19,38-42,14-19,none,none,0,1,0,1,0,1,3,11,10,21,4,27.0,27.0,0.0,27.0,4,0,7,2,8
five_resource,40,1969700810,136779594,4,1,120,12,15,7-12,14-15,none,none,0,2,0,0,1,0,3,10,10,20,4,26.0,26.0,0.0,26.0,8,5,0,5,2
five_resource,41,1636471393,1426894585,1,0,126,42,8,38-42,1-8,none,none,0,1,0,1,0,1,3,12,5,17,5,24.5,24.5,0.0,24.5,2,3,6,4,2
five_resource,41,1636471393,1426894585,2,1,126,31,15,21-31,14-15,none,none,0,2,1,0,0,0,3,11,10,21,4,27.0,27.0,0.0,27.0,9,5,3,0,4
five_resource,41,1636471393,1426894585,3,0,126,43,2,34-43,1-2,none,none,0,1,0,0,1,1,3,11,10,21,5,28.5,28.5,0.0,28.5,5,4,5,5,2
five_resource,41,1636471393,1426894585,4,0,126,24,30,20-24,25-30,none,none,0,0,1,1,1,0,3,12,8,20,5,27.5,27.5,0.0,27.5,5,1,5,2,7
five_resource,42,478163327,107420369,1,0,108,25,20,15-25,12-20,none,none,0,0,2,0,0,1,3,11,8,19,5,26.5,26.5,0.0,26.5,5,6,2,4,2
five_resource,42,478163327,107420369,2,0,108,44,29,41-44,19-29,none,none,0,1,0,1,1,0,3,11,9,20,5,27.5,27.5,0.0,27.5,1,3,9,4,3
five_resource,42,478163327,107420369,3,0,108,33,1,24-33,0-1,none,none,0,1,0,1,1,0,3,10,9,19,4,25.0,25.0,0.0,25.0,8,0,1,8,2
five_resource,42,478163327,107420369,4,1,108,7,42,6-7,38-42,none,none,0,0,0,2,0,1,3,11,11,22,4,28.0,28.0,0.0,28.0,0,4,9,7,2
five_resource,43,165578901,1228722198,1,0,110,33,43,24-33,34-43,none,none,0,2,0,1,0,0,3,12,10,22,4,28.0,28.0,0.0,28.0,10,3,4,5,0
five_resource,43,165578901,1228722198,2,1,110,21,41,18-21,32-41,none,none,0,1,0,1,1,0,3,11,10,21,5,28.5,28.5,0.0,28.5,2,3,8,3,5
five_resource,43,165578901,1228722198,3,0,110,2,29,1-2,19-29,none,none,0,1,0,2,0,0,3,10,10,20,4,26.0,26.0,0.0,26.0,7,0,8,2,3
five_resource,43,165578901,1228722198,4,0,110,7,15,6-7,14-15,none,none,0,2,0,1,0,0,3,10,11,21,5,28.5,28.5,0.0,28.5,7,1,4,4,5
five_resource,44,1754648232,501031174,1,1,97,7,29,6-7,19-29,none,none,0,0,1,0,1,1,3,12,7,19,5,26.5,26.5,0.0,26.5,5,2,4,5,3
five_resource,44,1754648232,501031174,2,0,97,15,37,14-15,33-37,none,none,0,1,0,1,0,0,2,11,9,20,4,26.0,26.0,0.0,26.0,8,2,5,5,0
five_resource,44,1754648232,501031174,3,0,97,34,18,31-34,8-18,none,none,0,0,0,1,2,0,3,11,9,20,4,26.0,26.0,0.0,26.0,4,0,6,5,5
five_resource,44,1754648232,501031174,4,0,97,41,2,32-41,1-2,none,none,0,2,0,0,1,0,3,12,10,22,4,28.0,28.0,0.0,28.0,7,4,0,3,8
five_resource,45,1167696004,1793969994,1,1,109,21,42,18-21,38-42,none,none,0,1,0,0,2,0,3,12,9,21,4,27.0,27.0,0.0,27.0,5,4,0,9,3
five_resource,45,1167696004,1793969994,2,0,109,34,32,31-34,29-32,none,none,0,0,0,0,2,1,3,13,11,24,3,28.5,28.5,0.0,28.5,0,8,0,13,3
five_resource,45,1167696004,1793969994,3,0,109,7,24,6-7,20-24,none,none,0,0,1,2,0,0,3,11,9,20,5,27.5,27.5,0.0,27.5,2,4,5,5,4
five_resource,45,1167696004,1793969994,4,0,109,15,2,14-15,1-2,none,none,0,2,1,0,0,0,3,10,11,21,4,27.0,27.0,0.0,27.0,6,10,3,0,2
five_resource,46,328063601,1717962873,1,0,122,31,15,21-31,14-15,none,none,0,0,1,0,2,0,3,12,8,20,4,26.0,26.0,0.0,26.0,5,1,4,10,0
five_resource,46,328063601,1717962873,2,1,122,41,20,32-41,12-20,none,none,0,0,1,1,1,0,3,12,8,20,5,27.5,27.5,0.0,27.5,5,6,4,2,3
five_resource,46,328063601,1717962873,3,0,122,7,2,6-7,1-2,none,none,0,2,0,0,1,0,3,11,8,19,5,26.5,26.5,0.0,26.5,3,2,4,5,5
five_resource,46,328063601,1717962873,4,0,122,38,33,30-38,24-33,none,none,0,0,0,2,0,1,3,11,12,23,4,29.0,29.0,0.0,29.0,4,4,12,0,3
five_resource,47,1511168161,268543586,1,0,182,33,14,24-33,2-14,none,none,0,0,0,1,0,2,3,12,8,20,4,26.0,26.0,0.0,26.0,4,0,5,5,6
five_resource,47,1511168161,268543586,2,1,182,43,25,34-43,15-25,none,none,0,1,1,0,0,1,3,12,9,21,5,28.5,28.5,0.0,28.5,8,5,3,4,1
five_resource,47,1511168161,268543586,3,0,182,32,18,29-32,8-18,none,none,0,1,1,0,0,1,3,10,9,19,5,26.5,26.5,0.0,26.5,6,1,3,4,5
five_resource,47,1511168161,268543586,4,0,182,1,7,0-1,6-7,none,none,0,0,1,0,1,1,3,11,9,20,4,26.0,26.0,0.0,26.0,0,1,2,4,13
five_resource,48,1354862962,566469534,1,1,97,33,41,24-33,32-41,none,none,0,1,0,0,2,0,3,12,9,21,4,27.0,27.0,0.0,27.0,7,4,4,6,0
five_resource,48,1354862962,566469534,2,0,97,31,29,21-31,19-29,none,none,0,0,0,1,1,1,3,12,8,20,4,26.0,26.0,0.0,26.0,7,0,1,2,10
five_resource,48,1354862962,566469534,3,0,97,43,38,34-43,30-38,none,none,0,0,1,0,1,1,3,12,7,19,5,26.5,26.5,0.0,26.5,8,2,4,2,3
five_resource,48,1354862962,566469534,4,0,97,2,15,1-2,14-15,none,none,0,0,0,1,1,1,3,9,9,18,4,24.0,24.0,0.0,24.0,1,0,6,6,5
five_resource,49,287264509,1478885609,1,0,151,14,44,2-14,41-44,none,none,0,0,1,1,1,0,3,12,9,21,4,27.0,27.0,0.0,27.0,0,4,4,9,4
five_resource,49,287264509,1478885609,2,0,151,30,21,25-30,18-21,none,none,0,0,1,1,0,1,3,12,9,21,4,27.0,27.0,0.0,27.0,0,4,8,3,6
five_resource,49,287264509,1478885609,3,1,151,33,42,24-33,38-42,none,none,0,1,0,2,0,0,3,11,11,22,4,28.0,28.0,0.0,28.0,4,4,9,0,5
five_resource,49,287264509,1478885609,4,0,151,1,7,0-1,6-7,none,none,0,1,0,2,0,0,3,10,11,21,3,25.5,25.5,0.0,25.5,5,3,13,0,0
five_resource,50,2136903265,1143207437,1,0,104,25,23,15-25,23-24,none,generic_3to1,1,1,1,0,0,0,2,13,7,20,5,27.5,27.5,2.0,27.5,2,5,4,5,4
five_resource,50,2136903265,1143207437,2,0,104,19,7,14-19,6-7,none,none,0,0,0,1,1,1,3,12,8,20,5,27.5,27.5,0.0,27.5,3,5,5,2,5
five_resource,50,2136903265,1143207437,3,0,104,38,1,30-38,0-1,none,none,0,0,1,1,1,0,3,12,8,20,5,27.5,27.5,0.0,27.5,4,5,1,7,3
five_resource,50,2136903265,1143207437,4,1,104,33,41,24-33,32-41,none,none,0,2,1,0,0,0,3,10,11,21,4,27.0,27.0,0.0,27.0,7,9,2,3,0
five_resource,51,1045900815,695516342,1,0,120,20,43,12-20,34-43,none,none,0,0,1,0,0,2,3,12,8,20,5,27.5,27.5,0.0,27.5,5,2,4,3,6
five_resource,51,1045900815,695516342,2,0,120,14,33,2-14,24-33,none,none,0,1,1,0,1,0,3,11,8,19,5,26.5,26.5,0.0,26.5,9,2,3,1,4
five_resource,51,1045900815,695516342,3,0,120,25,18,15-25,8-18,none,none,0,0,0,2,0,1,3,10,11,21,4,27.0,27.0,0.0,27.0,5,0,10,2,4
five_resource,51,1045900815,695516342,4,1,120,31,38,21-31,30-38,none,none,0,0,1,0,2,0,3,10,10,20,5,27.5,27.5,0.0,27.5,5,3,3,7,2
five_resource,52,1152412589,234172997,1,0,110,42,32,38-42,29-32,none,none,0,0,1,1,0,1,3,13,8,21,4,27.0,27.0,0.0,27.0,0,10,6,4,1
five_resource,52,1152412589,234172997,2,1,110,30,44,25-30,41-44,none,none,0,0,1,2,0,0,3,12,9,21,4,27.0,27.0,0.0,27.0,3,8,6,0,4
five_resource,52,1152412589,234172997,3,0,110,2,18,1-2,8-18,none,none,0,1,0,1,0,1,3,11,8,19,5,26.5,26.5,0.0,26.5,4,3,6,5,1
five_resource,52,1152412589,234172997,4,0,110,12,15,7-12,14-15,none,none,0,0,1,0,0,2,3,11,8,19,5,26.5,26.5,0.0,26.5,4,3,2,5,5
five_resource,53,927942303,1960597680,1,0,119,25,33,15-25,24-33,none,none,0,0,1,2,0,0,3,13,7,20,5,27.5,27.5,0.0,27.5,5,2,5,4,4
five_resource,53,927942303,1960597680,2,0,119,19,16,14-19,15-16,none,wood_2to1,1,0,0,0,1,1,2,12,8,20,4,26.0,26.0,2.5,26.0,5,0,3,4,8
five_resource,53,927942303,1960597680,3,1,119,7,44,6-7,41-44,none,none,0,0,1,1,0,1,3,10,9,19,5,26.5,26.5,0.0,26.5,2,4,3,5,5
five_resource,53,927942303,1960597680,4,0,119,31,2,21-31,1-2,none,none,0,0,0,1,1,1,3,10,9,19,5,26.5,26.5,0.0,26.5,5,1,7,2,4
five_resource,54,590463589,1885222961,1,0,124,21,43,18-21,34-43,none,none,0,1,0,0,1,1,3,12,8,20,4,26.0,26.0,0.0,26.0,7,0,4,5,4
five_resource,54,590463589,1885222961,2,0,124,7,38,6-7,30-38,none,none,0,0,0,1,1,1,3,11,10,21,4,27.0,27.0,0.0,27.0,0,3,2,9,7
five_resource,54,590463589,1885222961,3,0,124,1,32,0-1,29-32,none,none,0,1,0,0,1,1,3,10,10,20,4,26.0,26.0,0.0,26.0,8,0,2,9,1
five_resource,54,590463589,1885222961,4,1,124,25,24,15-25,20-24,none,none,0,0,0,2,1,0,3,10,11,21,5,28.5,28.5,0.0,28.5,1,5,7,4,4
five_resource,55,388006705,842873520,1,1,137,20,31,12-20,21-31,none,none,0,2,0,1,0,0,3,12,9,21,4,27.0,27.0,0.0,27.0,9,0,3,4,5
five_resource,55,388006705,842873520,2,0,137,33,0,24-33,0-1,none,none,0,1,1,0,0,0,2,12,9,21,4,27.0,27.0,0.0,27.0,7,5,5,4,0
five_resource,55,388006705,842873520,3,0,137,8,2,1-8,1-2,none,none,0,0,2,1,0,0,3,10,9,19,4,25.0,25.0,0.0,25.0,4,9,2,4,0
five_resource,55,388006705,842873520,4,0,137,19,15,14-19,14-15,none,none,0,0,0,2,1,0,3,10,11,21,4,27.0,27.0,0.0,27.0,3,2,12,4,0
five_resource,56,49376573,2034405272,1,0,164,30,7,25-30,6-7,none,none,0,1,1,0,0,1,3,13,6,19,5,26.5,26.5,0.0,26.5,8,2,4,4,1
five_resource,56,49376573,2034405272,2,0,164,34,21,31-34,18-21,none,none,0,0,1,1,0,1,3,12,10,22,4,28.0,28.0,0.0,28.0,4,5,10,0,3
five_resource,56,49376573,2034405272,3,0,164,1,19,0-1,14-19,none,none,0,0,1,1,0,1,3,11,10,21,4,27.0,27.0,0.0,27.0,3,6,4,0,8
five_resource,56,49376573,2034405272,4,1,164,41,15,32-41,14-15,none,none,0,1,0,1,1,0,3,12,10,22,4,28.0,28.0,0.0,28.0,4,3,4,11,0
five_resource,57,182818357,1579483714,1,0,143,32,7,29-32,6-7,none,none,0,2,0,0,1,0,3,12,9,21,4,27.0,27.0,0.0,27.0,8,0,4,5,4
five_resource,57,182818357,1579483714,2,0,143,44,1,41-44,0-1,none,none,0,2,1,0,0,0,3,12,9,21,5,28.5,28.5,0.0,28.5,7,2,4,3,5
five_resource,57,182818357,1579483714,3,1,143,14,23,2-14,23-24,none,generic_3to1,1,0,0,1,1,0,2,11,8,19,5,26.5,26.5,1.9000000000000001,26.5,2,4,3,5,5
five_resource,57,182818357,1579483714,4,0,143,42,30,38-42,25-30,none,none,0,0,0,1,0,2,3,12,11,23,3,27.5,27.5,0.0,27.5,0,3,2,0,18
five_resource,58,846782629,883577855,1,1,109,18,29,8-18,19-29,none,none,0,0,0,2,0,1,3,13,9,22,4,28.0,28.0,0.0,28.0,0,5,5,4,8
five_resource,58,846782629,883577855,2,0,109,2,33,1-2,24-33,none,none,0,1,0,1,0,1,3,12,9,21,5,28.5,28.5,0.0,28.5,4,5,7,3,2
five_resource,58,846782629,883577855,3,0,109,20,43,12-20,34-43,none,none,0,2,1,0,0,0,3,12,11,23,4,29.0,29.0,0.0,29.0,11,5,3,4,0
five_resource,58,846782629,883577855,4,0,109,31,15,21-31,14-15,none,none,0,0,0,2,1,0,3,12,12,24,4,30.0,30.0,0.0,30.0,0,5,10,5,4
five_resource,59,962869285,363394191,1,0,115,20,6,12-20,6-7,none,generic_3to1,1,1,0,0,1,0,2,12,7,19,4,25.0,25.0,1.9000000000000001,25.0,7,3,5,4,0
five_resource,59,962869285,363394191,2,0,115,34,25,31-34,15-25,none,none,0,1,0,1,1,0,3,11,10,21,3,25.5,25.5,0.0,25.5,8,0,6,7,0
five_resource,59,962869285,363394191,3,1,115,8,38,1-8,30-38,none,none,0,0,0,1,1,1,3,12,9,21,5,28.5,28.5,0.0,28.5,7,5,2,5,2
five_resource,59,962869285,363394191,4,0,115,44,2,41-44,1-2,none,none,0,0,2,1,0,0,3,12,10,22,4,28.0,28.0,0.0,28.0,4,7,3,0,8
five_resource,60,1322019967,1217283321,1,0,126,14,21,2-14,18-21,none,none,0,1,1,0,1,0,3,13,9,22,5,29.5,29.5,0.0,29.5,7,5,4,2,4
five_resource,60,1322019967,1217283321,2,1,126,34,25,31-34,15-25,none,none,0,1,0,2,0,0,3,12,8,20,5,27.5,27.5,0.0,27.5,3,5,5,3,4
five_resource,60,1322019967,1217283321,3,0,126,1,44,0-1,41-44,none,none,0,1,0,0,0,2,3,10,10,20,4,26.0,26.0,0.0,26.0,2,3,0,3,12
five_resource,60,1322019967,1217283321,4,0,126,42,7,38-42,6-7,none,none,0,1,2,0,0,0,3,10,10,20,5,27.5,27.5,0.0,27.5,2,8,1,5,4
five_resource,61,2123807367,780417836,1,0,94,41,26,32-41,25-26,none,generic_3to1,1,1,0,0,1,0,2,12,9,21,4,27.0,27.0,2.1,27.0,5,0,5,8,3
five_resource,61,2123807367,780417836,2,1,94,38,8,30-38,1-8,none,none,0,0,0,1,0,1,2,11,7,18,5,25.5,25.5,0.0,25.5,5,2,4,4,3
five_resource,61,2123807367,780417836,3,0,94,43,15,34-43,14-15,none,none,0,0,0,1,2,0,3,11,11,22,4,28.0,28.0,0.0,28.0,2,0,10,6,4
five_resource,61,2123807367,780417836,4,0,94,2,33,1-2,24-33,none,none,0,0,2,0,0,1,3,12,10,22,4,28.0,28.0,0.0,28.0,0,6,9,3,4
five_resource,62,743144841,279835464,1,0,116,8,44,1-8,41-44,none,none,0,1,0,1,0,1,3,12,8,20,5,27.5,27.5,0.0,27.5,2,3,5,5,5
five_resource,62,743144841,279835464,2,0,116,15,26,14-15,25-26,none,generic_3to1,1,0,1,0,1,0,2,12,9,21,4,27.0,27.0,2.1,27.0,3,5,5,8,0
five_resource,62,743144841,279835464,3,0,116,30,33,25-30,24-33,none,none,0,1,0,1,1,0,3,12,8,20,5,27.5,27.5,0.0,27.5,5,5,4,2,4
five_resource,62,743144841,279835464,4,1,116,42,12,38-42,7-12,none,none,0,1,1,0,1,0,3,12,10,22,5,29.5,29.5,0.0,29.5,2,3,8,5,4
five_resource,63,1911858404,1907949923,1,0,112,7,19,6-7,14-19,none,none,0,1,0,0,1,0,2,13,8,21,4,27.0,27.0,0.0,27.0,10,4,4,3,0
five_resource,63,1911858404,1907949923,2,0,112,33,15,24-33,14-15,none,none,0,1,1,0,1,0,3,13,8,21,5,28.5,28.5,0.0,28.5,5,1,4,6,5
five_resource,63,1911858404,1907949923,3,0,112,32,30,29-32,25-30,none,none,0,2,1,0,0,0,3,11,10,21,4,27.0,27.0,0.0,27.0,11,2,5,3,0
five_resource,63,1911858404,1907949923,4,1,112,43,21,34-43,18-21,none,none,0,0,1,0,2,0,3,12,11,23,4,29.0,29.0,0.0,29.0,0,4,9,7,3
five_resource,64,2045084184,536230913,1,1,109,15,43,14-15,34-43,none,none,0,0,0,0,2,1,3,13,9,22,4,28.0,28.0,0.0,28.0,4,0,4,6,8
five_resource,64,2045084184,536230913,2,0,109,42,18,38-42,8-18,none,none,0,1,1,0,0,0,2,11,8,19,4,25.0,25.0,0.0,25.0,10,3,0,2,4
five_resource,64,2045084184,536230913,3,0,109,31,33,21-31,24-33,none,none,0,1,1,0,1,0,3,10,9,19,4,25.0,25.0,0.0,25.0,7,4,0,5,3
five_resource,64,2045084184,536230913,4,0,109,29,7,19-29,6-7,none,none,0,0,2,1,0,0,3,11,10,21,4,27.0,27.0,0.0,27.0,9,6,4,2,0
five_resource,65,1781311907,1240577552,1,0,110,44,3,41-44,2-3,none,generic_3to1,1,0,1,0,1,0,2,13,7,20,5,27.5,27.5,2.0,27.5,5,5,4,2,4
five_resource,65,1781311907,1240577552,2,1,110,24,19,20-24,14-19,none,none,0,1,0,0,2,0,3,12,8,20,4,26.0,26.0,0.0,26.0,6,4,3,7,0
five_resource,65,1781311907,1240577552,3,0,110,15,42,14-15,38-42,none,none,0,2,0,1,0,0,3,11,8,19,5,26.5,26.5,0.0,26.5,6,5,2,3,3
five_resource,65,1781311907,1240577552,4,0,110,34,1,31-34,0-1,none,none,0,0,0,0,2,1,3,11,11,22,3,26.5,26.5,0.0,26.5,0,4,0,9,9
five_resource,66,304122021,1339971599,1,0,123,30,34,25-30,31-34,none,none,0,0,1,1,0,1,3,13,8,21,5,28.5,28.5,0.0,28.5,4,7,3,4,3
five_resource,66,304122021,1339971599,2,0,123,42,19,38-42,14-19,none,none,0,0,0,1,1,0,2,13,7,20,4,26.0,26.0,0.0,26.0,0,5,3,4,8
five_resource,66,304122021,1339971599,3,1,123,32,20,29-32,12-20,none,none,0,2,0,1,0,0,3,11,11,22,4,28.0,28.0,0.0,28.0,8,5,6,0,3
five_resource,66,304122021,1339971599,4,0,123,44,7,41-44,6-7,none,none,0,1,1,0,1,0,3,12,9,21,5,28.5,28.5,0.0,28.5,3,5,5,1,7
five_resource,67,321236752,498617001,1,0,183,12,44,7-12,41-44,none,none,0,1,1,0,0,1,3,12,8,20,5,27.5,27.5,0.0,27.5,6,1,5,4,4
five_resource,67,321236752,498617001,2,0,183,24,6,20-24,6-7,none,generic_3to1,1,0,0,1,1,0,2,11,8,19,4,25.0,25.0,1.9000000000000001,25.0,3,0,5,6,5
five_resource,67,321236752,498617001,3,1,183,21,15,18-21,14-15,none,none,0,1,0,1,0,1,3,10,9,19,5,26.5,26.5,0.0,26.5,2,1,2,4,10
five_resource,67,321236752,498617001,4,0,183,42,1,38-42,0-1,none,none,0,0,1,0,2,0,3,10,9,19,4,25.0,25.0,0.0,25.0,4,5,5,5,0
five_resource,68,2003028046,476643793,1,1,125,31,41,21-31,32-41,none,none,0,1,1,0,0,1,3,13,9,22,3,26.5,26.5,0.0,26.5,10,2,0,0,10
five_resource,68,2003028046,476643793,2,0,125,19,38,14-19,30-38,none,none,0,0,2,0,0,1,3,11,10,21,5,28.5,28.5,0.0,28.5,4,5,5,2,5
five_resource,68,2003028046,476643793,3,0,125,33,8,24-33,1-8,none,none,0,1,0,1,0,1,3,11,9,20,5,27.5,27.5,0.0,27.5,7,2,5,5,1
five_resource,68,2003028046,476643793,4,0,125,43,2,34-43,1-2,none,none,0,0,0,2,1,0,3,11,11,22,4,28.0,28.0,0.0,28.0,0,2,8,7,5
five_resource,69,160222076,411618085,1,0,143,31,11,21-31,11-12,none,brick_2to1,1,1,0,1,0,0,2,13,9,22,4,28.0,28.0,0.0,28.0,9,0,4,4,5
five_resource,69,160222076,411618085,2,0,143,24,38,20-24,30-38,none,none,0,0,0,1,2,0,3,12,10,22,4,28.0,28.0,0.0,28.0,3,0,8,6,5
five_resource,69,160222076,411618085,3,1,143,29,15,19-29,14-15,none,none,0,0,1,1,0,1,3,11,8,19,5,26.5,26.5,0.0,26.5,4,3,4,5,3
five_resource,69,160222076,411618085,4,0,143,41,2,32-41,1-2,none,none,0,0,0,1,1,1,3,12,10,22,4,28.0,28.0,0.0,28.0,3,0,2,14,3
five_resource,70,508668193,1263059851,1,0,138,2,31,1-2,21-31,none,none,0,0,1,0,1,1,3,11,9,20,5,27.5,27.5,0.0,27.5,4,3,5,5,3
five_resource,70,508668193,1263059851,2,1,138,30,50,25-30,44-50,none,brick_2to1,1,2,0,0,0,0,2,11,9,20,4,26.0,26.0,2.0,26.0,9,4,0,5,2
five_resource,70,508668193,1263059851,3,0,138,18,43,8-18,34-43,none,none,0,1,0,0,1,1,3,12,10,22,4,28.0,28.0,0.0,28.0,5,0,9,3,5
five_resource,70,508668193,1263059851,4,0,138,41,33,32-41,24-33,none,none,0,0,2,0,0,1,3,12,10,22,4,28.0,28.0,0.0,28.0,4,8,0,8,2
five_resource,71,1390510041,36421336,1,0,120,20,7,12-20,6-7,none,none,0,0,0,2,0,1,3,11,10,21,4,27.0,27.0,0.0,27.0,0,5,7,4,5
five_resource,71,1390510041,36421336,2,0,120,29,43,19-29,34-43,none,none,0,1,0,0,1,1,3,11,10,21,5,28.5,28.5,0.0,28.5,6,4,2,5,4
five_resource,71,1390510041,36421336,3,0,120,31,15,21-31,14-15,none,none,0,1,0,0,1,1,3,11,10,21,5,28.5,28.5,0.0,28.5,5,5,2,2,7
five_resource,71,1390510041,36421336,4,1,120,41,1,32-41,0-1,none,none,0,2,0,0,0,1,3,11,11,22,4,28.0,28.0,0.0,28.0,6,4,0,3,9
five_resource,72,315365087,800009450,1,0,71,38,41,30-38,32-41,none,none,0,1,1,0,1,0,3,13,9,22,4,28.0,28.0,0.0,28.0,2,14,4,2,0
five_resource,72,315365087,800009450,2,0,71,8,31,1-8,21-31,none,none,0,0,1,0,1,1,3,11,9,20,5,27.5,27.5,0.0,27.5,5,3,3,2,7
five_resource,72,315365087,800009450,3,1,71,25,20,15-25,12-20,none,none,0,0,0,0,1,2,3,12,11,23,4,29.0,29.0,0.0,29.0,8,4,0,4,7
five_resource,72,315365087,800009450,4,0,71,33,29,24-33,19-29,none,none,0,1,2,0,0,0,3,10,11,21,5,28.5,28.5,0.0,28.5,3,8,1,5,4
five_resource,73,1201798311,524890042,1,0,123,30,33,25-30,24-33,none,none,0,1,2,0,0,0,3,13,8,21,5,28.5,28.5,0.0,28.5,3,5,4,5,4
five_resource,73,1201798311,524890042,2,0,123,7,31,6-7,21-31,none,none,0,0,1,2,0,0,3,12,9,21,5,28.5,28.5,0.0,28.5,4,4,5,3,5
five_resource,73,1201798311,524890042,3,1,123,20,0,12-20,0-1,none,none,0,1,0,0,1,0,2,11,9,20,4,26.0,26.0,0.0,26.0,6,4,0,5,5
five_resource,73,1201798311,524890042,4,0,123,2,41,1-2,32-41,none,none,0,0,0,3,0,0,3,10,12,22,4,28.0,28.0,0.0,28.0,2,0,12,5,3
five_resource,74,487954598,1371261893,1,0,134,18,41,8-18,32-41,none,none,0,0,0,0,3,0,3,13,11,24,3,28.5,28.5,0.0,28.5,0,4,0,16,4
five_resource,74,487954598,1371261893,2,1,134,43,25,34-43,15-25,none,none,0,0,2,0,0,1,3,12,10,22,5,29.5,29.5,0.0,29.5,3,7,5,4,3
five_resource,74,487954598,1371261893,3,0,134,38,7,30-38,6-7,none,none,0,0,0,2,0,1,3,11,9,20,5,27.5,27.5,0.0,27.5,4,5,5,2,4
five_resource,74,487954598,1371261893,4,0,134,14,31,2-14,21-31,none,none,0,1,0,0,2,0,3,10,10,20,4,26.0,26.0,0.0,26.0,1,4,0,9,6
five_resource,75,1936365093,1875266763,1,0,134,29,2,19-29,1-2,none,none,0,1,1,0,0,1,3,12,9,21,5,28.5,28.5,0.0,28.5,5,1,4,3,8
five_resource,75,1936365093,1875266763,2,1,134,12,25,7-12,15-25,none,none,0,1,0,0,0,2,3,11,10,21,5,28.5,28.5,0.0,28.5,2,2,4,5,8
five_resource,75,1936365093,1875266763,3,0,134,43,24,34-43,20-24,none,none,0,0,0,1,2,0,3,11,10,21,4,27.0,27.0,0.0,27.0,5,4,5,7,0
five_resource,75,1936365093,1875266763,4,0,134,31,18,21-31,8-18,none,none,0,0,0,2,0,1,3,12,11,23,3,27.5,27.5,0.0,27.5,5,0,15,0,3
five_resource,76,1591528641,1989676990,1,0,124,2,33,1-2,24-33,none,none,0,1,0,0,0,2,3,12,8,20,4,26.0,26.0,0.0,26.0,9,5,3,0,3
five_resource,76,1591528641,1989676990,2,0,124,7,31,6-7,21-31,none,none,0,1,1,0,1,0,3,11,9,20,4,26.0,26.0,0.0,26.0,9,2,3,6,0
five_resource,76,1591528641,1989676990,3,0,124,20,15,12-20,14-15,none,none,0,0,2,0,0,1,3,11,8,19,5,26.5,26.5,0.0,26.5,5,6,3,3,2
five_resource,76,1591528641,1989676990,4,1,124,44,19,41-44,14-19,none,none,0,1,1,0,0,1,3,11,8,19,5,26.5,26.5,0.0,26.5,4,2,5,6,2
five_resource,77,1085460482,1399756255,1,0,87,1,6,0-1,6-7,none,generic_3to1,1,2,0,0,0,0,2,13,9,22,3,26.5,26.5,2.2,26.5,14,0,4,4,0
five_resource,77,1085460482,1399756255,2,0,87,12,32,7-12,29-32,none,none,0,2,0,0,0,1,3,13,10,23,4,29.0,29.0,0.0,29.0,9,4,0,5,5
five_resource,77,1085460482,1399756255,3,1,87,18,44,8-18,41-44,none,none,0,1,0,0,0,2,3,13,11,24,4,30.0,30.0,0.0,30.0,3,4,0,4,13
five_resource,77,1085460482,1399756255,4,0,87,42,24,38-42,20-24,none,none,0,0,0,1,2,0,3,10,8,18,5,25.5,25.5,0.0,25.5,2,3,2,6,5
five_resource,78,805987788,412415414,1,0,86,8,23,1-8,23-24,none,generic_3to1,1,0,0,0,1,1,2,13,7,20,4,26.0,26.0,2.0,26.0,5,4,0,9,2
five_resource,78,805987788,412415414,2,1,86,14,29,2-14,19-29,none,none,0,0,0,1,1,1,3,13,8,21,5,28.5,28.5,0.0,28.5,5,4,1,8,3
five_resource,78,805987788,412415414,3,0,86,33,12,24-33,7-12,none,none,0,1,1,0,0,1,3,11,10,21,5,28.5,28.5,0.0,28.5,5,3,2,5,6
five_resource,78,805987788,412415414,4,0,86,21,44,18-21,41-44,none,none,0,1,0,2,0,0,3,12,11,23,3,27.5,27.5,0.0,27.5,8,0,8,0,7
five_resource,79,624214061,1879062157,1,1,109,33,18,24-33,8-18,none,none,0,0,1,2,0,0,3,12,7,19,5,26.5,26.5,0.0,26.5,3,2,5,5,4
five_resource,79,624214061,1879062157,2,0,109,2,7,1-2,6-7,none,none,0,1,0,2,0,0,3,11,9,20,4,26.0,26.0,0.0,26.0,10,2,4,0,4
five_resource,79,624214061,1879062157,3,0,109,29,15,19-29,14-15,none,none,0,0,0,1,1,1,3,11,9,20,4,26.0,26.0,0.0,26.0,4,0,6,6,4
five_resource,79,624214061,1879062157,4,0,109,42,31,38-42,21-31,none,none,0,0,1,1,0,1,3,12,10,22,5,29.5,29.5,0.0,29.5,4,2,4,8,4
five_resource,80,1166045467,1691961909,1,0,40,33,23,24-33,23-24,none,ore_2to1,1,0,0,0,1,1,2,13,7,20,4,26.0,26.0,1.5,26.0,0,5,4,8,3
five_resource,80,1166045467,1691961909,2,0,40,21,29,18-21,19-29,none,none,0,0,1,1,0,1,3,12,9,21,4,27.0,27.0,0.0,27.0,3,7,3,0,8
five_resource,80,1166045467,1691961909,3,0,40,38,2,30-38,1-2,none,none,0,1,0,1,1,0,3,12,8,20,5,27.5,27.5,0.0,27.5,1,5,5,5,4
five_resource,80,1166045467,1691961909,4,1,40,12,25,7-12,15-25,none,none,0,0,2,0,1,0,3,11,10,21,4,27.0,27.0,0.0,27.0,8,7,0,3,3
five_resource,81,1946843032,1452076075,1,1,157,44,19,41-44,14-19,none,none,0,0,2,1,0,0,3,12,8,20,4,26.0,26.0,0.0,26.0,3,6,6,5,0
five_resource,81,1946843032,1452076075,2,0,157,21,42,18-21,38-42,none,none,0,0,1,1,0,1,3,11,9,20,5,27.5,27.5,0.0,27.5,5,7,4,3,1
five_resource,81,1946843032,1452076075,3,0,157,33,32,24-33,29-32,none,none,0,0,1,0,1,1,3,12,9,21,4,27.0,27.0,0.0,27.0,0,3,5,12,1
five_resource,81,1946843032,1452076075,4,0,157,7,25,6-7,15-25,none,none,0,1,1,0,0,1,3,10,10,20,5,27.5,27.5,0.0,27.5,7,3,4,1,5
five_resource,82,621570035,2104092984,1,0,123,18,38,8-18,30-38,none,none,0,1,1,0,1,0,3,12,8,20,5,27.5,27.5,0.0,27.5,8,1,5,2,4
five_resource,82,621570035,2104092984,2,0,123,31,20,21-31,12-20,none,none,0,0,1,2,0,0,3,11,10,21,4,27.0,27.0,0.0,27.0,0,6,7,4,4
five_resource,82,621570035,2104092984,3,1,123,2,7,1-2,6-7,none,none,0,0,0,1,1,1,3,12,10,22,5,29.5,29.5,0.0,29.5,7,5,5,1,4
five_resource,82,621570035,2104092984,4,0,123,43,25,34-43,15-25,none,none,0,1,0,1,0,1,3,12,10,22,4,28.0,28.0,0.0,28.0,5,0,6,9,2
five_resource,83,2130974504,1975341349,1,0,144,33,50,24-33,44-50,none,generic_3to1,1,0,0,0,1,1,2,12,8,20,4,26.0,26.0,2.0,26.0,0,4,3,9,4
five_resource,83,2130974504,1975341349,2,0,144,41,21,32-41,18-21,none,none,0,0,0,2,0,1,3,12,9,21,4,27.0,27.0,0.0,27.0,3,0,8,4,6
five_resource,83,2130974504,1975341349,3,0,144,43,12,34-43,7-12,none,none,0,1,0,2,0,0,3,13,10,23,4,29.0,29.0,0.0,29.0,3,4,7,0,9
five_resource,83,2130974504,1975341349,4,1,144,30,15,25-30,14-15,none,none,0,1,0,0,2,0,3,11,11,22,3,26.5,26.5,0.0,26.5,5,0,3,14,0
five_resource,84,1218001428,160330886,1,0,78,38,2,30-38,1-2,none,none,0,0,0,0,2,1,3,12,9,21,4,27.0,27.0,0.0,27.0,4,0,5,5,7
five_resource,84,1218001428,160330886,2,1,78,15,20,14-15,12-20,none,none,0,0,1,2,0,0,3,13,9,22,4,28.0,28.0,0.0,28.0,0,3,6,9,4
five_resource,84,1218001428,160330886,3,0,78,33,29,24-33,19-29,none,none,0,0,0,1,1,1,3,11,9,20,5,27.5,27.5,0.0,27.5,3,3,2,4,8
five_resource,84,1218001428,160330886,4,0,78,18,41,8-18,32-41,none,none,0,2,0,0,0,1,3,11,8,19,4,25.0,25.0,0.0,25.0,5,0,7,4,3
five_resource,85,857226971,460035328,1,0,134,41,18,32-41,8-18,none,none,0,1,1,0,1,0,3,12,9,21,5,28.5,28.5,0.0,28.5,5,2,5,5,4
five_resource,85,857226971,460035328,2,1,134,12,38,7-12,30-38,none,none,0,0,0,2,1,0,3,11,11,22,3,26.5,26.5,0.0,26.5,2,0,12,8,0
five_resource,85,857226971,460035328,3,0,134,15,29,14-15,19-29,none,none,0,0,1,1,1,0,3,11,10,21,5,28.5,28.5,0.0,28.5,4,2,5,6,4
five_resource,85,857226971,460035328,4,0,134,2,24,1-2,20-24,none,none,0,1,1,1,0,0,3,10,10,20,5,27.5,27.5,0.0,27.5,1,5,5,5,4
five_resource,86,133288886,1363565231,1,0,140,12,34,7-12,31-34,none,none,0,0,0,1,1,1,3,12,9,21,4,27.0,27.0,0.0,27.0,4,0,5,6,6
five_resource,86,133288886,1363565231,2,0,140,15,1,14-15,0-1,none,none,0,2,0,0,0,1,3,10,9,19,5,26.5,26.5,0.0,26.5,6,4,5,1,3
five_resource,86,133288886,1363565231,3,0,140,21,26,18-21,25-26,none,generic_3to1,1,0,1,1,0,0,2,10,9,19,5,26.5,26.5,1.9000000000000001,26.5,4,4,5,3,3
five_resource,86,133288886,1363565231,4,1,140,24,38,20-24,30-38,none,none,0,0,2,1,0,0,3,10,11,21,5,28.5,28.5,0.0,28.5,2,9,2,5,3
five_resource,87,626871096,812501821,1,0,131,19,11,14-19,11-12,none,wheat_2to1,1,0,1,0,0,1,2,12,7,19,5,26.5,26.5,2.0,26.5,4,5,4,4,2
five_resource,87,626871096,812501821,2,0,131,1,31,0-1,21-31,none,none,0,0,0,3,0,0,3,13,9,22,3,26.5,26.5,0.0,26.5,0,0,9,4,9
five_resource,87,626871096,812501821,3,1,131,7,50,6-7,44-50,none,generic_3to1,1,1,0,0,1,0,2,11,8,19,5,26.5,26.5,1.9000000000000001,26.5,5,5,2,3,4
five_resource,87,626871096,812501821,4,0,131,43,15,34-43,14-15,none,none,0,2,0,0,1,0,3,11,12,23,4,29.0,29.0,0.0,29.0,14,3,3,3,0
five_resource,88,1707201716,813946014,1,1,105,41,16,32-41,15-16,none,wheat_2to1,1,1,0,0,0,1,2,12,7,19,5,26.5,26.5,2.0,26.5,2,5,3,4,5
five_resource,88,1707201716,813946014,2,0,105,29,31,19-29,21-31,none,none,0,0,0,0,2,1,3,13,10,23,3,27.5,27.5,0.0,27.5,0,5,0,16,2
five_resource,88,1707201716,813946014,3,0,105,14,12,2-14,7-12,none,none,0,1,0,0,1,1,3,11,10,21,4,27.0,27.0,0.0,27.0,4,0,2,5,10
five_resource,88,1707201716,813946014,4,0,105,18,43,8-18,34-43,none,none,0,1,1,0,1,0,3,11,11,22,5,29.5,29.5,0.0,29.5,5,2,2,8,5
five_resource,89,348281753,1111527076,1,0,87,29,23,19-29,23-24,none,generic_3to1,1,0,0,1,0,1,2,12,7,19,5,26.5,26.5,1.9000000000000001,26.5,5,3,5,4,2
five_resource,89,348281753,1111527076,2,0,87,38,14,30-38,2-14,none,none,0,0,1,2,0,0,3,12,11,23,5,30.5,30.5,0.0,30.5,5,3,8,4,3
five_resource,89,348281753,1111527076,3,1,87,12,43,7-12,34-43,none,none,0,0,1,0,2,0,3,10,11,21,4,27.0,27.0,0.0,27.0,0,5,5,9,2
five_resource,89,348281753,1111527076,4,0,87,18,41,8-18,32-41,none,none,0,2,0,0,1,0,3,10,11,21,4,27.0,27.0,0.0,27.0,7,3,3,8,0
five_resource,90,874757909,398115220,1,0,115,19,33,14-19,24-33,none,none,0,0,0,1,1,1,3,12,8,20,4,26.0,26.0,0.0,26.0,4,0,6,8,2
five_resource,90,874757909,398115220,2,0,115,42,43,38-42,34-43,none,none,0,0,1,0,1,0,2,12,9,21,4,27.0,27.0,0.0,27.0,8,4,4,5,0
five_resource,90,874757909,398115220,3,1,115,1,21,0-1,18-21,none,none,0,2,0,1,0,0,3,10,9,19,5,26.5,26.5,0.0,26.5,8,2,1,3,5
five_resource,90,874757909,398115220,4,0,115,12,30,7-12,25-30,none,none,0,0,0,2,1,0,3,10,10,20,5,27.5,27.5,0.0,27.5,4,3,9,1,3
five_resource,91,358717904,740342007,1,1,153,30,44,25-30,41-44,none,none,0,0,0,1,2,0,3,12,9,21,4,27.0,27.0,0.0,27.0,4,0,10,4,3
five_resource,91,358717904,740342007,2,0,153,15,21,14-15,18-21,none,none,0,1,0,1,1,0,3,13,10,23,4,29.0,29.0,0.0,29.0,13,0,5,1,4
five_resource,91,358717904,740342007,3,0,153,32,2,29-32,1-2,none,none,0,1,1,0,0,1,3,11,9,20,5,27.5,27.5,0.0,27.5,6,3,5,2,4
five_resource,91,358717904,740342007,4,0,153,8,12,1-8,7-12,none,none,0,0,1,1,1,0,3,10,10,20,4,26.0,26.0,0.0,26.0,2,5,10,3,0
five_resource,92,1808372858,1142213244,1,0,122,30,0,25-30,0-1,none,none,0,1,0,1,0,0,2,11,9,20,5,27.5,27.5,0.0,27.5,4,5,5,3,3
five_resource,92,1808372858,1142213244,2,1,122,7,33,6-7,24-33,none,none,0,0,0,2,1,0,3,10,10,20,4,26.0,26.0,0.0,26.0,3,0,10,5,2
five_resource,92,1808372858,1142213244,3,0,122,20,41,12-20,32-41,none,none,0,0,0,1,0,2,3,10,11,21,4,27.0,27.0,0.0,27.0,3,5,6,0,7
five_resource,92,1808372858,1142213244,4,0,122,43,15,34-43,14-15,none,none,0,0,1,0,2,0,3,10,11,21,4,27.0,27.0,0.0,27.0,1,5,4,11,0
five_resource,93,2123215989,1517390032,1,1,101,2,25,1-2,15-25,none,none,0,0,0,1,1,0,2,12,9,21,5,28.5,28.5,0.0,28.5,5,4,4,5,3
five_resource,93,2123215989,1517390032,2,0,101,7,0,6-7,0-1,none,none,0,1,1,0,0,0,2,12,8,20,4,26.0,26.0,0.0,26.0,8,4,5,3,0
five_resource,93,2123215989,1517390032,3,0,101,24,31,20-24,21-31,none,none,0,0,1,0,2,0,3,12,10,22,4,28.0,28.0,0.0,28.0,0,2,3,13,4
five_resource,93,2123215989,1517390032,4,0,101,18,11,8-18,11-12,none,generic_3to1,1,0,0,1,0,1,2,10,9,19,5,26.5,26.5,1.9000000000000001,26.5,5,2,5,3,4
five_resource,94,784077459,533086598,1,1,89,12,46,7-12,43-46,none,wheat_2to1,1,1,0,1,0,0,2,12,9,21,5,28.5,28.5,2.0,28.5,5,3,4,4,5
five_resource,94,784077459,533086598,2,0,89,14,34,2-14,31-34,none,none,0,0,0,2,0,1,3,13,9,22,4,28.0,28.0,0.0,28.0,8,0,7,5,2
five_resource,94,784077459,533086598,3,0,89,8,42,1-8,38-42,none,none,0,0,0,1,2,0,3,11,9,20,5,27.5,27.5,0.0,27.5,4,2,1,8,5
five_resource,94,784077459,533086598,4,0,89,44,24,41-44,20-24,none,none,0,0,1,0,0,2,3,11,8,19,5,26.5,26.5,0.0,26.5,5,3,3,3,5
five_resource,95,551141640,2121601403,1,0,106,21,1,18-21,0-1,none,none,0,1,0,2,0,0,3,13,9,22,4,28.0,28.0,0.0,28.0,2,5,11,4,0
five_resource,95,551141640,2121601403,2,1,106,14,41,2-14,32-41,none,none,0,1,0,0,2,0,3,11,10,21,4,27.0,27.0,0.0,27.0,2,0,2,12,5
five_resource,95,551141640,2121601403,3,0,106,7,43,6-7,34-43,none,none,0,0,1,0,1,1,3,12,8,20,5,27.5,27.5,0.0,27.5,3,4,9,3,1
five_resource,95,551141640,2121601403,4,0,106,33,29,24-33,19-29,none,none,0,1,0,0,2,0,3,12,10,22,4,28.0,28.0,0.0,28.0,2,9,0,8,3
five_resource,96,1591690432,1351466530,1,0,118,12,14,7-12,2-14,none,none,0,1,2,0,0,0,3,13,8,21,4,27.0,27.0,0.0,27.0,9,3,5,4,0
five_resource,96,1591690432,1351466530,2,1,118,38,21,30-38,18-21,none,none,0,0,0,0,3,0,3,13,10,23,4,29.0,29.0,0.0,29.0,4,5,0,10,4
five_resource,96,1591690432,1351466530,3,0,118,29,44,19-29,41-44,none,none,0,0,0,1,0,2,3,12,9,21,4,27.0,27.0,0.0,27.0,5,0,2,3,11
five_resource,96,1591690432,1351466530,4,0,118,25,8,15-25,1-8,none,none,0,0,1,1,1,0,3,12,8,20,4,26.0,26.0,0.0,26.0,12,1,3,4,0
five_resource,97,835531109,1842387509,1,1,117,29,14,19-29,2-14,none,none,0,0,0,1,1,1,3,12,8,20,4,26.0,26.0,0.0,26.0,0,5,3,6,6
five_resource,97,835531109,1842387509,2,0,117,21,3,18-21,2-3,none,brick_2to1,1,0,1,1,0,0,2,11,8,19,5,26.5,26.5,2.5,26.5,2,5,3,4,5
five_resource,97,835531109,1842387509,3,0,117,7,41,6-7,32-41,none,none,0,1,1,1,0,0,3,12,10,22,4,28.0,28.0,0.0,28.0,3,5,9,0,5
five_resource,97,835531109,1842387509,4,0,117,1,38,0-1,30-38,none,none,0,1,1,0,1,0,3,10,10,20,4,26.0,26.0,0.0,26.0,1,10,3,6,0
five_resource,98,1530718643,185028654,1,0,110,30,21,25-30,18-21,none,none,0,0,1,1,1,0,3,13,7,20,5,27.5,27.5,0.0,27.5,4,1,3,8,4
five_resource,98,1530718643,185028654,2,1,110,1,33,0-1,24-33,none,none,0,1,1,0,1,0,3,12,9,21,5,28.5,28.5,0.0,28.5,5,1,3,8,4
five_resource,98,1530718643,185028654,3,0,110,32,7,29-32,6-7,none,none,0,0,0,1,0,1,2,12,7,19,5,26.5,26.5,0.0,26.5,4,5,3,3,4
five_resource,98,1530718643,185028654,4,0,110,43,19,34-43,14-19,none,none,0,0,0,1,1,1,3,12,10,22,4,28.0,28.0,0.0,28.0,0,5,7,6,4
five_resource,99,1735072617,1635320116,1,0,60,25,11,15-25,11-12,none,wood_2to1,1,0,0,1,0,1,2,12,9,21,4,27.0,27.0,0.0,27.0,0,5,4,4,8
five_resource,99,1735072617,1635320116,2,0,60,24,6,20-24,6-7,none,ore_2to1,1,1,0,0,0,1,2,11,9,20,4,26.0,26.0,2.5,26.0,8,0,4,3,5
five_resource,99,1735072617,1635320116,3,0,60,29,38,19-29,30-38,none,none,0,0,2,0,1,0,3,11,10,21,4,27.0,27.0,0.0,27.0,0,7,5,6,3
five_resource,99,1735072617,1635320116,4,1,60,14,31,2-14,21-31,none,none,0,1,0,1,0,1,3,10,10,20,5,27.5,27.5,0.0,27.5,4,2,5,5,4
port,0,1654615998,1806341205,1,1,93,7,21,6-7,18-21,none,none,0,1,0,0,1,1,3,13,9,22,4,28.0,22.8,0.0,22.8,7,4,0,1,10
port,0,1654615998,1806341205,2,0,93,38,50,30-38,44-50,none,wood_2to1,1,0,0,2,0,0,2,11,7,18,3,22.5,18.6,2.5,21.1,5,0,9,4,0
port,0,1654615998,1806341205,3,0,93,2,46,1-2,43-46,none,generic_3to1,1,0,0,1,1,0,2,10,8,18,4,24.0,18.8,1.8,20.6,2,5,8,3,0
port,0,1654615998,1806341205,4,0,93,15,33,14-15,24-33,none,none,0,1,1,0,1,0,3,10,10,20,4,26.0,20.8,0.0,20.8,3,9,0,5,3
port,1,577090037,271041745,1,0,102,20,18,12-20,8-18,none,none,0,0,1,0,0,2,3,12,10,22,4,28.0,22.8,0.0,22.8,3,4,0,5,10
port,1,577090037,271041745,2,1,102,33,14,24-33,2-14,none,none,0,1,1,1,0,0,3,12,10,22,5,29.5,23.0,0.0,23.0,7,4,2,5,4
port,1,577090037,271041745,3,0,102,30,11,25-30,11-12,none,wheat_2to1,1,0,0,0,1,0,1,12,5,17,2,20.0,17.4,6.5,23.9,4,0,0,13,0
port,1,577090037,271041745,4,0,102,1,23,0-1,23-24,none,brick_2to1,1,0,0,0,1,1,2,11,9,20,5,27.5,21.0,2.0,23.0,5,4,2,5,4
port,2,242886303,393353683,1,0,108,32,19,29-32,14-19,none,none,0,1,1,1,0,0,3,11,9,20,4,26.0,20.8,0.0,20.8,3,3,10,0,4
port,2,242886303,393353683,2,0,108,44,12,41-44,7-12,none,none,0,1,0,1,1,0,3,11,9,20,4,26.0,20.8,0.0,20.8,8,0,5,3,4
port,2,242886303,393353683,3,0,108,15,24,14-15,20-24,none,none,0,0,0,0,2,1,3,10,10,20,4,26.0,20.8,0.0,20.8,3,5,0,10,2
port,2,242886303,393353683,4,1,108,30,3,25-30,2-3,none,sheep_2to1,1,0,1,0,1,0,2,10,9,19,4,25.0,19.8,2.5,22.3,3,7,5,4,0
port,3,1022050301,560161641,1,0,123,33,43,24-33,34-43,none,none,0,0,2,0,1,0,3,13,10,23,3,27.5,23.6,0.0,23.6,0,6,0,13,4
port,3,1022050301,560161641,2,0,123,1,7,0-1,6-7,none,none,0,1,1,1,0,0,3,11,10,21,4,27.0,21.8,0.0,21.8,5,4,10,2,0
port,3,1022050301,560161641,3,1,123,3,41,2-3,32-41,wood_2to1,none,1,2,1,0,0,0,3,9,11,20,3,24.5,20.6,6.0,26.6,12,3,5,0,0
port,3,1022050301,560161641,4,0,123,21,50,18-21,44-50,none,brick_2to1,1,1,1,0,0,0,2,11,8,19,3,23.5,19.6,3.5,23.1,5,7,0,7,0
port,4,1013818839,1302657532,1,0,146,38,11,30-38,11-12,none,wheat_2to1,1,0,1,1,0,0,2,13,8,21,5,28.5,22.0,2.0,24.0,5,5,3,4,4
port,4,1013818839,1302657532,2,1,146,15,23,14-15,23-24,none,generic_3to1,1,0,1,0,1,0,2,11,8,19,4,25.0,19.8,1.9000000000000001,21.7,0,10,2,3,4
port,4,1013818839,1302657532,3,0,146,32,7,29-32,6-7,none,none,0,1,0,2,0,0,3,11,10,21,3,25.5,21.6,0.0,21.6,12,4,5,0,0
port,4,1013818839,1302657532,4,0,146,43,26,34-43,25-26,none,generic_3to1,1,0,1,0,0,1,2,10,9,19,3,23.5,19.6,1.9000000000000001,21.5,0,9,3,0,7
port,5,1097127993,1539898300,1,0,66,31,43,21-31,34-43,none,none,0,0,1,1,1,0,3,13,10,23,4,29.0,23.8,0.0,23.8,4,2,14,3,0
port,5,1097127993,1539898300,2,1,66,24,47,20-24,42-47,none,wood_2to1,1,0,0,0,1,1,2,12,9,21,5,28.5,22.0,2.0,24.0,4,5,3,5,4
port,5,1097127993,1539898300,3,0,66,41,38,32-41,30-38,none,none,0,1,1,0,1,0,3,12,10,22,5,29.5,23.0,0.0,23.0,2,6,5,5,4
port,5,1097127993,1539898300,4,0,66,29,15,19-29,14-15,none,none,0,0,0,1,1,1,3,12,10,22,4,28.0,22.8,0.0,22.8,0,3,14,1,4
port,6,346043753,2083207870,1,0,130,2,26,1-2,25-26,none,ore_2to1,1,1,0,1,0,0,2,13,9,22,4,28.0,22.8,0.0,22.8,4,4,9,5,0
port,6,346043753,2083207870,2,1,130,12,23,7-12,23-24,none,wood_2to1,1,0,1,0,0,1,2,11,7,18,3,22.5,18.6,3.0,21.6,6,10,0,0,2
port,6,346043753,2083207870,3,0,130,18,15,8-18,14-15,none,none,0,1,1,0,1,0,3,11,10,21,4,27.0,21.8,0.0,21.8,6,1,9,5,0
port,6,346043753,2083207870,4,0,130,32,38,29-32,30-38,none,none,0,0,0,1,2,0,3,11,11,22,2,25.0,22.4,0.0,22.4,0,0,10,12,0
port,7,1390851128,647892279,1,0,131,34,11,31-34,11-12,none,wheat_2to1,1,1,0,0,0,1,2,13,7,20,4,26.0,20.8,2.0,22.8,9,0,5,4,2
port,7,1390851128,647892279,2,0,131,7,30,6-7,25-30,none,none,0,0,0,1,1,1,3,12,9,21,5,28.5,22.0,0.0,22.0,5,3,3,8,2
port,7,1390851128,647892279,3,1,131,20,44,12-20,41-44,none,none,0,0,1,0,1,1,3,11,10,21,4,27.0,21.8,0.0,21.8,0,5,5,8,3
port,7,1390851128,647892279,4,0,131,46,2,43-46,1-2,wood_2to1,none,1,2,1,0,0,0,3,9,10,19,2,22.0,19.4,5.5,24.9,11,8,0,0,0
port,8,973694259,1590906853,1,0,94,33,3,24-33,2-3,none,ore_2to1,1,0,0,0,2,0,2,12,9,21,3,25.5,21.6,1.5,23.1,0,9,0,9,3
port,8,973694259,1590906853,2,1,94,32,50,29-32,44-50,none,wood_2to1,1,0,1,0,1,0,2,12,4,16,3,20.5,16.6,6.0,22.6,12,2,0,2,0
port,8,973694259,1590906853,3,0,94,38,26,30-38,25-26,none,sheep_2to1,1,1,0,1,0,0,2,11,8,19,3,23.5,19.6,3.0,22.6,10,0,6,0,3
port,8,973694259,1590906853,4,0,94,1,16,0-1,15-16,none,generic_3to1,1,1,0,0,1,0,2,10,9,19,4,25.0,19.8,1.9000000000000001,21.7,5,0,1,9,4
port,9,1988601454,1603362544,1,0,96,1,16,0-1,15-16,none,generic_3to1,1,0,1,1,0,0,2,13,8,21,3,25.5,21.6,2.1,23.700000000000003,4,3,14,0,0
port,9,1988601454,1603362544,2,0,96,33,3,24-33,2-3,none,brick_2to1,1,0,1,1,0,0,2,12,7,19,4,25.0,19.8,3.0,22.8,4,6,4,5,0
port,9,1988601454,1603362544,3,0,96,14,50,2-14,44-50,none,sheep_2to1,1,0,0,1,0,1,2,11,6,17,3,21.5,17.6,4.5,22.1,0,3,9,0,5
port,9,1988601454,1603362544,4,1,96,25,42,15-25,38-42,none,none,0,0,0,1,1,1,3,11,11,22,4,28.0,22.8,0.0,22.8,0,3,9,5,5
port,10,139951793,1842064464,1,0,92,24,28,20-24,16-28,none,sheep_2to1,1,1,0,0,0,0,1,13,4,17,2,20.0,17.4,4.5,21.9,8,0,9,0,0
port,10,139951793,1842064464,2,0,92,2,8,1-2,1-8,none,none,0,1,1,0,1,0,3,12,9,21,5,28.5,22.0,0.0,22.0,8,3,5,2,3
port,10,139951793,1842064464,3,0,92,15,21,14-15,18-21,none,none,0,0,1,1,0,1,3,12,10,22,5,29.5,23.0,0.0,23.0,4,3,4,5,6
port,10,139951793,1842064464,4,1,92,19,47,14-19,42-47,none,wood_2to1,1,1,0,0,1,0,2,12,8,20,3,24.5,20.6,4.5,25.1,9,0,0,8,3
port,11,1942955373,1999951809,1,0,127,2,19,1-2,14-19,none,none,0,1,0,1,1,0,3,12,9,21,5,28.5,22.0,0.0,22.0,2,4,6,4,5
port,11,1942955373,1999951809,2,0,127,31,26,21-31,25-26,none,generic_3to1,1,0,0,1,1,0,2,12,8,20,4,26.0,20.8,2.0,22.8,5,3,3,9,0
port,11,1942955373,1999951809,3,1,127,15,50,14-15,44-50,none,brick_2to1,1,0,1,1,0,0,2,11,6,17,4,23.0,17.8,4.5,22.3,2,9,1,5,0
port,11,1942955373,1999951809,4,0,127,20,11,12-20,11-12,none,sheep_2to1,1,1,0,1,0,0,2,11,8,19,3,23.5,19.6,4.0,23.6,9,0,8,0,2
port,12,2038265566,1155324522,1,0,160,41,23,32-41,23-24,none,sheep_2to1,1,1,0,0,0,1,2,13,7,20,3,24.5,20.6,2.5,23.1,6,0,5,0,9
port,12,2038265566,1155324522,2,0,160,1,3,0-1,2-3,none,wood_2to1,1,0,1,1,0,0,2,12,7,19,4,25.0,19.8,2.5,22.3,5,8,3,3,0
port,12,2038265566,1155324522,3,0,160,47,38,42-47,30-38,wheat_2to1,none,1,1,0,0,1,0,2,9,9,18,3,22.5,18.6,5.0,23.6,4,0,0,10,4
port,12,2038265566,1155324522,4,1,160,20,43,12-20,34-43,none,none,0,1,0,1,0,1,3,10,10,20,5,27.5,21.0,0.0,21.0,2,3,5,2,8
port,13,1112433019,1248794762,1,0,127,44,16,41-44,15-16,none,ore_2to1,1,1,0,0,0,1,2,13,6,19,3,23.5,19.6,3.5,23.1,8,0,4,0,7
port,13,1112433019,1248794762,2,0,127,12,14,7-12,2-14,none,none,0,0,0,1,1,1,3,12,10,22,4,28.0,22.8,0.0,22.8,4,0,5,7,6
port,13,1112433019,1248794762,3,1,127,47,32,42-47,29-32,wheat_2to1,none,1,1,1,0,1,0,3,9,10,19,4,25.0,19.8,4.0,23.8,5,2,0,8,4
port,13,1112433019,1248794762,4,0,127,18,38,8-18,30-38,none,none,0,0,1,1,1,0,3,11,11,22,4,28.0,22.8,0.0,22.8,0,2,9,8,3
port,14,458825077,1060578839,1,0,167,15,26,14-15,25-26,none,sheep_2to1,1,1,0,1,0,0,2,12,6,18,3,22.5,18.6,4.0,22.6,6,4,8,0,0
port,14,458825077,1060578839,2,0,167,44,46,41-44,43-46,none,wheat_2to1,1,0,1,0,1,0,2,12,6,18,2,21.0,18.4,5.0,23.4,0,8,0,10,0
port,14,458825077,1060578839,3,1,167,29,3,19-29,2-3,none,brick_2to1,1,1,0,1,0,0,2,11,8,19,3,23.5,19.6,4.5,24.1,5,9,5,0,0
port,14,458825077,1060578839,4,0,167,7,21,6-7,18-21,none,none,0,1,1,0,1,0,3,10,10,20,5,27.5,21.0,0.0,21.0,1,5,4,8,2
port,15,897563738,50056527,1,0,151,38,47,30-38,42-47,none,sheep_2to1,1,0,1,0,0,1,2,13,9,22,4,28.0,22.8,2.5,25.3,0,8,5,4,5
port,15,897563738,50056527,2,0,151,41,26,32-41,25-26,none,wood_2to1,1,0,0,1,1,0,2,12,9,21,3,25.5,21.6,0.0,21.6,0,0,5,8,8
port,15,897563738,50056527,3,1,151,43,23,34-43,23-24,none,wheat_2to1,1,1,1,0,0,0,2,12,5,17,4,23.0,17.8,4.5,22.3,2,3,0,9,3
port,15,897563738,50056527,4,0,151,15,50,14-15,44-50,none,generic_3to1,1,0,0,0,1,1,2,11,9,20,3,24.5,20.6,2.0,22.6,0,0,2,8,10
port,16,1552728491,2015295599,1,0,130,24,43,20-24,34-43,none,none,0,0,0,1,0,2,3,13,9,22,4,28.0,22.8,0.0,22.8,9,0,3,4,6
port,16,1552728491,2015295599,2,1,130,15,26,14-15,25-26,none,wheat_2to1,1,1,1,0,0,0,2,10,9,19,3,23.5,19.6,0.5,20.1,8,10,0,1,0
port,16,1552728491,2015295599,3,0,130,12,38,7-12,30-38,none,none,0,1,1,0,1,0,3,9,9,18,5,25.5,19.0,0.0,19.0,7,5,1,2,3
port,16,1552728491,2015295599,4,0,130,31,6,21-31,6-7,none,generic_3to1,1,0,0,1,0,1,2,9,8,17,3,21.5,17.6,1.7000000000000002,19.3,4,0,8,0,5
port,17,1778837931,1303193990,1,0,166,20,11,12-20,11-12,none,generic_3to1,1,0,0,1,0,1,2,13,7,20,3,24.5,20.6,2.0,22.6,4,0,14,0,2
port,17,1778837931,1303193990,2,1,166,42,16,38-42,15-16,none,wood_2to1,1,0,0,2,0,0,2,13,6,19,3,23.5,19.6,4.5,24.1,9,4,6,0,0
port,17,1778837931,1303193990,3,0,166,18,29,8-18,19-29,none,none,0,1,1,0,1,0,3,12,10,22,4,28.0,22.8,0.0,22.8,6,9,4,3,0
port,17,1778837931,1303193990,4,0,166,14,33,2-14,24-33,none,none,0,1,0,0,2,0,3,11,11,22,4,28.0,22.8,0.0,22.8,4,5,3,10,0
port,18,778526663,527488476,1,0,128,2,38,1-2,30-38,none,none,0,0,0,2,1,0,3,12,9,21,4,27.0,21.8,0.0,21.8,3,0,6,8,4
port,18,778526663,527488476,2,0,128,25,44,15-25,41-44,none,none,0,1,1,1,0,0,3,12,10,22,4,28.0,22.8,0.0,22.8,5,4,9,4,0
port,18,778526663,527488476,3,0,128,12,16,7-12,15-16,none,generic_3to1,1,0,0,0,2,0,2,11,9,20,2,23.0,20.4,2.0,22.4,9,0,0,11,0
port,18,778526663,527488476,4,1,128,23,18,23-24,8-18,wood_2to1,none,1,2,0,1,0,0,3,8,9,17,3,21.5,17.6,6.0,23.6,12,3,2,0,0
port,19,185773678,518352914,1,0,100,12,26,7-12,25-26,none,brick_2to1,1,2,0,0,0,0,2,12,8,20,3,24.5,20.6,2.0,22.6,11,4,0,5,0
port,19,185773678,518352914,2,0,100,30,46,25-30,43-46,none,generic_3to1,1,0,0,0,1,1,2,12,7,19,4,25.0,19.8,1.9000000000000001,21.7,5,0,3,2,9
port,19,185773678,518352914,3,0,100,34,50,31-34,44-50,none,ore_2to1,1,0,0,1,1,0,2,12,7,19,5,26.5,20.0,2.5,22.5,4,3,5,2,5
port,19,185773678,518352914,4,1,100,24,41,20-24,32-41,none,none,0,0,1,2,0,0,3,11,11,22,4,28.0,22.8,0.0,22.8,4,5,8,5,0
port,20,649421745,1115950379,1,0,140,18,29,8-18,19-29,none,none,0,0,1,1,1,0,3,12,9,21,5,28.5,22.0,0.0,22.0,3,3,2,8,5
port,20,649421745,1115950379,2,0,140,20,23,12-20,23-24,none,generic_3to1,1,0,0,1,0,1,2,12,8,20,3,24.5,20.6,2.0,22.6,3,0,10,0,7
port,20,649421745,1115950379,3,0,140,33,38,24-33,30-38,none,none,0,1,2,0,0,0,3,12,11,23,3,27.5,23.6,0.0,23.6,8,8,0,0,7
port,20,649421745,1115950379,4,1,140,2,46,1-2,43-46,none,ore_2to1,1,1,1,0,0,0,2,11,9,20,4,26.0,20.8,2.5,23.3,7,4,0,4,5
port,21,708452615,1795269057,1,0,108,33,26,24-33,25-26,none,generic_3to1,1,0,2,0,0,0,2,12,8,20,3,24.5,20.6,2.0,22.6,3,13,0,4,0
port,21,708452615,1795269057,2,0,108,43,50,34-43,44-50,none,sheep_2to1,1,1,0,1,0,0,2,12,6,18,3,22.5,18.6,5.0,23.6,4,0,10,4,0
port,21,708452615,1795269057,3,0,108,31,38,21-31,30-38,none,none,0,0,1,0,1,1,3,11,10,21,4,27.0,21.8,0.0,21.8,2,8,0,8,3
port,21,708452615,1795269057,4,1,108,1,15,0-1,14-15,none,none,0,0,1,1,1,0,3,10,10,20,5,27.5,21.0,0.0,21.0,5,5,4,2,4
port,22,602878526,1042032339,1,1,149,43,19,34-43,14-19,none,none,0,1,1,1,0,0,3,12,8,20,4,26.0,20.8,0.0,20.8,3,2,11,4,0
port,22,602878526,1042032339,2,0,149,2,6,1-2,6-7,none,sheep_2to1,1,1,0,0,0,1,2,11,8,19,4,25.0,19.8,2.0,21.8,8,2,4,0,5
port,22,602878526,1042032339,3,0,149,24,15,20-24,14-15,none,none,0,1,1,1,0,0,3,11,9,20,5,27.5,21.0,0.0,21.0,3,2,4,4,7
port,22,602878526,1042032339,4,0,149,12,31,7-12,21-31,none,none,0,0,0,2,0,1,3,10,10,20,3,24.5,20.6,0.0,20.6,0,0,8,5,7
port,23,1245182509,358847448,1,0,80,31,23,21-31,23-24,none,sheep_2to1,1,1,0,0,1,0,2,13,6,19,4,25.0,19.8,4.5,24.3,5,4,9,1,0
port,23,1245182509,358847448,2,0,80,7,18,6-7,8-18,none,none,0,1,0,2,0,0,3,12,10,22,4,28.0,22.8,0.0,22.8,2,5,12,0,3
port,23,1245182509,358847448,3,0,80,33,47,24-33,42-47,none,brick_2to1,1,0,0,0,1,1,2,12,8,20,5,27.5,21.0,2.0,23.0,5,4,3,3,5
port,23,1245182509,358847448,4,1,80,44,1,41-44,0-1,none,none,0,1,2,0,0,0,3,10,10,20,4,26.0,20.8,0.0,20.8,4,8,5,3,0
port,24,1644374017,784226196,1,1,113,20,46,12-20,43-46,none,wood_2to1,1,0,0,1,0,1,2,13,7,20,4,26.0,20.8,2.5,23.3,5,4,5,0,6
port,24,1644374017,784226196,2,0,113,34,8,31-34,1-8,none,none,0,0,1,0,1,1,3,13,9,22,4,28.0,22.8,0.0,22.8,0,6,9,3,4
port,24,1644374017,784226196,3,0,113,41,47,32-41,42-47,none,generic_3to1,1,1,0,0,1,0,2,12,8,20,4,26.0,20.8,2.0,22.8,10,0,4,3,3
port,24,1644374017,784226196,4,0,113,15,29,14-15,19-29,none,none,0,0,0,2,0,1,3,11,11,22,4,28.0,22.8,0.0,22.8,0,4,13,2,3
port,25,1619040758,65877265,1,0,127,1,14,0-1,2-14,none,none,0,0,1,1,0,1,3,13,9,22,5,29.5,23.0,0.0,23.0,5,3,8,4,2
port,25,1619040758,65877265,2,0,127,29,7,19-29,6-7,none,none,0,0,0,0,3,0,3,11,9,20,3,24.5,20.6,0.0,20.6,0,0,9,9,2
port,25,1619040758,65877265,3,1,127,3,25,2-3,15-25,wood_2to1,none,1,1,0,0,0,2,3,8,9,17,3,21.5,17.6,4.0,21.6,8,3,0,0,6
port,25,1619040758,65877265,4,0,127,18,23,8-18,23-24,none,generic_3to1,1,0,0,1,0,1,2,10,8,18,3,22.5,18.6,1.8,20.400000000000002,0,0,11,2,5
port,26,870815904,881149698,1,0,151,12,50,7-12,44-50,none,sheep_2to1,1,0,0,1,0,0,1,13,5,18,3,22.5,18.6,5.0,23.6,4,0,10,0,4
port,26,870815904,881149698,2,0,151,19,2,14-19,1-2,none,none,0,0,2,0,0,1,3,12,9,21,4,27.0,21.8,0.0,21.8,3,4,0,4,10
port,26,870815904,881149698,3,1,151,24,21,20-24,18-21,none,none,0,1,0,1,0,1,3,12,10,22,4,28.0,22.8,0.0,22.8,7,5,6,0,4
port,26,870815904,881149698,4,0,151,8,30,1-8,25-30,none,none,0,0,0,0,2,1,3,11,11,22,3,26.5,22.6,0.0,22.6,0,0,2,7,13
port,27,2061077104,1190644202,1,1,117,44,3,41-44,2-3,none,generic_3to1,1,1,1,0,0,0,2,13,7,20,4,26.0,20.8,2.0,22.8,2,10,4,4,0
port,27,2061077104,1190644202,2,0,117,31,24,21-31,20-24,none,none,0,1,1,0,1,0,3,12,9,21,4,27.0,21.8,0.0,21.8,2,3,8,8,0
port,27,2061077104,1190644202,3,0,117,12,47,7-12,42-47,none,sheep_2to1,1,0,1,0,1,0,2,11,7,18,4,24.0,18.8,2.5,21.3,0,8,5,2,3
port,27,2061077104,1190644202,4,0,117,14,6,2-14,6-7,none,generic_3to1,1,0,0,1,0,1,2,9,8,17,3,21.5,17.6,1.7000000000000002,19.3,0,5,8,0,4
port,28,485147340,562005788,1,0,123,1,16,0-1,15-16,none,sheep_2to1,1,0,1,0,0,1,2,12,7,19,4,25.0,19.8,4.5,24.3,3,2,9,0,5
port,28,485147340,562005788,2,0,123,42,6,38-42,6-7,none,generic_3to1,1,0,1,1,0,0,2,12,8,20,4,26.0,20.8,2.0,22.8,0,4,4,5,7
port,28,485147340,562005788,3,1,123,12,29,7-12,19-29,none,none,0,0,0,1,1,1,3,11,10,21,5,28.5,22.0,0.0,22.0,7,4,4,2,4
port,28,485147340,562005788,4,0,123,25,24,15-25,20-24,none,none,0,2,0,0,1,0,3,10,10,20,4,26.0,20.8,0.0,20.8,7,0,3,5,5
port,29,326915759,1485336377,1,1,165,18,29,8-18,19-29,none,none,0,2,0,1,0,0,3,12,10,22,4,28.0,22.8,0.0,22.8,12,0,3,3,4
port,29,326915759,1485336377,2,0,165,1,42,0-1,38-42,none,none,0,1,1,1,0,0,3,11,10,21,5,28.5,22.0,0.0,22.0,2,5,3,3,8
port,29,326915759,1485336377,3,0,165,7,46,6-7,43-46,none,ore_2to1,1,0,0,0,2,0,2,11,9,20,3,24.5,20.6,4.5,25.1,0,0,2,9,9
port,29,326915759,1485336377,4,0,165,25,50,15-25,44-50,none,generic_3to1,1,0,1,0,1,0,2,10,9,19,3,23.5,19.6,1.9000000000000001,21.5,2,9,0,8,0
port,30,1242089248,129007523,1,0,148,31,1,21-31,0-1,none,none,0,2,0,0,1,0,3,11,9,20,5,27.5,21.0,0.0,21.0,6,4,2,3,5
port,30,1242089248,129007523,2,0,148,20,23,12-20,23-24,none,wood_2to1,1,1,0,1,0,0,2,10,6,16,4,22.0,16.8,5.0,21.8,10,4,1,1,0
port,30,1242089248,129007523,3,0,148,43,26,34-43,25-26,none,brick_2to1,1,0,0,1,0,1,2,10,8,18,4,24.0,18.8,1.5,20.3,0,3,5,5,5
port,30,1242089248,129007523,4,1,148,38,16,30-38,15-16,none,generic_3to1,1,0,0,0,1,1,2,10,9,19,4,25.0,19.8,1.9000000000000001,21.7,3,0,7,4,5
port,31,52734659,2016822975,1,0,136,8,26,1-8,25-26,none,generic_3to1,1,0,0,2,0,0,2,13,8,21,3,25.5,21.6,2.1,23.700000000000003,9,4,8,0,0
port,31,52734659,2016822975,2,0,136,21,24,18-21,20-24,none,none,0,0,1,1,1,0,3,13,10,23,4,29.0,23.8,0.0,23.8,8,3,10,2,0
port,31,52734659,2016822975,3,0,136,2,16,1-2,15-16,none,generic_3to1,1,0,0,1,1,0,2,12,8,20,4,26.0,20.8,2.0,22.8,0,4,3,10,3
port,31,52734659,2016822975,4,1,136,38,6,30-38,6-7,none,sheep_2to1,1,1,0,0,1,0,2,11,8,19,5,26.5,20.0,2.5,22.5,5,4,5,3,2
port,32,332524003,917477150,1,0,154,19,21,14-19,18-21,none,none,0,0,0,3,0,0,3,13,10,23,3,27.5,23.6,0.0,23.6,4,0,14,5,0
port,32,332524003,917477150,2,1,154,2,23,1-2,23-24,none,wood_2to1,1,1,1,0,0,0,2,13,6,19,3,23.5,19.6,5.5,25.1,11,3,5,0,0
port,32,332524003,917477150,3,0,154,8,30,1-8,25-30,none,none,0,0,0,0,3,0,3,11,11,22,4,28.0,22.8,0.0,22.8,4,2,5,11,0
port,32,332524003,917477150,4,0,154,12,15,7-12,14-15,none,none,0,1,1,0,1,0,3,11,11,22,4,28.0,22.8,0.0,22.8,7,5,5,5,0
port,33,718349404,1001662401,1,0,164,15,26,14-15,25-26,none,generic_3to1,1,0,2,0,0,0,2,11,8,19,3,23.5,19.6,1.9000000000000001,21.5,0,13,4,0,2
port,33,718349404,1001662401,2,0,164,12,6,7-12,6-7,none,wheat_2to1,1,0,0,0,1,1,2,11,6,17,3,21.5,17.6,4.0,21.6,7,0,0,8,2
port,33,718349404,1001662401,3,0,164,30,46,25-30,43-46,none,generic_3to1,1,1,0,1,0,0,2,10,8,18,4,24.0,18.8,1.8,20.6,5,3,8,0,2
port,33,718349404,1001662401,4,1,164,2,23,1-2,23-24,none,generic_3to1,1,1,0,0,1,0,2,10,9,19,3,23.5,19.6,1.9000000000000001,21.5,4,0,6,9,0
port,34,1533613005,118852279,1,0,119,30,26,25-30,25-26,none,generic_3to1,1,0,1,0,0,1,2,13,7,20,4,26.0,20.8,2.0,22.8,4,8,5,0,3
port,34,1533613005,118852279,2,0,119,32,15,29-32,14-15,none,none,0,0,0,1,1,1,3,13,10,23,4,29.0,23.8,0.0,23.8,8,0,10,2,3
port,34,1533613005,118852279,3,1,119,19,11,14-19,11-12,none,sheep_2to1,1,0,1,0,1,0,2,12,9,21,4,27.0,21.8,2.5,24.3,4,5,5,7,0
port,34,1533613005,118852279,4,0,119,24,34,20-24,31-34,none,none,0,0,1,1,0,1,3,11,10,21,5,28.5,22.0,0.0,22.0,5,3,5,4,4
port,35,1440402319,565756523,1,0,134,7,41,6-7,32-41,none,none,0,1,1,0,1,0,3,13,9,22,4,28.0,22.8,0.0,22.8,3,10,8,1,0
port,35,1440402319,565756523,2,1,134,1,3,0-1,2-3,none,brick_2to1,1,0,1,0,0,1,2,10,6,16,3,20.5,16.6,3.5,20.1,0,7,1,0,8
port,35,1440402319,565756523,3,0,134,24,19,20-24,14-19,none,none,0,1,0,1,1,0,3,10,9,19,4,25.0,19.8,0.0,19.8,7,0,1,8,3
port,35,1440402319,565756523,4,0,134,31,15,21-31,14-15,none,none,0,2,1,0,0,0,3,10,10,20,3,24.5,20.6,0.0,20.6,10,7,0,3,0
port,36,1411758002,250696210,1,1,113,38,12,30-38,7-12,none,none,0,0,0,2,0,1,3,12,9,21,4,27.0,21.8,0.0,21.8,4,0,4,8,5
port,36,1411758002,250696210,2,0,113,33,2,24-33,1-2,none,none,0,1,0,1,1,0,3,11,10,21,4,27.0,21.8,0.0,21.8,4,5,7,5,0
port,36,1411758002,250696210,3,0,113,43,15,34-43,14-15,none,none,0,0,2,1,0,0,3,11,11,22,4,28.0,22.8,0.0,22.8,2,12,4,0,4
port,36,1411758002,250696210,4,0,113,8,26,1-8,25-26,none,ore_2to1,1,1,1,0,0,0,2,11,9,20,3,24.5,20.6,2.5,23.1,10,5,0,0,5
port,37,393430179,152221923,1,0,119,2,43,1-2,34-43,none,none,0,1,0,0,1,1,3,12,9,21,4,27.0,21.8,0.0,21.8,8,0,4,1,8
port,37,393430179,152221923,2,0,119,15,12,14-15,7-12,none,none,0,0,0,2,0,1,3,12,9,21,4,27.0,21.8,0.0,21.8,3,0,4,4,10
port,37,393430179,152221923,3,1,119,8,41,1-8,32-41,none,none,0,1,1,1,0,0,3,11,9,20,5,27.5,21.0,0.0,21.0,8,2,2,3,5
port,37,393430179,152221923,4,0,119,38,26,30-38,25-26,none,brick_2to1,1,1,0,0,1,0,2,11,9,20,4,26.0,20.8,2.0,22.8,10,4,2,4,0
port,38,1808726707,1842631090,1,0,120,1,20,0-1,12-20,none,none,0,1,0,2,0,0,3,12,10,22,5,29.5,23.0,0.0,23.0,5,4,5,3,5
port,38,1808726707,1842631090,2,0,120,43,19,34-43,14-19,none,none,0,1,0,1,1,0,3,12,11,23,4,29.0,23.8,0.0,23.8,7,0,5,6,5
port,38,1808726707,1842631090,3,0,120,33,30,24-33,25-30,none,none,0,0,1,1,0,1,3,12,11,23,5,30.5,24.0,0.0,24.0,5,4,5,7,2
port,38,1808726707,1842631090,4,1,120,31,50,21-31,44-50,none,wood_2to1,1,0,1,0,0,1,2,12,7,19,3,23.5,19.6,6.0,25.6,12,2,0,0,5
port,39,901304238,1115247367,1,0,122,2,26,1-2,25-26,none,brick_2to1,1,1,0,1,0,0,2,13,7,20,3,24.5,20.6,2.5,23.1,9,5,6,0,0
port,39,901304238,1115247367,2,1,122,32,46,29-32,43-46,none,ore_2to1,1,1,0,0,1,0,2,13,7,20,3,24.5,20.6,4.5,25.1,5,0,0,6,9
port,39,901304238,1115247367,3,0,122,34,16,31-34,15-16,none,sheep_2to1,1,0,1,1,0,0,2,12,7,19,4,25.0,19.8,2.5,22.3,5,5,5,0,4
port,39,901304238,1115247367,4,0,122,18,38,8-18,30-38,none,none,0,1,1,0,1,0,3,12,11,23,4,29.0,23.8,0.0,23.8,9,2,0,4,8
port,40,1969700810,136779594,1,0,148,2,19,1-2,14-19,none,none,0,1,0,1,0,1,3,12,10,22,5,29.5,23.0,0.0,23.0,4,4,6,5,3
port,40,1969700810,136779594,2,0,148,30,50,25-30,44-50,none,ore_2to1,1,0,1,1,0,0,2,12,8,20,4,26.0,20.8,2.5,23.3,4,4,7,0,5
port,40,1969700810,136779594,3,0,148,42,46,38-42,43-46,none,sheep_2to1,1,0,1,0,1,0,2,11,9,20,4,26.0,20.8,2.0,22.8,0,4,4,7,5
port,40,1969700810,136779594,4,1,148,12,15,7-12,14-15,none,none,0,2,0,0,1,0,3,10,10,20,4,26.0,20.8,0.0,20.8,8,5,0,5,2
port,41,1636471393,1426894585,1,0,114,16,26,15-16,25-26,wood_2to1,generic_3to1,1,1,0,0,1,0,2,9,6,15,2,18.0,15.4,8.0,23.4,13,0,0,2,0
port,41,1636471393,1426894585,2,1,114,42,2,38-42,1-2,none,none,0,1,0,0,1,1,3,12,10,22,5,29.5,23.0,0.0,23.0,5,3,5,7,2
port,41,1636471393,1426894585,3,0,114,24,34,20-24,31-34,none,none,0,0,1,0,1,1,3,12,10,22,4,28.0,22.8,0.0,22.8,5,4,0,2,11
port,41,1636471393,1426894585,4,0,114,32,44,29-32,41-44,none,none,0,0,2,1,0,0,3,12,12,24,2,27.0,24.4,0.0,24.4,0,11,13,0,0
port,42,478163327,107420369,1,0,128,41,11,32-41,11-12,none,sheep_2to1,1,0,1,0,1,0,2,12,6,18,4,24.0,18.8,4.5,23.3,0,2,9,4,3
port,42,478163327,107420369,2,0,128,25,16,15-25,15-16,none,wood_2to1,1,1,0,0,0,0,1,11,5,16,3,20.5,16.6,5.0,21.6,10,0,2,4,0
port,42,478163327,107420369,3,0,128,7,1,6-7,0-1,none,none,0,1,0,1,1,0,3,11,9,20,4,26.0,20.8,0.0,20.8,5,4,1,10,0
port,42,478163327,107420369,4,1,128,33,50,24-33,44-50,none,generic_3to1,1,0,1,1,0,0,2,10,8,18,5,25.5,19.0,1.8,20.8,3,3,5,5,2
port,43,165578901,1228722198,1,0,138,33,50,24-33,44-50,none,wheat_2to1,1,0,0,1,1,0,2,12,7,19,4,25.0,19.8,4.0,23.8,4,3,4,8,0
port,43,165578901,1228722198,2,1,138,21,41,18-21,32-41,none,none,0,1,0,1,1,0,3,11,10,21,5,28.5,22.0,0.0,22.0,2,3,8,3,5
port,43,165578901,1228722198,3,0,138,8,3,1-8,2-3,none,ore_2to1,1,1,0,0,0,1,2,11,8,19,3,23.5,19.6,4.0,23.6,5,0,0,6,8
port,43,165578901,1228722198,4,0,138,15,46,14-15,43-46,none,wood_2to1,1,1,0,1,0,0,2,11,8,19,2,22.0,19.4,5.5,24.9,11,0,8,0,0
port,44,1754648232,501031174,1,0,174,7,37,6-7,33-37,none,none,0,1,0,1,0,0,2,12,9,21,3,25.5,21.6,0.0,21.6,9,0,9,3,0
port,44,1754648232,501031174,2,1,174,41,11,32-41,11-12,none,ore_2to1,1,1,1,0,0,0,2,12,6,18,3,22.5,18.6,4.0,22.6,5,5,0,0,8
port,44,1754648232,501031174,3,0,174,15,18,14-15,8-18,none,none,0,0,0,1,2,0,3,11,9,20,4,26.0,20.8,0.0,20.8,4,2,4,10,0
port,44,1754648232,501031174,4,0,174,34,2,31-34,1-2,none,none,0,2,0,0,1,0,3,11,10,21,4,27.0,21.8,0.0,21.8,11,0,2,3,5
port,45,1167696004,1793969994,1,0,96,34,47,31-34,42-47,none,brick_2to1,1,1,0,0,1,0,2,13,6,19,3,23.5,19.6,4.0,23.6,5,8,0,6,0
port,45,1167696004,1793969994,2,0,96,21,24,18-21,20-24,none,none,0,0,1,2,0,0,3,12,9,21,4,27.0,21.8,0.0,21.8,0,8,5,5,3
port,45,1167696004,1793969994,3,0,96,7,15,6-7,14-15,none,none,0,0,1,1,0,1,3,11,10,21,5,28.5,22.0,0.0,22.0,2,5,3,5,6
port,45,1167696004,1793969994,4,1,96,2,32,1-2,29-32,none,none,0,0,0,0,2,1,3,11,11,22,4,28.0,22.8,0.0,22.8,6,5,0,8,3
port,46,328063601,1717962873,1,0,118,31,26,21-31,25-26,none,wheat_2to1,1,1,0,0,1,0,2,12,6,18,3,22.5,18.6,2.5,21.1,9,0,4,5,0
port,46,328063601,1717962873,2,1,118,41,23,32-41,23-24,none,generic_3to1,1,0,0,1,1,0,2,12,7,19,5,26.5,20.0,1.9000000000000001,21.9,5,4,5,2,3
port,46,328063601,1717962873,3,0,118,33,16,24-33,15-16,none,generic_3to1,1,0,0,0,2,0,2,12,7,19,3,23.5,19.6,1.9000000000000001,21.5,0,0,9,7,3
port,46,328063601,1717962873,4,0,118,7,38,6-7,30-38,none,none,0,1,1,1,0,0,3,11,11,22,4,28.0,22.8,0.0,22.8,4,6,7,0,5
port,47,1511168161,268543586,1,0,132,33,16,24-33,15-16,none,sheep_2to1,1,0,1,1,0,0,2,12,7,19,4,25.0,19.8,2.5,22.3,4,5,5,5,0
port,47,1511168161,268543586,2,0,132,43,6,34-43,6-7,none,generic_3to1,1,0,0,0,1,1,2,12,8,20,4,26.0,20.8,2.0,22.8,5,0,3,8,4
port,47,1511168161,268543586,3,0,132,1,26,0-1,25-26,none,generic_3to1,1,1,1,0,0,0,2,11,8,19,4,25.0,19.8,1.9000000000000001,21.7,3,5,2,0,9
port,47,1511168161,268543586,4,1,132,31,50,21-31,44-50,none,wood_2to1,1,1,1,0,0,0,2,11,7,18,3,22.5,18.6,6.0,24.6,12,2,0,4,0
port,48,1354862962,566469534,1,1,101,33,41,24-33,32-41,none,none,0,1,0,0,2,0,3,12,9,21,4,27.0,21.8,0.0,21.8,7,4,4,6,0
port,48,1354862962,566469534,2,0,101,31,3,21-31,2-3,none,ore_2to1,1,0,0,1,1,0,2,12,8,20,4,26.0,20.8,2.5,23.3,7,0,5,3,5
port,48,1354862962,566469534,3,0,101,43,16,34-43,15-16,none,sheep_2to1,1,0,0,0,1,1,2,12,8,20,4,26.0,20.8,2.0,22.8,8,0,4,3,5
port,48,1354862962,566469534,4,0,101,50,26,44-50,25-26,generic_3to1,generic_3to1,1,0,0,0,0,2,2,9,8,17,3,21.5,17.6,3.4000000000000004,21.0,5,0,0,4,8
port,49,287264509,1478885609,1,0,160,14,1,2-14,0-1,none,none,0,1,1,1,0,0,3,12,10,22,5,29.5,23.0,0.0,23.0,2,6,5,5,4
port,49,287264509,1478885609,2,0,160,30,16,25-30,15-16,none,wheat_2to1,1,0,0,0,2,0,2,12,6,18,3,22.5,18.6,4.5,23.1,0,0,5,9,4
port,49,287264509,1478885609,3,0,160,33,50,24-33,44-50,none,generic_3to1,1,0,0,1,1,0,2,11,8,19,5,26.5,20.0,1.9000000000000001,21.9,2,4,4,4,5
port,49,287264509,1478885609,4,1,160,7,42,6-7,38-42,none,none,0,1,0,2,0,0,3,11,11,22,2,25.0,22.4,0.0,22.4,5,0,17,0,0
port,50,2136903265,1143207437,1,0,132,25,23,15-25,23-24,none,generic_3to1,1,1,1,0,0,0,2,13,7,20,5,27.5,21.0,2.0,23.0,2,5,4,5,4
port,50,2136903265,1143207437,2,0,132,19,11,14-19,11-12,none,brick_2to1,1,1,0,1,0,0,2,12,7,19,4,25.0,19.8,2.5,22.3,5,5,5,0,4
port,50,2136903265,1143207437,3,0,132,38,47,30-38,42-47,none,wheat_2to1,1,0,1,0,0,1,2,12,7,19,4,25.0,19.8,2.5,22.3,4,4,0,5,6
port,50,2136903265,1143207437,4,1,132,41,33,32-41,24-33,none,none,0,0,1,1,1,0,3,11,10,21,4,27.0,21.8,0.0,21.8,7,9,2,3,0
port,51,1045900815,695516342,1,0,163,20,7,12-20,6-7,none,none,0,1,0,2,0,0,3,12,10,22,3,26.5,22.6,0.0,22.6,6,0,13,3,0
port,51,1045900815,695516342,2,0,163,15,11,14-15,11-12,none,generic_3to1,1,0,0,1,1,0,2,12,8,20,3,24.5,20.6,2.0,22.6,9,0,8,3,0
port,51,1045900815,695516342,3,1,163,18,47,8-18,42-47,none,sheep_2to1,1,0,1,0,1,0,2,11,7,18,4,24.0,18.8,3.5,22.3,0,2,7,5,4
port,51,1045900815,695516342,4,0,163,31,38,21-31,30-38,none,none,0,0,1,0,2,0,3,10,10,20,5,27.5,21.0,0.0,21.0,5,3,3,7,2
port,52,1152412589,234172997,1,0,106,42,44,38-42,41-44,none,none,0,0,1,2,0,0,3,13,9,22,3,26.5,22.6,0.0,22.6,0,8,10,4,0
port,52,1152412589,234172997,2,1,106,30,6,25-30,6-7,none,brick_2to1,1,0,0,0,2,0,2,12,7,19,4,25.0,19.8,2.5,22.3,3,5,0,7,4
port,52,1152412589,234172997,3,0,106,2,8,1-2,1-8,none,none,0,1,0,1,1,0,3,11,9,20,4,26.0,20.8,0.0,20.8,4,3,6,7,0
port,52,1152412589,234172997,4,0,106,12,23,7-12,23-24,none,wheat_2to1,1,1,0,1,0,0,2,11,7,18,3,22.5,18.6,2.5,21.1,9,0,4,5,0
port,53,927942303,1960597680,1,0,115,25,2,15-25,1-2,none,none,0,0,0,1,1,1,3,13,9,22,4,28.0,22.8,0.0,22.8,5,0,3,6,8
port,53,927942303,1960597680,2,0,115,19,32,14-19,29-32,none,none,0,1,1,0,1,0,3,12,9,21,5,28.5,22.0,0.0,22.0,10,1,3,3,4
port,53,927942303,1960597680,3,1,115,21,16,18-21,15-16,none,wood_2to1,1,0,0,0,1,1,2,11,8,19,4,25.0,19.8,3.5,23.3,7,0,4,4,4
port,53,927942303,1960597680,4,0,115,7,50,6-7,44-50,none,generic_3to1,1,0,0,1,0,1,2,10,8,18,5,25.5,19.0,1.8,20.8,2,3,3,5,5
port,54,590463589,1885222961,1,0,131,21,38,18-21,30-38,none,none,0,0,0,1,1,1,3,12,10,22,4,28.0,22.8,0.0,22.8,5,0,6,4,7
port,54,590463589,1885222961,2,0,131,7,29,6-7,19-29,none,none,0,2,0,0,1,0,3,11,10,21,4,27.0,21.8,0.0,21.8,6,3,0,9,3
port,54,590463589,1885222961,3,1,131,24,25,20-24,15-25,none,none,0,1,1,0,0,1,3,11,10,21,5,28.5,22.0,0.0,22.0,1,5,7,4,4
port,54,590463589,1885222961,4,0,131,1,46,0-1,43-46,none,wheat_2to1,1,1,0,0,1,0,2,10,7,17,3,21.5,17.6,5.0,22.6,5,0,2,10,0
port,55,388006705,842873520,1,0,95,20,19,12-20,14-19,none,none,0,1,1,1,0,0,3,12,10,22,5,29.5,23.0,0.0,23.0,6,2,5,4,5
port,55,388006705,842873520,2,0,95,33,11,24-33,11-12,none,ore_2to1,1,0,0,0,1,1,2,12,8,20,4,26.0,20.8,2.5,23.3,3,0,5,7,5
port,55,388006705,842873520,3,1,95,1,23,0-1,23-24,none,generic_3to1,1,0,0,0,1,1,2,11,9,20,4,26.0,20.8,2.0,22.8,4,7,0,4,5
port,55,388006705,842873520,4,0,95,7,15,6-7,14-15,none,none,0,0,0,2,1,0,3,11,11,22,3,26.5,22.6,0.0,22.6,4,0,7,11,0
port,56,49376573,2034405272,1,0,136,26,21,25-26,18-21,wood_2to1,none,1,0,1,1,0,1,3,9,10,19,4,25.0,19.8,4.5,24.3,9,2,5,0,3
port,56,49376573,2034405272,2,0,136,30,19,25-30,14-19,none,none,0,0,1,1,0,1,3,13,10,23,5,30.5,24.0,0.0,24.0,5,3,8,4,3
port,56,49376573,2034405272,3,0,136,34,15,31-34,14-15,none,none,0,1,0,1,1,0,3,12,10,22,4,28.0,22.8,0.0,22.8,8,3,9,2,0
port,56,49376573,2034405272,4,1,136,41,1,32-41,0-1,none,none,0,1,1,0,0,1,3,12,11,23,4,29.0,23.8,0.0,23.8,3,6,0,9,5
port,57,182818357,1579483714,1,0,154,29,47,19-29,42-47,none,wheat_2to1,1,0,1,0,0,1,2,13,8,21,3,25.5,21.6,2.0,23.6,0,3,0,4,14
port,57,182818357,1579483714,2,1,154,41,6,32-41,6-7,none,generic_3to1,1,2,0,0,0,0,2,13,8,21,3,25.5,21.6,2.1,23.700000000000003,8,0,4,0,9
port,57,182818357,1579483714,3,0,154,14,23,2-14,23-24,none,generic_3to1,1,0,0,1,1,0,2,11,8,19,5,26.5,20.0,1.9000000000000001,21.9,2,4,3,5,5
port,57,182818357,1579483714,4,0,154,38,11,30-38,11-12,none,generic_3to1,1,1,0,0,1,0,2,9,8,17,5,24.5,18.0,1.7000000000000002,19.7,3,3,2,5,4
port,58,846782629,883577855,1,0,131,18,23,8-18,23-24,none,generic_3to1,1,1,0,0,0,1,2,13,7,20,4,26.0,20.8,2.0,22.8,5,5,0,4,6
port,58,846782629,883577855,2,0,131,2,33,1-2,24-33,none,none,0,1,0,1,0,1,3,12,9,21,5,28.5,22.0,0.0,22.0,4,5,7,3,2
port,58,846782629,883577855,3,1,131,20,43,12-20,34-43,none,none,0,2,1,0,0,0,3,12,11,23,4,29.0,23.8,0.0,23.8,11,5,3,4,0
port,58,846782629,883577855,4,0,131,31,15,21-31,14-15,none,none,0,0,0,2,1,0,3,12,12,24,4,30.0,24.8,0.0,24.8,0,5,10,5,4
port,59,962869285,363394191,1,0,127,20,6,12-20,6-7,none,generic_3to1,1,1,0,0,1,0,2,12,7,19,4,25.0,19.8,1.9000000000000001,21.7,7,3,5,4,0
port,59,962869285,363394191,2,0,127,8,38,1-8,30-38,none,none,0,0,0,1,1,1,3,12,9,21,5,28.5,22.0,0.0,22.0,7,5,2,5,2
port,59,962869285,363394191,3,1,127,44,26,41-44,25-26,none,ore_2to1,1,1,0,0,1,0,2,12,9,21,3,25.5,21.6,4.0,25.6,8,0,0,5,8
port,59,962869285,363394191,4,0,127,34,2,31-34,1-2,none,none,0,0,2,1,0,0,3,11,10,21,4,27.0,21.8,0.0,21.8,4,7,8,2,0
port,60,1322019967,1217283321,1,0,114,14,21,2-14,18-21,none,none,0,1,1,0,1,0,3,13,9,22,5,29.5,23.0,0.0,23.0,7,5,4,2,4
port,60,1322019967,1217283321,2,1,114,34,44,31-34,41-44,none,none,0,1,0,0,0,2,3,12,10,22,4,28.0,22.8,0.0,22.8,2,5,0,3,12
port,60,1322019967,1217283321,3,0,114,1,7,0-1,6-7,none,none,0,1,2,0,0,0,3,10,10,20,4,26.0,20.8,0.0,20.8,2,11,0,3,4
port,60,1322019967,1217283321,4,0,114,42,3,38-42,2-3,none,wheat_2to1,1,1,0,0,1,0,2,10,8,18,4,24.0,18.8,4.0,22.8,5,0,1,8,4
port,61,2123807367,780417836,1,0,158,41,23,32-41,23-24,none,generic_3to1,1,1,1,0,0,0,2,12,7,19,5,26.5,20.0,1.9000000000000001,21.9,2,5,5,4,3
port,61,2123807367,780417836,2,1,158,2,33,1-2,24-33,none,none,0,0,2,0,0,1,3,12,10,22,4,28.0,22.8,0.0,22.8,0,6,9,3,4
port,61,2123807367,780417836,3,0,158,38,26,30-38,25-26,none,generic_3to1,1,1,0,0,1,0,2,11,9,20,3,24.5,20.6,2.0,22.6,10,2,0,8,0
port,61,2123807367,780417836,4,0,158,43,15,34-43,14-15,none,none,0,0,0,1,2,0,3,11,11,22,4,28.0,22.8,0.0,22.8,2,0,10,6,4
port,62,743144841,279835464,1,0,143,8,6,1-8,6-7,none,ore_2to1,1,1,0,0,0,1,2,12,6,18,4,24.0,18.8,4.0,22.8,2,3,0,5,8
port,62,743144841,279835464,2,0,143,15,3,14-15,2-3,none,sheep_2to1,1,0,0,1,0,0,1,12,5,17,3,21.5,17.6,5.0,22.6,3,0,10,4,0
port,62,743144841,279835464,3,1,143,30,12,25-30,7-12,none,none,0,1,1,0,1,0,3,12,10,22,4,28.0,22.8,0.0,22.8,5,8,0,5,4
port,62,743144841,279835464,4,0,143,42,26,38-42,25-26,none,generic_3to1,1,0,1,0,1,0,2,12,9,21,4,27.0,21.8,2.1,23.900000000000002,0,5,8,4,4
port,63,1911858404,1907949923,1,0,164,7,25,6-7,15-25,none,none,0,1,1,0,1,0,3,13,9,22,4,28.0,22.8,0.0,22.8,10,6,4,2,0
port,63,1911858404,1907949923,2,0,164,33,20,24-33,12-20,none,none,0,1,1,0,1,0,3,13,9,22,5,29.5,23.0,0.0,23.0,1,4,4,8,5
port,63,1911858404,1907949923,3,0,164,31,41,21-31,32-41,none,none,0,1,0,2,0,0,3,12,11,23,3,27.5,23.6,0.0,23.6,3,0,13,7,0
port,63,1911858404,1907949923,4,1,164,43,29,34-43,19-29,none,none,0,2,0,0,1,0,3,12,11,23,4,29.0,23.8,0.0,23.8,8,0,9,3,3
port,64,2045084184,536230913,1,1,77,15,33,14-15,24-33,none,none,0,1,1,0,1,0,3,13,9,22,5,29.5,23.0,0.0,23.0,6,2,4,5,5
port,64,2045084184,536230913,2,0,77,42,46,38-42,43-46,none,wheat_2to1,1,0,0,0,2,0,2,11,6,17,3,21.5,17.6,4.0,21.6,5,0,0,8,4
port,64,2045084184,536230913,3,0,77,29,26,19-29,25-26,none,wood_2to1,1,0,0,2,0,0,2,11,7,18,3,22.5,18.6,4.5,23.1,9,0,7,2,0
port,64,2045084184,536230913,4,0,77,31,7,21-31,6-7,none,none,0,0,2,1,0,0,3,10,10,20,4,26.0,20.8,0.0,20.8,5,8,4,0,3
port,65,1781311907,1240577552,1,0,136,44,3,41-44,2-3,none,generic_3to1,1,0,1,0,1,0,2,13,7,20,5,27.5,21.0,2.0,23.0,5,5,4,2,4
port,65,1781311907,1240577552,2,0,136,24,1,20-24,0-1,none,none,0,0,0,0,2,1,3,12,11,23,5,30.5,24.0,0.0,24.0,5,4,3,6,5
port,65,1781311907,1240577552,3,0,136,14,46,2-14,43-46,none,wheat_2to1,1,0,0,1,1,0,2,12,7,19,3,23.5,19.6,5.0,24.6,0,5,4,10,0
port,65,1781311907,1240577552,4,1,136,34,16,31-34,15-16,none,brick_2to1,1,0,1,0,0,1,2,11,8,19,3,23.5,19.6,4.5,24.1,0,9,0,3,7
port,66,304122021,1339971599,1,0,139,30,11,25-30,11-12,none,wood_2to1,1,1,0,0,1,0,2,13,6,19,3,23.5,19.6,4.5,24.1,9,5,0,5,0
port,66,304122021,1339971599,2,0,139,42,23,38-42,23-24,none,generic_3to1,1,1,0,1,0,0,2,13,7,20,4,26.0,20.8,2.0,22.8,5,5,2,0,8
port,66,304122021,1339971599,3,1,139,44,20,41-44,12-20,none,none,0,2,0,1,0,0,3,12,11,23,3,27.5,23.6,0.0,23.6,8,0,8,0,7
port,66,304122021,1339971599,4,0,139,32,6,29-32,6-7,none,brick_2to1,1,0,1,0,1,0,2,11,6,17,4,23.0,17.8,5.0,22.8,0,10,3,1,3
port,67,321236752,498617001,1,0,107,12,15,7-12,14-15,none,none,0,1,0,1,0,1,3,12,9,21,4,27.0,21.8,0.0,21.8,5,0,7,4,5
port,67,321236752,498617001,2,0,107,24,1,20-24,0-1,none,none,0,0,1,0,2,0,3,11,9,20,4,26.0,20.8,0.0,20.8,3,4,0,8,5
port,67,321236752,498617001,3,1,107,38,47,30-38,42-47,none,sheep_2to1,1,0,1,1,0,0,2,11,6,17,3,21.5,17.6,6.0,23.6,4,1,12,0,0
port,67,321236752,498617001,4,0,107,21,6,18-21,6-7,none,generic_3to1,1,0,0,1,1,0,2,10,8,18,4,24.0,18.8,1.8,20.6,0,1,5,7,5
port,68,2003028046,476643793,1,0,139,31,26,21-31,25-26,none,wood_2to1,1,0,0,0,0,1,1,13,5,18,2,21.0,18.4,4.0,22.4,8,0,0,0,10
port,68,2003028046,476643793,2,0,139,18,41,8-18,32-41,none,none,0,1,1,0,0,1,3,12,9,21,4,27.0,21.8,0.0,21.8,9,2,5,0,5
port,68,2003028046,476643793,3,1,139,33,38,24-33,30-38,none,none,0,0,2,0,0,1,3,11,10,21,4,27.0,21.8,0.0,21.8,4,7,0,5,5
port,68,2003028046,476643793,4,0,139,43,2,34-43,1-2,none,none,0,0,0,2,1,0,3,11,11,22,4,28.0,22.8,0.0,22.8,0,2,8,7,5
port,69,160222076,411618085,1,1,125,31,26,21-31,25-26,none,ore_2to1,1,0,1,1,0,0,2,13,7,20,5,27.5,21.0,2.5,23.5,4,3,4,4,5
port,69,160222076,411618085,2,0,125,24,38,20-24,30-38,none,none,0,0,0,1,2,0,3,12,10,22,4,28.0,22.8,0.0,22.8,3,0,8,6,5
port,69,160222076,411618085,3,0,125,41,6,32-41,6-7,none,wheat_2to1,1,1,1,0,0,0,2,12,7,19,3,23.5,19.6,4.5,24.1,8,2,0,9,0
port,69,160222076,411618085,4,0,125,29,2,19-29,1-2,none,none,0,0,0,1,1,1,3,11,10,21,4,27.0,21.8,0.0,21.8,4,0,4,10,3
port,70,508668193,1263059851,1,0,100,18,31,8-18,21-31,none,none,0,0,1,0,1,1,3,12,9,21,4,27.0,21.8,0.0,21.8,0,3,9,3,6
port,70,508668193,1263059851,2,0,100,41,33,32-41,24-33,none,none,0,0,2,0,0,1,3,12,10,22,4,28.0,22.8,0.0,22.8,4,8,0,8,2
port,70,508668193,1263059851,3,0,100,2,46,1-2,43-46,none,wood_2to1,1,1,0,0,0,1,2,11,7,18,4,24.0,18.8,4.5,23.3,9,0,5,2,2
port,70,508668193,1263059851,4,1,100,30,50,25-30,44-50,none,brick_2to1,1,2,0,0,0,0,2,11,9,20,4,26.0,20.8,2.0,22.8,9,4,0,5,2
port,71,1390510041,36421336,1,1,93,24,3,20-24,2-3,none,generic_3to1,1,1,0,0,0,1,2,12,7,19,4,25.0,19.8,1.9000000000000001,21.7,4,8,0,4,3
port,71,1390510041,36421336,2,0,93,44,14,41-44,2-14,none,none,0,2,0,0,0,1,3,12,10,22,3,26.5,22.6,0.0,22.6,7,0,0,8,7
port,71,1390510041,36421336,3,0,93,29,6,19-29,6-7,none,sheep_2to1,1,0,0,1,0,1,2,11,8,19,4,25.0,19.8,2.5,22.3,5,4,5,0,5
port,71,1390510041,36421336,4,0,93,31,1,21-31,0-1,none,none,0,2,0,0,0,1,3,11,11,22,4,28.0,22.8,0.0,22.8,6,5,2,0,9
port,72,315365087,800009450,1,0,116,38,6,30-38,6-7,none,brick_2to1,1,1,0,0,1,0,2,13,6,19,4,25.0,19.8,4.5,24.3,5,9,4,1,0
port,72,315365087,800009450,2,0,116,25,41,15-25,32-41,none,none,0,1,1,0,1,0,3,12,9,21,3,25.5,21.6,0.0,21.6,10,9,0,2,0
port,72,315365087,800009450,3,0,116,8,34,1-8,31-34,none,none,0,0,0,0,2,1,3,11,11,22,4,28.0,22.8,0.0,22.8,5,0,3,7,7
port,72,315365087,800009450,4,1,116,20,29,12-20,19-29,none,none,0,1,2,0,0,0,3,11,11,22,4,28.0,22.8,0.0,22.8,3,8,0,4,7
port,73,1201798311,524890042,1,0,88,30,14,25-30,2-14,none,none,0,1,0,0,0,2,3,13,9,22,4,28.0,22.8,0.0,22.8,2,0,4,5,11
port,73,1201798311,524890042,2,0,88,7,3,6-7,2-3,none,generic_3to1,1,0,0,0,1,1,2,12,8,20,3,24.5,20.6,2.0,22.6,4,0,0,8,8
port,73,1201798311,524890042,3,0,88,41,23,32-41,23-24,none,sheep_2to1,1,2,0,0,0,0,2,12,5,17,2,20.0,17.4,6.0,23.4,5,0,12,0,0
port,73,1201798311,524890042,4,1,88,20,1,12-20,0-1,none,none,0,2,0,0,1,0,3,11,11,22,4,28.0,22.8,0.0,22.8,8,4,0,5,5
port,74,487954598,1371261893,1,0,176,18,50,8-18,44-50,none,generic_3to1,1,1,0,0,1,0,2,13,8,21,4,27.0,21.8,2.1,23.900000000000002,3,4,0,10,4
port,74,487954598,1371261893,2,0,176,43,25,34-43,15-25,none,none,0,0,2,0,0,1,3,12,10,22,5,29.5,23.0,0.0,23.0,3,7,5,4,3
port,74,487954598,1371261893,3,0,176,38,47,30-38,42-47,none,brick_2to1,1,1,0,0,1,0,2,11,9,20,3,24.5,20.6,2.5,23.1,8,5,0,7,0
port,74,487954598,1371261893,4,1,176,32,14,29-32,2-14,none,none,0,0,1,0,0,2,3,11,10,21,3,25.5,21.6,0.0,21.6,0,4,0,11,6
port,75,1936365093,1875266763,1,0,162,29,38,19-29,30-38,none,none,0,1,0,0,2,0,3,12,9,21,4,27.0,21.8,0.0,21.8,2,0,4,10,5
port,75,1936365093,1875266763,2,1,162,20,2,12-20,1-2,none,none,0,1,1,0,0,1,3,12,9,21,5,28.5,22.0,0.0,22.0,5,1,7,5,3
port,75,1936365093,1875266763,3,0,162,31,25,21-31,15-25,none,none,0,1,0,0,0,2,3,12,10,22,3,26.5,22.6,0.0,22.6,7,0,7,0,8
port,75,1936365093,1875266763,4,0,162,43,18,34-43,8-18,none,none,0,0,0,2,0,1,3,11,11,22,4,28.0,22.8,0.0,22.8,5,4,10,0,3
port,76,1591528641,1989676990,1,1,125,2,34,1-2,31-34,none,none,0,1,0,0,1,1,3,12,9,21,5,28.5,22.0,0.0,22.0,9,5,3,2,2
port,76,1591528641,1989676990,2,0,125,7,18,6-7,8-18,none,none,0,1,1,1,0,0,3,11,9,20,4,26.0,20.8,0.0,20.8,8,2,6,4,0
port,76,1591528641,1989676990,3,0,125,20,47,12-20,42-47,none,generic_3to1,1,1,0,1,0,0,2,11,8,19,3,23.5,19.6,1.9000000000000001,21.5,8,0,8,3,0
port,76,1591528641,1989676990,4,0,125,44,46,41-44,43-46,none,wheat_2to1,1,0,0,0,1,1,2,11,6,17,3,21.5,17.6,5.0,22.6,0,0,5,10,2
port,77,1085460482,1399756255,1,0,79,1,23,0-1,23-24,none,wood_2to1,1,0,0,1,1,0,2,13,7,20,3,24.5,20.6,2.5,23.1,5,0,6,9,0
port,77,1085460482,1399756255,2,0,79,12,47,7-12,42-47,none,wheat_2to1,1,0,1,0,0,1,2,13,8,21,4,27.0,21.8,2.5,24.3,4,7,0,5,5
port,77,1085460482,1399756255,3,1,79,18,32,8-18,29-32,none,none,0,2,0,0,0,1,3,13,10,23,4,29.0,23.8,0.0,23.8,5,4,0,4,10
port,77,1085460482,1399756255,4,0,79,44,6,41-44,6-7,none,generic_3to1,1,2,0,0,0,0,2,11,9,20,2,23.0,20.4,2.0,22.4,12,0,0,0,8
port,78,805987788,412415414,1,0,150,8,12,1-8,7-12,none,none,0,1,1,0,0,1,3,13,10,23,4,29.0,23.8,0.0,23.8,10,7,0,4,2
port,78,805987788,412415414,2,1,150,14,6,2-14,6-7,none,brick_2to1,1,0,1,0,1,0,2,13,7,20,3,24.5,20.6,3.5,24.1,5,7,0,8,0
port,78,805987788,412415414,3,0,150,21,3,18-21,2-3,none,ore_2to1,1,2,0,0,0,0,2,12,7,19,2,22.0,19.4,3.5,22.9,12,0,0,0,7
port,78,805987788,412415414,4,0,150,33,44,24-33,41-44,none,none,0,1,0,2,0,0,3,11,11,22,4,28.0,22.8,0.0,22.8,3,0,10,5,4
port,79,624214061,1879062157,1,0,139,33,0,24-33,0-1,none,none,0,1,0,1,0,0,2,12,8,20,4,26.0,20.8,0.0,20.8,8,0,3,5,4
port,79,624214061,1879062157,2,0,139,42,15,38-42,14-15,none,none,0,0,0,1,1,1,3,12,9,21,4,27.0,21.8,0.0,21.8,4,0,2,11,4
port,79,624214061,1879062157,3,1,139,2,6,1-2,6-7,none,generic_3to1,1,1,0,1,0,0,2,11,8,19,4,25.0,19.8,1.9000000000000001,21.7,10,2,3,0,4
port,79,624214061,1879062157,4,0,139,29,31,19-29,21-31,none,none,0,0,1,1,0,1,3,11,10,21,5,28.5,22.0,0.0,22.0,4,2,8,3,4
port,80,1166045467,1691961909,1,0,80,33,3,24-33,2-3,none,brick_2to1,1,1,0,0,1,0,2,13,6,19,4,25.0,19.8,2.5,22.3,1,5,4,9,0
port,80,1166045467,1691961909,2,0,80,21,29,18-21,19-29,none,none,0,0,1,1,0,1,3,12,9,21,4,27.0,21.8,0.0,21.8,3,7,3,0,8
port,80,1166045467,1691961909,3,0,80,38,23,30-38,23-24,none,ore_2to1,1,0,0,0,1,1,2,12,7,19,4,25.0,19.8,3.5,23.3,0,5,3,4,7
port,80,1166045467,1691961909,4,1,80,12,25,7-12,15-25,none,none,0,0,2,0,1,0,3,11,10,21,4,27.0,21.8,0.0,21.8,8,7,0,3,3
port,81,1946843032,1452076075,1,1,133,44,47,41-44,42-47,none,generic_3to1,1,0,1,1,0,0,2,12,8,20,4,26.0,20.8,2.0,22.8,3,4,8,5,0
port,81,1946843032,1452076075,2,0,133,33,23,24-33,23-24,none,wheat_2to1,1,1,0,1,0,0,2,12,7,19,3,23.5,19.6,3.5,23.1,2,0,10,7,0
port,81,1946843032,1452076075,3,0,133,21,25,18-21,15-25,none,none,0,1,1,0,0,1,3,11,10,21,4,27.0,21.8,0.0,21.8,7,6,0,3,5
port,81,1946843032,1452076075,4,0,133,12,46,7-12,43-46,none,wood_2to1,1,1,0,0,1,0,2,11,7,18,3,22.5,18.6,5.0,23.6,10,0,4,4,0
port,82,621570035,2104092984,1,0,100,18,38,8-18,30-38,none,none,0,1,1,0,1,0,3,12,8,20,5,27.5,21.0,0.0,21.0,8,1,5,2,4
port,82,621570035,2104092984,2,0,100,2,15,1-2,14-15,none,none,0,1,0,1,0,1,3,12,9,21,4,27.0,21.8,0.0,21.8,11,5,3,0,2
port,82,621570035,2104092984,3,0,100,43,26,34-43,25-26,none,wood_2to1,1,1,0,1,0,0,2,12,8,20,3,24.5,20.6,2.5,23.1,5,0,6,9,0
port,82,621570035,2104092984,4,1,100,31,12,21-31,7-12,none,none,0,0,0,2,0,1,3,11,11,22,4,28.0,22.8,0.0,22.8,0,3,7,4,8
port,83,2130974504,1975341349,1,0,110,43,23,34-43,23-24,none,ore_2to1,1,0,0,1,1,0,2,13,7,20,4,26.0,20.8,4.5,25.3,0,4,2,5,9
port,83,2130974504,1975341349,2,1,110,33,29,24-33,19-29,none,none,0,1,0,0,1,1,3,12,9,21,5,28.5,22.0,0.0,22.0,3,4,3,10,1
port,83,2130974504,1975341349,3,0,110,41,50,32-41,44-50,none,generic_3to1,1,0,0,0,1,1,2,12,8,20,3,24.5,20.6,2.0,22.6,3,0,0,8,9
port,83,2130974504,1975341349,4,0,110,25,12,15-25,7-12,none,none,0,1,0,2,0,0,3,12,10,22,3,26.5,22.6,0.0,22.6,3,0,10,9,0
port,84,1218001428,160330886,1,1,109,15,20,14-15,12-20,none,none,0,0,1,2,0,0,3,13,9,22,4,28.0,22.8,0.0,22.8,0,3,6,9,4
port,84,1218001428,160330886,2,0,109,38,47,30-38,42-47,none,generic_3to1,1,1,0,1,0,0,2,12,8,20,3,24.5,20.6,2.0,22.6,7,0,10,0,3
port,84,1218001428,160330886,3,0,109,26,2,25-26,1-2,wheat_2to1,none,1,0,0,0,2,1,3,9,9,18,3,22.5,18.6,5.0,23.6,4,0,0,10,4
port,84,1218001428,160330886,4,0,109,33,18,24-33,8-18,none,none,0,0,0,2,1,0,3,11,11,22,5,29.5,23.0,0.0,23.0,3,3,7,4,5
port,85,857226971,460035328,1,0,207,41,26,32-41,25-26,none,ore_2to1,1,1,0,1,0,0,2,12,7,19,3,23.5,19.6,2.0,21.6,7,0,8,0,4
port,85,857226971,460035328,2,0,207,14,18,2-14,8-18,none,none,0,1,1,0,1,0,3,12,9,21,4,27.0,21.8,0.0,21.8,2,2,0,13,4
port,85,857226971,460035328,3,1,207,12,23,7-12,23-24,none,generic_3to1,1,0,1,1,0,0,2,11,9,20,4,26.0,20.8,2.0,22.8,2,5,8,5,0
port,85,857226971,460035328,4,0,207,30,6,25-30,6-7,none,wheat_2to1,1,0,0,0,1,1,2,11,7,18,3,22.5,18.6,4.0,22.6,0,0,8,8,2
port,86,133288886,1363565231,1,0,120,12,34,7-12,31-34,none,none,0,0,0,1,1,1,3,12,9,21,4,27.0,21.8,0.0,21.8,4,0,5,6,6
port,86,133288886,1363565231,2,0,120,38,24,30-38,20-24,none,none,0,1,0,0,1,1,3,11,10,21,5,28.5,22.0,0.0,22.0,2,9,2,5,3
port,86,133288886,1363565231,3,0,120,15,26,14-15,25-26,none,generic_3to1,1,0,1,1,0,0,2,10,9,19,3,23.5,19.6,1.9000000000000001,21.5,0,8,10,1,0
port,86,133288886,1363565231,4,1,120,21,3,18-21,2-3,none,wood_2to1,1,1,1,0,0,0,2,10,8,18,4,24.0,18.8,4.0,22.8,8,4,0,3,3
port,87,626871096,812501821,1,0,127,1,9,0-1,0-9,none,ore_2to1,1,0,0,0,0,1,1,13,4,17,2,20.0,17.4,6.5,23.9,0,0,0,4,13
port,87,626871096,812501821,2,0,127,19,3,14-19,2-3,none,generic_3to1,1,0,0,0,1,1,2,12,8,20,4,26.0,20.8,2.0,22.8,4,0,4,7,5
port,87,626871096,812501821,3,1,127,15,46,14-15,43-46,none,wood_2to1,1,1,1,0,0,0,2,12,8,20,3,24.5,20.6,7.0,27.6,14,3,0,3,0
port,87,626871096,812501821,4,0,127,7,44,6-7,41-44,none,none,0,1,0,1,1,0,3,11,11,22,5,29.5,23.0,0.0,23.0,5,5,5,3,4
port,88,1707201716,813946014,1,0,118,29,16,19-29,15-16,none,wheat_2to1,1,1,0,0,0,1,2,13,7,20,4,26.0,20.8,4.0,24.8,2,5,0,8,5
port,88,1707201716,813946014,2,1,118,41,12,32-41,7-12,none,none,0,1,0,0,1,1,3,12,10,22,5,29.5,23.0,0.0,23.0,4,5,3,5,5
port,88,1707201716,813946014,3,0,118,14,50,2-14,44-50,none,ore_2to1,1,1,0,1,0,0,2,11,8,19,4,25.0,19.8,2.5,22.3,5,0,5,4,5
port,88,1707201716,813946014,4,0,118,18,43,8-18,34-43,none,none,0,1,1,0,1,0,3,11,11,22,5,29.5,23.0,0.0,23.0,5,2,2,8,5
port,89,348281753,1111527076,1,1,133,32,23,29-32,23-24,none,generic_3to1,1,0,0,1,0,1,2,13,7,20,4,26.0,20.8,2.0,22.8,5,0,5,8,2
port,89,348281753,1111527076,2,0,133,38,8,30-38,1-8,none,none,0,0,1,2,0,0,3,12,10,22,5,29.5,23.0,0.0,23.0,5,3,7,4,3
port,89,348281753,1111527076,3,0,133,14,3,2-14,2-3,none,sheep_2to1,1,1,0,1,0,0,2,11,6,17,3,21.5,17.6,6.5,24.1,1,3,13,0,0
port,89,348281753,1111527076,4,0,133,43,11,34-43,11-12,none,wheat_2to1,1,0,0,1,0,1,2,11,7,18,4,24.0,18.8,4.5,23.3,0,2,5,9,2
port,90,874757909,398115220,1,0,136,29,14,19-29,2-14,none,none,0,0,0,2,1,0,3,13,10,23,3,27.5,23.6,0.0,23.6,4,0,16,3,0
port,90,874757909,398115220,2,0,136,42,3,38-42,2-3,none,sheep_2to1,1,0,0,1,0,1,2,12,7,19,3,23.5,19.6,3.0,22.6,8,0,6,0,5
port,90,874757909,398115220,3,0,136,18,1,8-18,0-1,none,none,0,0,1,0,1,1,3,11,10,21,4,27.0,21.8,0.0,21.8,8,2,0,6,5
port,90,874757909,398115220,4,1,136,46,12,43-46,7-12,brick_2to1,none,1,1,1,0,0,1,3,9,10,19,4,25.0,19.8,3.5,23.3,4,7,0,5,3
port,91,358717904,740342007,1,1,129,15,41,14-15,32-41,none,none,0,0,0,1,2,0,3,13,9,22,4,28.0,22.8,0.0,22.8,9,0,5,4,4
port,91,358717904,740342007,2,0,129,29,2,19-29,1-2,none,none,0,1,1,0,0,1,3,13,9,22,4,28.0,22.8,0.0,22.8,10,3,5,0,4
port,91,358717904,740342007,3,0,129,18,23,8-18,23-24,none,sheep_2to1,1,0,0,0,1,1,2,11,7,18,4,24.0,18.8,2.5,21.3,6,0,5,3,4
port,91,358717904,740342007,4,0,129,12,26,7-12,25-26,none,generic_3to1,1,1,0,0,0,1,2,10,8,18,5,25.5,19.0,1.8,20.8,5,2,5,3,3
port,92,1808372858,1142213244,1,0,99,30,7,25-30,6-7,none,none,0,1,0,1,0,1,3,11,10,21,5,28.5,22.0,0.0,22.0,3,5,5,3,5
port,92,1808372858,1142213244,2,0,99,15,3,14-15,2-3,none,brick_2to1,1,1,0,0,1,0,2,11,8,19,3,23.5,19.6,2.5,22.1,4,5,0,10,0
port,92,1808372858,1142213244,3,1,99,34,23,31-34,23-24,none,wheat_2to1,1,0,1,1,0,0,2,11,8,19,3,23.5,19.6,2.5,22.1,0,5,9,5,0
port,92,1808372858,1142213244,4,0,99,41,47,32-41,42-47,none,ore_2to1,1,1,0,0,0,1,2,11,6,17,3,21.5,17.6,5.5,23.1,2,0,4,0,11
port,93,2123215989,1517390032,1,1,177,1,3,0-1,2-3,none,brick_2to1,1,0,1,0,0,1,2,13,7,20,3,24.5,20.6,4.0,24.6,9,8,0,0,3
port,93,2123215989,1517390032,2,0,177,7,31,6-7,21-31,none,none,0,0,1,0,2,0,3,12,10,22,4,28.0,22.8,0.0,22.8,4,2,5,11,0
port,93,2123215989,1517390032,3,0,177,24,26,20-24,25-26,none,generic_3to1,1,0,0,1,1,0,2,12,9,21,3,25.5,21.6,2.1,23.700000000000003,0,0,7,10,4
port,93,2123215989,1517390032,4,0,177,18,11,8-18,11-12,none,generic_3to1,1,0,0,1,0,1,2,10,9,19,5,26.5,20.0,1.9000000000000001,21.9,5,2,5,3,4
port,94,784077459,533086598,1,0,114,14,33,2-14,24-33,none,none,0,0,0,1,0,2,3,13,9,22,4,28.0,22.8,0.0,22.8,8,0,4,5,5
port,94,784077459,533086598,2,1,114,12,21,7-12,18-21,none,none,0,1,0,0,0,2,3,12,9,21,4,27.0,21.8,0.0,21.8,2,3,0,4,12
port,94,784077459,533086598,3,0,114,43,50,34-43,44-50,none,generic_3to1,1,1,0,0,1,0,2,12,8,20,3,24.5,20.6,2.0,22.6,10,0,7,3,0
port,94,784077459,533086598,4,0,114,8,47,1-8,42-47,none,wood_2to1,1,0,0,0,2,0,2,11,8,19,4,25.0,19.8,2.0,21.8,4,2,0,8,5
port,95,551141640,2121601403,1,0,103,21,3,18-21,2-3,none,generic_3to1,1,1,0,0,0,1,2,13,7,20,5,27.5,21.0,2.0,23.0,2,5,4,4,5
port,95,551141640,2121601403,2,0,103,7,47,6-7,42-47,none,wood_2to1,1,1,0,0,1,0,2,12,8,20,3,24.5,20.6,3.0,23.6,6,0,9,5,0
port,95,551141640,2121601403,3,1,103,33,41,24-33,32-41,none,none,0,1,0,0,2,0,3,12,10,22,4,28.0,22.8,0.0,22.8,2,9,0,8,3
port,95,551141640,2121601403,4,0,103,14,29,2-14,19-29,none,none,0,1,0,0,2,0,3,11,10,21,4,27.0,21.8,0.0,21.8,2,0,2,12,5
port,96,1591690432,1351466530,1,0,74,12,44,7-12,41-44,none,none,0,0,0,1,0,2,3,13,9,22,4,28.0,22.8,0.0,22.8,4,0,7,4,7
port,96,1591690432,1351466530,2,1,74,38,21,30-38,18-21,none,none,0,0,0,0,3,0,3,13,10,23,4,29.0,23.8,0.0,23.8,4,5,0,10,4
port,96,1591690432,1351466530,3,0,74,29,6,19-29,6-7,none,generic_3to1,1,0,0,2,0,0,2,12,8,20,4,26.0,20.8,2.0,22.8,5,0,8,3,4
port,96,1591690432,1351466530,4,0,74,25,10,15-25,10-11,none,wood_2to1,1,0,0,1,0,0,1,12,5,17,2,20.0,17.4,6.0,23.4,12,0,5,0,0
port,97,835531109,1842387509,1,1,161,29,25,19-29,15-25,none,none,0,0,0,0,1,2,3,12,9,21,3,25.5,21.6,0.0,21.6,0,5,0,8,8
port,97,835531109,1842387509,2,0,161,7,41,6-7,32-41,none,none,0,1,1,1,0,0,3,12,10,22,4,28.0,22.8,0.0,22.8,3,5,9,0,5
port,97,835531109,1842387509,3,0,161,21,1,18-21,0-1,none,none,0,0,1,1,1,0,3,11,10,21,5,28.5,22.0,0.0,22.0,2,5,3,6,5
port,97,835531109,1842387509,4,0,161,3,38,2-3,30-38,brick_2to1,none,1,1,1,0,1,0,3,8,10,18,4,24.0,18.8,5.0,23.8,1,10,3,4,0
port,98,1530718643,185028654,1,0,86,30,26,25-30,25-26,none,generic_3to1,1,1,0,0,1,0,2,13,7,20,3,24.5,20.6,2.0,22.6,6,0,0,10,4
port,98,1530718643,185028654,2,1,86,1,23,0-1,23-24,none,wheat_2to1,1,1,1,0,0,0,2,12,7,19,5,26.5,20.0,2.5,22.5,5,2,3,5,4
port,98,1530718643,185028654,3,0,86,32,33,29-32,24-33,none,none,0,1,1,0,1,0,3,12,9,21,3,25.5,21.6,0.0,21.6,9,6,0,6,0
port,98,1530718643,185028654,4,0,86,43,19,34-43,14-19,none,none,0,0,0,1,1,1,3,12,10,22,4,28.0,22.8,0.0,22.8,0,5,7,6,4
port,99,1735072617,1635320116,1,0,126,25,31,15-25,21-31,none,none,0,1,0,1,0,1,3,12,10,22,5,29.5,23.0,0.0,23.0,4,5,5,4,4
port,99,1735072617,1635320116,2,1,126,6,14,6-7,2-14,ore_2to1,none,1,0,1,0,1,1,3,9,10,19,4,25.0,19.8,4.0,23.8,4,2,0,5,8
port,99,1735072617,1635320116,3,0,126,24,11,20-24,11-12,none,wood_2to1,1,0,0,1,0,1,2,11,9,20,4,26.0,20.8,2.0,22.8,4,0,8,3,5
port,99,1735072617,1635320116,4,0,126,29,16,19-29,15-16,none,sheep_2to1,1,0,0,0,2,0,2,11,9,20,3,24.5,20.6,2.5,23.1,0,0,5,12,3
